2025-11-04 16:08:58,100 [main.py         | 48] INFO: Start to run instance_10
2025-11-04 16:08:58,100 [simulate_api.py | 60] INFO: Start time of the simulator: 2025-11-04 00:00:00, time interval:  600.00
2025-11-04 16:08:58,105 [input_utils.py  | 48] INFO: Get 154 factories
2025-11-04 16:08:58,720 [input_utils.py  | 52] INFO: Get 23562 routes
2025-11-04 16:08:58,731 [input_utils.py  | 57] INFO: Get 5 vehicles
2025-11-04 16:08:58,740 [input_utils.py  | 61] INFO: Get 100 orders
2025-11-04 16:08:58,740 [simulate_api.py | 87] INFO: Initial position of V_1 is e2d5093fbe36431f8986ddb0e1c586be
2025-11-04 16:08:58,740 [simulate_api.py | 87] INFO: Initial position of V_2 is 7fe14b93f0f04ee7a994ef5b2c1fdb72
2025-11-04 16:08:58,740 [simulate_api.py | 87] INFO: Initial position of V_3 is fa366fc87a124d32926daa5bb093129f
2025-11-04 16:08:58,740 [simulate_api.py | 87] INFO: Initial position of V_4 is e47399648fa842b2b8f80094343d8091
2025-11-04 16:08:58,740 [simulate_api.py | 87] INFO: Initial position of V_5 is becb4f85393540b287e7329758b8d832
2025-11-04 16:08:58,741 [simulate_environment.py | 99] INFO: **************************************************
2025-11-04 16:08:58,741 [simulate_environment.py | 103] INFO: cur time: 2025-11-04 00:10:00, pre time: 2025-11-04 00:00:00
2025-11-04 16:08:58,741 [simulate_environment.py | 140] INFO: Start to update the input of 2025-11-04 00:10:00
2025-11-04 16:08:58,741 [simulate_environment.py | 167] INFO: Get 0 unallocated order items, 0 ongoing order items, 0 completed order items
2025-11-04 16:08:59,622 [simulate_environment.py | 234] INFO: 
Cant initialize the population

The solution initialized by Cheapest Insertion:
V_1:[] V_2:[] V_3:[] V_4:[] V_5:[]
The fitness value before EA: 0.0
V_1:[] V_2:[] V_3:[] V_4:[] V_5:[]
The fitness value after EA: 0.0

Thoi gian thuc hien thuat toan:  0.61037278175354
SUCCESS

2025-11-04 16:08:59,622 [simulate_environment.py | 256] INFO: 2025-11-04 00:10:00, Item 0010370001-1: state = 0 < 2, we can not finish the simulation
2025-11-04 16:08:59,622 [simulate_environment.py | 99] INFO: **************************************************
2025-11-04 16:08:59,622 [simulate_environment.py | 103] INFO: cur time: 2025-11-04 00:20:00, pre time: 2025-11-04 00:10:00
2025-11-04 16:08:59,623 [simulate_environment.py | 140] INFO: Start to update the input of 2025-11-04 00:20:00
2025-11-04 16:08:59,623 [simulate_environment.py | 167] INFO: Get 4 unallocated order items, 0 ongoing order items, 0 completed order items
2025-11-04 16:09:00,615 [simulate_environment.py | 234] INFO: 
LS: PDPairExchange | Count: 0 | TotalTime:0.000s | Cost:0.88
LS: mPDG | Count: 0 | TotalTime:0.000s | Cost:0.88
LS: BlockExchange | Count: 0 | TotalTime:0.000s | Cost:0.88
LS: BlockRelocate | Count: 0 | TotalTime:0.000s | Cost:0.88
LS: mPDG | Count: 0 | TotalTime:0.000s | Cost:0.88
LS: PDPairExchange | Count: 0 | TotalTime:0.000s | Cost:0.88
LS: mPDG | Count: 0 | TotalTime:0.000s | Cost:0.88
LS: BlockExchange | Count: 0 | TotalTime:0.000s | Cost:0.88
LS: BlockRelocate | Count: 0 | TotalTime:0.000s | Cost:0.88
LS: BlockExchange | Count: 0 | TotalTime:0.000s | Cost:0.88
LS: PDPairExchange | Count: 0 | TotalTime:0.000s | Cost:0.88
Generation 1: Best = 0.88, Worst = 0.88, Avg = 0.88, Time: 0.019046783447265625
Stopping early due to lack of improvement.
Total runtime: 0.69s (0.0 minutes)
Total GA runtime: 0.02s (0.0 minutes)

The solution initialized by Cheapest Insertion:
V_1:[] V_2:[] V_3:[p1_0010370001-1 d1_0010370001-1] V_4:[] V_5:[p3_0012530002-1 d3_0012530002-3]
The fitness value before EA: 0.8800000000000001
V_1:[] V_2:[] V_3:[p1_0010370001-1 d1_0010370001-1] V_4:[] V_5:[p3_0012530002-1 d3_0012530002-3]
The fitness value after EA: 0.8800000000000001

Thoi gian thuc hien thuat toan:  0.6936957836151123
SUCCESS

2025-11-04 16:09:00,616 [simulate_environment.py | 256] INFO: 2025-11-04 00:20:00, Item 0010370001-1: state = 1 < 2, we can not finish the simulation
2025-11-04 16:09:00,616 [simulate_environment.py | 99] INFO: **************************************************
2025-11-04 16:09:00,616 [simulate_environment.py | 103] INFO: cur time: 2025-11-04 00:30:00, pre time: 2025-11-04 00:20:00
2025-11-04 16:09:00,616 [simulate_environment.py | 140] INFO: Start to update the input of 2025-11-04 00:30:00
2025-11-04 16:09:00,616 [simulate_environment.py | 167] INFO: Get 0 unallocated order items, 4 ongoing order items, 0 completed order items
2025-11-04 16:09:01,471 [simulate_environment.py | 234] INFO: 
Cant initialize the population

The solution initialized by Cheapest Insertion:
V_1:[] V_2:[] V_3:[d1_0010370001-1] V_4:[] V_5:[d3_0012530002-3]
The fitness value before EA: 0.6599999999999999
V_1:[] V_2:[] V_3:[d1_0010370001-1] V_4:[] V_5:[d3_0012530002-3]
The fitness value after EA: 0.6599999999999999

Thoi gian thuc hien thuat toan:  0.605506420135498
SUCCESS

2025-11-04 16:09:01,472 [simulate_environment.py | 256] INFO: 2025-11-04 00:30:00, Item 0221280003-1: state = 0 < 2, we can not finish the simulation
2025-11-04 16:09:01,472 [simulate_environment.py | 99] INFO: **************************************************
2025-11-04 16:09:01,472 [simulate_environment.py | 103] INFO: cur time: 2025-11-04 00:40:00, pre time: 2025-11-04 00:30:00
2025-11-04 16:09:01,472 [simulate_environment.py | 140] INFO: Start to update the input of 2025-11-04 00:40:00
2025-11-04 16:09:01,472 [simulate_environment.py | 167] INFO: Get 0 unallocated order items, 4 ongoing order items, 0 completed order items
2025-11-04 16:09:02,396 [simulate_environment.py | 234] INFO: 
Cant initialize the population

The solution initialized by Cheapest Insertion:
V_1:[] V_2:[] V_3:[d1_0010370001-1] V_4:[] V_5:[d3_0012530002-3]
The fitness value before EA: 0.6599999999999999
V_1:[] V_2:[] V_3:[d1_0010370001-1] V_4:[] V_5:[d3_0012530002-3]
The fitness value after EA: 0.6599999999999999

Thoi gian thuc hien thuat toan:  0.6468920707702637
SUCCESS

2025-11-04 16:09:02,397 [simulate_environment.py | 256] INFO: 2025-11-04 00:40:00, Item 0221280003-1: state = 0 < 2, we can not finish the simulation
2025-11-04 16:09:02,397 [simulate_environment.py | 99] INFO: **************************************************
2025-11-04 16:09:02,397 [simulate_environment.py | 103] INFO: cur time: 2025-11-04 00:50:00, pre time: 2025-11-04 00:40:00
2025-11-04 16:09:02,397 [simulate_environment.py | 140] INFO: Start to update the input of 2025-11-04 00:50:00
2025-11-04 16:09:02,397 [simulate_environment.py | 167] INFO: Get 0 unallocated order items, 4 ongoing order items, 0 completed order items
2025-11-04 16:09:03,334 [simulate_environment.py | 234] INFO: 
Cant initialize the population

The solution initialized by Cheapest Insertion:
V_1:[] V_2:[] V_3:[d1_0010370001-1] V_4:[] V_5:[d3_0012530002-3]
The fitness value before EA: 0.6599999999999999
V_1:[] V_2:[] V_3:[d1_0010370001-1] V_4:[] V_5:[d3_0012530002-3]
The fitness value after EA: 0.6599999999999999

Thoi gian thuc hien thuat toan:  0.6607584953308105
SUCCESS

2025-11-04 16:09:03,334 [simulate_environment.py | 256] INFO: 2025-11-04 00:50:00, Item 0221280003-1: state = 0 < 2, we can not finish the simulation
2025-11-04 16:09:03,334 [simulate_environment.py | 99] INFO: **************************************************
2025-11-04 16:09:03,334 [simulate_environment.py | 103] INFO: cur time: 2025-11-04 01:00:00, pre time: 2025-11-04 00:50:00
2025-11-04 16:09:03,334 [simulate_environment.py | 140] INFO: Start to update the input of 2025-11-04 01:00:00
2025-11-04 16:09:03,335 [simulate_environment.py | 167] INFO: Get 0 unallocated order items, 3 ongoing order items, 1 completed order items
2025-11-04 16:09:04,226 [simulate_environment.py | 234] INFO: 
Cant initialize the population

The solution initialized by Cheapest Insertion:
V_1:[] V_2:[] V_3:[] V_4:[] V_5:[d3_0012530002-3]
The fitness value before EA: 0.0
V_1:[] V_2:[] V_3:[] V_4:[] V_5:[d3_0012530002-3]
The fitness value after EA: 0.0

Thoi gian thuc hien thuat toan:  0.6245033740997314
SUCCESS

2025-11-04 16:09:04,226 [simulate_environment.py | 256] INFO: 2025-11-04 01:00:00, Item 0221280003-1: state = 0 < 2, we can not finish the simulation
2025-11-04 16:09:04,226 [simulate_environment.py | 99] INFO: **************************************************
2025-11-04 16:09:04,226 [simulate_environment.py | 103] INFO: cur time: 2025-11-04 01:10:00, pre time: 2025-11-04 01:00:00
2025-11-04 16:09:04,226 [simulate_environment.py | 140] INFO: Start to update the input of 2025-11-04 01:10:00
2025-11-04 16:09:04,227 [simulate_environment.py | 167] INFO: Get 0 unallocated order items, 0 ongoing order items, 4 completed order items
2025-11-04 16:09:05,166 [simulate_environment.py | 234] INFO: 
Cant initialize the population

The solution initialized by Cheapest Insertion:
V_1:[] V_2:[] V_3:[] V_4:[] V_5:[]
The fitness value before EA: 0.0
V_1:[] V_2:[] V_3:[] V_4:[] V_5:[]
The fitness value after EA: 0.0

Thoi gian thuc hien thuat toan:  0.6397209167480469
SUCCESS

2025-11-04 16:09:05,167 [simulate_environment.py | 256] INFO: 2025-11-04 01:10:00, Item 0221280003-1: state = 0 < 2, we can not finish the simulation
2025-11-04 16:09:05,167 [simulate_environment.py | 99] INFO: **************************************************
2025-11-04 16:09:05,167 [simulate_environment.py | 103] INFO: cur time: 2025-11-04 01:20:00, pre time: 2025-11-04 01:10:00
2025-11-04 16:09:05,167 [simulate_environment.py | 140] INFO: Start to update the input of 2025-11-04 01:20:00
2025-11-04 16:09:05,167 [simulate_environment.py | 167] INFO: Get 0 unallocated order items, 0 ongoing order items, 4 completed order items
2025-11-04 16:09:06,041 [simulate_environment.py | 234] INFO: 
Cant initialize the population

The solution initialized by Cheapest Insertion:
V_1:[] V_2:[] V_3:[] V_4:[] V_5:[]
The fitness value before EA: 0.0
V_1:[] V_2:[] V_3:[] V_4:[] V_5:[]
The fitness value after EA: 0.0

Thoi gian thuc hien thuat toan:  0.6126034259796143
SUCCESS

2025-11-04 16:09:06,041 [simulate_environment.py | 256] INFO: 2025-11-04 01:20:00, Item 0221280003-1: state = 0 < 2, we can not finish the simulation
2025-11-04 16:09:06,041 [simulate_environment.py | 99] INFO: **************************************************
2025-11-04 16:09:06,041 [simulate_environment.py | 103] INFO: cur time: 2025-11-04 01:30:00, pre time: 2025-11-04 01:20:00
2025-11-04 16:09:06,041 [simulate_environment.py | 140] INFO: Start to update the input of 2025-11-04 01:30:00
2025-11-04 16:09:06,042 [simulate_environment.py | 167] INFO: Get 0 unallocated order items, 0 ongoing order items, 4 completed order items
2025-11-04 16:09:06,940 [simulate_environment.py | 234] INFO: 
Cant initialize the population

The solution initialized by Cheapest Insertion:
V_1:[] V_2:[] V_3:[] V_4:[] V_5:[]
The fitness value before EA: 0.0
V_1:[] V_2:[] V_3:[] V_4:[] V_5:[]
The fitness value after EA: 0.0

Thoi gian thuc hien thuat toan:  0.6310610771179199
SUCCESS

2025-11-04 16:09:06,940 [simulate_environment.py | 256] INFO: 2025-11-04 01:30:00, Item 0221280003-1: state = 0 < 2, we can not finish the simulation
2025-11-04 16:09:06,941 [simulate_environment.py | 99] INFO: **************************************************
2025-11-04 16:09:06,941 [simulate_environment.py | 103] INFO: cur time: 2025-11-04 01:40:00, pre time: 2025-11-04 01:30:00
2025-11-04 16:09:06,941 [simulate_environment.py | 140] INFO: Start to update the input of 2025-11-04 01:40:00
2025-11-04 16:09:06,941 [simulate_environment.py | 167] INFO: Get 0 unallocated order items, 0 ongoing order items, 4 completed order items
2025-11-04 16:09:07,839 [simulate_environment.py | 234] INFO: 
Cant initialize the population

The solution initialized by Cheapest Insertion:
V_1:[] V_2:[] V_3:[] V_4:[] V_5:[]
The fitness value before EA: 0.0
V_1:[] V_2:[] V_3:[] V_4:[] V_5:[]
The fitness value after EA: 0.0

Thoi gian thuc hien thuat toan:  0.6109635829925537
SUCCESS

2025-11-04 16:09:07,839 [simulate_environment.py | 256] INFO: 2025-11-04 01:40:00, Item 0221280003-1: state = 0 < 2, we can not finish the simulation
2025-11-04 16:09:07,840 [simulate_environment.py | 99] INFO: **************************************************
2025-11-04 16:09:07,840 [simulate_environment.py | 103] INFO: cur time: 2025-11-04 01:50:00, pre time: 2025-11-04 01:40:00
2025-11-04 16:09:07,840 [simulate_environment.py | 140] INFO: Start to update the input of 2025-11-04 01:50:00
2025-11-04 16:09:07,840 [simulate_environment.py | 167] INFO: Get 0 unallocated order items, 0 ongoing order items, 4 completed order items
2025-11-04 16:09:08,731 [simulate_environment.py | 234] INFO: 
Cant initialize the population

The solution initialized by Cheapest Insertion:
V_1:[] V_2:[] V_3:[] V_4:[] V_5:[]
The fitness value before EA: 0.0
V_1:[] V_2:[] V_3:[] V_4:[] V_5:[]
The fitness value after EA: 0.0

Thoi gian thuc hien thuat toan:  0.6275923252105713
SUCCESS

2025-11-04 16:09:08,731 [simulate_environment.py | 256] INFO: 2025-11-04 01:50:00, Item 0221280003-1: state = 0 < 2, we can not finish the simulation
2025-11-04 16:09:08,731 [simulate_environment.py | 99] INFO: **************************************************
2025-11-04 16:09:08,731 [simulate_environment.py | 103] INFO: cur time: 2025-11-04 02:00:00, pre time: 2025-11-04 01:50:00
2025-11-04 16:09:08,731 [simulate_environment.py | 140] INFO: Start to update the input of 2025-11-04 02:00:00
2025-11-04 16:09:08,731 [simulate_environment.py | 167] INFO: Get 0 unallocated order items, 0 ongoing order items, 4 completed order items
2025-11-04 16:09:09,592 [simulate_environment.py | 234] INFO: 
Cant initialize the population

The solution initialized by Cheapest Insertion:
V_1:[] V_2:[] V_3:[] V_4:[] V_5:[]
The fitness value before EA: 0.0
V_1:[] V_2:[] V_3:[] V_4:[] V_5:[]
The fitness value after EA: 0.0

Thoi gian thuc hien thuat toan:  0.6008720397949219
SUCCESS

2025-11-04 16:09:09,593 [simulate_environment.py | 256] INFO: 2025-11-04 02:00:00, Item 0221280003-1: state = 0 < 2, we can not finish the simulation
2025-11-04 16:09:09,593 [simulate_environment.py | 99] INFO: **************************************************
2025-11-04 16:09:09,593 [simulate_environment.py | 103] INFO: cur time: 2025-11-04 02:10:00, pre time: 2025-11-04 02:00:00
2025-11-04 16:09:09,593 [simulate_environment.py | 140] INFO: Start to update the input of 2025-11-04 02:10:00
2025-11-04 16:09:09,593 [simulate_environment.py | 167] INFO: Get 0 unallocated order items, 0 ongoing order items, 4 completed order items
2025-11-04 16:09:10,446 [simulate_environment.py | 234] INFO: 
Cant initialize the population

The solution initialized by Cheapest Insertion:
V_1:[] V_2:[] V_3:[] V_4:[] V_5:[]
The fitness value before EA: 0.0
V_1:[] V_2:[] V_3:[] V_4:[] V_5:[]
The fitness value after EA: 0.0

Thoi gian thuc hien thuat toan:  0.6000638008117676
SUCCESS

2025-11-04 16:09:10,446 [simulate_environment.py | 256] INFO: 2025-11-04 02:10:00, Item 0221280003-1: state = 0 < 2, we can not finish the simulation
2025-11-04 16:09:10,446 [simulate_environment.py | 99] INFO: **************************************************
2025-11-04 16:09:10,446 [simulate_environment.py | 103] INFO: cur time: 2025-11-04 02:20:00, pre time: 2025-11-04 02:10:00
2025-11-04 16:09:10,447 [simulate_environment.py | 140] INFO: Start to update the input of 2025-11-04 02:20:00
2025-11-04 16:09:10,447 [simulate_environment.py | 167] INFO: Get 0 unallocated order items, 0 ongoing order items, 4 completed order items
2025-11-04 16:09:11,318 [simulate_environment.py | 234] INFO: 
Cant initialize the population

The solution initialized by Cheapest Insertion:
V_1:[] V_2:[] V_3:[] V_4:[] V_5:[]
The fitness value before EA: 0.0
V_1:[] V_2:[] V_3:[] V_4:[] V_5:[]
The fitness value after EA: 0.0

Thoi gian thuc hien thuat toan:  0.6028563976287842
SUCCESS

2025-11-04 16:09:11,318 [simulate_environment.py | 256] INFO: 2025-11-04 02:20:00, Item 0221280003-1: state = 0 < 2, we can not finish the simulation
2025-11-04 16:09:11,318 [simulate_environment.py | 99] INFO: **************************************************
2025-11-04 16:09:11,318 [simulate_environment.py | 103] INFO: cur time: 2025-11-04 02:30:00, pre time: 2025-11-04 02:20:00
2025-11-04 16:09:11,318 [simulate_environment.py | 140] INFO: Start to update the input of 2025-11-04 02:30:00
2025-11-04 16:09:11,319 [simulate_environment.py | 167] INFO: Get 1 unallocated order items, 0 ongoing order items, 4 completed order items
2025-11-04 16:09:12,171 [simulate_environment.py | 234] INFO: 
Cant initialize the population

The solution initialized by Cheapest Insertion:
V_1:[] V_2:[] V_3:[p1_0221280003-1 d1_0221280003-1] V_4:[] V_5:[]
The fitness value before EA: 6.5
V_1:[] V_2:[] V_3:[p1_0221280003-1 d1_0221280003-1] V_4:[] V_5:[]
The fitness value after EA: 6.5

Thoi gian thuc hien thuat toan:  0.5962567329406738
SUCCESS

2025-11-04 16:09:12,171 [simulate_environment.py | 256] INFO: 2025-11-04 02:30:00, Item 0221280003-1: state = 1 < 2, we can not finish the simulation
2025-11-04 16:09:12,171 [simulate_environment.py | 99] INFO: **************************************************
2025-11-04 16:09:12,171 [simulate_environment.py | 103] INFO: cur time: 2025-11-04 02:40:00, pre time: 2025-11-04 02:30:00
2025-11-04 16:09:12,171 [simulate_environment.py | 140] INFO: Start to update the input of 2025-11-04 02:40:00
2025-11-04 16:09:12,172 [simulate_environment.py | 167] INFO: Get 1 unallocated order items, 0 ongoing order items, 4 completed order items
2025-11-04 16:09:13,016 [simulate_environment.py | 234] INFO: 
Cant initialize the population

The solution initialized by Cheapest Insertion:
V_1:[] V_2:[] V_3:[p1_0221280003-1 d1_0221280003-1] V_4:[] V_5:[]
The fitness value before EA: 3.4799999999999995
V_1:[] V_2:[] V_3:[p1_0221280003-1 d1_0221280003-1] V_4:[] V_5:[]
The fitness value after EA: 3.4799999999999995

Thoi gian thuc hien thuat toan:  0.5940070152282715
SUCCESS

2025-11-04 16:09:13,016 [simulate_environment.py | 256] INFO: 2025-11-04 02:40:00, Item 0221280003-1: state = 1 < 2, we can not finish the simulation
2025-11-04 16:09:13,016 [simulate_environment.py | 99] INFO: **************************************************
2025-11-04 16:09:13,016 [simulate_environment.py | 103] INFO: cur time: 2025-11-04 02:50:00, pre time: 2025-11-04 02:40:00
2025-11-04 16:09:13,016 [simulate_environment.py | 140] INFO: Start to update the input of 2025-11-04 02:50:00
2025-11-04 16:09:13,017 [simulate_environment.py | 167] INFO: Get 1 unallocated order items, 0 ongoing order items, 4 completed order items
2025-11-04 16:09:13,919 [simulate_environment.py | 234] INFO: 
Cant initialize the population

The solution initialized by Cheapest Insertion:
V_1:[] V_2:[] V_3:[p1_0221280003-1 d1_0221280003-1] V_4:[] V_5:[]
The fitness value before EA: 3.4799999999999995
V_1:[] V_2:[] V_3:[p1_0221280003-1 d1_0221280003-1] V_4:[] V_5:[]
The fitness value after EA: 3.4799999999999995

Thoi gian thuc hien thuat toan:  0.632765531539917
SUCCESS

2025-11-04 16:09:13,919 [simulate_environment.py | 256] INFO: 2025-11-04 02:50:00, Item 0221280003-1: state = 1 < 2, we can not finish the simulation
2025-11-04 16:09:13,919 [simulate_environment.py | 99] INFO: **************************************************
2025-11-04 16:09:13,919 [simulate_environment.py | 103] INFO: cur time: 2025-11-04 03:00:00, pre time: 2025-11-04 02:50:00
2025-11-04 16:09:13,919 [simulate_environment.py | 140] INFO: Start to update the input of 2025-11-04 03:00:00
2025-11-04 16:09:13,920 [simulate_environment.py | 167] INFO: Get 1 unallocated order items, 0 ongoing order items, 4 completed order items
2025-11-04 16:09:14,806 [simulate_environment.py | 234] INFO: 
Cant initialize the population

The solution initialized by Cheapest Insertion:
V_1:[] V_2:[] V_3:[p1_0221280003-1 d1_0221280003-1] V_4:[] V_5:[]
The fitness value before EA: 3.4799999999999995
V_1:[] V_2:[] V_3:[p1_0221280003-1 d1_0221280003-1] V_4:[] V_5:[]
The fitness value after EA: 3.4799999999999995

Thoi gian thuc hien thuat toan:  0.5932431221008301
SUCCESS

2025-11-04 16:09:14,807 [simulate_environment.py | 256] INFO: 2025-11-04 03:00:00, Item 0221280003-1: state = 1 < 2, we can not finish the simulation
2025-11-04 16:09:14,807 [simulate_environment.py | 99] INFO: **************************************************
2025-11-04 16:09:14,807 [simulate_environment.py | 103] INFO: cur time: 2025-11-04 03:10:00, pre time: 2025-11-04 03:00:00
2025-11-04 16:09:14,807 [simulate_environment.py | 140] INFO: Start to update the input of 2025-11-04 03:10:00
2025-11-04 16:09:14,824 [simulate_environment.py | 167] INFO: Get 23 unallocated order items, 1 ongoing order items, 4 completed order items
2025-11-04 16:09:15,779 [simulate_environment.py | 234] INFO: 
LS: BlockRelocate | Count: 0 | TotalTime:0.001s | Cost:9.98
LS: BlockExchange | Count: 0 | TotalTime:0.000s | Cost:9.98
LS: mPDG | Count: 0 | TotalTime:0.000s | Cost:9.98
LS: mPDG | Count: 0 | TotalTime:0.000s | Cost:9.98
LS: PDPairExchange | Count: 0 | TotalTime:0.000s | Cost:9.98
LS: BlockExchange | Count: 0 | TotalTime:0.000s | Cost:9.98
LS: BlockExchange | Count: 0 | TotalTime:0.000s | Cost:9.98
LS: BlockRelocate | Count: 0 | TotalTime:0.001s | Cost:9.98
LS: PDPairExchange | Count: 0 | TotalTime:0.000s | Cost:9.98
LS: BlockExchange | Count: 0 | TotalTime:0.000s | Cost:9.98
LS: mPDG | Count: 0 | TotalTime:0.000s | Cost:9.98
Generation 1: Best = 9.98, Worst = 9.98, Avg = 9.98, Time: 0.03886675834655762
Stopping early due to lack of improvement.
Total runtime: 0.69s (0.0 minutes)
Total GA runtime: 0.04s (0.0 minutes)

The solution initialized by Cheapest Insertion:
V_1:[] V_2:[p15_0302310004-1 d15_0302310004-15] V_3:[d1_0221280003-1] V_4:[] V_5:[p2_0304490005-1 p6_0302310004-16 d6_0302310004-21 d2_0304490005-2]
The fitness value before EA: 9.98
V_1:[] V_2:[p15_0302310004-1 d15_0302310004-15] V_3:[d1_0221280003-1] V_4:[] V_5:[p2_0304490005-1 p6_0302310004-16 d6_0302310004-21 d2_0304490005-2]
The fitness value after EA: 9.98

Thoi gian thuc hien thuat toan:  0.6945927143096924
SUCCESS

2025-11-04 16:09:15,780 [simulate_environment.py | 256] INFO: 2025-11-04 03:10:00, Item 0302310004-1: state = 1 < 2, we can not finish the simulation
2025-11-04 16:09:15,780 [simulate_environment.py | 99] INFO: **************************************************
2025-11-04 16:09:15,780 [simulate_environment.py | 103] INFO: cur time: 2025-11-04 03:20:00, pre time: 2025-11-04 03:10:00
2025-11-04 16:09:15,780 [simulate_environment.py | 140] INFO: Start to update the input of 2025-11-04 03:20:00
2025-11-04 16:09:15,781 [simulate_environment.py | 167] INFO: Get 39 unallocated order items, 1 ongoing order items, 4 completed order items
2025-11-04 16:09:16,938 [simulate_environment.py | 234] INFO: 
LS: PDPairExchange | Count: 0 | TotalTime:0.000s | Cost:10.04
LS: PDPairExchange | Count: 0 | TotalTime:0.000s | Cost:10.04
LS: BlockExchange | Count: 0 | TotalTime:0.000s | Cost:10.04
LS: BlockRelocate | Count: 0 | TotalTime:0.001s | Cost:10.04
LS: BlockRelocate | Count: 0 | TotalTime:0.001s | Cost:10.04
LS: BlockRelocate | Count: 0 | TotalTime:0.001s | Cost:10.04
LS: BlockRelocate | Count: 0 | TotalTime:0.001s | Cost:10.04
LS: BlockExchange | Count: 0 | TotalTime:0.000s | Cost:10.04
LS: BlockRelocate | Count: 1 | TotalTime:0.001s | Cost:10.04
LS: mPDG | Count: 1 | TotalTime:0.000s | Cost:10.04
LS: BlockExchange | Count: 0 | TotalTime:0.000s | Cost:12.26
Generation 1: Best = 10.04, Worst = 12.98, Avg = 12.23, Time: 0.05801510810852051
LS: BlockRelocate | Count: 0 | TotalTime:0.001s | Cost:10.04
LS: PDPairExchange | Count: 0 | TotalTime:0.000s | Cost:10.04
LS: mPDG | Count: 0 | TotalTime:0.000s | Cost:10.04
LS: PDPairExchange | Count: 0 | TotalTime:0.000s | Cost:10.04
LS: mPDG | Count: 0 | TotalTime:0.000s | Cost:10.04
LS: mPDG | Count: 0 | TotalTime:0.000s | Cost:10.04
LS: BlockExchange | Count: 0 | TotalTime:0.000s | Cost:10.04
LS: mPDG | Count: 0 | TotalTime:0.000s | Cost:10.04
LS: BlockRelocate | Count: 0 | TotalTime:0.001s | Cost:10.04
LS: mPDG | Count: 0 | TotalTime:0.000s | Cost:10.04
LS: mPDG | Count: 1 | TotalTime:0.000s | Cost:10.04
Generation 2: Best = 10.04, Worst = 12.98, Avg = 12.17, Time: 0.054273128509521484
LS: BlockExchange | Count: 0 | TotalTime:0.000s | Cost:10.04
LS: mPDG | Count: 0 | TotalTime:0.000s | Cost:10.04
LS: mPDG | Count: 0 | TotalTime:0.000s | Cost:10.04
LS: BlockRelocate | Count: 0 | TotalTime:0.001s | Cost:10.04
LS: BlockExchange | Count: 0 | TotalTime:0.000s | Cost:10.04
LS: BlockRelocate | Count: 0 | TotalTime:0.001s | Cost:10.04
LS: BlockExchange | Count: 0 | TotalTime:0.000s | Cost:10.04
LS: mPDG | Count: 0 | TotalTime:0.000s | Cost:10.04
LS: BlockRelocate | Count: 0 | TotalTime:0.001s | Cost:10.04
LS: mPDG | Count: 0 | TotalTime:0.000s | Cost:10.04
LS: mPDG | Count: 0 | TotalTime:0.000s | Cost:10.04
Generation 3: Best = 10.04, Worst = 12.98, Avg = 12.17, Time: 0.056493282318115234
LS: BlockExchange | Count: 0 | TotalTime:0.000s | Cost:10.04
LS: PDPairExchange | Count: 0 | TotalTime:0.000s | Cost:10.04
LS: BlockExchange | Count: 0 | TotalTime:0.000s | Cost:10.04
LS: BlockRelocate | Count: 0 | TotalTime:0.001s | Cost:10.04
LS: BlockRelocate | Count: 0 | TotalTime:0.001s | Cost:10.04
LS: BlockExchange | Count: 0 | TotalTime:0.000s | Cost:10.04
LS: BlockRelocate | Count: 0 | TotalTime:0.001s | Cost:10.04
LS: BlockRelocate | Count: 0 | TotalTime:0.001s | Cost:10.04
LS: BlockRelocate | Count: 0 | TotalTime:0.001s | Cost:10.04
LS: mPDG | Count: 0 | TotalTime:0.000s | Cost:10.04
LS: mPDG | Count: 0 | TotalTime:0.000s | Cost:10.04
Generation 4: Best = 10.04, Worst = 12.98, Avg = 12.17, Time: 0.057291269302368164
Stopping early due to lack of improvement.
Total runtime: 0.89s (0.0 minutes)
Total GA runtime: 0.23s (0.0 minutes)

The solution initialized by Cheapest Insertion:
V_1:[] V_2:[p15_0302310004-1 d15_0302310004-15] V_3:[d1_0221280003-1 p16_0312080006-1 d16_0312080006-16] V_4:[] V_5:[p2_0304490005-1 p6_0302310004-16 d6_0302310004-21 d2_0304490005-2]
The fitness value before EA: 10.040000000000001
V_1:[] V_2:[p15_0302310004-1 d15_0302310004-15] V_3:[d1_0221280003-1 p16_0312080006-1 d16_0312080006-16] V_4:[] V_5:[p2_0304490005-1 p6_0302310004-16 d6_0302310004-21 d2_0304490005-2]
The fitness value after EA: 10.040000000000001

Thoi gian thuc hien thuat toan:  0.8884716033935547
SUCCESS

2025-11-04 16:09:16,939 [simulate_environment.py | 256] INFO: 2025-11-04 03:20:00, Item 0302310004-1: state = 1 < 2, we can not finish the simulation
2025-11-04 16:09:16,939 [simulate_environment.py | 99] INFO: **************************************************
2025-11-04 16:09:16,939 [simulate_environment.py | 103] INFO: cur time: 2025-11-04 03:30:00, pre time: 2025-11-04 03:20:00
2025-11-04 16:09:16,939 [simulate_environment.py | 140] INFO: Start to update the input of 2025-11-04 03:30:00
2025-11-04 16:09:16,939 [simulate_environment.py | 167] INFO: Get 19 unallocated order items, 24 ongoing order items, 4 completed order items
2025-11-04 16:09:18,159 [simulate_environment.py | 234] INFO: 
LS: PDPairExchange | Count: 0 | TotalTime:0.000s | Cost:10.66
LS: BlockExchange | Count: 0 | TotalTime:0.000s | Cost:10.66
LS: BlockExchange | Count: 0 | TotalTime:0.000s | Cost:10.66
LS: BlockRelocate | Count: 0 | TotalTime:0.001s | Cost:10.66
LS: BlockRelocate | Count: 0 | TotalTime:0.001s | Cost:10.66
LS: BlockRelocate | Count: 0 | TotalTime:0.001s | Cost:10.66
LS: PDPairExchange | Count: 0 | TotalTime:0.000s | Cost:10.66
LS: PDPairExchange | Count: 0 | TotalTime:0.000s | Cost:10.72
LS: BlockExchange | Count: 0 | TotalTime:0.000s | Cost:10.74
LS: PDPairExchange | Count: 0 | TotalTime:0.000s | Cost:10.88
LS: mPDG | Count: 1 | TotalTime:0.001s | Cost:10.66
Generation 1: Best = 10.66, Worst = 10.92, Avg = 10.86, Time: 0.0665595531463623
LS: BlockRelocate | Count: 0 | TotalTime:0.001s | Cost:10.66
LS: BlockRelocate | Count: 0 | TotalTime:0.001s | Cost:10.66
LS: mPDG | Count: 0 | TotalTime:0.001s | Cost:10.66
LS: PDPairExchange | Count: 0 | TotalTime:0.000s | Cost:10.66
LS: PDPairExchange | Count: 0 | TotalTime:0.000s | Cost:10.66
LS: BlockRelocate | Count: 0 | TotalTime:0.001s | Cost:10.66
LS: mPDG | Count: 0 | TotalTime:0.001s | Cost:10.66
LS: mPDG | Count: 0 | TotalTime:0.001s | Cost:10.66
LS: BlockExchange | Count: 0 | TotalTime:0.000s | Cost:10.72
LS: BlockRelocate | Count: 1 | TotalTime:0.001s | Cost:10.70
LS: BlockExchange | Count: 0 | TotalTime:0.000s | Cost:10.88
Generation 2: Best = 10.66, Worst = 10.92, Avg = 10.86, Time: 0.06660795211791992
LS: PDPairExchange | Count: 0 | TotalTime:0.000s | Cost:10.66
LS: BlockExchange | Count: 0 | TotalTime:0.000s | Cost:10.66
LS: BlockRelocate | Count: 0 | TotalTime:0.001s | Cost:10.66
LS: BlockExchange | Count: 0 | TotalTime:0.000s | Cost:10.66
LS: mPDG | Count: 0 | TotalTime:0.001s | Cost:10.66
LS: BlockRelocate | Count: 0 | TotalTime:0.001s | Cost:10.66
LS: BlockExchange | Count: 0 | TotalTime:0.000s | Cost:10.66
LS: mPDG | Count: 0 | TotalTime:0.001s | Cost:10.66
LS: BlockRelocate | Count: 0 | TotalTime:0.001s | Cost:10.70
LS: mPDG | Count: 0 | TotalTime:0.000s | Cost:10.72
LS: BlockExchange | Count: 0 | TotalTime:0.000s | Cost:10.88
Generation 3: Best = 10.66, Worst = 10.92, Avg = 10.86, Time: 0.06663060188293457
LS: PDPairExchange | Count: 0 | TotalTime:0.000s | Cost:10.66
LS: BlockRelocate | Count: 0 | TotalTime:0.001s | Cost:10.66
LS: PDPairExchange | Count: 0 | TotalTime:0.000s | Cost:10.66
LS: PDPairExchange | Count: 0 | TotalTime:0.000s | Cost:10.66
LS: BlockExchange | Count: 0 | TotalTime:0.000s | Cost:10.66
LS: BlockRelocate | Count: 0 | TotalTime:0.001s | Cost:10.66
LS: PDPairExchange | Count: 0 | TotalTime:0.000s | Cost:10.66
LS: mPDG | Count: 0 | TotalTime:0.001s | Cost:10.66
LS: BlockRelocate | Count: 0 | TotalTime:0.001s | Cost:10.70
LS: PDPairExchange | Count: 0 | TotalTime:0.000s | Cost:10.72
LS: BlockRelocate | Count: 1 | TotalTime:0.001s | Cost:10.66
Generation 4: Best = 10.66, Worst = 10.92, Avg = 10.85, Time: 0.06890201568603516
Stopping early due to lack of improvement.
Total runtime: 0.96s (0.0 minutes)
Total GA runtime: 0.27s (0.0 minutes)

The solution initialized by Cheapest Insertion:
V_1:[] V_2:[d15_0302310004-15 p1_0321200008-1 d1_0321200008-1] V_3:[d1_0221280003-1 p16_0312080006-1 d16_0312080006-16] V_4:[] V_5:[d6_0302310004-21 p2_0320140007-1 d2_0320140007-2 d2_0304490005-2]
The fitness value before EA: 10.659999999999998
V_1:[] V_2:[d15_0302310004-15 p1_0321200008-1 d1_0321200008-1] V_3:[d1_0221280003-1 p16_0312080006-1 d16_0312080006-16] V_4:[] V_5:[d6_0302310004-21 p2_0320140007-1 d2_0320140007-2 d2_0304490005-2]
The fitness value after EA: 10.659999999999998

Thoi gian thuc hien thuat toan:  0.9612195491790771
SUCCESS

2025-11-04 16:09:18,160 [simulate_environment.py | 256] INFO: 2025-11-04 03:30:00, Item 0312080006-1: state = 1 < 2, we can not finish the simulation
2025-11-04 16:09:18,161 [simulate_environment.py | 99] INFO: **************************************************
2025-11-04 16:09:18,161 [simulate_environment.py | 103] INFO: cur time: 2025-11-04 03:40:00, pre time: 2025-11-04 03:30:00
2025-11-04 16:09:18,161 [simulate_environment.py | 140] INFO: Start to update the input of 2025-11-04 03:40:00
2025-11-04 16:09:18,161 [simulate_environment.py | 167] INFO: Get 19 unallocated order items, 24 ongoing order items, 4 completed order items
2025-11-04 16:09:19,368 [simulate_environment.py | 234] INFO: 
LS: mPDG | Count: 0 | TotalTime:0.001s | Cost:7.18
LS: BlockRelocate | Count: 0 | TotalTime:0.001s | Cost:7.18
LS: PDPairExchange | Count: 0 | TotalTime:0.000s | Cost:7.18
LS: BlockExchange | Count: 0 | TotalTime:0.000s | Cost:7.18
LS: BlockRelocate | Count: 0 | TotalTime:0.001s | Cost:7.18
LS: PDPairExchange | Count: 0 | TotalTime:0.000s | Cost:7.18
LS: BlockRelocate | Count: 0 | TotalTime:0.001s | Cost:7.18
LS: mPDG | Count: 0 | TotalTime:0.001s | Cost:7.18
LS: BlockExchange | Count: 0 | TotalTime:0.000s | Cost:7.44
LS: BlockRelocate | Count: 1 | TotalTime:0.000s | Cost:7.30
LS: PDPairExchange | Count: 0 | TotalTime:0.000s | Cost:7.44
Generation 1: Best = 7.18, Worst = 7.44, Avg = 7.38, Time: 0.06641554832458496
LS: BlockRelocate | Count: 0 | TotalTime:0.001s | Cost:7.18
LS: mPDG | Count: 0 | TotalTime:0.001s | Cost:7.18
LS: BlockExchange | Count: 0 | TotalTime:0.000s | Cost:7.18
LS: BlockRelocate | Count: 0 | TotalTime:0.001s | Cost:7.18
LS: PDPairExchange | Count: 0 | TotalTime:0.000s | Cost:7.18
LS: BlockRelocate | Count: 0 | TotalTime:0.001s | Cost:7.18
LS: BlockExchange | Count: 0 | TotalTime:0.000s | Cost:7.18
LS: PDPairExchange | Count: 0 | TotalTime:0.000s | Cost:7.18
LS: BlockRelocate | Count: 1 | TotalTime:0.000s | Cost:7.18
LS: PDPairExchange | Count: 0 | TotalTime:0.000s | Cost:7.44
LS: BlockExchange | Count: 0 | TotalTime:0.000s | Cost:7.44
Generation 2: Best = 7.18, Worst = 7.44, Avg = 7.38, Time: 0.07016205787658691
LS: BlockRelocate | Count: 0 | TotalTime:0.001s | Cost:7.18
LS: mPDG | Count: 0 | TotalTime:0.001s | Cost:7.18
LS: PDPairExchange | Count: 0 | TotalTime:0.000s | Cost:7.18
LS: BlockRelocate | Count: 0 | TotalTime:0.001s | Cost:7.18
LS: mPDG | Count: 0 | TotalTime:0.001s | Cost:7.18
LS: BlockExchange | Count: 0 | TotalTime:0.000s | Cost:7.18
LS: PDPairExchange | Count: 0 | TotalTime:0.000s | Cost:7.18
LS: BlockExchange | Count: 0 | TotalTime:0.000s | Cost:7.18
LS: BlockRelocate | Count: 0 | TotalTime:0.001s | Cost:7.18
LS: BlockRelocate | Count: 1 | TotalTime:0.001s | Cost:7.18
LS: PDPairExchange | Count: 0 | TotalTime:0.000s | Cost:7.44
Generation 3: Best = 7.18, Worst = 7.44, Avg = 7.37, Time: 0.07180166244506836
LS: BlockRelocate | Count: 0 | TotalTime:0.001s | Cost:7.18
LS: PDPairExchange | Count: 0 | TotalTime:0.000s | Cost:7.18
LS: PDPairExchange | Count: 0 | TotalTime:0.000s | Cost:7.18
LS: BlockExchange | Count: 0 | TotalTime:0.000s | Cost:7.18
LS: BlockRelocate | Count: 0 | TotalTime:0.001s | Cost:7.18
LS: PDPairExchange | Count: 0 | TotalTime:0.000s | Cost:7.18
LS: BlockRelocate | Count: 0 | TotalTime:0.001s | Cost:7.18
LS: BlockRelocate | Count: 0 | TotalTime:0.001s | Cost:7.18
LS: BlockRelocate | Count: 0 | TotalTime:0.001s | Cost:7.18
LS: BlockRelocate | Count: 0 | TotalTime:0.001s | Cost:7.18
LS: BlockRelocate | Count: 1 | TotalTime:0.000s | Cost:7.30
Generation 4: Best = 7.18, Worst = 7.44, Avg = 7.37, Time: 0.06969952583312988
Stopping early due to lack of improvement.
Total runtime: 0.95s (0.0 minutes)
Total GA runtime: 0.28s (0.0 minutes)

The solution initialized by Cheapest Insertion:
V_1:[] V_2:[d15_0302310004-15 p1_0321200008-1 d1_0321200008-1] V_3:[d1_0221280003-1 p16_0312080006-1 d16_0312080006-16] V_4:[] V_5:[d6_0302310004-21 p2_0320140007-1 d2_0320140007-2 d2_0304490005-2]
The fitness value before EA: 7.179999999999998
V_1:[] V_2:[d15_0302310004-15 p1_0321200008-1 d1_0321200008-1] V_3:[d1_0221280003-1 p16_0312080006-1 d16_0312080006-16] V_4:[] V_5:[d6_0302310004-21 p2_0320140007-1 d2_0320140007-2 d2_0304490005-2]
The fitness value after EA: 7.179999999999998

Thoi gian thuc hien thuat toan:  0.9514098167419434
SUCCESS

2025-11-04 16:09:19,370 [simulate_environment.py | 256] INFO: 2025-11-04 03:40:00, Item 0312080006-1: state = 1 < 2, we can not finish the simulation
2025-11-04 16:09:19,370 [simulate_environment.py | 99] INFO: **************************************************
2025-11-04 16:09:19,370 [simulate_environment.py | 103] INFO: cur time: 2025-11-04 03:50:00, pre time: 2025-11-04 03:40:00
2025-11-04 16:09:19,371 [simulate_environment.py | 140] INFO: Start to update the input of 2025-11-04 03:50:00
2025-11-04 16:09:19,371 [simulate_environment.py | 167] INFO: Get 20 unallocated order items, 24 ongoing order items, 4 completed order items
2025-11-04 16:09:20,628 [simulate_environment.py | 234] INFO: 
LS: BlockExchange | Count: 0 | TotalTime:0.000s | Cost:7.18
LS: mPDG | Count: 0 | TotalTime:0.001s | Cost:7.18
LS: mPDG | Count: 1 | TotalTime:0.001s | Cost:7.18
LS: mPDG | Count: 1 | TotalTime:0.001s | Cost:7.44
LS: BlockRelocate | Count: 1 | TotalTime:0.000s | Cost:7.94
LS: mPDG | Count: 1 | TotalTime:0.001s | Cost:7.84
LS: BlockExchange | Count: 0 | TotalTime:0.000s | Cost:8.08
LS: BlockRelocate | Count: 1 | TotalTime:0.000s | Cost:7.94
LS: PDPairExchange | Count: 0 | TotalTime:0.000s | Cost:8.08
LS: BlockRelocate | Count: 1 | TotalTime:0.000s | Cost:7.94
LS: BlockRelocate | Count: 1 | TotalTime:0.000s | Cost:7.74
Generation 1: Best = 7.18, Worst = 9.96, Avg = 8.10, Time: 0.07902121543884277
LS: BlockRelocate | Count: 0 | TotalTime:0.002s | Cost:7.18
LS: PDPairExchange | Count: 0 | TotalTime:0.000s | Cost:7.18
LS: mPDG | Count: 0 | TotalTime:0.001s | Cost:7.18
LS: mPDG | Count: 0 | TotalTime:0.001s | Cost:7.44
LS: BlockRelocate | Count: 1 | TotalTime:0.001s | Cost:7.48
LS: PDPairExchange | Count: 1 | TotalTime:0.000s | Cost:7.44
LS: BlockRelocate | Count: 1 | TotalTime:0.001s | Cost:7.48
LS: BlockRelocate | Count: 1 | TotalTime:0.000s | Cost:7.48
LS: BlockRelocate | Count: 1 | TotalTime:0.001s | Cost:7.48
LS: BlockExchange | Count: 1 | TotalTime:0.000s | Cost:7.44
LS: PDPairExchange | Count: 1 | TotalTime:0.000s | Cost:7.44
Generation 2: Best = 7.18, Worst = 8.08, Avg = 7.80, Time: 0.08510446548461914
LS: mPDG | Count: 0 | TotalTime:0.001s | Cost:7.18
LS: PDPairExchange | Count: 0 | TotalTime:0.000s | Cost:7.18
LS: mPDG | Count: 0 | TotalTime:0.001s | Cost:7.18
LS: mPDG | Count: 0 | TotalTime:0.001s | Cost:7.44
LS: PDPairExchange | Count: 0 | TotalTime:0.000s | Cost:7.44
LS: BlockExchange | Count: 0 | TotalTime:0.000s | Cost:7.44
LS: PDPairExchange | Count: 0 | TotalTime:0.000s | Cost:7.44
LS: BlockRelocate | Count: 0 | TotalTime:0.002s | Cost:7.48
LS: BlockRelocate | Count: 0 | TotalTime:0.002s | Cost:7.48
LS: BlockRelocate | Count: 0 | TotalTime:0.002s | Cost:7.48
LS: BlockRelocate | Count: 0 | TotalTime:0.002s | Cost:7.48
Generation 3: Best = 7.18, Worst = 8.08, Avg = 7.69, Time: 0.08632659912109375
LS: PDPairExchange | Count: 0 | TotalTime:0.000s | Cost:7.18
LS: mPDG | Count: 0 | TotalTime:0.001s | Cost:7.18
LS: mPDG | Count: 0 | TotalTime:0.001s | Cost:7.18
LS: mPDG | Count: 0 | TotalTime:0.001s | Cost:7.44
LS: PDPairExchange | Count: 0 | TotalTime:0.000s | Cost:7.44
LS: BlockExchange | Count: 0 | TotalTime:0.000s | Cost:7.44
LS: PDPairExchange | Count: 0 | TotalTime:0.000s | Cost:7.44
LS: BlockRelocate | Count: 0 | TotalTime:0.002s | Cost:7.48
LS: BlockRelocate | Count: 0 | TotalTime:0.002s | Cost:7.48
LS: BlockRelocate | Count: 0 | TotalTime:0.002s | Cost:7.48
LS: BlockRelocate | Count: 0 | TotalTime:0.002s | Cost:7.48
Generation 4: Best = 7.18, Worst = 7.74, Avg = 7.64, Time: 0.08164381980895996
Stopping early due to lack of improvement.
Total runtime: 1.00s (0.0 minutes)
Total GA runtime: 0.33s (0.0 minutes)

The solution initialized by Cheapest Insertion:
V_1:[] V_2:[d15_0302310004-15 p1_0321200008-1 d1_0321200008-1] V_3:[d1_0221280003-1 p16_0312080006-1 d16_0312080006-16] V_4:[] V_5:[d6_0302310004-21 p2_0320140007-1 p1_0341360009-1 d1_0341360009-1 d2_0320140007-2 d2_0304490005-2]
The fitness value before EA: 7.179999999999998
V_1:[] V_2:[d15_0302310004-15 p1_0321200008-1 d1_0321200008-1] V_3:[d1_0221280003-1 p16_0312080006-1 d16_0312080006-16] V_4:[] V_5:[d6_0302310004-21 p2_0320140007-1 p1_0341360009-1 d1_0341360009-1 d2_0320140007-2 d2_0304490005-2]
The fitness value after EA: 7.179999999999998

Thoi gian thuc hien thuat toan:  1.0043015480041504
SUCCESS

2025-11-04 16:09:20,629 [simulate_environment.py | 256] INFO: 2025-11-04 03:50:00, Item 0312080006-1: state = 1 < 2, we can not finish the simulation
2025-11-04 16:09:20,629 [simulate_environment.py | 99] INFO: **************************************************
2025-11-04 16:09:20,629 [simulate_environment.py | 103] INFO: cur time: 2025-11-04 04:00:00, pre time: 2025-11-04 03:50:00
2025-11-04 16:09:20,629 [simulate_environment.py | 140] INFO: Start to update the input of 2025-11-04 04:00:00
2025-11-04 16:09:20,630 [simulate_environment.py | 167] INFO: Get 20 unallocated order items, 24 ongoing order items, 4 completed order items
2025-11-04 16:09:21,873 [simulate_environment.py | 234] INFO: 
LS: mPDG | Count: 0 | TotalTime:0.001s | Cost:7.18
LS: BlockExchange | Count: 0 | TotalTime:0.000s | Cost:7.54
LS: BlockRelocate | Count: 1 | TotalTime:0.000s | Cost:7.94
LS: BlockRelocate | Count: 1 | TotalTime:0.001s | Cost:7.74
LS: BlockExchange | Count: 0 | TotalTime:0.000s | Cost:8.08
LS: BlockRelocate | Count: 1 | TotalTime:0.001s | Cost:7.94
LS: PDPairExchange | Count: 0 | TotalTime:0.000s | Cost:8.08
LS: BlockRelocate | Count: 1 | TotalTime:0.001s | Cost:7.84
LS: mPDG | Count: 1 | TotalTime:0.002s | Cost:7.84
LS: BlockExchange | Count: 0 | TotalTime:0.000s | Cost:8.08
LS: PDPairExchange | Count: 0 | TotalTime:0.000s | Cost:8.08
Generation 1: Best = 7.18, Worst = 9.84, Avg = 8.13, Time: 0.0810091495513916
LS: BlockExchange | Count: 0 | TotalTime:0.001s | Cost:7.18
LS: BlockRelocate | Count: 1 | TotalTime:0.001s | Cost:7.50
LS: BlockRelocate | Count: 1 | TotalTime:0.001s | Cost:7.48
LS: mPDG | Count: 0 | TotalTime:0.002s | Cost:7.74
LS: PDPairExchange | Count: 1 | TotalTime:0.000s | Cost:7.44
LS: BlockRelocate | Count: 1 | TotalTime:0.002s | Cost:7.48
LS: mPDG | Count: 0 | TotalTime:0.002s | Cost:7.74
LS: BlockRelocate | Count: 1 | TotalTime:0.002s | Cost:7.48
LS: BlockExchange | Count: 1 | TotalTime:0.000s | Cost:7.44
LS: BlockRelocate | Count: 1 | TotalTime:0.000s | Cost:7.48
LS: mPDG | Count: 0 | TotalTime:0.002s | Cost:7.74
Generation 2: Best = 7.18, Worst = 8.08, Avg = 7.89, Time: 0.08440876007080078
LS: BlockExchange | Count: 0 | TotalTime:0.000s | Cost:7.18
LS: PDPairExchange | Count: 0 | TotalTime:0.000s | Cost:7.44
LS: BlockExchange | Count: 0 | TotalTime:0.000s | Cost:7.44
LS: BlockRelocate | Count: 0 | TotalTime:0.002s | Cost:7.48
LS: BlockRelocate | Count: 0 | TotalTime:0.002s | Cost:7.48
LS: BlockRelocate | Count: 0 | TotalTime:0.002s | Cost:7.48
LS: BlockRelocate | Count: 0 | TotalTime:0.002s | Cost:7.48
LS: BlockRelocate | Count: 1 | TotalTime:0.001s | Cost:7.40
LS: PDPairExchange | Count: 1 | TotalTime:0.000s | Cost:7.44
LS: BlockRelocate | Count: 1 | TotalTime:0.001s | Cost:7.48
LS: BlockRelocate | Count: 1 | TotalTime:0.000s | Cost:7.48
Generation 3: Best = 7.18, Worst = 7.74, Avg = 7.66, Time: 0.07956242561340332
LS: mPDG | Count: 0 | TotalTime:0.001s | Cost:7.18
LS: BlockRelocate | Count: 1 | TotalTime:0.002s | Cost:7.18
LS: PDPairExchange | Count: 0 | TotalTime:0.000s | Cost:7.44
LS: BlockExchange | Count: 0 | TotalTime:0.000s | Cost:7.44
LS: PDPairExchange | Count: 0 | TotalTime:0.000s | Cost:7.44
LS: BlockRelocate | Count: 0 | TotalTime:0.002s | Cost:7.48
LS: BlockRelocate | Count: 0 | TotalTime:0.002s | Cost:7.48
LS: BlockRelocate | Count: 0 | TotalTime:0.002s | Cost:7.48
LS: BlockRelocate | Count: 0 | TotalTime:0.002s | Cost:7.48
LS: BlockRelocate | Count: 0 | TotalTime:0.002s | Cost:7.48
LS: BlockRelocate | Count: 0 | TotalTime:0.002s | Cost:7.48
Generation 4: Best = 7.18, Worst = 7.74, Avg = 7.65, Time: 0.08232879638671875
Stopping early due to lack of improvement.
Total runtime: 0.99s (0.0 minutes)
Total GA runtime: 0.33s (0.0 minutes)

The solution initialized by Cheapest Insertion:
V_1:[] V_2:[d15_0302310004-15 p1_0321200008-1 d1_0321200008-1] V_3:[d1_0221280003-1 p16_0312080006-1 d16_0312080006-16] V_4:[] V_5:[d6_0302310004-21 p2_0320140007-1 p1_0341360009-1 d1_0341360009-1 d2_0320140007-2 d2_0304490005-2]
The fitness value before EA: 7.179999999999998
V_1:[] V_2:[d15_0302310004-15 p1_0321200008-1 d1_0321200008-1] V_3:[d1_0221280003-1 p16_0312080006-1 d16_0312080006-16] V_4:[] V_5:[d6_0302310004-21 p2_0320140007-1 p1_0341360009-1 d1_0341360009-1 d2_0320140007-2 d2_0304490005-2]
The fitness value after EA: 7.179999999999998

Thoi gian thuc hien thuat toan:  0.9878451824188232
SUCCESS

2025-11-04 16:09:21,874 [simulate_environment.py | 256] INFO: 2025-11-04 04:00:00, Item 0312080006-1: state = 1 < 2, we can not finish the simulation
2025-11-04 16:09:21,874 [simulate_environment.py | 99] INFO: **************************************************
2025-11-04 16:09:21,874 [simulate_environment.py | 103] INFO: cur time: 2025-11-04 04:10:00, pre time: 2025-11-04 04:00:00
2025-11-04 16:09:21,874 [simulate_environment.py | 140] INFO: Start to update the input of 2025-11-04 04:10:00
2025-11-04 16:09:21,875 [simulate_environment.py | 167] INFO: Get 5 unallocated order items, 39 ongoing order items, 5 completed order items
2025-11-04 16:09:23,191 [simulate_environment.py | 234] INFO: 
LS: PDPairExchange | Count: 0 | TotalTime:0.001s | Cost:10.64
LS: BlockRelocate | Count: 0 | TotalTime:0.002s | Cost:10.64
LS: BlockRelocate | Count: 1 | TotalTime:0.000s | Cost:13.20
LS: BlockRelocate | Count: 1 | TotalTime:0.000s | Cost:13.50
LS: PDPairExchange | Count: 0 | TotalTime:0.000s | Cost:13.56
LS: PDPairExchange | Count: 0 | TotalTime:0.000s | Cost:13.56
LS: PDPairExchange | Count: 1 | TotalTime:0.000s | Cost:13.56
LS: BlockRelocate | Count: 1 | TotalTime:0.001s | Cost:11.30
LS: PDPairExchange | Count: 1 | TotalTime:0.000s | Cost:13.56
LS: PDPairExchange | Count: 1 | TotalTime:0.000s | Cost:13.56
LS: BlockExchange | Count: 1 | TotalTime:0.000s | Cost:13.56
Generation 1: Best = 10.64, Worst = 13.56, Avg = 13.35, Time: 0.08759117126464844
LS: PDPairExchange | Count: 0 | TotalTime:0.000s | Cost:10.64
LS: mPDG | Count: 0 | TotalTime:0.001s | Cost:10.64
LS: BlockExchange | Count: 1 | TotalTime:0.000s | Cost:10.90
LS: BlockRelocate | Count: 1 | TotalTime:0.000s | Cost:10.94
LS: BlockExchange | Count: 1 | TotalTime:0.000s | Cost:10.90
LS: BlockExchange | Count: 1 | TotalTime:0.000s | Cost:10.90
LS: mPDG | Count: 0 | TotalTime:0.001s | Cost:11.20
LS: mPDG | Count: 0 | TotalTime:0.001s | Cost:11.20
LS: mPDG | Count: 0 | TotalTime:0.001s | Cost:11.20
LS: BlockExchange | Count: 1 | TotalTime:0.000s | Cost:10.90
LS: PDPairExchange | Count: 1 | TotalTime:0.000s | Cost:10.90
Generation 2: Best = 10.64, Worst = 13.56, Avg = 11.89, Time: 0.08612394332885742
LS: mPDG | Count: 0 | TotalTime:0.001s | Cost:10.64
LS: PDPairExchange | Count: 0 | TotalTime:0.000s | Cost:10.64
LS: BlockExchange | Count: 0 | TotalTime:0.000s | Cost:10.90
LS: BlockExchange | Count: 0 | TotalTime:0.000s | Cost:10.90
LS: BlockExchange | Count: 0 | TotalTime:0.000s | Cost:10.90
LS: BlockExchange | Count: 0 | TotalTime:0.000s | Cost:10.90
LS: PDPairExchange | Count: 0 | TotalTime:0.000s | Cost:10.90
LS: BlockRelocate | Count: 0 | TotalTime:0.002s | Cost:10.94
LS: BlockExchange | Count: 1 | TotalTime:0.000s | Cost:10.90
LS: PDPairExchange | Count: 1 | TotalTime:0.000s | Cost:10.90
LS: PDPairExchange | Count: 1 | TotalTime:0.000s | Cost:10.90
Generation 3: Best = 10.64, Worst = 13.50, Avg = 11.22, Time: 0.08216357231140137
LS: BlockExchange | Count: 0 | TotalTime:0.000s | Cost:10.64
LS: mPDG | Count: 0 | TotalTime:0.001s | Cost:10.64
LS: BlockExchange | Count: 0 | TotalTime:0.000s | Cost:10.90
LS: BlockExchange | Count: 0 | TotalTime:0.000s | Cost:10.90
LS: BlockExchange | Count: 0 | TotalTime:0.000s | Cost:10.90
LS: BlockExchange | Count: 0 | TotalTime:0.000s | Cost:10.90
LS: PDPairExchange | Count: 0 | TotalTime:0.001s | Cost:10.90
LS: BlockExchange | Count: 0 | TotalTime:0.000s | Cost:10.90
LS: PDPairExchange | Count: 0 | TotalTime:0.000s | Cost:10.90
LS: PDPairExchange | Count: 0 | TotalTime:0.000s | Cost:10.90
LS: BlockRelocate | Count: 0 | TotalTime:0.002s | Cost:10.94
Generation 4: Best = 10.64, Worst = 11.20, Avg = 11.11, Time: 0.0844573974609375
Stopping early due to lack of improvement.
Total runtime: 1.05s (0.0 minutes)
Total GA runtime: 0.34s (0.0 minutes)

The solution initialized by Cheapest Insertion:
V_1:[] V_2:[d15_0302310004-15 p1_0321200008-1 d1_0321200008-1] V_3:[d16_0312080006-16 p1_0405380010-1 d1_0405380010-1] V_4:[] V_5:[d6_0302310004-21 p2_0320140007-1 p1_0341360009-1 d1_0341360009-1 d2_0320140007-2 d2_0304490005-2]
The fitness value before EA: 10.639999999999997
V_1:[] V_2:[d15_0302310004-15 p1_0321200008-1 d1_0321200008-1] V_3:[d16_0312080006-16 p1_0405380010-1 d1_0405380010-1] V_4:[] V_5:[d6_0302310004-21 p2_0320140007-1 p1_0341360009-1 d1_0341360009-1 d2_0320140007-2 d2_0304490005-2]
The fitness value after EA: 10.639999999999997

Thoi gian thuc hien thuat toan:  1.048759937286377
SUCCESS

2025-11-04 16:09:23,193 [simulate_environment.py | 256] INFO: 2025-11-04 04:10:00, Item 0320140007-1: state = 1 < 2, we can not finish the simulation
2025-11-04 16:09:23,193 [simulate_environment.py | 99] INFO: **************************************************
2025-11-04 16:09:23,193 [simulate_environment.py | 103] INFO: cur time: 2025-11-04 04:20:00, pre time: 2025-11-04 04:10:00
2025-11-04 16:09:23,193 [simulate_environment.py | 140] INFO: Start to update the input of 2025-11-04 04:20:00
2025-11-04 16:09:23,194 [simulate_environment.py | 167] INFO: Get 6 unallocated order items, 39 ongoing order items, 5 completed order items
2025-11-04 16:09:24,612 [simulate_environment.py | 234] INFO: 
LS: PDPairExchange | Count: 0 | TotalTime:0.000s | Cost:9.36
LS: BlockExchange | Count: 0 | TotalTime:0.000s | Cost:9.36
LS: PDPairExchange | Count: 1 | TotalTime:0.000s | Cost:12.02
LS: BlockExchange | Count: 0 | TotalTime:0.000s | Cost:12.10
LS: mPDG | Count: 1 | TotalTime:0.001s | Cost:9.44
LS: mPDG | Count: 1 | TotalTime:0.001s | Cost:9.44
LS: mPDG | Count: 1 | TotalTime:0.001s | Cost:11.86
LS: mPDG | Count: 1 | TotalTime:0.001s | Cost:11.86
LS: mPDG | Count: 1 | TotalTime:0.001s | Cost:11.86
LS: mPDG | Count: 1 | TotalTime:0.001s | Cost:11.86
LS: mPDG | Count: 1 | TotalTime:0.001s | Cost:11.86
Generation 1: Best = 9.36, Worst = 12.10, Avg = 11.80, Time: 0.10254383087158203
LS: BlockRelocate | Count: 0 | TotalTime:0.003s | Cost:9.36
LS: PDPairExchange | Count: 0 | TotalTime:0.000s | Cost:9.36
LS: mPDG | Count: 0 | TotalTime:0.001s | Cost:9.44
LS: mPDG | Count: 0 | TotalTime:0.001s | Cost:9.44
LS: mPDG | Count: 0 | TotalTime:0.002s | Cost:11.86
LS: mPDG | Count: 0 | TotalTime:0.001s | Cost:11.86
LS: mPDG | Count: 0 | TotalTime:0.001s | Cost:11.86
LS: mPDG | Count: 0 | TotalTime:0.001s | Cost:11.86
LS: mPDG | Count: 0 | TotalTime:0.001s | Cost:11.86
LS: PDPairExchange | Count: 0 | TotalTime:0.000s | Cost:12.02
LS: mPDG | Count: 1 | TotalTime:0.001s | Cost:9.44
Generation 2: Best = 9.36, Worst = 12.10, Avg = 11.73, Time: 0.10757923126220703
LS: BlockExchange | Count: 0 | TotalTime:0.000s | Cost:9.36
LS: mPDG | Count: 0 | TotalTime:0.002s | Cost:9.36
LS: mPDG | Count: 0 | TotalTime:0.001s | Cost:9.44
LS: mPDG | Count: 0 | TotalTime:0.001s | Cost:9.44
LS: mPDG | Count: 0 | TotalTime:0.001s | Cost:9.44
LS: mPDG | Count: 0 | TotalTime:0.001s | Cost:11.86
LS: mPDG | Count: 0 | TotalTime:0.001s | Cost:11.86
LS: mPDG | Count: 0 | TotalTime:0.001s | Cost:11.86
LS: mPDG | Count: 0 | TotalTime:0.001s | Cost:11.86
LS: mPDG | Count: 0 | TotalTime:0.001s | Cost:11.86
LS: PDPairExchange | Count: 0 | TotalTime:0.000s | Cost:12.02
Generation 3: Best = 9.36, Worst = 12.10, Avg = 11.73, Time: 0.11328554153442383
LS: PDPairExchange | Count: 0 | TotalTime:0.000s | Cost:9.36
LS: PDPairExchange | Count: 0 | TotalTime:0.000s | Cost:9.36
LS: mPDG | Count: 0 | TotalTime:0.001s | Cost:9.44
LS: mPDG | Count: 0 | TotalTime:0.001s | Cost:9.44
LS: mPDG | Count: 0 | TotalTime:0.001s | Cost:9.44
LS: mPDG | Count: 0 | TotalTime:0.001s | Cost:11.86
LS: mPDG | Count: 0 | TotalTime:0.001s | Cost:11.86
LS: mPDG | Count: 0 | TotalTime:0.001s | Cost:11.86
LS: mPDG | Count: 0 | TotalTime:0.001s | Cost:11.86
LS: mPDG | Count: 0 | TotalTime:0.001s | Cost:11.86
LS: PDPairExchange | Count: 0 | TotalTime:0.001s | Cost:12.02
Generation 4: Best = 9.36, Worst = 12.10, Avg = 11.73, Time: 0.11023545265197754
Stopping early due to lack of improvement.
Total runtime: 1.15s (0.0 minutes)
Total GA runtime: 0.43s (0.0 minutes)

The solution initialized by Cheapest Insertion:
V_1:[] V_2:[d15_0302310004-15 p1_0321200008-1 d1_0321200008-1] V_3:[d16_0312080006-16 p1_0405380010-1 d1_0405380010-1] V_4:[] V_5:[d6_0302310004-21 p2_0320140007-1 p1_0341360009-1 d1_0341360009-1 d2_0320140007-2 d2_0304490005-2 p1_0417500011-1 d1_0417500011-1]
The fitness value before EA: 9.36
V_1:[] V_2:[d15_0302310004-15 p1_0321200008-1 d1_0321200008-1] V_3:[d16_0312080006-16 p1_0405380010-1 d1_0405380010-1] V_4:[] V_5:[d6_0302310004-21 p1_0341360009-1 p2_0320140007-1 d2_0320140007-2 d1_0341360009-1 d2_0304490005-2 p1_0417500011-1 d1_0417500011-1]
The fitness value after EA: 9.36

Thoi gian thuc hien thuat toan:  1.1524012088775635
SUCCESS

2025-11-04 16:09:24,615 [simulate_environment.py | 256] INFO: 2025-11-04 04:20:00, Item 0320140007-1: state = 1 < 2, we can not finish the simulation
2025-11-04 16:09:24,616 [simulate_environment.py | 99] INFO: **************************************************
2025-11-04 16:09:24,616 [simulate_environment.py | 103] INFO: cur time: 2025-11-04 04:30:00, pre time: 2025-11-04 04:20:00
2025-11-04 16:09:24,616 [simulate_environment.py | 140] INFO: Start to update the input of 2025-11-04 04:30:00
2025-11-04 16:09:24,617 [simulate_environment.py | 167] INFO: Get 7 unallocated order items, 39 ongoing order items, 5 completed order items
2025-11-04 16:09:26,094 [simulate_environment.py | 234] INFO: 
LS: BlockRelocate | Count: 0 | TotalTime:0.004s | Cost:13.08
LS: mPDG | Count: 1 | TotalTime:0.002s | Cost:13.16
LS: BlockRelocate | Count: 1 | TotalTime:0.002s | Cost:13.32
LS: BlockRelocate | Count: 1 | TotalTime:0.001s | Cost:13.22
LS: PDPairExchange | Count: 0 | TotalTime:0.001s | Cost:13.40
LS: PDPairExchange | Count: 0 | TotalTime:0.001s | Cost:14.68
LS: BlockRelocate | Count: 1 | TotalTime:0.001s | Cost:13.40
LS: BlockRelocate | Count: 1 | TotalTime:0.000s | Cost:15.12
LS: BlockRelocate | Count: 1 | TotalTime:0.000s | Cost:15.10
LS: BlockRelocate | Count: 1 | TotalTime:0.000s | Cost:15.18
LS: BlockExchange | Count: 1 | TotalTime:0.001s | Cost:15.12
Generation 1: Best = 13.08, Worst = 15.34, Avg = 14.99, Time: 0.12112808227539062
LS: PDPairExchange | Count: 0 | TotalTime:0.001s | Cost:13.08
LS: mPDG | Count: 0 | TotalTime:0.002s | Cost:13.16
LS: BlockRelocate | Count: 1 | TotalTime:0.001s | Cost:13.16
LS: BlockRelocate | Count: 1 | TotalTime:0.003s | Cost:13.08
LS: mPDG | Count: 1 | TotalTime:0.002s | Cost:13.16
LS: BlockExchange | Count: 0 | TotalTime:0.001s | Cost:13.40
LS: BlockRelocate | Count: 1 | TotalTime:0.002s | Cost:13.16
LS: BlockRelocate | Count: 1 | TotalTime:0.001s | Cost:13.22
LS: BlockRelocate | Count: 1 | TotalTime:0.000s | Cost:13.22
LS: BlockRelocate | Count: 1 | TotalTime:0.001s | Cost:13.16
LS: mPDG | Count: 1 | TotalTime:0.002s | Cost:13.16
Generation 2: Best = 13.08, Worst = 15.34, Avg = 14.47, Time: 0.12549948692321777
LS: BlockExchange | Count: 0 | TotalTime:0.001s | Cost:13.08
LS: BlockRelocate | Count: 0 | TotalTime:0.004s | Cost:13.08
LS: mPDG | Count: 0 | TotalTime:0.002s | Cost:13.16
LS: BlockRelocate | Count: 0 | TotalTime:0.004s | Cost:13.16
LS: mPDG | Count: 0 | TotalTime:0.002s | Cost:13.16
LS: BlockRelocate | Count: 1 | TotalTime:0.003s | Cost:13.08
LS: BlockRelocate | Count: 1 | TotalTime:0.003s | Cost:13.08
LS: mPDG | Count: 0 | TotalTime:0.002s | Cost:13.16
LS: BlockRelocate | Count: 1 | TotalTime:0.001s | Cost:13.16
LS: BlockRelocate | Count: 1 | TotalTime:0.000s | Cost:13.08
LS: mPDG | Count: 1 | TotalTime:0.002s | Cost:13.16
Generation 3: Best = 13.08, Worst = 15.34, Avg = 13.63, Time: 0.13877153396606445
LS: BlockRelocate | Count: 0 | TotalTime:0.004s | Cost:13.08
LS: BlockRelocate | Count: 0 | TotalTime:0.004s | Cost:13.08
LS: BlockRelocate | Count: 0 | TotalTime:0.004s | Cost:13.08
LS: BlockRelocate | Count: 0 | TotalTime:0.004s | Cost:13.08
LS: BlockRelocate | Count: 0 | TotalTime:0.004s | Cost:13.08
LS: mPDG | Count: 0 | TotalTime:0.002s | Cost:13.16
LS: BlockRelocate | Count: 0 | TotalTime:0.004s | Cost:13.16
LS: mPDG | Count: 0 | TotalTime:0.002s | Cost:13.16
LS: mPDG | Count: 0 | TotalTime:0.002s | Cost:13.16
LS: BlockRelocate | Count: 0 | TotalTime:0.004s | Cost:13.16
LS: mPDG | Count: 0 | TotalTime:0.002s | Cost:13.16
Generation 4: Best = 13.08, Worst = 13.40, Avg = 13.32, Time: 0.148756742477417
Stopping early due to lack of improvement.
Total runtime: 1.21s (0.0 minutes)
Total GA runtime: 0.53s (0.0 minutes)

The solution initialized by Cheapest Insertion:
V_1:[] V_2:[d15_0302310004-15 p1_0321200008-1 d1_0321200008-1] V_3:[d16_0312080006-16 p1_0405380010-1 d1_0405380010-1] V_4:[p1_0423290012-1 d1_0423290012-1] V_5:[d6_0302310004-21 p1_0341360009-1 p2_0320140007-1 d2_0320140007-2 d1_0341360009-1 d2_0304490005-2 p1_0417500011-1 d1_0417500011-1]
The fitness value before EA: 13.079999999999998
V_1:[] V_2:[d15_0302310004-15 p1_0321200008-1 d1_0321200008-1] V_3:[d16_0312080006-16 p1_0405380010-1 d1_0405380010-1] V_4:[p1_0423290012-1 d1_0423290012-1] V_5:[d6_0302310004-21 p1_0341360009-1 p2_0320140007-1 d2_0320140007-2 d1_0341360009-1 d2_0304490005-2 p1_0417500011-1 d1_0417500011-1]
The fitness value after EA: 13.079999999999998

Thoi gian thuc hien thuat toan:  1.2087180614471436
SUCCESS

2025-11-04 16:09:26,095 [simulate_environment.py | 256] INFO: 2025-11-04 04:30:00, Item 0320140007-1: state = 1 < 2, we can not finish the simulation
2025-11-04 16:09:26,096 [simulate_environment.py | 99] INFO: **************************************************
2025-11-04 16:09:26,096 [simulate_environment.py | 103] INFO: cur time: 2025-11-04 04:40:00, pre time: 2025-11-04 04:30:00
2025-11-04 16:09:26,096 [simulate_environment.py | 140] INFO: Start to update the input of 2025-11-04 04:40:00
2025-11-04 16:09:26,096 [simulate_environment.py | 167] INFO: Get 11 unallocated order items, 33 ongoing order items, 11 completed order items
2025-11-04 16:09:30,460 [simulate_environment.py | 234] INFO: 
LS: BlockRelocate | Count: 0 | TotalTime:0.004s | Cost:10.88
LS: mPDG | Count: 1 | TotalTime:0.001s | Cost:10.94
LS: PDPairExchange | Count: 0 | TotalTime:0.001s | Cost:11.12
LS: BlockExchange | Count: 0 | TotalTime:0.001s | Cost:11.12
LS: mPDG | Count: 0 | TotalTime:0.002s | Cost:11.12
LS: mPDG | Count: 0 | TotalTime:0.002s | Cost:11.12
LS: BlockExchange | Count: 0 | TotalTime:0.001s | Cost:11.12
LS: BlockRelocate | Count: 1 | TotalTime:0.001s | Cost:10.88
LS: PDPairExchange | Count: 0 | TotalTime:0.001s | Cost:11.12
LS: BlockRelocate | Count: 1 | TotalTime:0.003s | Cost:10.88
LS: BlockRelocate | Count: 1 | TotalTime:0.003s | Cost:10.88
Generation 1: Best = 10.88, Worst = 11.14, Avg = 11.09, Time: 0.1236276626586914
LS: BlockRelocate | Count: 0 | TotalTime:0.004s | Cost:10.88
LS: BlockRelocate | Count: 0 | TotalTime:0.004s | Cost:10.88
LS: BlockRelocate | Count: 0 | TotalTime:0.004s | Cost:10.88
LS: BlockRelocate | Count: 0 | TotalTime:0.004s | Cost:10.88
LS: mPDG | Count: 0 | TotalTime:0.001s | Cost:10.94
LS: PDPairExchange | Count: 0 | TotalTime:0.001s | Cost:11.12
LS: mPDG | Count: 0 | TotalTime:0.002s | Cost:11.12
LS: BlockRelocate | Count: 1 | TotalTime:0.001s | Cost:10.88
LS: BlockRelocate | Count: 1 | TotalTime:0.002s | Cost:10.88
LS: mPDG | Count: 0 | TotalTime:0.002s | Cost:11.12
LS: mPDG | Count: 0 | TotalTime:0.002s | Cost:11.12
Generation 2: Best = 10.88, Worst = 11.12, Avg = 11.08, Time: 0.1211709976196289
LS: mPDG | Count: 0 | TotalTime:0.002s | Cost:10.88
LS: BlockRelocate | Count: 0 | TotalTime:0.003s | Cost:10.88
LS: BlockRelocate | Count: 0 | TotalTime:0.004s | Cost:10.88
LS: BlockRelocate | Count: 0 | TotalTime:0.003s | Cost:10.88
LS: BlockRelocate | Count: 0 | TotalTime:0.003s | Cost:10.88
LS: BlockRelocate | Count: 0 | TotalTime:0.004s | Cost:10.88
LS: mPDG | Count: 0 | TotalTime:0.002s | Cost:10.94
LS: BlockRelocate | Count: 1 | TotalTime:0.002s | Cost:10.88
LS: mPDG | Count: 0 | TotalTime:0.002s | Cost:11.12
LS: PDPairExchange | Count: 0 | TotalTime:0.001s | Cost:11.12
LS: mPDG | Count: 0 | TotalTime:0.002s | Cost:11.12
Generation 3: Best = 10.88, Worst = 11.12, Avg = 11.07, Time: 3.0548908710479736
LS: BlockRelocate | Count: 0 | TotalTime:0.004s | Cost:10.88
LS: BlockRelocate | Count: 0 | TotalTime:0.004s | Cost:10.88
LS: BlockRelocate | Count: 0 | TotalTime:0.004s | Cost:10.88
LS: BlockRelocate | Count: 0 | TotalTime:0.004s | Cost:10.88
LS: BlockRelocate | Count: 0 | TotalTime:0.004s | Cost:10.88
LS: BlockRelocate | Count: 0 | TotalTime:0.004s | Cost:10.88
LS: BlockRelocate | Count: 0 | TotalTime:0.003s | Cost:10.88
LS: mPDG | Count: 0 | TotalTime:0.001s | Cost:10.94
LS: mPDG | Count: 0 | TotalTime:0.002s | Cost:11.12
LS: mPDG | Count: 0 | TotalTime:0.002s | Cost:11.12
LS: BlockRelocate | Count: 1 | TotalTime:0.002s | Cost:10.88
Generation 4: Best = 10.88, Worst = 11.12, Avg = 11.07, Time: 0.13356328010559082
Stopping early due to lack of improvement.
Total runtime: 4.10s (0.1 minutes)
Total GA runtime: 3.43s (0.1 minutes)

The solution initialized by Cheapest Insertion:
V_1:[] V_2:[d15_0302310004-15 p1_0321200008-1 d1_0321200008-1] V_3:[d16_0312080006-16 p1_0405380010-1 d1_0405380010-1] V_4:[p1_0423290012-1 d1_0423290012-1] V_5:[p1_0341360009-1 p2_0320140007-1 d2_0320140007-2 d1_0341360009-1 d2_0304490005-2 p1_0417500011-1 p4_0436090013-1 d4_0436090013-4 d1_0417500011-1]
The fitness value before EA: 10.879999999999999
V_1:[] V_2:[d15_0302310004-15 p1_0321200008-1 d1_0321200008-1] V_3:[d16_0312080006-16 p1_0405380010-1 d1_0405380010-1] V_4:[p1_0423290012-1 d1_0423290012-1] V_5:[p1_0341360009-1 p2_0320140007-1 d2_0320140007-2 d1_0341360009-1 d2_0304490005-2 p1_0417500011-1 p4_0436090013-1 d4_0436090013-4 d1_0417500011-1]
The fitness value after EA: 10.879999999999999

Thoi gian thuc hien thuat toan:  4.103389024734497
SUCCESS

2025-11-04 16:09:30,461 [simulate_environment.py | 256] INFO: 2025-11-04 04:40:00, Item 0320140007-1: state = 1 < 2, we can not finish the simulation
2025-11-04 16:09:30,462 [simulate_environment.py | 99] INFO: **************************************************
2025-11-04 16:09:30,462 [simulate_environment.py | 103] INFO: cur time: 2025-11-04 04:50:00, pre time: 2025-11-04 04:40:00
2025-11-04 16:09:30,462 [simulate_environment.py | 140] INFO: Start to update the input of 2025-11-04 04:50:00
2025-11-04 16:09:30,462 [simulate_environment.py | 167] INFO: Get 11 unallocated order items, 33 ongoing order items, 11 completed order items
2025-11-04 16:09:32,480 [simulate_environment.py | 234] INFO: 
LS: PDPairExchange | Count: 0 | TotalTime:0.001s | Cost:10.88
LS: mPDG | Count: 0 | TotalTime:0.002s | Cost:10.90
LS: BlockRelocate | Count: 1 | TotalTime:0.003s | Cost:10.90
LS: BlockRelocate | Count: 1 | TotalTime:0.003s | Cost:10.88
LS: BlockExchange | Count: 0 | TotalTime:0.001s | Cost:11.12
LS: BlockExchange | Count: 0 | TotalTime:0.001s | Cost:11.12
LS: BlockRelocate | Count: 1 | TotalTime:0.004s | Cost:10.88
LS: mPDG | Count: 0 | TotalTime:0.003s | Cost:11.12
LS: mPDG | Count: 0 | TotalTime:0.003s | Cost:11.12
LS: PDPairExchange | Count: 0 | TotalTime:0.001s | Cost:11.12
LS: BlockRelocate | Count: 1 | TotalTime:0.002s | Cost:10.88
Generation 1: Best = 10.88, Worst = 11.14, Avg = 11.09, Time: 0.17532968521118164
LS: BlockRelocate | Count: 0 | TotalTime:0.004s | Cost:10.88
LS: BlockRelocate | Count: 0 | TotalTime:0.004s | Cost:10.88
LS: BlockRelocate | Count: 0 | TotalTime:0.004s | Cost:10.88
LS: BlockRelocate | Count: 0 | TotalTime:0.004s | Cost:10.88
LS: mPDG | Count: 0 | TotalTime:0.002s | Cost:10.90
LS: BlockRelocate | Count: 0 | TotalTime:0.004s | Cost:10.90
LS: BlockExchange | Count: 0 | TotalTime:0.001s | Cost:11.12
LS: mPDG | Count: 0 | TotalTime:0.002s | Cost:11.12
LS: mPDG | Count: 0 | TotalTime:0.002s | Cost:11.12
LS: BlockRelocate | Count: 1 | TotalTime:0.000s | Cost:10.88
LS: BlockRelocate | Count: 1 | TotalTime:0.002s | Cost:10.88
Generation 2: Best = 10.88, Worst = 11.12, Avg = 11.07, Time: 0.15289688110351562
LS: BlockExchange | Count: 0 | TotalTime:0.001s | Cost:10.88
LS: BlockRelocate | Count: 0 | TotalTime:0.004s | Cost:10.88
LS: BlockRelocate | Count: 0 | TotalTime:0.004s | Cost:10.88
LS: BlockRelocate | Count: 0 | TotalTime:0.004s | Cost:10.88
LS: BlockRelocate | Count: 0 | TotalTime:0.004s | Cost:10.88
LS: BlockRelocate | Count: 0 | TotalTime:0.003s | Cost:10.88
LS: PDPairExchange | Count: 0 | TotalTime:0.000s | Cost:10.90
LS: BlockRelocate | Count: 0 | TotalTime:0.006s | Cost:10.90
LS: BlockExchange | Count: 0 | TotalTime:0.001s | Cost:11.12
LS: mPDG | Count: 0 | TotalTime:0.002s | Cost:11.12
LS: mPDG | Count: 0 | TotalTime:0.002s | Cost:11.12
Generation 3: Best = 10.88, Worst = 11.12, Avg = 11.07, Time: 0.14377641677856445
LS: PDPairExchange | Count: 0 | TotalTime:0.000s | Cost:10.88
LS: BlockRelocate | Count: 0 | TotalTime:0.004s | Cost:10.88
LS: BlockRelocate | Count: 0 | TotalTime:0.004s | Cost:10.88
LS: BlockRelocate | Count: 0 | TotalTime:0.004s | Cost:10.88
LS: BlockRelocate | Count: 0 | TotalTime:0.004s | Cost:10.88
LS: BlockRelocate | Count: 0 | TotalTime:0.004s | Cost:10.88
LS: BlockRelocate | Count: 0 | TotalTime:0.004s | Cost:10.90
LS: BlockRelocate | Count: 0 | TotalTime:0.004s | Cost:10.90
LS: PDPairExchange | Count: 0 | TotalTime:0.001s | Cost:11.12
LS: BlockExchange | Count: 0 | TotalTime:0.001s | Cost:11.12
LS: BlockRelocate | Count: 1 | TotalTime:0.003s | Cost:10.88
Generation 4: Best = 10.88, Worst = 11.12, Avg = 11.07, Time: 0.1442279815673828
Stopping early due to lack of improvement.
Total runtime: 1.75s (0.0 minutes)
Total GA runtime: 0.62s (0.0 minutes)

The solution initialized by Cheapest Insertion:
V_1:[] V_2:[d15_0302310004-15 p1_0321200008-1 d1_0321200008-1] V_3:[d16_0312080006-16 p1_0405380010-1 d1_0405380010-1] V_4:[p1_0423290012-1 d1_0423290012-1] V_5:[p1_0341360009-1 p2_0320140007-1 d2_0320140007-2 d1_0341360009-1 d2_0304490005-2 p1_0417500011-1 p4_0436090013-1 d4_0436090013-4 d1_0417500011-1]
The fitness value before EA: 10.879999999999999
V_1:[] V_2:[d15_0302310004-15 p1_0321200008-1 d1_0321200008-1] V_3:[d16_0312080006-16 p1_0405380010-1 d1_0405380010-1] V_4:[p1_0423290012-1 d1_0423290012-1] V_5:[p1_0341360009-1 p2_0320140007-1 d2_0320140007-2 d1_0341360009-1 d2_0304490005-2 p1_0417500011-1 p4_0436090013-1 d4_0436090013-4 d1_0417500011-1]
The fitness value after EA: 10.879999999999999

Thoi gian thuc hien thuat toan:  1.7475214004516602
SUCCESS

2025-11-04 16:09:32,482 [simulate_environment.py | 256] INFO: 2025-11-04 04:50:00, Item 0320140007-1: state = 1 < 2, we can not finish the simulation
2025-11-04 16:09:32,482 [simulate_environment.py | 99] INFO: **************************************************
2025-11-04 16:09:32,482 [simulate_environment.py | 103] INFO: cur time: 2025-11-04 05:00:00, pre time: 2025-11-04 04:50:00
2025-11-04 16:09:32,483 [simulate_environment.py | 140] INFO: Start to update the input of 2025-11-04 05:00:00
2025-11-04 16:09:32,483 [simulate_environment.py | 167] INFO: Get 10 unallocated order items, 34 ongoing order items, 11 completed order items
2025-11-04 16:09:34,147 [simulate_environment.py | 234] INFO: 
LS: PDPairExchange | Count: 0 | TotalTime:0.000s | Cost:9.40
LS: PDPairExchange | Count: 0 | TotalTime:0.001s | Cost:9.60
LS: BlockExchange | Count: 0 | TotalTime:0.001s | Cost:9.60
LS: BlockRelocate | Count: 1 | TotalTime:0.001s | Cost:9.46
LS: BlockRelocate | Count: 1 | TotalTime:0.001s | Cost:9.40
LS: mPDG | Count: 0 | TotalTime:0.002s | Cost:9.64
LS: mPDG | Count: 0 | TotalTime:0.002s | Cost:9.64
LS: mPDG | Count: 0 | TotalTime:0.002s | Cost:9.64
LS: PDPairExchange | Count: 0 | TotalTime:0.001s | Cost:9.64
LS: BlockRelocate | Count: 1 | TotalTime:0.002s | Cost:9.40
LS: PDPairExchange | Count: 0 | TotalTime:0.001s | Cost:9.64
Generation 1: Best = 9.40, Worst = 17.16, Avg = 10.74, Time: 0.11594080924987793
LS: PDPairExchange | Count: 0 | TotalTime:0.001s | Cost:9.40
LS: BlockRelocate | Count: 0 | TotalTime:0.004s | Cost:9.40
LS: BlockRelocate | Count: 0 | TotalTime:0.003s | Cost:9.40
LS: BlockRelocate | Count: 1 | TotalTime:0.004s | Cost:9.40
LS: BlockExchange | Count: 0 | TotalTime:0.001s | Cost:9.60
LS: PDPairExchange | Count: 0 | TotalTime:0.001s | Cost:9.60
LS: BlockExchange | Count: 0 | TotalTime:0.001s | Cost:9.64
LS: PDPairExchange | Count: 0 | TotalTime:0.001s | Cost:9.64
LS: mPDG | Count: 0 | TotalTime:0.004s | Cost:9.64
LS: mPDG | Count: 0 | TotalTime:0.003s | Cost:9.64
LS: BlockExchange | Count: 0 | TotalTime:0.001s | Cost:9.64
Generation 2: Best = 9.40, Worst = 9.64, Avg = 9.61, Time: 0.14133358001708984
LS: BlockExchange | Count: 0 | TotalTime:0.001s | Cost:9.40
LS: BlockRelocate | Count: 0 | TotalTime:0.005s | Cost:9.40
LS: BlockRelocate | Count: 0 | TotalTime:0.004s | Cost:9.40
LS: BlockRelocate | Count: 0 | TotalTime:0.003s | Cost:9.40
LS: mPDG | Count: 0 | TotalTime:0.002s | Cost:9.60
LS: mPDG | Count: 1 | TotalTime:0.002s | Cost:9.42
LS: BlockExchange | Count: 0 | TotalTime:0.001s | Cost:9.64
LS: BlockExchange | Count: 0 | TotalTime:0.001s | Cost:9.64
LS: BlockRelocate | Count: 1 | TotalTime:0.003s | Cost:9.40
LS: mPDG | Count: 0 | TotalTime:0.002s | Cost:9.64
LS: BlockExchange | Count: 0 | TotalTime:0.001s | Cost:9.64
Generation 3: Best = 9.40, Worst = 9.64, Avg = 9.60, Time: 0.2020857334136963
LS: mPDG | Count: 0 | TotalTime:0.002s | Cost:9.40
LS: BlockRelocate | Count: 0 | TotalTime:0.004s | Cost:9.40
LS: BlockRelocate | Count: 0 | TotalTime:0.004s | Cost:9.40
LS: BlockRelocate | Count: 0 | TotalTime:0.003s | Cost:9.40
LS: BlockRelocate | Count: 0 | TotalTime:0.003s | Cost:9.40
LS: mPDG | Count: 0 | TotalTime:0.001s | Cost:9.42
LS: BlockRelocate | Count: 1 | TotalTime:0.003s | Cost:9.46
LS: PDPairExchange | Count: 0 | TotalTime:0.001s | Cost:9.64
LS: mPDG | Count: 0 | TotalTime:0.003s | Cost:9.64
LS: BlockExchange | Count: 0 | TotalTime:0.001s | Cost:9.64
LS: mPDG | Count: 0 | TotalTime:0.002s | Cost:9.64
Generation 4: Best = 9.40, Worst = 9.64, Avg = 9.60, Time: 0.14531826972961426
Stopping early due to lack of improvement.
Total runtime: 1.35s (0.0 minutes)
Total GA runtime: 0.61s (0.0 minutes)

The solution initialized by Cheapest Insertion:
V_1:[] V_2:[d15_0302310004-15 p1_0321200008-1 d1_0321200008-1] V_3:[d16_0312080006-16 p1_0405380010-1 d1_0405380010-1] V_4:[d1_0423290012-1] V_5:[p1_0341360009-1 p2_0320140007-1 d2_0320140007-2 d1_0341360009-1 d2_0304490005-2 p1_0417500011-1 p4_0436090013-1 d4_0436090013-4 d1_0417500011-1]
The fitness value before EA: 9.399999999999999
V_1:[] V_2:[d15_0302310004-15 p1_0321200008-1 d1_0321200008-1] V_3:[d16_0312080006-16 p1_0405380010-1 d1_0405380010-1] V_4:[d1_0423290012-1] V_5:[p1_0341360009-1 p2_0320140007-1 d2_0320140007-2 d1_0341360009-1 d2_0304490005-2 p1_0417500011-1 p4_0436090013-1 d4_0436090013-4 d1_0417500011-1]
The fitness value after EA: 9.399999999999999

Thoi gian thuc hien thuat toan:  1.3513190746307373
SUCCESS

2025-11-04 16:09:34,149 [simulate_environment.py | 256] INFO: 2025-11-04 05:00:00, Item 0320140007-1: state = 1 < 2, we can not finish the simulation
2025-11-04 16:09:34,149 [simulate_environment.py | 99] INFO: **************************************************
2025-11-04 16:09:34,149 [simulate_environment.py | 103] INFO: cur time: 2025-11-04 05:10:00, pre time: 2025-11-04 05:00:00
2025-11-04 16:09:34,149 [simulate_environment.py | 140] INFO: Start to update the input of 2025-11-04 05:10:00
2025-11-04 16:09:34,150 [simulate_environment.py | 167] INFO: Get 10 unallocated order items, 34 ongoing order items, 11 completed order items
2025-11-04 16:09:35,828 [simulate_environment.py | 234] INFO: 
LS: PDPairExchange | Count: 0 | TotalTime:0.000s | Cost:5.94
LS: BlockExchange | Count: 0 | TotalTime:0.000s | Cost:6.02
LS: mPDG | Count: 0 | TotalTime:0.002s | Cost:6.14
LS: BlockExchange | Count: 1 | TotalTime:0.000s | Cost:6.14
LS: BlockExchange | Count: 0 | TotalTime:0.000s | Cost:6.18
LS: PDPairExchange | Count: 0 | TotalTime:0.000s | Cost:6.18
LS: BlockExchange | Count: 0 | TotalTime:0.000s | Cost:6.18
LS: BlockExchange | Count: 0 | TotalTime:0.000s | Cost:6.18
LS: BlockRelocate | Count: 1 | TotalTime:0.003s | Cost:5.94
LS: PDPairExchange | Count: 0 | TotalTime:0.001s | Cost:6.18
LS: BlockRelocate | Count: 1 | TotalTime:0.003s | Cost:5.94
Generation 1: Best = 5.94, Worst = 6.20, Avg = 6.16, Time: 0.12703680992126465
LS: PDPairExchange | Count: 0 | TotalTime:0.000s | Cost:5.94
LS: BlockRelocate | Count: 0 | TotalTime:0.003s | Cost:5.94
LS: BlockRelocate | Count: 0 | TotalTime:0.003s | Cost:5.94
LS: PDPairExchange | Count: 0 | TotalTime:0.000s | Cost:6.02
LS: BlockExchange | Count: 0 | TotalTime:0.001s | Cost:6.14
LS: BlockExchange | Count: 0 | TotalTime:0.001s | Cost:6.14
LS: BlockExchange | Count: 0 | TotalTime:0.000s | Cost:6.18
LS: mPDG | Count: 0 | TotalTime:0.002s | Cost:6.18
LS: mPDG | Count: 0 | TotalTime:0.002s | Cost:6.18
LS: PDPairExchange | Count: 0 | TotalTime:0.000s | Cost:6.18
LS: mPDG | Count: 0 | TotalTime:0.002s | Cost:6.18
Generation 2: Best = 5.94, Worst = 6.18, Avg = 6.16, Time: 0.11333775520324707
LS: mPDG | Count: 0 | TotalTime:0.002s | Cost:5.94
LS: BlockRelocate | Count: 0 | TotalTime:0.003s | Cost:5.94
LS: BlockRelocate | Count: 0 | TotalTime:0.003s | Cost:5.94
LS: mPDG | Count: 0 | TotalTime:0.001s | Cost:6.02
LS: PDPairExchange | Count: 0 | TotalTime:0.001s | Cost:6.14
LS: BlockExchange | Count: 0 | TotalTime:0.001s | Cost:6.14
LS: mPDG | Count: 0 | TotalTime:0.002s | Cost:6.18
LS: BlockRelocate | Count: 1 | TotalTime:0.001s | Cost:5.94
LS: BlockExchange | Count: 0 | TotalTime:0.000s | Cost:6.18
LS: PDPairExchange | Count: 0 | TotalTime:0.001s | Cost:6.18
LS: BlockExchange | Count: 0 | TotalTime:0.000s | Cost:6.18
Generation 3: Best = 5.94, Worst = 6.18, Avg = 6.15, Time: 0.10845780372619629
LS: BlockExchange | Count: 0 | TotalTime:0.001s | Cost:5.94
LS: BlockRelocate | Count: 0 | TotalTime:0.003s | Cost:5.94
LS: BlockRelocate | Count: 0 | TotalTime:0.003s | Cost:5.94
LS: BlockRelocate | Count: 0 | TotalTime:0.003s | Cost:5.94
LS: BlockExchange | Count: 0 | TotalTime:0.000s | Cost:6.02
LS: mPDG | Count: 0 | TotalTime:0.002s | Cost:6.14
LS: BlockExchange | Count: 0 | TotalTime:0.001s | Cost:6.14
LS: mPDG | Count: 0 | TotalTime:0.002s | Cost:6.18
LS: PDPairExchange | Count: 0 | TotalTime:0.001s | Cost:6.18
LS: PDPairExchange | Count: 0 | TotalTime:0.001s | Cost:6.18
LS: PDPairExchange | Count: 0 | TotalTime:0.001s | Cost:6.18
Generation 4: Best = 5.94, Worst = 6.18, Avg = 6.15, Time: 0.11534643173217773
Stopping early due to lack of improvement.
Total runtime: 1.39s (0.0 minutes)
Total GA runtime: 0.46s (0.0 minutes)

The solution initialized by Cheapest Insertion:
V_1:[] V_2:[d15_0302310004-15 p1_0321200008-1 d1_0321200008-1] V_3:[d16_0312080006-16 p1_0405380010-1 d1_0405380010-1] V_4:[d1_0423290012-1] V_5:[p1_0341360009-1 p2_0320140007-1 d2_0320140007-2 d1_0341360009-1 d2_0304490005-2 p1_0417500011-1 p4_0436090013-1 d4_0436090013-4 d1_0417500011-1]
The fitness value before EA: 5.940000000000001
V_1:[] V_2:[d15_0302310004-15 p1_0321200008-1 d1_0321200008-1] V_3:[d16_0312080006-16 p1_0405380010-1 d1_0405380010-1] V_4:[d1_0423290012-1] V_5:[p1_0341360009-1 p2_0320140007-1 d2_0320140007-2 d1_0341360009-1 d2_0304490005-2 p1_0417500011-1 p4_0436090013-1 d4_0436090013-4 d1_0417500011-1]
The fitness value after EA: 5.940000000000001

Thoi gian thuc hien thuat toan:  1.3941864967346191
SUCCESS

2025-11-04 16:09:35,830 [simulate_environment.py | 256] INFO: 2025-11-04 05:10:00, Item 0320140007-1: state = 1 < 2, we can not finish the simulation
2025-11-04 16:09:35,830 [simulate_environment.py | 99] INFO: **************************************************
2025-11-04 16:09:35,830 [simulate_environment.py | 103] INFO: cur time: 2025-11-04 05:20:00, pre time: 2025-11-04 05:10:00
2025-11-04 16:09:35,830 [simulate_environment.py | 140] INFO: Start to update the input of 2025-11-04 05:20:00
2025-11-04 16:09:35,831 [simulate_environment.py | 167] INFO: Get 7 unallocated order items, 22 ongoing order items, 26 completed order items
2025-11-04 16:09:37,042 [simulate_environment.py | 234] INFO: 
LS: mPDG | Count: 0 | TotalTime:0.001s | Cost:5.88
LS: BlockExchange | Count: 0 | TotalTime:0.000s | Cost:5.88
LS: BlockRelocate | Count: 0 | TotalTime:0.001s | Cost:5.88
LS: BlockExchange | Count: 0 | TotalTime:0.000s | Cost:5.88
LS: BlockRelocate | Count: 0 | TotalTime:0.001s | Cost:5.88
LS: mPDG | Count: 0 | TotalTime:0.001s | Cost:5.88
LS: BlockRelocate | Count: 0 | TotalTime:0.001s | Cost:5.88
LS: BlockExchange | Count: 0 | TotalTime:0.000s | Cost:5.88
LS: BlockExchange | Count: 0 | TotalTime:0.000s | Cost:5.88
LS: PDPairExchange | Count: 0 | TotalTime:0.000s | Cost:5.88
LS: BlockExchange | Count: 0 | TotalTime:0.000s | Cost:5.88
Generation 1: Best = 5.88, Worst = 5.88, Avg = 5.88, Time: 0.07017755508422852
Stopping early due to lack of improvement.
Total runtime: 0.92s (0.0 minutes)
Total GA runtime: 0.07s (0.0 minutes)

The solution initialized by Cheapest Insertion:
V_1:[] V_2:[p1_0321200008-1 d1_0321200008-1] V_3:[d16_0312080006-16 p1_0405380010-1 d1_0405380010-1] V_4:[d1_0423290012-1] V_5:[d2_0320140007-2 d1_0341360009-1 d2_0304490005-2 p1_0417500011-1 p4_0436090013-1 d4_0436090013-4 d1_0417500011-1]
The fitness value before EA: 5.880000000000001
V_1:[] V_2:[p1_0321200008-1 d1_0321200008-1] V_3:[d16_0312080006-16 p1_0405380010-1 d1_0405380010-1] V_4:[d1_0423290012-1] V_5:[d2_0320140007-2 d1_0341360009-1 d2_0304490005-2 p1_0417500011-1 p4_0436090013-1 d4_0436090013-4 d1_0417500011-1]
The fitness value after EA: 5.880000000000001

Thoi gian thuc hien thuat toan:  0.9164712429046631
SUCCESS

2025-11-04 16:09:37,043 [simulate_environment.py | 256] INFO: 2025-11-04 05:20:00, Item 0321200008-1: state = 1 < 2, we can not finish the simulation
2025-11-04 16:09:37,043 [simulate_environment.py | 99] INFO: **************************************************
2025-11-04 16:09:37,043 [simulate_environment.py | 103] INFO: cur time: 2025-11-04 05:30:00, pre time: 2025-11-04 05:20:00
2025-11-04 16:09:37,044 [simulate_environment.py | 140] INFO: Start to update the input of 2025-11-04 05:30:00
2025-11-04 16:09:37,044 [simulate_environment.py | 167] INFO: Get 7 unallocated order items, 22 ongoing order items, 26 completed order items
2025-11-04 16:09:38,135 [simulate_environment.py | 234] INFO: 
LS: BlockExchange | Count: 0 | TotalTime:0.000s | Cost:4.40
LS: mPDG | Count: 0 | TotalTime:0.001s | Cost:4.40
LS: PDPairExchange | Count: 0 | TotalTime:0.000s | Cost:4.40
LS: BlockRelocate | Count: 0 | TotalTime:0.001s | Cost:4.40
LS: mPDG | Count: 0 | TotalTime:0.001s | Cost:4.40
LS: BlockRelocate | Count: 0 | TotalTime:0.001s | Cost:4.40
LS: mPDG | Count: 0 | TotalTime:0.001s | Cost:4.40
LS: BlockRelocate | Count: 0 | TotalTime:0.001s | Cost:4.40
LS: mPDG | Count: 0 | TotalTime:0.001s | Cost:4.40
LS: BlockExchange | Count: 0 | TotalTime:0.000s | Cost:4.40
LS: BlockExchange | Count: 0 | TotalTime:0.000s | Cost:4.40
Generation 1: Best = 4.40, Worst = 4.40, Avg = 4.40, Time: 0.06853270530700684
Stopping early due to lack of improvement.
Total runtime: 0.80s (0.0 minutes)
Total GA runtime: 0.07s (0.0 minutes)

The solution initialized by Cheapest Insertion:
V_1:[] V_2:[p1_0321200008-1 d1_0321200008-1] V_3:[d16_0312080006-16 p1_0405380010-1 d1_0405380010-1] V_4:[d1_0423290012-1] V_5:[d2_0320140007-2 d1_0341360009-1 d2_0304490005-2 p1_0417500011-1 p4_0436090013-1 d4_0436090013-4 d1_0417500011-1]
The fitness value before EA: 4.4
V_1:[] V_2:[p1_0321200008-1 d1_0321200008-1] V_3:[d16_0312080006-16 p1_0405380010-1 d1_0405380010-1] V_4:[d1_0423290012-1] V_5:[d2_0320140007-2 d1_0341360009-1 d2_0304490005-2 p1_0417500011-1 p4_0436090013-1 d4_0436090013-4 d1_0417500011-1]
The fitness value after EA: 4.4

Thoi gian thuc hien thuat toan:  0.8046326637268066
SUCCESS

2025-11-04 16:09:38,136 [simulate_environment.py | 256] INFO: 2025-11-04 05:30:00, Item 0321200008-1: state = 1 < 2, we can not finish the simulation
2025-11-04 16:09:38,136 [simulate_environment.py | 99] INFO: **************************************************
2025-11-04 16:09:38,136 [simulate_environment.py | 103] INFO: cur time: 2025-11-04 05:40:00, pre time: 2025-11-04 05:30:00
2025-11-04 16:09:38,136 [simulate_environment.py | 140] INFO: Start to update the input of 2025-11-04 05:40:00
2025-11-04 16:09:38,137 [simulate_environment.py | 167] INFO: Get 10 unallocated order items, 22 ongoing order items, 26 completed order items
2025-11-04 16:09:39,924 [simulate_environment.py | 234] INFO: 
LS: PDPairExchange | Count: 0 | TotalTime:0.001s | Cost:7.36
LS: BlockExchange | Count: 0 | TotalTime:0.001s | Cost:10.32
LS: mPDG | Count: 1 | TotalTime:0.002s | Cost:7.36
LS: PDPairExchange | Count: 0 | TotalTime:0.001s | Cost:10.32
LS: BlockExchange | Count: 0 | TotalTime:0.001s | Cost:10.32
LS: BlockRelocate | Count: 1 | TotalTime:0.001s | Cost:7.36
LS: BlockRelocate | Count: 1 | TotalTime:0.002s | Cost:7.36
LS: PDPairExchange | Count: 0 | TotalTime:0.001s | Cost:10.32
LS: BlockExchange | Count: 0 | TotalTime:0.001s | Cost:10.32
LS: BlockExchange | Count: 0 | TotalTime:0.001s | Cost:10.32
LS: BlockExchange | Count: 0 | TotalTime:0.001s | Cost:10.32
Generation 1: Best = 7.36, Worst = 11.02, Avg = 10.25, Time: 0.18386173248291016
LS: PDPairExchange | Count: 0 | TotalTime:0.001s | Cost:7.36
LS: mPDG | Count: 0 | TotalTime:0.003s | Cost:7.36
LS: BlockRelocate | Count: 0 | TotalTime:0.004s | Cost:7.36
LS: BlockRelocate | Count: 0 | TotalTime:0.005s | Cost:7.36
LS: PDPairExchange | Count: 0 | TotalTime:0.001s | Cost:10.32
LS: BlockExchange | Count: 0 | TotalTime:0.001s | Cost:10.32
LS: PDPairExchange | Count: 0 | TotalTime:0.001s | Cost:10.32
LS: mPDG | Count: 1 | TotalTime:0.002s | Cost:7.36
LS: PDPairExchange | Count: 0 | TotalTime:0.001s | Cost:10.32
LS: mPDG | Count: 1 | TotalTime:0.002s | Cost:7.36
LS: mPDG | Count: 1 | TotalTime:0.002s | Cost:7.36
Generation 2: Best = 7.36, Worst = 10.32, Avg = 9.80, Time: 0.14519071578979492
LS: BlockRelocate | Count: 0 | TotalTime:0.007s | Cost:7.36
LS: mPDG | Count: 0 | TotalTime:0.004s | Cost:7.36
LS: BlockRelocate | Count: 0 | TotalTime:0.004s | Cost:7.36
LS: BlockRelocate | Count: 0 | TotalTime:0.004s | Cost:7.36
LS: mPDG | Count: 0 | TotalTime:0.002s | Cost:7.36
LS: mPDG | Count: 0 | TotalTime:0.003s | Cost:7.36
LS: mPDG | Count: 0 | TotalTime:0.002s | Cost:7.36
LS: BlockExchange | Count: 0 | TotalTime:0.001s | Cost:10.32
LS: BlockRelocate | Count: 1 | TotalTime:0.003s | Cost:7.36
LS: BlockExchange | Count: 0 | TotalTime:0.001s | Cost:10.32
LS: BlockRelocate | Count: 1 | TotalTime:0.000s | Cost:7.36
Generation 3: Best = 7.36, Worst = 10.32, Avg = 9.65, Time: 0.14991211891174316
LS: BlockExchange | Count: 0 | TotalTime:0.001s | Cost:7.36
LS: mPDG | Count: 0 | TotalTime:0.002s | Cost:7.36
LS: BlockRelocate | Count: 0 | TotalTime:0.005s | Cost:7.36
LS: BlockRelocate | Count: 0 | TotalTime:0.005s | Cost:7.36
LS: mPDG | Count: 0 | TotalTime:0.002s | Cost:7.36
LS: mPDG | Count: 0 | TotalTime:0.002s | Cost:7.36
LS: mPDG | Count: 0 | TotalTime:0.002s | Cost:7.36
LS: BlockRelocate | Count: 0 | TotalTime:0.005s | Cost:7.36
LS: BlockRelocate | Count: 0 | TotalTime:0.005s | Cost:7.36
LS: BlockExchange | Count: 0 | TotalTime:0.001s | Cost:10.32
LS: mPDG | Count: 1 | TotalTime:0.002s | Cost:7.36
Generation 4: Best = 7.36, Worst = 10.32, Avg = 9.58, Time: 0.12325406074523926
Stopping early due to lack of improvement.
Total runtime: 1.43s (0.0 minutes)
Total GA runtime: 0.60s (0.0 minutes)

The solution initialized by Cheapest Insertion:
V_1:[] V_2:[p1_0321200008-1 d1_0321200008-1] V_3:[d16_0312080006-16 p1_0405380010-1 d1_0405380010-1] V_4:[d1_0423290012-1 p1_0531500014-1 p1_0531570015-1 d1_0531570015-1 d1_0531500014-1] V_5:[d2_0320140007-2 d1_0341360009-1 d2_0304490005-2 p1_0537230016-1 p1_0417500011-1 p4_0436090013-1 d4_0436090013-4 d1_0417500011-1 d1_0537230016-1]
The fitness value before EA: 7.359999999999999
V_1:[] V_2:[p1_0321200008-1 d1_0321200008-1] V_3:[d16_0312080006-16 p1_0405380010-1 d1_0405380010-1] V_4:[d1_0423290012-1 p1_0531500014-1 p1_0531570015-1 d1_0531570015-1 d1_0531500014-1] V_5:[d2_0320140007-2 d1_0341360009-1 d2_0304490005-2 p1_0537230016-1 p1_0417500011-1 p4_0436090013-1 d4_0436090013-4 d1_0417500011-1 d1_0537230016-1]
The fitness value after EA: 7.359999999999999

Thoi gian thuc hien thuat toan:  1.4279117584228516
SUCCESS

2025-11-04 16:09:39,925 [simulate_environment.py | 256] INFO: 2025-11-04 05:40:00, Item 0321200008-1: state = 1 < 2, we can not finish the simulation
2025-11-04 16:09:39,926 [simulate_environment.py | 99] INFO: **************************************************
2025-11-04 16:09:39,926 [simulate_environment.py | 103] INFO: cur time: 2025-11-04 05:50:00, pre time: 2025-11-04 05:40:00
2025-11-04 16:09:39,926 [simulate_environment.py | 140] INFO: Start to update the input of 2025-11-04 05:50:00
2025-11-04 16:09:39,927 [simulate_environment.py | 167] INFO: Get 32 unallocated order items, 6 ongoing order items, 43 completed order items
2025-11-04 16:09:41,669 [simulate_environment.py | 234] INFO: 
LS: mPDG | Count: 1 | TotalTime:0.004s | Cost:18.36
LS: BlockExchange | Count: 1 | TotalTime:0.001s | Cost:24.78
LS: PDPairExchange | Count: 1 | TotalTime:0.001s | Cost:24.78
LS: PDPairExchange | Count: 1 | TotalTime:0.000s | Cost:24.78
LS: BlockExchange | Count: 1 | TotalTime:0.001s | Cost:24.78
LS: mPDG | Count: 1 | TotalTime:0.002s | Cost:21.66
LS: PDPairExchange | Count: 1 | TotalTime:0.000s | Cost:588.03
LS: BlockRelocate | Count: 1 | TotalTime:0.000s | Cost:3871.68
LS: PDPairExchange | Count: 0 | TotalTime:0.001s | Cost:3874.50
LS: BlockExchange | Count: 0 | TotalTime:0.001s | Cost:3874.50
LS: BlockExchange | Count: 0 | TotalTime:0.001s | Cost:3874.50
Generation 1: Best = 18.36, Worst = 3877.18, Avg = 3214.69, Time: 0.13832664489746094
LS: mPDG | Count: 0 | TotalTime:0.003s | Cost:18.36
LS: mPDG | Count: 0 | TotalTime:0.004s | Cost:21.66
LS: BlockRelocate | Count: 1 | TotalTime:0.001s | Cost:21.72
LS: PDPairExchange | Count: 1 | TotalTime:0.000s | Cost:24.18
LS: BlockExchange | Count: 0 | TotalTime:0.001s | Cost:24.30
LS: PDPairExchange | Count: 1 | TotalTime:0.001s | Cost:24.18
LS: BlockExchange | Count: 0 | TotalTime:0.001s | Cost:24.30
LS: PDPairExchange | Count: 1 | TotalTime:0.001s | Cost:24.18
LS: PDPairExchange | Count: 1 | TotalTime:0.001s | Cost:24.18
LS: BlockRelocate | Count: 1 | TotalTime:0.002s | Cost:21.72
LS: PDPairExchange | Count: 1 | TotalTime:0.001s | Cost:24.18
Generation 2: Best = 18.36, Worst = 24.78, Avg = 23.99, Time: 0.11594676971435547
LS: mPDG | Count: 0 | TotalTime:0.003s | Cost:18.36
LS: mPDG | Count: 0 | TotalTime:0.004s | Cost:21.66
LS: BlockRelocate | Count: 1 | TotalTime:0.001s | Cost:21.60
LS: BlockRelocate | Count: 1 | TotalTime:0.003s | Cost:18.48
LS: PDPairExchange | Count: 0 | TotalTime:0.001s | Cost:24.18
LS: PDPairExchange | Count: 0 | TotalTime:0.001s | Cost:24.18
LS: PDPairExchange | Count: 0 | TotalTime:0.001s | Cost:24.18
LS: PDPairExchange | Count: 0 | TotalTime:0.001s | Cost:24.18
LS: PDPairExchange | Count: 0 | TotalTime:0.001s | Cost:24.18
LS: mPDG | Count: 0 | TotalTime:0.004s | Cost:24.30
LS: BlockRelocate | Count: 1 | TotalTime:0.006s | Cost:24.18
Generation 3: Best = 18.36, Worst = 24.30, Avg = 23.85, Time: 0.12713122367858887
LS: mPDG | Count: 0 | TotalTime:0.003s | Cost:18.36
LS: BlockRelocate | Count: 0 | TotalTime:0.006s | Cost:18.48
LS: PDPairExchange | Count: 0 | TotalTime:0.001s | Cost:21.34
LS: PDPairExchange | Count: 0 | TotalTime:0.001s | Cost:21.34
LS: BlockExchange | Count: 0 | TotalTime:0.001s | Cost:21.34
LS: BlockExchange | Count: 0 | TotalTime:0.001s | Cost:21.34
LS: PDPairExchange | Count: 0 | TotalTime:0.001s | Cost:21.34
LS: BlockRelocate | Count: 1 | TotalTime:0.001s | Cost:18.48
LS: BlockExchange | Count: 0 | TotalTime:0.001s | Cost:21.34
LS: BlockExchange | Count: 0 | TotalTime:0.001s | Cost:21.34
LS: mPDG | Count: 0 | TotalTime:0.004s | Cost:21.34
Generation 4: Best = 18.36, Worst = 21.60, Avg = 21.13, Time: 0.11030030250549316
LS: mPDG | Count: 0 | TotalTime:0.003s | Cost:18.36
LS: BlockRelocate | Count: 0 | TotalTime:0.006s | Cost:18.48
LS: BlockRelocate | Count: 0 | TotalTime:0.006s | Cost:18.48
LS: PDPairExchange | Count: 0 | TotalTime:0.001s | Cost:21.34
LS: PDPairExchange | Count: 0 | TotalTime:0.001s | Cost:21.34
LS: mPDG | Count: 0 | TotalTime:0.004s | Cost:21.34
LS: BlockExchange | Count: 0 | TotalTime:0.001s | Cost:21.34
LS: PDPairExchange | Count: 0 | TotalTime:0.001s | Cost:21.34
LS: BlockRelocate | Count: 1 | TotalTime:0.000s | Cost:21.22
LS: BlockExchange | Count: 0 | TotalTime:0.001s | Cost:21.34
LS: BlockRelocate | Count: 1 | TotalTime:0.003s | Cost:18.48
Generation 5: Best = 18.36, Worst = 21.34, Avg = 21.05, Time: 0.10886168479919434
Stopping early due to lack of improvement.
Total runtime: 1.42s (0.0 minutes)
Total GA runtime: 0.60s (0.0 minutes)

The solution initialized by Cheapest Insertion:
V_1:[p19_0549590018-1 d19_0549590018-19] V_2:[p1_0321200008-1 d1_0321200008-1] V_3:[d1_0405380010-1] V_4:[p1_0531500014-1 p1_0531570015-1 p1_0548000017-1 p3_0549590018-20 d3_0549590018-22 d1_0548000017-1 d1_0531570015-1 d1_0531500014-1] V_5:[d2_0320140007-2 d1_0341360009-1 d2_0304490005-2 p1_0537230016-1 p1_0417500011-1 p4_0436090013-1 d4_0436090013-4 d1_0417500011-1 d1_0537230016-1]
The fitness value before EA: 18.480000000000004
V_1:[p19_0549590018-1 d19_0549590018-19] V_2:[p1_0321200008-1 d1_0321200008-1] V_3:[d1_0405380010-1] V_4:[p1_0531500014-1 p1_0531570015-1 p3_0549590018-20 p1_0548000017-1 d1_0548000017-1 d3_0549590018-22 d1_0531570015-1 d1_0531500014-1] V_5:[d2_0320140007-2 d1_0341360009-1 d2_0304490005-2 p1_0537230016-1 p1_0417500011-1 p4_0436090013-1 d4_0436090013-4 d1_0417500011-1 d1_0537230016-1]
The fitness value after EA: 18.360000000000003

Thoi gian thuc hien thuat toan:  1.4230926036834717
SUCCESS

2025-11-04 16:09:41,670 [simulate_environment.py | 256] INFO: 2025-11-04 05:50:00, Item 0321200008-1: state = 1 < 2, we can not finish the simulation
2025-11-04 16:09:41,670 [simulate_environment.py | 99] INFO: **************************************************
2025-11-04 16:09:41,670 [simulate_environment.py | 103] INFO: cur time: 2025-11-04 06:00:00, pre time: 2025-11-04 05:50:00
2025-11-04 16:09:41,670 [simulate_environment.py | 140] INFO: Start to update the input of 2025-11-04 06:00:00
2025-11-04 16:09:41,671 [simulate_environment.py | 167] INFO: Get 32 unallocated order items, 2 ongoing order items, 48 completed order items
2025-11-04 16:09:43,127 [simulate_environment.py | 234] INFO: 
LS: PDPairExchange | Count: 0 | TotalTime:0.000s | Cost:9.30
LS: mPDG | Count: 1 | TotalTime:0.002s | Cost:9.30
LS: BlockExchange | Count: 1 | TotalTime:0.000s | Cost:12.44
LS: BlockExchange | Count: 1 | TotalTime:0.000s | Cost:12.36
LS: BlockExchange | Count: 0 | TotalTime:0.000s | Cost:15.24
LS: BlockExchange | Count: 0 | TotalTime:0.000s | Cost:15.46
LS: PDPairExchange | Count: 1 | TotalTime:0.000s | Cost:1376.73
LS: PDPairExchange | Count: 1 | TotalTime:0.000s | Cost:9.58
LS: mPDG | Count: 1 | TotalTime:0.002s | Cost:8443.05
LS: mPDG | Count: 1 | TotalTime:0.002s | Cost:18.64
LS: BlockExchange | Count: 1 | TotalTime:0.000s | Cost:4285.49
Generation 1: Best = 9.30, Worst = 8796.60, Avg = 6732.72, Time: 0.10988903045654297
LS: mPDG | Count: 0 | TotalTime:0.002s | Cost:9.30
LS: mPDG | Count: 0 | TotalTime:0.002s | Cost:9.30
LS: PDPairExchange | Count: 0 | TotalTime:0.000s | Cost:9.58
LS: BlockExchange | Count: 0 | TotalTime:0.000s | Cost:12.36
LS: BlockExchange | Count: 0 | TotalTime:0.000s | Cost:12.44
LS: PDPairExchange | Count: 0 | TotalTime:0.000s | Cost:15.24
LS: mPDG | Count: 1 | TotalTime:0.001s | Cost:12.36
LS: mPDG | Count: 1 | TotalTime:0.001s | Cost:16.06
LS: PDPairExchange | Count: 1 | TotalTime:0.000s | Cost:15.24
LS: BlockExchange | Count: 0 | TotalTime:0.001s | Cost:4285.49
LS: mPDG | Count: 1 | TotalTime:0.001s | Cost:9.52
Generation 2: Best = 9.30, Worst = 8796.60, Avg = 6487.71, Time: 0.11818504333496094
LS: BlockExchange | Count: 0 | TotalTime:0.000s | Cost:9.30
LS: mPDG | Count: 0 | TotalTime:0.002s | Cost:9.30
LS: mPDG | Count: 0 | TotalTime:0.001s | Cost:9.52
LS: PDPairExchange | Count: 0 | TotalTime:0.000s | Cost:9.58
LS: BlockExchange | Count: 0 | TotalTime:0.000s | Cost:12.36
LS: mPDG | Count: 1 | TotalTime:0.001s | Cost:9.30
LS: BlockExchange | Count: 0 | TotalTime:0.000s | Cost:12.44
LS: BlockExchange | Count: 0 | TotalTime:0.000s | Cost:15.24
LS: PDPairExchange | Count: 0 | TotalTime:0.000s | Cost:15.24
LS: mPDG | Count: 1 | TotalTime:0.001s | Cost:12.76
LS: BlockExchange | Count: 0 | TotalTime:0.001s | Cost:4285.49
Generation 3: Best = 9.30, Worst = 8796.60, Avg = 6487.55, Time: 0.12294721603393555
LS: mPDG | Count: 0 | TotalTime:0.001s | Cost:9.30
LS: mPDG | Count: 0 | TotalTime:0.001s | Cost:9.30
LS: mPDG | Count: 0 | TotalTime:0.001s | Cost:9.30
LS: mPDG | Count: 0 | TotalTime:0.001s | Cost:9.52
LS: PDPairExchange | Count: 0 | TotalTime:0.000s | Cost:9.58
LS: BlockExchange | Count: 0 | TotalTime:0.000s | Cost:12.36
LS: BlockExchange | Count: 0 | TotalTime:0.000s | Cost:12.44
LS: mPDG | Count: 1 | TotalTime:0.001s | Cost:9.52
LS: BlockRelocate | Count: 1 | TotalTime:0.001s | Cost:12.20
LS: PDPairExchange | Count: 0 | TotalTime:0.000s | Cost:15.24
LS: BlockExchange | Count: 0 | TotalTime:0.001s | Cost:4285.49
Generation 4: Best = 9.30, Worst = 8796.60, Avg = 6487.39, Time: 0.11776280403137207
Stopping early due to lack of improvement.
Total runtime: 1.19s (0.0 minutes)
Total GA runtime: 0.47s (0.0 minutes)

The solution initialized by Cheapest Insertion:
V_1:[p19_0549590018-1 d19_0549590018-19] V_2:[p1_0321200008-1 d1_0321200008-1] V_3:[d1_0405380010-1] V_4:[p1_0531500014-1 p1_0531570015-1 p3_0549590018-20 p1_0557370019-1 p1_0548000017-1 d1_0548000017-1 d1_0557370019-1 d3_0549590018-22 d1_0531570015-1 d1_0531500014-1] V_5:[p1_0417500011-1 p4_0436090013-1 d4_0436090013-4 d1_0417500011-1 d1_0537230016-1]
The fitness value before EA: 9.3
V_1:[p19_0549590018-1 d19_0549590018-19] V_2:[p1_0321200008-1 d1_0321200008-1] V_3:[d1_0405380010-1] V_4:[p1_0531500014-1 p1_0531570015-1 p3_0549590018-20 p1_0557370019-1 p1_0548000017-1 d1_0548000017-1 d1_0557370019-1 d3_0549590018-22 d1_0531570015-1 d1_0531500014-1] V_5:[p1_0417500011-1 p4_0436090013-1 d4_0436090013-4 d1_0417500011-1 d1_0537230016-1]
The fitness value after EA: 9.3

Thoi gian thuc hien thuat toan:  1.189511775970459
SUCCESS

2025-11-04 16:09:43,127 [simulate_environment.py | 256] INFO: 2025-11-04 06:00:00, Item 0321200008-1: state = 1 < 2, we can not finish the simulation
2025-11-04 16:09:43,127 [simulate_environment.py | 99] INFO: **************************************************
2025-11-04 16:09:43,127 [simulate_environment.py | 103] INFO: cur time: 2025-11-04 06:10:00, pre time: 2025-11-04 06:00:00
2025-11-04 16:09:43,127 [simulate_environment.py | 140] INFO: Start to update the input of 2025-11-04 06:10:00
2025-11-04 16:09:43,128 [simulate_environment.py | 167] INFO: Get 36 unallocated order items, 2 ongoing order items, 48 completed order items
2025-11-04 16:09:44,675 [simulate_environment.py | 234] INFO: 
LS: BlockRelocate | Count: 0 | TotalTime:0.005s | Cost:9.48
LS: BlockRelocate | Count: 1 | TotalTime:0.002s | Cost:9.76
LS: mPDG | Count: 1 | TotalTime:0.002s | Cost:9.94
LS: BlockRelocate | Count: 1 | TotalTime:0.001s | Cost:9646.10
LS: PDPairExchange | Count: 0 | TotalTime:0.001s | Cost:11176.51
LS: BlockRelocate | Count: 1 | TotalTime:0.004s | Cost:9787.42
LS: PDPairExchange | Count: 1 | TotalTime:0.000s | Cost:9818.80
LS: BlockExchange | Count: 1 | TotalTime:0.000s | Cost:8251.69
LS: BlockRelocate | Count: 1 | TotalTime:0.001s | Cost:12729.61
LS: mPDG | Count: 1 | TotalTime:0.002s | Cost:18312.26
LS: BlockExchange | Count: 1 | TotalTime:0.000s | Cost:18316.18
Generation 1: Best = 9.48, Worst = 28238.57, Avg = 22913.78, Time: 0.14737248420715332
LS: BlockRelocate | Count: 0 | TotalTime:0.005s | Cost:9.48
LS: BlockRelocate | Count: 0 | TotalTime:0.005s | Cost:9.76
LS: mPDG | Count: 1 | TotalTime:0.002s | Cost:9.48
LS: BlockExchange | Count: 1 | TotalTime:0.000s | Cost:6315.82
LS: BlockRelocate | Count: 1 | TotalTime:0.000s | Cost:15.54
LS: BlockRelocate | Count: 1 | TotalTime:0.003s | Cost:10.26
LS: PDPairExchange | Count: 1 | TotalTime:0.000s | Cost:1385.72
LS: PDPairExchange | Count: 0 | TotalTime:0.001s | Cost:11176.51
LS: BlockRelocate | Count: 1 | TotalTime:0.000s | Cost:11965.62
LS: mPDG | Count: 1 | TotalTime:0.002s | Cost:9.48
LS: BlockExchange | Count: 1 | TotalTime:0.001s | Cost:18316.04
Generation 2: Best = 9.48, Worst = 28238.57, Avg = 21502.47, Time: 0.14694714546203613
LS: mPDG | Count: 0 | TotalTime:0.002s | Cost:9.48
LS: mPDG | Count: 0 | TotalTime:0.002s | Cost:9.48
LS: mPDG | Count: 0 | TotalTime:0.002s | Cost:9.48
LS: BlockRelocate | Count: 0 | TotalTime:0.005s | Cost:9.76
LS: BlockRelocate | Count: 1 | TotalTime:0.002s | Cost:9.80
LS: BlockRelocate | Count: 1 | TotalTime:0.003s | Cost:12.66
LS: PDPairExchange | Count: 1 | TotalTime:0.000s | Cost:1044.06
LS: BlockExchange | Count: 1 | TotalTime:0.000s | Cost:5849.32
LS: mPDG | Count: 1 | TotalTime:0.002s | Cost:8506.88
LS: BlockRelocate | Count: 1 | TotalTime:0.000s | Cost:9082.62
LS: BlockExchange | Count: 1 | TotalTime:0.001s | Cost:16379.93
Generation 3: Best = 9.48, Worst = 28238.57, Avg = 21294.97, Time: 0.1586289405822754
LS: mPDG | Count: 0 | TotalTime:0.002s | Cost:9.48
LS: mPDG | Count: 0 | TotalTime:0.002s | Cost:9.48
LS: mPDG | Count: 0 | TotalTime:0.002s | Cost:9.48
LS: BlockRelocate | Count: 0 | TotalTime:0.005s | Cost:9.76
LS: BlockRelocate | Count: 0 | TotalTime:0.005s | Cost:9.80
LS: BlockRelocate | Count: 1 | TotalTime:0.000s | Cost:9.60
LS: PDPairExchange | Count: 0 | TotalTime:0.001s | Cost:1044.06
LS: BlockExchange | Count: 0 | TotalTime:0.001s | Cost:5849.32
LS: mPDG | Count: 1 | TotalTime:0.002s | Cost:6510.12
LS: BlockRelocate | Count: 1 | TotalTime:0.001s | Cost:3649.03
LS: BlockExchange | Count: 0 | TotalTime:0.001s | Cost:16379.93
Generation 4: Best = 9.48, Worst = 28238.57, Avg = 21109.13, Time: 0.15443158149719238
Stopping early due to lack of improvement.
Total runtime: 1.29s (0.0 minutes)
Total GA runtime: 0.61s (0.0 minutes)

The solution initialized by Cheapest Insertion:
V_1:[p19_0549590018-1 d19_0549590018-19] V_2:[p1_0321200008-1 d1_0321200008-1] V_3:[d1_0405380010-1] V_4:[p1_0531500014-1 p1_0531570015-1 p3_0549590018-20 p1_0557370019-1 p1_0548000017-1 d1_0548000017-1 d1_0557370019-1 d3_0549590018-22 d1_0531570015-1 d1_0531500014-1] V_5:[p1_0417500011-1 p4_0436090013-1 d4_0436090013-4 d1_0417500011-1 d1_0537230016-1 p4_0601510020-1 d4_0601510020-4]
The fitness value before EA: 9.48
V_1:[p19_0549590018-1 d19_0549590018-19] V_2:[p1_0321200008-1 d1_0321200008-1] V_3:[d1_0405380010-1] V_4:[p1_0531500014-1 p1_0531570015-1 p3_0549590018-20 p1_0557370019-1 p1_0548000017-1 d1_0548000017-1 d1_0557370019-1 d3_0549590018-22 d1_0531570015-1 d1_0531500014-1] V_5:[p1_0417500011-1 p4_0436090013-1 d4_0436090013-4 d1_0417500011-1 d1_0537230016-1 p4_0601510020-1 d4_0601510020-4]
The fitness value after EA: 9.48

Thoi gian thuc hien thuat toan:  1.286109447479248
SUCCESS

2025-11-04 16:09:44,676 [simulate_environment.py | 256] INFO: 2025-11-04 06:10:00, Item 0321200008-1: state = 1 < 2, we can not finish the simulation
2025-11-04 16:09:44,676 [simulate_environment.py | 99] INFO: **************************************************
2025-11-04 16:09:44,676 [simulate_environment.py | 103] INFO: cur time: 2025-11-04 06:20:00, pre time: 2025-11-04 06:10:00
2025-11-04 16:09:44,676 [simulate_environment.py | 140] INFO: Start to update the input of 2025-11-04 06:20:00
2025-11-04 16:09:44,677 [simulate_environment.py | 167] INFO: Get 36 unallocated order items, 2 ongoing order items, 48 completed order items
2025-11-04 16:09:46,229 [simulate_environment.py | 234] INFO: 
LS: BlockExchange | Count: 0 | TotalTime:0.001s | Cost:8.00
LS: BlockRelocate | Count: 1 | TotalTime:0.003s | Cost:2177.97
LS: BlockRelocate | Count: 1 | TotalTime:0.001s | Cost:13.88
LS: PDPairExchange | Count: 1 | TotalTime:0.000s | Cost:2142.14
LS: BlockExchange | Count: 1 | TotalTime:0.001s | Cost:14.14
LS: BlockRelocate | Count: 1 | TotalTime:0.001s | Cost:11945.44
LS: PDPairExchange | Count: 1 | TotalTime:0.000s | Cost:13266.72
LS: PDPairExchange | Count: 1 | TotalTime:0.000s | Cost:16853.35
LS: BlockExchange | Count: 1 | TotalTime:0.001s | Cost:17277.99
LS: BlockRelocate | Count: 1 | TotalTime:0.000s | Cost:8792.78
LS: PDPairExchange | Count: 1 | TotalTime:0.000s | Cost:8792.90
Generation 1: Best = 8.00, Worst = 28237.09, Avg = 22120.70, Time: 0.12744784355163574
LS: mPDG | Count: 0 | TotalTime:0.002s | Cost:8.00
LS: BlockRelocate | Count: 1 | TotalTime:0.004s | Cost:11.30
LS: BlockExchange | Count: 0 | TotalTime:0.001s | Cost:14.14
LS: PDPairExchange | Count: 1 | TotalTime:0.001s | Cost:2108.92
LS: BlockRelocate | Count: 1 | TotalTime:0.000s | Cost:2175.09
LS: BlockExchange | Count: 1 | TotalTime:0.000s | Cost:5050.73
LS: BlockRelocate | Count: 1 | TotalTime:0.001s | Cost:8789.54
LS: PDPairExchange | Count: 1 | TotalTime:0.000s | Cost:6217.52
LS: BlockRelocate | Count: 1 | TotalTime:0.001s | Cost:11145.32
LS: PDPairExchange | Count: 1 | TotalTime:0.001s | Cost:11966.92
LS: PDPairExchange | Count: 1 | TotalTime:0.000s | Cost:12558.77
Generation 2: Best = 8.00, Worst = 28237.09, Avg = 21125.55, Time: 0.13998961448669434
LS: BlockExchange | Count: 0 | TotalTime:0.001s | Cost:8.00
LS: BlockRelocate | Count: 1 | TotalTime:0.001s | Cost:11.10
LS: BlockExchange | Count: 0 | TotalTime:0.001s | Cost:14.14
LS: PDPairExchange | Count: 0 | TotalTime:0.001s | Cost:2108.92
LS: BlockRelocate | Count: 1 | TotalTime:0.004s | Cost:8.00
LS: BlockExchange | Count: 1 | TotalTime:0.001s | Cost:4281.41
LS: PDPairExchange | Count: 1 | TotalTime:0.001s | Cost:4281.41
LS: BlockRelocate | Count: 1 | TotalTime:0.001s | Cost:8789.34
LS: BlockRelocate | Count: 1 | TotalTime:0.000s | Cost:11047.91
LS: PDPairExchange | Count: 1 | TotalTime:0.000s | Cost:9791.92
LS: PDPairExchange | Count: 1 | TotalTime:0.001s | Cost:8047.66
Generation 3: Best = 8.00, Worst = 28237.09, Avg = 20643.94, Time: 0.14339137077331543
LS: PDPairExchange | Count: 0 | TotalTime:0.001s | Cost:8.00
LS: BlockRelocate | Count: 0 | TotalTime:0.005s | Cost:8.00
LS: BlockRelocate | Count: 1 | TotalTime:0.002s | Cost:8.00
LS: BlockExchange | Count: 0 | TotalTime:0.001s | Cost:14.14
LS: PDPairExchange | Count: 0 | TotalTime:0.001s | Cost:2108.92
LS: BlockExchange | Count: 1 | TotalTime:0.000s | Cost:4281.29
LS: PDPairExchange | Count: 0 | TotalTime:0.001s | Cost:4281.41
LS: PDPairExchange | Count: 1 | TotalTime:0.000s | Cost:7847.40
LS: BlockRelocate | Count: 1 | TotalTime:0.004s | Cost:3489.16
LS: PDPairExchange | Count: 0 | TotalTime:0.001s | Cost:9791.92
LS: BlockRelocate | Count: 1 | TotalTime:0.002s | Cost:11044.75
Generation 4: Best = 8.00, Worst = 28237.09, Avg = 20316.06, Time: 0.1494765281677246
Stopping early due to lack of improvement.
Total runtime: 1.29s (0.0 minutes)
Total GA runtime: 0.56s (0.0 minutes)

The solution initialized by Cheapest Insertion:
V_1:[p19_0549590018-1 d19_0549590018-19] V_2:[p1_0321200008-1 d1_0321200008-1] V_3:[d1_0405380010-1] V_4:[p1_0531500014-1 p1_0531570015-1 p3_0549590018-20 p1_0557370019-1 p1_0548000017-1 d1_0548000017-1 d1_0557370019-1 d3_0549590018-22 d1_0531570015-1 d1_0531500014-1] V_5:[p1_0417500011-1 p4_0436090013-1 d4_0436090013-4 d1_0417500011-1 d1_0537230016-1 p4_0601510020-1 d4_0601510020-4]
The fitness value before EA: 8.000000000000002
V_1:[p19_0549590018-1 d19_0549590018-19] V_2:[p1_0321200008-1 d1_0321200008-1] V_3:[d1_0405380010-1] V_4:[p1_0531500014-1 p1_0531570015-1 p3_0549590018-20 p1_0557370019-1 p1_0548000017-1 d1_0548000017-1 d1_0557370019-1 d3_0549590018-22 d1_0531570015-1 d1_0531500014-1] V_5:[p1_0417500011-1 p4_0436090013-1 d4_0436090013-4 d1_0417500011-1 d1_0537230016-1 p4_0601510020-1 d4_0601510020-4]
The fitness value after EA: 8.000000000000002

Thoi gian thuc hien thuat toan:  1.293997049331665
SUCCESS

2025-11-04 16:09:46,230 [simulate_environment.py | 256] INFO: 2025-11-04 06:20:00, Item 0321200008-1: state = 1 < 2, we can not finish the simulation
2025-11-04 16:09:46,230 [simulate_environment.py | 99] INFO: **************************************************
2025-11-04 16:09:46,230 [simulate_environment.py | 103] INFO: cur time: 2025-11-04 06:30:00, pre time: 2025-11-04 06:20:00
2025-11-04 16:09:46,230 [simulate_environment.py | 140] INFO: Start to update the input of 2025-11-04 06:30:00
2025-11-04 16:09:46,231 [simulate_environment.py | 167] INFO: Get 30 unallocated order items, 9 ongoing order items, 48 completed order items
2025-11-04 16:09:47,692 [simulate_environment.py | 234] INFO: 
LS: BlockExchange | Count: 0 | TotalTime:0.000s | Cost:11.50
LS: PDPairExchange | Count: 0 | TotalTime:0.000s | Cost:11.50
LS: BlockRelocate | Count: 0 | TotalTime:0.002s | Cost:11.50
LS: mPDG | Count: 0 | TotalTime:0.001s | Cost:11.50
LS: BlockRelocate | Count: 0 | TotalTime:0.002s | Cost:11.50
LS: BlockExchange | Count: 0 | TotalTime:0.000s | Cost:11.96
LS: PDPairExchange | Count: 0 | TotalTime:0.000s | Cost:11.96
LS: PDPairExchange | Count: 0 | TotalTime:0.000s | Cost:11.96
LS: BlockExchange | Count: 0 | TotalTime:0.000s | Cost:11.96
LS: PDPairExchange | Count: 1 | TotalTime:0.000s | Cost:12.18
LS: PDPairExchange | Count: 1 | TotalTime:0.000s | Cost:2178.59
Generation 1: Best = 11.50, Worst = 2178.81, Avg = 1637.04, Time: 0.0982663631439209
LS: mPDG | Count: 0 | TotalTime:0.001s | Cost:11.50
LS: mPDG | Count: 0 | TotalTime:0.001s | Cost:11.50
LS: mPDG | Count: 0 | TotalTime:0.001s | Cost:11.50
LS: BlockExchange | Count: 0 | TotalTime:0.000s | Cost:11.50
LS: PDPairExchange | Count: 0 | TotalTime:0.000s | Cost:11.50
LS: BlockExchange | Count: 0 | TotalTime:0.000s | Cost:11.96
LS: mPDG | Count: 1 | TotalTime:0.001s | Cost:11.50
LS: PDPairExchange | Count: 0 | TotalTime:0.000s | Cost:11.96
LS: PDPairExchange | Count: 0 | TotalTime:0.000s | Cost:11.96
LS: PDPairExchange | Count: 0 | TotalTime:0.000s | Cost:12.18
LS: PDPairExchange | Count: 1 | TotalTime:0.000s | Cost:12.18
Generation 2: Best = 11.50, Worst = 2178.81, Avg = 1582.87, Time: 0.11395454406738281
LS: mPDG | Count: 0 | TotalTime:0.001s | Cost:11.50
LS: PDPairExchange | Count: 0 | TotalTime:0.000s | Cost:11.50
LS: mPDG | Count: 0 | TotalTime:0.001s | Cost:11.50
LS: BlockExchange | Count: 0 | TotalTime:0.000s | Cost:11.50
LS: mPDG | Count: 0 | TotalTime:0.001s | Cost:11.50
LS: mPDG | Count: 0 | TotalTime:0.001s | Cost:11.50
LS: PDPairExchange | Count: 0 | TotalTime:0.000s | Cost:11.96
LS: BlockExchange | Count: 0 | TotalTime:0.000s | Cost:11.96
LS: BlockRelocate | Count: 1 | TotalTime:0.001s | Cost:11.50
LS: PDPairExchange | Count: 0 | TotalTime:0.000s | Cost:12.18
LS: PDPairExchange | Count: 0 | TotalTime:0.000s | Cost:12.18
Generation 3: Best = 11.50, Worst = 2178.81, Avg = 1582.85, Time: 0.10426592826843262
LS: BlockExchange | Count: 0 | TotalTime:0.000s | Cost:11.50
LS: PDPairExchange | Count: 0 | TotalTime:0.000s | Cost:11.50
LS: BlockRelocate | Count: 0 | TotalTime:0.003s | Cost:11.50
LS: PDPairExchange | Count: 0 | TotalTime:0.000s | Cost:11.50
LS: BlockExchange | Count: 0 | TotalTime:0.000s | Cost:11.50
LS: mPDG | Count: 0 | TotalTime:0.001s | Cost:11.50
LS: BlockRelocate | Count: 0 | TotalTime:0.002s | Cost:11.50
LS: PDPairExchange | Count: 0 | TotalTime:0.000s | Cost:11.96
LS: BlockExchange | Count: 0 | TotalTime:0.000s | Cost:11.96
LS: PDPairExchange | Count: 0 | TotalTime:0.000s | Cost:12.18
LS: PDPairExchange | Count: 0 | TotalTime:0.000s | Cost:12.18
Generation 4: Best = 11.50, Worst = 2178.81, Avg = 1582.85, Time: 0.09784412384033203
Stopping early due to lack of improvement.
Total runtime: 1.19s (0.0 minutes)
Total GA runtime: 0.41s (0.0 minutes)

The solution initialized by Cheapest Insertion:
V_1:[p19_0549590018-1 d19_0549590018-19] V_2:[p1_0321200008-1 d1_0321200008-1 p1_0626070021-1 d1_0626070021-1] V_3:[d1_0405380010-1] V_4:[d1_0548000017-1 d1_0557370019-1 d3_0549590018-22 d1_0531570015-1 d1_0531500014-1] V_5:[p1_0417500011-1 p4_0436090013-1 d4_0436090013-4 d1_0417500011-1 d1_0537230016-1 p4_0601510020-1 d4_0601510020-4]
The fitness value before EA: 11.500000000000002
V_1:[p19_0549590018-1 d19_0549590018-19] V_2:[p1_0321200008-1 d1_0321200008-1] V_3:[d1_0405380010-1 p1_0626070021-1 d1_0626070021-1] V_4:[d1_0548000017-1 d1_0557370019-1 d3_0549590018-22 d1_0531570015-1 d1_0531500014-1] V_5:[p1_0417500011-1 p4_0436090013-1 d4_0436090013-4 d1_0417500011-1 d1_0537230016-1 p4_0601510020-1 d4_0601510020-4]
The fitness value after EA: 11.500000000000002

Thoi gian thuc hien thuat toan:  1.1937873363494873
SUCCESS

2025-11-04 16:09:47,693 [simulate_environment.py | 256] INFO: 2025-11-04 06:30:00, Item 0321200008-1: state = 1 < 2, we can not finish the simulation
2025-11-04 16:09:47,694 [simulate_environment.py | 99] INFO: **************************************************
2025-11-04 16:09:47,694 [simulate_environment.py | 103] INFO: cur time: 2025-11-04 06:40:00, pre time: 2025-11-04 06:30:00
2025-11-04 16:09:47,694 [simulate_environment.py | 140] INFO: Start to update the input of 2025-11-04 06:40:00
2025-11-04 16:09:47,694 [simulate_environment.py | 167] INFO: Get 36 unallocated order items, 9 ongoing order items, 48 completed order items
2025-11-04 16:09:49,711 [simulate_environment.py | 234] INFO: 
LS: PDPairExchange | Count: 0 | TotalTime:0.001s | Cost:5852.80
LS: mPDG | Count: 1 | TotalTime:0.002s | Cost:208.98
LS: BlockRelocate | Count: 1 | TotalTime:0.007s | Cost:7422.52
LS: mPDG | Count: 1 | TotalTime:0.002s | Cost:208.98
LS: BlockExchange | Count: 0 | TotalTime:0.001s | Cost:7603.26
LS: BlockRelocate | Count: 1 | TotalTime:0.007s | Cost:10889.89
LS: mPDG | Count: 0 | TotalTime:0.003s | Cost:20056.76
LS: BlockExchange | Count: 1 | TotalTime:0.000s | Cost:13056.36
LS: mPDG | Count: 0 | TotalTime:0.003s | Cost:20056.76
LS: BlockRelocate | Count: 1 | TotalTime:0.007s | Cost:10889.89
LS: PDPairExchange | Count: 1 | TotalTime:0.000s | Cost:18359.55
Generation 1: Best = 208.98, Worst = 20056.76, Avg = 17406.29, Time: 0.1641850471496582
LS: mPDG | Count: 0 | TotalTime:0.003s | Cost:208.98
LS: mPDG | Count: 0 | TotalTime:0.003s | Cost:208.98
LS: mPDG | Count: 0 | TotalTime:0.002s | Cost:5852.80
LS: BlockRelocate | Count: 0 | TotalTime:0.008s | Cost:7422.52
LS: PDPairExchange | Count: 0 | TotalTime:0.001s | Cost:7603.26
LS: PDPairExchange | Count: 0 | TotalTime:0.001s | Cost:7603.26
LS: BlockRelocate | Count: 1 | TotalTime:0.005s | Cost:7422.52
LS: BlockRelocate | Count: 1 | TotalTime:0.006s | Cost:7422.52
LS: BlockExchange | Count: 0 | TotalTime:0.001s | Cost:7603.26
LS: PDPairExchange | Count: 0 | TotalTime:0.001s | Cost:7603.26
LS: mPDG | Count: 1 | TotalTime:0.003s | Cost:208.98
Generation 2: Best = 208.98, Worst = 20056.76, Avg = 9740.30, Time: 0.179154634475708
LS: mPDG | Count: 0 | TotalTime:0.003s | Cost:208.98
LS: mPDG | Count: 0 | TotalTime:0.003s | Cost:208.98
LS: mPDG | Count: 0 | TotalTime:0.003s | Cost:208.98
LS: mPDG | Count: 0 | TotalTime:0.003s | Cost:5852.80
LS: BlockRelocate | Count: 0 | TotalTime:0.008s | Cost:7422.52
LS: BlockRelocate | Count: 0 | TotalTime:0.008s | Cost:7422.52
LS: BlockRelocate | Count: 0 | TotalTime:0.008s | Cost:7422.52
LS: BlockRelocate | Count: 1 | TotalTime:0.000s | Cost:7422.52
LS: BlockRelocate | Count: 1 | TotalTime:0.006s | Cost:7422.52
LS: PDPairExchange | Count: 0 | TotalTime:0.001s | Cost:7603.26
LS: BlockExchange | Count: 0 | TotalTime:0.001s | Cost:7603.26
Generation 3: Best = 208.98, Worst = 7603.26, Avg = 6982.33, Time: 0.2232203483581543
LS: mPDG | Count: 0 | TotalTime:0.003s | Cost:208.98
LS: mPDG | Count: 0 | TotalTime:0.003s | Cost:208.98
LS: mPDG | Count: 0 | TotalTime:0.003s | Cost:208.98
LS: BlockRelocate | Count: 0 | TotalTime:0.007s | Cost:5852.80
LS: BlockRelocate | Count: 0 | TotalTime:0.008s | Cost:7422.52
LS: BlockRelocate | Count: 0 | TotalTime:0.008s | Cost:7422.52
LS: BlockRelocate | Count: 0 | TotalTime:0.008s | Cost:7422.52
LS: BlockRelocate | Count: 0 | TotalTime:0.008s | Cost:7422.52
LS: BlockRelocate | Count: 0 | TotalTime:0.008s | Cost:7422.52
LS: BlockExchange | Count: 0 | TotalTime:0.001s | Cost:7603.26
LS: mPDG | Count: 1 | TotalTime:0.003s | Cost:208.98
Generation 4: Best = 208.98, Worst = 7603.26, Avg = 6797.48, Time: 0.21024417877197266
LS: mPDG | Count: 0 | TotalTime:0.003s | Cost:208.98
LS: mPDG | Count: 0 | TotalTime:0.003s | Cost:208.98
LS: mPDG | Count: 0 | TotalTime:0.003s | Cost:208.98
LS: mPDG | Count: 0 | TotalTime:0.003s | Cost:208.98
LS: BlockRelocate | Count: 0 | TotalTime:0.007s | Cost:5852.80
LS: BlockRelocate | Count: 0 | TotalTime:0.007s | Cost:7422.52
LS: BlockRelocate | Count: 0 | TotalTime:0.008s | Cost:7422.52
LS: BlockRelocate | Count: 0 | TotalTime:0.007s | Cost:7422.52
LS: BlockRelocate | Count: 0 | TotalTime:0.007s | Cost:7422.52
LS: BlockRelocate | Count: 0 | TotalTime:0.008s | Cost:7422.52
LS: PDPairExchange | Count: 0 | TotalTime:0.001s | Cost:7603.26
Generation 5: Best = 208.98, Worst = 7603.26, Avg = 6797.48, Time: 0.19887185096740723
Stopping early due to lack of improvement.
Total runtime: 1.75s (0.0 minutes)
Total GA runtime: 0.98s (0.0 minutes)

The solution initialized by Cheapest Insertion:
V_1:[p19_0549590018-1 d19_0549590018-19] V_2:[p1_0321200008-1 d1_0321200008-1 p4_0632150023-1 d4_0632150023-4 p1_0634010024-1 d1_0634010024-1] V_3:[d1_0405380010-1 p1_0626070021-1 p1_0630410022-1 d1_0630410022-1 d1_0626070021-1] V_4:[d1_0548000017-1 d1_0557370019-1 d3_0549590018-22 d1_0531570015-1 d1_0531500014-1] V_5:[p1_0417500011-1 p4_0436090013-1 d4_0436090013-4 d1_0417500011-1 d1_0537230016-1 p4_0601510020-1 d4_0601510020-4]
The fitness value before EA: 5852.795555555555
V_1:[p19_0549590018-1 d19_0549590018-19] V_2:[p1_0321200008-1 d1_0321200008-1 p4_0632150023-1 p4_0601510020-1 d4_0601510020-4 d4_0632150023-4] V_3:[d1_0405380010-1 p1_0634010024-1 d1_0634010024-1] V_4:[d1_0548000017-1 d1_0557370019-1 d3_0549590018-22 d1_0531570015-1 d1_0531500014-1 p1_0630410022-1 d1_0630410022-1] V_5:[p1_0417500011-1 d1_0417500011-1 d1_0537230016-1 p4_0436090013-1 d4_0436090013-4 p1_0626070021-1 d1_0626070021-1]
The fitness value after EA: 208.97555555555556

Thoi gian thuc hien thuat toan:  1.7495849132537842
SUCCESS

2025-11-04 16:09:49,712 [simulate_environment.py | 256] INFO: 2025-11-04 06:40:00, Item 0321200008-1: state = 1 < 2, we can not finish the simulation
2025-11-04 16:09:49,712 [simulate_environment.py | 99] INFO: **************************************************
2025-11-04 16:09:49,712 [simulate_environment.py | 103] INFO: cur time: 2025-11-04 06:50:00, pre time: 2025-11-04 06:40:00
2025-11-04 16:09:49,712 [simulate_environment.py | 140] INFO: Start to update the input of 2025-11-04 06:50:00
2025-11-04 16:09:49,713 [simulate_environment.py | 167] INFO: Get 36 unallocated order items, 11 ongoing order items, 48 completed order items
2025-11-04 16:09:51,621 [simulate_environment.py | 234] INFO: 
LS: BlockExchange | Count: 0 | TotalTime:0.002s | Cost:558.17
LS: PDPairExchange | Count: 1 | TotalTime:0.001s | Cost:28945.65
LS: mPDG | Count: 1 | TotalTime:0.004s | Cost:42191.95
LS: BlockRelocate | Count: 1 | TotalTime:0.001s | Cost:42192.01
LS: mPDG | Count: 1 | TotalTime:0.003s | Cost:42191.95
LS: BlockExchange | Count: 1 | TotalTime:0.001s | Cost:35423.37
LS: BlockExchange | Count: 1 | TotalTime:0.000s | Cost:34489.83
LS: BlockExchange | Count: 1 | TotalTime:0.001s | Cost:41481.50
LS: PDPairExchange | Count: 1 | TotalTime:0.000s | Cost:39650.52
LS: mPDG | Count: 1 | TotalTime:0.004s | Cost:42191.95
LS: BlockExchange | Count: 1 | TotalTime:0.000s | Cost:38617.19
Generation 1: Best = 558.17, Worst = 43998.54, Avg = 40334.79, Time: 0.22665977478027344
LS: PDPairExchange | Count: 0 | TotalTime:0.002s | Cost:558.17
LS: PDPairExchange | Count: 1 | TotalTime:0.000s | Cost:28745.59
LS: mPDG | Count: 1 | TotalTime:0.004s | Cost:30686.73
LS: mPDG | Count: 1 | TotalTime:0.004s | Cost:30686.73
LS: BlockRelocate | Count: 1 | TotalTime:0.002s | Cost:30686.73
LS: BlockRelocate | Count: 1 | TotalTime:0.001s | Cost:18544.77
LS: BlockExchange | Count: 1 | TotalTime:0.001s | Cost:31290.03
LS: BlockExchange | Count: 1 | TotalTime:0.000s | Cost:31290.03
LS: BlockExchange | Count: 1 | TotalTime:0.000s | Cost:37931.44
LS: PDPairExchange | Count: 1 | TotalTime:0.000s | Cost:37831.44
LS: BlockExchange | Count: 0 | TotalTime:0.000s | Cost:41481.50
Generation 2: Best = 558.17, Worst = 42194.97, Avg = 38584.38, Time: 0.2008044719696045
LS: BlockRelocate | Count: 0 | TotalTime:0.010s | Cost:558.17
LS: BlockRelocate | Count: 1 | TotalTime:0.009s | Cost:18319.71
LS: PDPairExchange | Count: 1 | TotalTime:0.001s | Cost:21745.13
LS: mPDG | Count: 1 | TotalTime:0.004s | Cost:22222.66
LS: mPDG | Count: 1 | TotalTime:0.003s | Cost:22222.66
LS: BlockRelocate | Count: 1 | TotalTime:0.001s | Cost:22242.11
LS: BlockExchange | Count: 1 | TotalTime:0.000s | Cost:28376.34
LS: BlockExchange | Count: 1 | TotalTime:0.000s | Cost:31176.20
LS: PDPairExchange | Count: 1 | TotalTime:0.001s | Cost:31578.66
LS: BlockRelocate | Count: 1 | TotalTime:0.003s | Cost:28400.96
LS: BlockExchange | Count: 1 | TotalTime:0.000s | Cost:14602.82
Generation 3: Best = 558.17, Worst = 41481.50, Avg = 29805.80, Time: 0.20419669151306152
LS: BlockExchange | Count: 0 | TotalTime:0.002s | Cost:558.17
LS: BlockExchange | Count: 1 | TotalTime:0.000s | Cost:13469.48
LS: BlockRelocate | Count: 1 | TotalTime:0.006s | Cost:9875.08
LS: BlockRelocate | Count: 1 | TotalTime:0.002s | Cost:20253.30
LS: BlockExchange | Count: 1 | TotalTime:0.000s | Cost:12755.74
LS: BlockRelocate | Count: 1 | TotalTime:0.004s | Cost:20253.30
LS: BlockExchange | Count: 1 | TotalTime:0.000s | Cost:12755.74
LS: BlockExchange | Count: 1 | TotalTime:0.001s | Cost:10885.79
LS: BlockExchange | Count: 1 | TotalTime:0.000s | Cost:12755.74
LS: mPDG | Count: 1 | TotalTime:0.004s | Cost:20253.30
LS: PDPairExchange | Count: 1 | TotalTime:0.000s | Cost:20056.20
Generation 4: Best = 558.17, Worst = 32059.32, Avg = 21098.48, Time: 0.1858060359954834
Stopping early due to lack of improvement.
Total runtime: 1.61s (0.0 minutes)
Total GA runtime: 0.82s (0.0 minutes)

The solution initialized by Cheapest Insertion:
V_1:[p19_0549590018-1 d19_0549590018-19] V_2:[d1_0321200008-1 p4_0632150023-1 p4_0601510020-1 d4_0601510020-4 d4_0632150023-4] V_3:[d1_0405380010-1 p1_0634010024-1 d1_0634010024-1] V_4:[d1_0548000017-1 d1_0557370019-1 d3_0549590018-22 d1_0531570015-1 d1_0531500014-1 p1_0644260026-1 p1_0644040025-1 p1_0630410022-1 d1_0630410022-1 d1_0644040025-1 d1_0644260026-1] V_5:[d1_0417500011-1 d1_0537230016-1 p4_0436090013-1 d4_0436090013-4 p1_0626070021-1 d1_0626070021-1]
The fitness value before EA: 558.1733333333333
V_1:[p19_0549590018-1 d19_0549590018-19] V_2:[d1_0321200008-1 p4_0632150023-1 p4_0601510020-1 d4_0601510020-4 d4_0632150023-4] V_3:[d1_0405380010-1 p1_0634010024-1 d1_0634010024-1] V_4:[d1_0548000017-1 d1_0557370019-1 d3_0549590018-22 d1_0531570015-1 d1_0531500014-1 p1_0644260026-1 p1_0644040025-1 p1_0630410022-1 d1_0630410022-1 d1_0644040025-1 d1_0644260026-1] V_5:[d1_0417500011-1 d1_0537230016-1 p4_0436090013-1 d4_0436090013-4 p1_0626070021-1 d1_0626070021-1]
The fitness value after EA: 558.1733333333333

Thoi gian thuc hien thuat toan:  1.60970139503479
SUCCESS

2025-11-04 16:09:51,622 [simulate_environment.py | 256] INFO: 2025-11-04 06:50:00, Item 0436090013-1: state = 1 < 2, we can not finish the simulation
2025-11-04 16:09:51,623 [simulate_environment.py | 99] INFO: **************************************************
2025-11-04 16:09:51,623 [simulate_environment.py | 103] INFO: cur time: 2025-11-04 07:00:00, pre time: 2025-11-04 06:50:00
2025-11-04 16:09:51,623 [simulate_environment.py | 140] INFO: Start to update the input of 2025-11-04 07:00:00
2025-11-04 16:09:51,624 [simulate_environment.py | 167] INFO: Get 37 unallocated order items, 11 ongoing order items, 48 completed order items
2025-11-04 16:09:53,482 [simulate_environment.py | 234] INFO: 
LS: PDPairExchange | Count: 0 | TotalTime:0.002s | Cost:724.84
LS: BlockExchange | Count: 1 | TotalTime:0.002s | Cost:20797.35
LS: mPDG | Count: 1 | TotalTime:0.005s | Cost:14405.44
LS: BlockRelocate | Count: 1 | TotalTime:0.005s | Cost:21958.98
LS: mPDG | Count: 1 | TotalTime:0.005s | Cost:34325.88
LS: PDPairExchange | Count: 1 | TotalTime:0.001s | Cost:30687.37
LS: BlockRelocate | Count: 1 | TotalTime:0.001s | Cost:34323.30
LS: BlockExchange | Count: 1 | TotalTime:0.000s | Cost:30687.37
LS: mPDG | Count: 1 | TotalTime:0.004s | Cost:34325.88
LS: BlockExchange | Count: 1 | TotalTime:0.000s | Cost:31126.46
LS: BlockExchange | Count: 1 | TotalTime:0.001s | Cost:31126.46
Generation 1: Best = 724.84, Worst = 86179.46, Avg = 40296.97, Time: 0.21105408668518066
LS: BlockRelocate | Count: 0 | TotalTime:0.013s | Cost:724.84
LS: mPDG | Count: 0 | TotalTime:0.004s | Cost:14405.44
LS: BlockExchange | Count: 0 | TotalTime:0.002s | Cost:20797.35
LS: BlockRelocate | Count: 1 | TotalTime:0.005s | Cost:21956.02
LS: mPDG | Count: 1 | TotalTime:0.004s | Cost:20256.90
LS: mPDG | Count: 1 | TotalTime:0.004s | Cost:20256.90
LS: PDPairExchange | Count: 1 | TotalTime:0.001s | Cost:30687.25
LS: BlockExchange | Count: 1 | TotalTime:0.000s | Cost:28720.97
LS: BlockExchange | Count: 1 | TotalTime:0.001s | Cost:28720.97
LS: BlockExchange | Count: 1 | TotalTime:0.000s | Cost:28720.97
LS: BlockRelocate | Count: 1 | TotalTime:0.001s | Cost:19858.60
Generation 2: Best = 724.84, Worst = 34326.26, Avg = 30711.59, Time: 0.20673203468322754
LS: mPDG | Count: 0 | TotalTime:0.005s | Cost:724.84
LS: mPDG | Count: 0 | TotalTime:0.004s | Cost:14405.44
LS: BlockRelocate | Count: 1 | TotalTime:0.006s | Cost:9955.78
LS: mPDG | Count: 1 | TotalTime:0.004s | Cost:20256.26
LS: mPDG | Count: 1 | TotalTime:0.004s | Cost:20256.26
LS: BlockExchange | Count: 1 | TotalTime:0.001s | Cost:20056.84
LS: BlockRelocate | Count: 0 | TotalTime:0.014s | Cost:20256.90
LS: PDPairExchange | Count: 1 | TotalTime:0.001s | Cost:12756.38
LS: BlockRelocate | Count: 0 | TotalTime:0.013s | Cost:20256.90
LS: BlockExchange | Count: 1 | TotalTime:0.001s | Cost:12756.38
LS: BlockRelocate | Count: 0 | TotalTime:0.013s | Cost:20256.90
Generation 3: Best = 724.84, Worst = 32225.88, Avg = 20447.10, Time: 0.22783160209655762
LS: BlockRelocate | Count: 0 | TotalTime:0.015s | Cost:724.84
LS: BlockRelocate | Count: 1 | TotalTime:0.001s | Cost:9158.55
LS: PDPairExchange | Count: 1 | TotalTime:0.001s | Cost:12756.26
LS: BlockExchange | Count: 0 | TotalTime:0.002s | Cost:12756.38
LS: mPDG | Count: 0 | TotalTime:0.004s | Cost:14405.44
LS: BlockExchange | Count: 1 | TotalTime:0.001s | Cost:13056.38
LS: mPDG | Count: 1 | TotalTime:0.004s | Cost:20253.30
LS: mPDG | Count: 1 | TotalTime:0.004s | Cost:20253.30
LS: PDPairExchange | Count: 1 | TotalTime:0.001s | Cost:20056.84
LS: BlockRelocate | Count: 0 | TotalTime:0.013s | Cost:20256.90
LS: mPDG | Count: 1 | TotalTime:0.004s | Cost:20256.26
Generation 4: Best = 724.84, Worst = 20256.90, Avg = 18784.61, Time: 0.21416544914245605
Stopping early due to lack of improvement.
Total runtime: 1.57s (0.0 minutes)
Total GA runtime: 0.86s (0.0 minutes)

The solution initialized by Cheapest Insertion:
V_1:[p19_0549590018-1 d19_0549590018-19] V_2:[d1_0321200008-1 p4_0632150023-1 p4_0601510020-1 d4_0601510020-4 d4_0632150023-4] V_3:[d1_0405380010-1 p1_0634010024-1 d1_0634010024-1] V_4:[d1_0548000017-1 d1_0557370019-1 d3_0549590018-22 d1_0531570015-1 d1_0531500014-1 p1_0644260026-1 p1_0644040025-1 p1_0630410022-1 d1_0630410022-1 d1_0644040025-1 d1_0644260026-1] V_5:[d1_0417500011-1 d1_0537230016-1 p4_0436090013-1 d4_0436090013-4 p1_0626070021-1 p1_0656120027-1 d1_0656120027-1 d1_0626070021-1]
The fitness value before EA: 724.84
V_1:[p19_0549590018-1 d19_0549590018-19] V_2:[d1_0321200008-1 p4_0632150023-1 p4_0601510020-1 d4_0601510020-4 d4_0632150023-4] V_3:[d1_0405380010-1 p1_0634010024-1 d1_0634010024-1] V_4:[d1_0548000017-1 d1_0557370019-1 d3_0549590018-22 d1_0531570015-1 d1_0531500014-1 p1_0644260026-1 p1_0644040025-1 p1_0630410022-1 d1_0630410022-1 d1_0644040025-1 d1_0644260026-1] V_5:[d1_0417500011-1 d1_0537230016-1 p4_0436090013-1 d4_0436090013-4 p1_0626070021-1 p1_0656120027-1 d1_0656120027-1 d1_0626070021-1]
The fitness value after EA: 724.84

Thoi gian thuc hien thuat toan:  1.5746700763702393
SUCCESS

2025-11-04 16:09:53,482 [simulate_environment.py | 256] INFO: 2025-11-04 07:00:00, Item 0436090013-1: state = 1 < 2, we can not finish the simulation
2025-11-04 16:09:53,483 [simulate_environment.py | 99] INFO: **************************************************
2025-11-04 16:09:53,483 [simulate_environment.py | 103] INFO: cur time: 2025-11-04 07:10:00, pre time: 2025-11-04 07:00:00
2025-11-04 16:09:53,483 [simulate_environment.py | 140] INFO: Start to update the input of 2025-11-04 07:10:00
2025-11-04 16:09:53,483 [simulate_environment.py | 167] INFO: Get 37 unallocated order items, 11 ongoing order items, 48 completed order items
2025-11-04 16:09:55,421 [simulate_environment.py | 234] INFO: 
LS: BlockExchange | Count: 0 | TotalTime:0.002s | Cost:724.84
LS: BlockRelocate | Count: 1 | TotalTime:0.006s | Cost:26981.84
LS: PDPairExchange | Count: 1 | TotalTime:0.001s | Cost:29681.44
LS: BlockRelocate | Count: 1 | TotalTime:0.004s | Cost:27653.62
LS: PDPairExchange | Count: 1 | TotalTime:0.000s | Cost:29026.08
LS: PDPairExchange | Count: 1 | TotalTime:0.001s | Cost:25278.08
LS: BlockRelocate | Count: 1 | TotalTime:0.001s | Cost:19858.60
LS: mPDG | Count: 1 | TotalTime:0.006s | Cost:19858.60
LS: PDPairExchange | Count: 1 | TotalTime:0.000s | Cost:25278.08
LS: PDPairExchange | Count: 1 | TotalTime:0.000s | Cost:25278.08
LS: PDPairExchange | Count: 1 | TotalTime:0.000s | Cost:28648.10
Generation 1: Best = 724.84, Worst = 55025.62, Avg = 33826.97, Time: 0.21966028213500977
LS: mPDG | Count: 0 | TotalTime:0.006s | Cost:724.84
LS: BlockRelocate | Count: 1 | TotalTime:0.006s | Cost:15286.33
LS: mPDG | Count: 0 | TotalTime:0.006s | Cost:19858.60
LS: PDPairExchange | Count: 0 | TotalTime:0.002s | Cost:25278.08
LS: PDPairExchange | Count: 0 | TotalTime:0.002s | Cost:25278.08
LS: PDPairExchange | Count: 0 | TotalTime:0.002s | Cost:25278.08
LS: BlockRelocate | Count: 1 | TotalTime:0.003s | Cost:15150.66
LS: BlockRelocate | Count: 1 | TotalTime:0.003s | Cost:15286.33
LS: PDPairExchange | Count: 1 | TotalTime:0.001s | Cost:28586.99
LS: PDPairExchange | Count: 1 | TotalTime:0.000s | Cost:22025.62
LS: PDPairExchange | Count: 1 | TotalTime:0.001s | Cost:28648.10
Generation 2: Best = 724.84, Worst = 36278.32, Avg = 29000.12, Time: 0.2174081802368164
LS: BlockExchange | Count: 0 | TotalTime:0.002s | Cost:724.84
LS: BlockRelocate | Count: 1 | TotalTime:0.016s | Cost:4880.78
LS: BlockRelocate | Count: 1 | TotalTime:0.008s | Cost:14178.02
LS: BlockRelocate | Count: 1 | TotalTime:0.003s | Cost:12247.44
LS: mPDG | Count: 0 | TotalTime:0.006s | Cost:19858.60
LS: PDPairExchange | Count: 1 | TotalTime:0.001s | Cost:19420.07
LS: PDPairExchange | Count: 0 | TotalTime:0.002s | Cost:25278.08
LS: PDPairExchange | Count: 0 | TotalTime:0.002s | Cost:25278.08
LS: PDPairExchange | Count: 0 | TotalTime:0.002s | Cost:25278.08
LS: PDPairExchange | Count: 1 | TotalTime:0.000s | Cost:28209.80
LS: BlockRelocate | Count: 1 | TotalTime:0.011s | Cost:16219.71
Generation 3: Best = 724.84, Worst = 32225.88, Avg = 27517.82, Time: 0.24441194534301758
LS: mPDG | Count: 0 | TotalTime:0.006s | Cost:724.84
LS: BlockRelocate | Count: 0 | TotalTime:0.017s | Cost:4880.78
LS: BlockRelocate | Count: 1 | TotalTime:0.015s | Cost:6866.89
LS: BlockRelocate | Count: 1 | TotalTime:0.001s | Cost:14155.62
LS: BlockRelocate | Count: 1 | TotalTime:0.005s | Cost:9855.64
LS: PDPairExchange | Count: 1 | TotalTime:0.001s | Cost:19120.07
LS: mPDG | Count: 0 | TotalTime:0.009s | Cost:19858.60
LS: PDPairExchange | Count: 0 | TotalTime:0.003s | Cost:25278.08
LS: PDPairExchange | Count: 0 | TotalTime:0.003s | Cost:25278.08
LS: PDPairExchange | Count: 0 | TotalTime:0.003s | Cost:25278.08
LS: PDPairExchange | Count: 1 | TotalTime:0.001s | Cost:25442.93
Generation 4: Best = 724.84, Worst = 32225.88, Avg = 26423.78, Time: 0.2543032169342041
Stopping early due to lack of improvement.
Total runtime: 1.66s (0.0 minutes)
Total GA runtime: 0.94s (0.0 minutes)

The solution initialized by Cheapest Insertion:
V_1:[p19_0549590018-1 d19_0549590018-19] V_2:[d1_0321200008-1 p4_0632150023-1 p4_0601510020-1 d4_0601510020-4 d4_0632150023-4] V_3:[d1_0405380010-1 p1_0634010024-1 d1_0634010024-1] V_4:[d1_0548000017-1 d1_0557370019-1 d3_0549590018-22 d1_0531570015-1 d1_0531500014-1 p1_0644260026-1 p1_0644040025-1 p1_0630410022-1 d1_0630410022-1 d1_0644040025-1 d1_0644260026-1] V_5:[d1_0417500011-1 d1_0537230016-1 p4_0436090013-1 d4_0436090013-4 p1_0626070021-1 p1_0656120027-1 d1_0656120027-1 d1_0626070021-1]
The fitness value before EA: 724.84
V_1:[p19_0549590018-1 d19_0549590018-19] V_2:[d1_0321200008-1 p4_0632150023-1 p4_0601510020-1 d4_0601510020-4 d4_0632150023-4] V_3:[d1_0405380010-1 p1_0634010024-1 d1_0634010024-1] V_4:[d1_0548000017-1 d1_0557370019-1 d3_0549590018-22 d1_0531570015-1 d1_0531500014-1 p1_0644260026-1 p1_0644040025-1 p1_0630410022-1 d1_0630410022-1 d1_0644040025-1 d1_0644260026-1] V_5:[d1_0417500011-1 d1_0537230016-1 p4_0436090013-1 d4_0436090013-4 p1_0626070021-1 p1_0656120027-1 d1_0656120027-1 d1_0626070021-1]
The fitness value after EA: 724.84

Thoi gian thuc hien thuat toan:  1.6560826301574707
SUCCESS

2025-11-04 16:09:55,422 [simulate_environment.py | 256] INFO: 2025-11-04 07:10:00, Item 0436090013-1: state = 1 < 2, we can not finish the simulation
2025-11-04 16:09:55,423 [simulate_environment.py | 99] INFO: **************************************************
2025-11-04 16:09:55,423 [simulate_environment.py | 103] INFO: cur time: 2025-11-04 07:20:00, pre time: 2025-11-04 07:10:00
2025-11-04 16:09:55,423 [simulate_environment.py | 140] INFO: Start to update the input of 2025-11-04 07:20:00
2025-11-04 16:09:55,424 [simulate_environment.py | 167] INFO: Get 14 unallocated order items, 31 ongoing order items, 51 completed order items
2025-11-04 16:09:57,081 [simulate_environment.py | 234] INFO: 
LS: mPDG | Count: 0 | TotalTime:0.002s | Cost:722.50
LS: PDPairExchange | Count: 1 | TotalTime:0.000s | Cost:16051.16
LS: BlockExchange | Count: 1 | TotalTime:0.000s | Cost:21859.65
LS: BlockExchange | Count: 1 | TotalTime:0.000s | Cost:21967.17
LS: PDPairExchange | Count: 1 | TotalTime:0.000s | Cost:20254.12
LS: BlockRelocate | Count: 1 | TotalTime:0.002s | Cost:20256.64
LS: BlockRelocate | Count: 1 | TotalTime:0.003s | Cost:17454.06
LS: mPDG | Count: 1 | TotalTime:0.002s | Cost:17456.78
LS: PDPairExchange | Count: 1 | TotalTime:0.000s | Cost:20254.12
LS: BlockExchange | Count: 1 | TotalTime:0.000s | Cost:19737.07
LS: mPDG | Count: 1 | TotalTime:0.002s | Cost:17456.78
Generation 1: Best = 722.50, Worst = 30973.46, Avg = 23494.51, Time: 0.14027643203735352
LS: BlockRelocate | Count: 0 | TotalTime:0.007s | Cost:722.50
LS: PDPairExchange | Count: 0 | TotalTime:0.001s | Cost:16051.16
LS: BlockRelocate | Count: 1 | TotalTime:0.002s | Cost:13581.83
LS: PDPairExchange | Count: 1 | TotalTime:0.000s | Cost:15223.50
LS: BlockExchange | Count: 1 | TotalTime:0.000s | Cost:10886.63
LS: mPDG | Count: 1 | TotalTime:0.002s | Cost:17453.94
LS: PDPairExchange | Count: 1 | TotalTime:0.000s | Cost:10886.63
LS: PDPairExchange | Count: 1 | TotalTime:0.001s | Cost:15223.50
LS: BlockExchange | Count: 1 | TotalTime:0.000s | Cost:11420.34
LS: PDPairExchange | Count: 1 | TotalTime:0.000s | Cost:15162.39
LS: PDPairExchange | Count: 1 | TotalTime:0.000s | Cost:10886.37
Generation 2: Best = 722.50, Worst = 22484.67, Avg = 17197.68, Time: 0.13824844360351562
LS: BlockExchange | Count: 0 | TotalTime:0.001s | Cost:722.50
LS: PDPairExchange | Count: 0 | TotalTime:0.001s | Cost:10886.37
LS: BlockExchange | Count: 1 | TotalTime:0.000s | Cost:9872.74
LS: PDPairExchange | Count: 0 | TotalTime:0.001s | Cost:10886.63
LS: BlockExchange | Count: 1 | TotalTime:0.000s | Cost:11233.47
LS: BlockExchange | Count: 1 | TotalTime:0.001s | Cost:11067.56
LS: PDPairExchange | Count: 1 | TotalTime:0.000s | Cost:9853.56
LS: mPDG | Count: 1 | TotalTime:0.003s | Cost:9853.42
LS: mPDG | Count: 1 | TotalTime:0.003s | Cost:9853.42
LS: BlockRelocate | Count: 0 | TotalTime:0.008s | Cost:12548.50
LS: mPDG | Count: 1 | TotalTime:0.003s | Cost:9853.42
Generation 3: Best = 722.50, Worst = 17454.06, Avg = 13830.38, Time: 0.1668717861175537
LS: BlockExchange | Count: 0 | TotalTime:0.001s | Cost:722.50
LS: mPDG | Count: 1 | TotalTime:0.003s | Cost:9853.30
LS: mPDG | Count: 1 | TotalTime:0.003s | Cost:9853.30
LS: mPDG | Count: 1 | TotalTime:0.003s | Cost:9853.30
LS: PDPairExchange | Count: 0 | TotalTime:0.001s | Cost:9853.42
LS: PDPairExchange | Count: 0 | TotalTime:0.001s | Cost:9853.42
LS: PDPairExchange | Count: 0 | TotalTime:0.001s | Cost:9853.42
LS: BlockRelocate | Count: 1 | TotalTime:0.006s | Cost:9850.46
LS: PDPairExchange | Count: 0 | TotalTime:0.001s | Cost:9853.42
LS: mPDG | Count: 1 | TotalTime:0.003s | Cost:9853.30
LS: BlockExchange | Count: 0 | TotalTime:0.001s | Cost:9853.42
Generation 4: Best = 722.50, Worst = 9853.42, Avg = 9625.06, Time: 0.15158367156982422
Stopping early due to lack of improvement.
Total runtime: 1.34s (0.0 minutes)
Total GA runtime: 0.60s (0.0 minutes)

The solution initialized by Cheapest Insertion:
V_1:[d19_0549590018-19] V_2:[p4_0601510020-1 d4_0601510020-4 d4_0632150023-4] V_3:[d1_0405380010-1 p1_0634010024-1 d1_0634010024-1] V_4:[d1_0548000017-1 d1_0557370019-1 d3_0549590018-22 d1_0531570015-1 d1_0531500014-1 p1_0644260026-1 p1_0644040025-1 p1_0630410022-1 d1_0630410022-1 d1_0644040025-1 d1_0644260026-1] V_5:[p4_0436090013-1 d4_0436090013-4 p1_0626070021-1 p1_0656120027-1 d1_0656120027-1 d1_0626070021-1]
The fitness value before EA: 722.5
V_1:[d19_0549590018-19] V_2:[p4_0601510020-1 d4_0601510020-4 d4_0632150023-4] V_3:[d1_0405380010-1 p1_0634010024-1 d1_0634010024-1] V_4:[d1_0548000017-1 d1_0557370019-1 d3_0549590018-22 d1_0531570015-1 d1_0531500014-1 p1_0644260026-1 p1_0644040025-1 p1_0630410022-1 d1_0630410022-1 d1_0644040025-1 d1_0644260026-1] V_5:[p4_0436090013-1 d4_0436090013-4 p1_0626070021-1 p1_0656120027-1 d1_0656120027-1 d1_0626070021-1]
The fitness value after EA: 722.5

Thoi gian thuc hien thuat toan:  1.3394863605499268
SUCCESS

2025-11-04 16:09:57,083 [simulate_environment.py | 256] INFO: 2025-11-04 07:20:00, Item 0436090013-1: state = 1 < 2, we can not finish the simulation
2025-11-04 16:09:57,084 [simulate_environment.py | 99] INFO: **************************************************
2025-11-04 16:09:57,084 [simulate_environment.py | 103] INFO: cur time: 2025-11-04 07:30:00, pre time: 2025-11-04 07:20:00
2025-11-04 16:09:57,084 [simulate_environment.py | 140] INFO: Start to update the input of 2025-11-04 07:30:00
2025-11-04 16:09:57,084 [simulate_environment.py | 167] INFO: Get 14 unallocated order items, 30 ongoing order items, 52 completed order items
2025-11-04 16:09:58,660 [simulate_environment.py | 234] INFO: 
LS: PDPairExchange | Count: 0 | TotalTime:0.000s | Cost:722.50
LS: BlockRelocate | Count: 1 | TotalTime:0.001s | Cost:722.50
LS: PDPairExchange | Count: 1 | TotalTime:0.000s | Cost:8853.24
LS: BlockExchange | Count: 0 | TotalTime:0.000s | Cost:12359.31
LS: PDPairExchange | Count: 1 | TotalTime:0.000s | Cost:8853.24
LS: BlockRelocate | Count: 1 | TotalTime:0.001s | Cost:9254.04
LS: mPDG | Count: 1 | TotalTime:0.002s | Cost:722.50
LS: BlockExchange | Count: 1 | TotalTime:0.000s | Cost:15073.12
LS: mPDG | Count: 1 | TotalTime:0.002s | Cost:722.50
LS: BlockRelocate | Count: 1 | TotalTime:0.000s | Cost:722.50
LS: BlockExchange | Count: 1 | TotalTime:0.000s | Cost:17750.96
Generation 1: Best = 722.50, Worst = 23598.30, Avg = 18742.60, Time: 0.15378332138061523
LS: BlockExchange | Count: 0 | TotalTime:0.000s | Cost:722.50
LS: BlockRelocate | Count: 0 | TotalTime:0.005s | Cost:722.50
LS: mPDG | Count: 0 | TotalTime:0.002s | Cost:722.50
LS: mPDG | Count: 0 | TotalTime:0.002s | Cost:722.50
LS: BlockRelocate | Count: 0 | TotalTime:0.004s | Cost:722.50
LS: PDPairExchange | Count: 0 | TotalTime:0.001s | Cost:8853.24
LS: PDPairExchange | Count: 0 | TotalTime:0.000s | Cost:8853.24
LS: BlockRelocate | Count: 1 | TotalTime:0.003s | Cost:7325.72
LS: BlockRelocate | Count: 1 | TotalTime:0.002s | Cost:722.50
LS: BlockExchange | Count: 1 | TotalTime:0.000s | Cost:13358.85
LS: BlockExchange | Count: 0 | TotalTime:0.001s | Cost:17750.96
Generation 2: Best = 722.50, Worst = 23598.30, Avg = 18359.09, Time: 0.1427605152130127
LS: BlockRelocate | Count: 0 | TotalTime:0.005s | Cost:722.50
LS: BlockRelocate | Count: 0 | TotalTime:0.005s | Cost:722.50
LS: mPDG | Count: 0 | TotalTime:0.001s | Cost:722.50
LS: mPDG | Count: 0 | TotalTime:0.002s | Cost:722.50
LS: BlockRelocate | Count: 0 | TotalTime:0.005s | Cost:722.50
LS: BlockRelocate | Count: 0 | TotalTime:0.005s | Cost:722.50
LS: BlockRelocate | Count: 1 | TotalTime:0.003s | Cost:722.50
LS: PDPairExchange | Count: 0 | TotalTime:0.001s | Cost:8853.24
LS: PDPairExchange | Count: 0 | TotalTime:0.001s | Cost:8853.24
LS: BlockExchange | Count: 1 | TotalTime:0.000s | Cost:11086.63
LS: BlockExchange | Count: 0 | TotalTime:0.001s | Cost:17750.96
Generation 3: Best = 722.50, Worst = 23598.30, Avg = 18137.20, Time: 0.15838170051574707
LS: BlockExchange | Count: 0 | TotalTime:0.000s | Cost:722.50
LS: BlockRelocate | Count: 0 | TotalTime:0.005s | Cost:722.50
LS: mPDG | Count: 0 | TotalTime:0.001s | Cost:722.50
LS: mPDG | Count: 0 | TotalTime:0.002s | Cost:722.50
LS: BlockRelocate | Count: 0 | TotalTime:0.006s | Cost:722.50
LS: BlockRelocate | Count: 0 | TotalTime:0.005s | Cost:722.50
LS: BlockRelocate | Count: 0 | TotalTime:0.005s | Cost:722.50
LS: PDPairExchange | Count: 0 | TotalTime:0.001s | Cost:8853.24
LS: PDPairExchange | Count: 0 | TotalTime:0.001s | Cost:8853.24
LS: BlockExchange | Count: 0 | TotalTime:0.001s | Cost:11086.63
LS: BlockExchange | Count: 0 | TotalTime:0.001s | Cost:17750.96
Generation 4: Best = 722.50, Worst = 23598.30, Avg = 18132.62, Time: 0.14864444732666016
Stopping early due to lack of improvement.
Total runtime: 1.29s (0.0 minutes)
Total GA runtime: 0.60s (0.0 minutes)

The solution initialized by Cheapest Insertion:
V_1:[d19_0549590018-19] V_2:[p4_0601510020-1 d4_0601510020-4 d4_0632150023-4] V_3:[p1_0634010024-1 d1_0634010024-1] V_4:[d1_0548000017-1 d1_0557370019-1 d3_0549590018-22 d1_0531570015-1 d1_0531500014-1 p1_0644260026-1 p1_0644040025-1 p1_0630410022-1 d1_0630410022-1 d1_0644040025-1 d1_0644260026-1] V_5:[p4_0436090013-1 d4_0436090013-4 p1_0626070021-1 p1_0656120027-1 d1_0656120027-1 d1_0626070021-1]
The fitness value before EA: 722.5
V_1:[d19_0549590018-19] V_2:[p4_0601510020-1 d4_0601510020-4 d4_0632150023-4] V_3:[p1_0634010024-1 d1_0634010024-1] V_4:[d1_0548000017-1 d1_0557370019-1 d3_0549590018-22 d1_0531570015-1 d1_0531500014-1 p1_0644260026-1 p1_0644040025-1 p1_0630410022-1 d1_0630410022-1 d1_0644040025-1 d1_0644260026-1] V_5:[p4_0436090013-1 d4_0436090013-4 p1_0626070021-1 p1_0656120027-1 d1_0656120027-1 d1_0626070021-1]
The fitness value after EA: 722.5

Thoi gian thuc hien thuat toan:  1.2882580757141113
SUCCESS

2025-11-04 16:09:58,661 [simulate_environment.py | 256] INFO: 2025-11-04 07:30:00, Item 0436090013-1: state = 1 < 2, we can not finish the simulation
2025-11-04 16:09:58,662 [simulate_environment.py | 99] INFO: **************************************************
2025-11-04 16:09:58,662 [simulate_environment.py | 103] INFO: cur time: 2025-11-04 07:40:00, pre time: 2025-11-04 07:30:00
2025-11-04 16:09:58,662 [simulate_environment.py | 140] INFO: Start to update the input of 2025-11-04 07:40:00
2025-11-04 16:09:58,662 [simulate_environment.py | 167] INFO: Get 14 unallocated order items, 29 ongoing order items, 53 completed order items
2025-11-04 16:10:00,129 [simulate_environment.py | 234] INFO: 
LS: PDPairExchange | Count: 0 | TotalTime:0.000s | Cost:722.50
LS: mPDG | Count: 1 | TotalTime:0.002s | Cost:8853.24
LS: mPDG | Count: 1 | TotalTime:0.002s | Cost:8914.35
LS: mPDG | Count: 1 | TotalTime:0.002s | Cost:8914.35
LS: PDPairExchange | Count: 0 | TotalTime:0.001s | Cost:13323.06
LS: mPDG | Count: 1 | TotalTime:0.002s | Cost:8914.35
LS: BlockExchange | Count: 1 | TotalTime:0.000s | Cost:9928.24
LS: mPDG | Count: 1 | TotalTime:0.002s | Cost:8914.35
LS: BlockRelocate | Count: 1 | TotalTime:0.003s | Cost:4817.32
LS: BlockRelocate | Count: 1 | TotalTime:0.003s | Cost:4817.32
LS: mPDG | Count: 1 | TotalTime:0.002s | Cost:8914.35
Generation 1: Best = 722.50, Worst = 21354.04, Avg = 12409.78, Time: 0.1207115650177002
LS: BlockExchange | Count: 0 | TotalTime:0.000s | Cost:722.50
LS: BlockRelocate | Count: 0 | TotalTime:0.005s | Cost:4817.32
LS: BlockRelocate | Count: 0 | TotalTime:0.004s | Cost:4817.32
LS: mPDG | Count: 1 | TotalTime:0.002s | Cost:722.50
LS: mPDG | Count: 1 | TotalTime:0.002s | Cost:722.50
LS: mPDG | Count: 1 | TotalTime:0.002s | Cost:722.50
LS: mPDG | Count: 1 | TotalTime:0.002s | Cost:722.50
LS: mPDG | Count: 1 | TotalTime:0.002s | Cost:722.50
LS: mPDG | Count: 1 | TotalTime:0.002s | Cost:722.50
LS: BlockExchange | Count: 1 | TotalTime:0.000s | Cost:8914.35
LS: BlockExchange | Count: 1 | TotalTime:0.000s | Cost:9928.24
Generation 2: Best = 722.50, Worst = 13323.06, Avg = 10497.59, Time: 0.12090325355529785
LS: BlockExchange | Count: 0 | TotalTime:0.000s | Cost:722.50
LS: mPDG | Count: 0 | TotalTime:0.001s | Cost:722.50
LS: mPDG | Count: 0 | TotalTime:0.001s | Cost:722.50
LS: mPDG | Count: 0 | TotalTime:0.001s | Cost:722.50
LS: mPDG | Count: 0 | TotalTime:0.002s | Cost:722.50
LS: mPDG | Count: 0 | TotalTime:0.001s | Cost:722.50
LS: mPDG | Count: 0 | TotalTime:0.001s | Cost:722.50
LS: BlockRelocate | Count: 0 | TotalTime:0.005s | Cost:4817.32
LS: BlockRelocate | Count: 0 | TotalTime:0.005s | Cost:4817.32
LS: BlockExchange | Count: 0 | TotalTime:0.001s | Cost:8914.35
LS: BlockExchange | Count: 1 | TotalTime:0.000s | Cost:8914.35
Generation 3: Best = 722.50, Worst = 13323.06, Avg = 10472.24, Time: 0.1367206573486328
LS: BlockExchange | Count: 0 | TotalTime:0.000s | Cost:722.50
LS: mPDG | Count: 0 | TotalTime:0.001s | Cost:722.50
LS: mPDG | Count: 0 | TotalTime:0.001s | Cost:722.50
LS: mPDG | Count: 0 | TotalTime:0.001s | Cost:722.50
LS: mPDG | Count: 0 | TotalTime:0.002s | Cost:722.50
LS: mPDG | Count: 0 | TotalTime:0.001s | Cost:722.50
LS: mPDG | Count: 0 | TotalTime:0.001s | Cost:722.50
LS: BlockRelocate | Count: 0 | TotalTime:0.004s | Cost:4817.32
LS: BlockRelocate | Count: 0 | TotalTime:0.004s | Cost:4817.32
LS: BlockExchange | Count: 0 | TotalTime:0.000s | Cost:8914.35
LS: BlockExchange | Count: 0 | TotalTime:0.000s | Cost:8914.35
Generation 4: Best = 722.50, Worst = 13323.06, Avg = 10472.24, Time: 0.13505148887634277
Stopping early due to lack of improvement.
Total runtime: 1.19s (0.0 minutes)
Total GA runtime: 0.51s (0.0 minutes)

The solution initialized by Cheapest Insertion:
V_1:[d19_0549590018-19] V_2:[p4_0601510020-1 d4_0601510020-4 d4_0632150023-4] V_3:[p1_0634010024-1 d1_0634010024-1] V_4:[d1_0557370019-1 d3_0549590018-22 d1_0531570015-1 d1_0531500014-1 p1_0644260026-1 p1_0644040025-1 p1_0630410022-1 d1_0630410022-1 d1_0644040025-1 d1_0644260026-1] V_5:[p4_0436090013-1 d4_0436090013-4 p1_0626070021-1 p1_0656120027-1 d1_0656120027-1 d1_0626070021-1]
The fitness value before EA: 722.5
V_1:[d19_0549590018-19] V_2:[p4_0601510020-1 d4_0601510020-4 d4_0632150023-4] V_3:[p1_0634010024-1 d1_0634010024-1] V_4:[d1_0557370019-1 d3_0549590018-22 d1_0531570015-1 d1_0531500014-1 p1_0644260026-1 p1_0644040025-1 p1_0630410022-1 d1_0630410022-1 d1_0644040025-1 d1_0644260026-1] V_5:[p4_0436090013-1 d4_0436090013-4 p1_0626070021-1 p1_0656120027-1 d1_0656120027-1 d1_0626070021-1]
The fitness value after EA: 722.5

Thoi gian thuc hien thuat toan:  1.1946747303009033
SUCCESS

2025-11-04 16:10:00,130 [simulate_environment.py | 256] INFO: 2025-11-04 07:40:00, Item 0436090013-1: state = 1 < 2, we can not finish the simulation
2025-11-04 16:10:00,130 [simulate_environment.py | 99] INFO: **************************************************
2025-11-04 16:10:00,131 [simulate_environment.py | 103] INFO: cur time: 2025-11-04 07:50:00, pre time: 2025-11-04 07:40:00
2025-11-04 16:10:00,131 [simulate_environment.py | 140] INFO: Start to update the input of 2025-11-04 07:50:00
2025-11-04 16:10:00,131 [simulate_environment.py | 167] INFO: Get 18 unallocated order items, 33 ongoing order items, 53 completed order items
2025-11-04 16:10:01,723 [simulate_environment.py | 234] INFO: 
LS: BlockExchange | Count: 0 | TotalTime:0.001s | Cost:8814.65
LS: BlockExchange | Count: 1 | TotalTime:0.001s | Cost:27644.53
LS: BlockRelocate | Count: 1 | TotalTime:0.000s | Cost:27146.26
LS: BlockExchange | Count: 1 | TotalTime:0.000s | Cost:44746.71
LS: BlockRelocate | Count: 1 | TotalTime:0.003s | Cost:23645.76
LS: BlockExchange | Count: 0 | TotalTime:0.001s | Cost:46178.82
LS: mPDG | Count: 1 | TotalTime:0.002s | Cost:29915.07
LS: BlockRelocate | Count: 1 | TotalTime:0.002s | Cost:25879.16
LS: BlockRelocate | Count: 1 | TotalTime:0.002s | Cost:51515.77
LS: mPDG | Count: 1 | TotalTime:0.003s | Cost:44979.28
LS: mPDG | Count: 1 | TotalTime:0.003s | Cost:44979.28
Generation 1: Best = 8814.65, Worst = 96199.35, Avg = 63387.88, Time: 0.15171575546264648
LS: BlockRelocate | Count: 0 | TotalTime:0.006s | Cost:8814.65
LS: BlockRelocate | Count: 1 | TotalTime:0.002s | Cost:15181.69
LS: BlockRelocate | Count: 1 | TotalTime:0.004s | Cost:25715.27
LS: BlockRelocate | Count: 1 | TotalTime:0.002s | Cost:21598.54
LS: BlockExchange | Count: 0 | TotalTime:0.002s | Cost:27644.53
LS: mPDG | Count: 1 | TotalTime:0.003s | Cost:21451.00
LS: BlockExchange | Count: 1 | TotalTime:0.000s | Cost:42516.15
LS: mPDG | Count: 0 | TotalTime:0.002s | Cost:44979.28
LS: mPDG | Count: 0 | TotalTime:0.003s | Cost:44979.28
LS: BlockExchange | Count: 0 | TotalTime:0.000s | Cost:46178.82
LS: BlockRelocate | Count: 1 | TotalTime:0.006s | Cost:44614.09
Generation 2: Best = 8814.65, Worst = 51740.77, Avg = 46099.31, Time: 0.15790653228759766
LS: mPDG | Count: 0 | TotalTime:0.002s | Cost:8814.65
LS: BlockRelocate | Count: 0 | TotalTime:0.007s | Cost:15181.69
LS: mPDG | Count: 1 | TotalTime:0.002s | Cost:8814.65
LS: BlockRelocate | Count: 1 | TotalTime:0.003s | Cost:20951.32
LS: BlockRelocate | Count: 1 | TotalTime:0.003s | Cost:15017.80
LS: BlockExchange | Count: 0 | TotalTime:0.001s | Cost:27644.53
LS: BlockExchange | Count: 1 | TotalTime:0.000s | Cost:41982.56
LS: BlockRelocate | Count: 1 | TotalTime:0.000s | Cost:42380.70
LS: mPDG | Count: 0 | TotalTime:0.002s | Cost:44979.28
LS: mPDG | Count: 0 | TotalTime:0.002s | Cost:44979.28
LS: mPDG | Count: 1 | TotalTime:0.002s | Cost:23986.97
Generation 3: Best = 8814.65, Worst = 51740.77, Avg = 44390.74, Time: 0.16200947761535645
LS: BlockExchange | Count: 0 | TotalTime:0.001s | Cost:8814.65
LS: mPDG | Count: 0 | TotalTime:0.002s | Cost:8814.65
LS: BlockRelocate | Count: 0 | TotalTime:0.006s | Cost:15017.80
LS: BlockRelocate | Count: 0 | TotalTime:0.006s | Cost:15181.69
LS: BlockRelocate | Count: 1 | TotalTime:0.007s | Cost:15417.87
LS: mPDG | Count: 1 | TotalTime:0.002s | Cost:13831.23
LS: BlockExchange | Count: 0 | TotalTime:0.001s | Cost:27644.53
LS: BlockExchange | Count: 1 | TotalTime:0.000s | Cost:41121.55
LS: BlockRelocate | Count: 1 | TotalTime:0.004s | Cost:27241.15
LS: mPDG | Count: 0 | TotalTime:0.002s | Cost:44979.28
LS: mPDG | Count: 0 | TotalTime:0.002s | Cost:44979.28
Generation 4: Best = 8814.65, Worst = 51740.77, Avg = 43539.68, Time: 0.16658878326416016
Stopping early due to lack of improvement.
Total runtime: 1.32s (0.0 minutes)
Total GA runtime: 0.64s (0.0 minutes)

The solution initialized by Cheapest Insertion:
V_1:[d19_0549590018-19] V_2:[p4_0601510020-1 d4_0601510020-4 p8_0747110028-1 d8_0747110028-8 d4_0632150023-4] V_3:[p1_0634010024-1 d1_0634010024-1] V_4:[d1_0557370019-1 d3_0549590018-22 d1_0531570015-1 d1_0531500014-1 p1_0644260026-1 p1_0644040025-1 p1_0630410022-1 d1_0630410022-1 d1_0644040025-1 d1_0644260026-1] V_5:[d4_0436090013-4 p1_0626070021-1 p1_0656120027-1 d1_0656120027-1 d1_0626070021-1]
The fitness value before EA: 8814.646666666666
V_1:[d19_0549590018-19] V_2:[p4_0601510020-1 d4_0601510020-4 p8_0747110028-1 d8_0747110028-8 d4_0632150023-4] V_3:[p1_0634010024-1 d1_0634010024-1] V_4:[d1_0557370019-1 d3_0549590018-22 d1_0531570015-1 d1_0531500014-1 p1_0644260026-1 p1_0644040025-1 p1_0630410022-1 d1_0630410022-1 d1_0644040025-1 d1_0644260026-1] V_5:[d4_0436090013-4 p1_0626070021-1 p1_0656120027-1 d1_0656120027-1 d1_0626070021-1]
The fitness value after EA: 8814.646666666666

Thoi gian thuc hien thuat toan:  1.3181483745574951
SUCCESS

2025-11-04 16:10:01,724 [simulate_environment.py | 256] INFO: 2025-11-04 07:50:00, Item 0601510020-1: state = 1 < 2, we can not finish the simulation
2025-11-04 16:10:01,724 [simulate_environment.py | 99] INFO: **************************************************
2025-11-04 16:10:01,725 [simulate_environment.py | 103] INFO: cur time: 2025-11-04 08:00:00, pre time: 2025-11-04 07:50:00
2025-11-04 16:10:01,725 [simulate_environment.py | 140] INFO: Start to update the input of 2025-11-04 08:00:00
2025-11-04 16:10:01,725 [simulate_environment.py | 167] INFO: Get 18 unallocated order items, 33 ongoing order items, 53 completed order items
2025-11-04 16:10:06,252 [simulate_environment.py | 234] INFO: 
LS: BlockExchange | Count: 0 | TotalTime:0.001s | Cost:8809.29
LS: BlockRelocate | Count: 1 | TotalTime:0.004s | Cost:25837.75
LS: mPDG | Count: 1 | TotalTime:0.002s | Cost:20225.99
LS: BlockRelocate | Count: 1 | TotalTime:0.005s | Cost:28637.95
LS: BlockRelocate | Count: 1 | TotalTime:0.001s | Cost:26976.52
LS: mPDG | Count: 1 | TotalTime:0.002s | Cost:29281.87
LS: mPDG | Count: 1 | TotalTime:0.002s | Cost:28771.20
LS: BlockExchange | Count: 1 | TotalTime:0.000s | Cost:30812.69
LS: BlockRelocate | Count: 1 | TotalTime:0.001s | Cost:21593.18
LS: PDPairExchange | Count: 1 | TotalTime:0.000s | Cost:43651.82
LS: BlockRelocate | Count: 1 | TotalTime:0.001s | Cost:41513.33
Generation 1: Best = 8809.29, Worst = 77215.95, Avg = 56482.04, Time: 0.1486196517944336
LS: BlockRelocate | Count: 0 | TotalTime:0.006s | Cost:8809.29
LS: mPDG | Count: 1 | TotalTime:0.002s | Cost:13825.87
LS: BlockRelocate | Count: 1 | TotalTime:0.001s | Cost:20745.84
LS: BlockRelocate | Count: 1 | TotalTime:0.002s | Cost:20945.96
LS: BlockRelocate | Count: 1 | TotalTime:0.004s | Cost:14951.33
LS: BlockRelocate | Count: 1 | TotalTime:0.002s | Cost:20446.10
LS: mPDG | Count: 1 | TotalTime:0.002s | Cost:22768.24
LS: mPDG | Count: 1 | TotalTime:0.002s | Cost:13825.87
LS: BlockExchange | Count: 1 | TotalTime:0.001s | Cost:29979.10
LS: BlockRelocate | Count: 1 | TotalTime:0.000s | Cost:15712.82
LS: mPDG | Count: 1 | TotalTime:0.003s | Cost:40812.95
Generation 2: Best = 8809.29, Worst = 53179.90, Avg = 40909.41, Time: 0.14984130859375
LS: BlockExchange | Count: 0 | TotalTime:0.001s | Cost:8809.29
LS: mPDG | Count: 0 | TotalTime:0.002s | Cost:13825.87
LS: mPDG | Count: 0 | TotalTime:0.002s | Cost:13825.87
LS: BlockRelocate | Count: 0 | TotalTime:0.006s | Cost:14951.33
LS: BlockRelocate | Count: 0 | TotalTime:0.007s | Cost:15712.82
LS: BlockRelocate | Count: 1 | TotalTime:0.001s | Cost:8809.29
LS: BlockRelocate | Count: 1 | TotalTime:0.001s | Cost:20446.10
LS: BlockRelocate | Count: 1 | TotalTime:0.003s | Cost:15412.51
LS: mPDG | Count: 0 | TotalTime:0.002s | Cost:22768.24
LS: BlockExchange | Count: 0 | TotalTime:0.001s | Cost:29979.10
LS: mPDG | Count: 1 | TotalTime:0.002s | Cost:35290.34
Generation 3: Best = 8809.29, Worst = 49627.08, Avg = 37763.63, Time: 0.17492079734802246
LS: BlockRelocate | Count: 0 | TotalTime:0.006s | Cost:8809.29
LS: BlockRelocate | Count: 0 | TotalTime:0.006s | Cost:8809.29
LS: mPDG | Count: 0 | TotalTime:0.002s | Cost:13825.87
LS: mPDG | Count: 0 | TotalTime:0.002s | Cost:13825.87
LS: BlockRelocate | Count: 0 | TotalTime:0.006s | Cost:14951.33
LS: BlockRelocate | Count: 1 | TotalTime:0.002s | Cost:8809.29
LS: BlockRelocate | Count: 0 | TotalTime:0.007s | Cost:15712.82
LS: BlockRelocate | Count: 1 | TotalTime:0.001s | Cost:15412.51
LS: mPDG | Count: 0 | TotalTime:0.003s | Cost:22768.24
LS: BlockExchange | Count: 0 | TotalTime:0.001s | Cost:29979.10
LS: mPDG | Count: 0 | TotalTime:0.002s | Cost:35290.34
Generation 4: Best = 8809.29, Worst = 49443.74, Avg = 35863.71, Time: 0.17318964004516602
Stopping early due to lack of improvement.
Total runtime: 4.26s (0.1 minutes)
Total GA runtime: 0.65s (0.0 minutes)

The solution initialized by Cheapest Insertion:
V_1:[d19_0549590018-19] V_2:[p4_0601510020-1 d4_0601510020-4 p8_0747110028-1 d8_0747110028-8 d4_0632150023-4] V_3:[p1_0634010024-1 d1_0634010024-1] V_4:[d1_0557370019-1 d3_0549590018-22 d1_0531570015-1 d1_0531500014-1 p1_0644260026-1 p1_0644040025-1 p1_0630410022-1 d1_0630410022-1 d1_0644040025-1 d1_0644260026-1] V_5:[d4_0436090013-4 p1_0626070021-1 p1_0656120027-1 d1_0656120027-1 d1_0626070021-1]
The fitness value before EA: 8809.286666666667
V_1:[d19_0549590018-19] V_2:[p4_0601510020-1 d4_0601510020-4 p8_0747110028-1 d8_0747110028-8 d4_0632150023-4] V_3:[p1_0634010024-1 d1_0634010024-1] V_4:[d1_0557370019-1 d3_0549590018-22 d1_0531570015-1 d1_0531500014-1 p1_0644260026-1 p1_0644040025-1 p1_0630410022-1 d1_0630410022-1 d1_0644040025-1 d1_0644260026-1] V_5:[d4_0436090013-4 p1_0626070021-1 p1_0656120027-1 d1_0656120027-1 d1_0626070021-1]
The fitness value after EA: 8809.286666666667

Thoi gian thuc hien thuat toan:  4.264400959014893
SUCCESS

2025-11-04 16:10:06,253 [simulate_environment.py | 256] INFO: 2025-11-04 08:00:00, Item 0601510020-1: state = 1 < 2, we can not finish the simulation
2025-11-04 16:10:06,254 [simulate_environment.py | 99] INFO: **************************************************
2025-11-04 16:10:06,254 [simulate_environment.py | 103] INFO: cur time: 2025-11-04 08:10:00, pre time: 2025-11-04 08:00:00
2025-11-04 16:10:06,254 [simulate_environment.py | 140] INFO: Start to update the input of 2025-11-04 08:10:00
2025-11-04 16:10:06,254 [simulate_environment.py | 167] INFO: Get 14 unallocated order items, 36 ongoing order items, 54 completed order items
2025-11-04 16:10:07,768 [simulate_environment.py | 234] INFO: 
LS: mPDG | Count: 0 | TotalTime:0.002s | Cost:8808.59
LS: PDPairExchange | Count: 1 | TotalTime:0.000s | Cost:18020.68
LS: PDPairExchange | Count: 1 | TotalTime:0.000s | Cost:28576.14
LS: PDPairExchange | Count: 1 | TotalTime:0.000s | Cost:26850.94
LS: BlockExchange | Count: 1 | TotalTime:0.000s | Cost:28562.31
LS: mPDG | Count: 1 | TotalTime:0.002s | Cost:22978.53
LS: BlockExchange | Count: 1 | TotalTime:0.000s | Cost:33248.16
LS: mPDG | Count: 1 | TotalTime:0.002s | Cost:27678.46
LS: BlockRelocate | Count: 1 | TotalTime:0.003s | Cost:28831.61
LS: BlockRelocate | Count: 1 | TotalTime:0.001s | Cost:47012.79
LS: PDPairExchange | Count: 1 | TotalTime:0.000s | Cost:58193.66
Generation 1: Best = 8808.59, Worst = 93751.56, Avg = 58786.70, Time: 0.13634562492370605
LS: PDPairExchange | Count: 0 | TotalTime:0.001s | Cost:8808.59
LS: PDPairExchange | Count: 0 | TotalTime:0.001s | Cost:18020.68
LS: mPDG | Count: 1 | TotalTime:0.002s | Cost:8808.59
LS: PDPairExchange | Count: 1 | TotalTime:0.000s | Cost:26789.83
LS: mPDG | Count: 1 | TotalTime:0.002s | Cost:17000.44
LS: BlockExchange | Count: 1 | TotalTime:0.000s | Cost:27342.86
LS: PDPairExchange | Count: 0 | TotalTime:0.001s | Cost:28576.14
LS: BlockRelocate | Count: 1 | TotalTime:0.001s | Cost:18095.32
LS: BlockExchange | Count: 0 | TotalTime:0.001s | Cost:33248.16
LS: BlockRelocate | Count: 1 | TotalTime:0.003s | Cost:20445.40
LS: PDPairExchange | Count: 1 | TotalTime:0.000s | Cost:54260.07
Generation 2: Best = 8808.59, Worst = 70887.67, Avg = 53246.54, Time: 0.13858604431152344
LS: PDPairExchange | Count: 0 | TotalTime:0.001s | Cost:8808.59
LS: mPDG | Count: 0 | TotalTime:0.002s | Cost:8808.59
LS: mPDG | Count: 1 | TotalTime:0.002s | Cost:8808.59
LS: PDPairExchange | Count: 0 | TotalTime:0.001s | Cost:18020.68
LS: BlockRelocate | Count: 1 | TotalTime:0.005s | Cost:15542.04
LS: BlockRelocate | Count: 1 | TotalTime:0.001s | Cost:15411.81
LS: PDPairExchange | Count: 0 | TotalTime:0.001s | Cost:26789.83
LS: BlockExchange | Count: 1 | TotalTime:0.000s | Cost:21409.15
LS: PDPairExchange | Count: 0 | TotalTime:0.001s | Cost:28576.14
LS: BlockExchange | Count: 1 | TotalTime:0.001s | Cost:31037.05
LS: BlockRelocate | Count: 1 | TotalTime:0.003s | Cost:38765.02
Generation 3: Best = 8808.59, Worst = 70887.67, Avg = 51430.64, Time: 0.14023399353027344
LS: PDPairExchange | Count: 0 | TotalTime:0.001s | Cost:8808.59
LS: mPDG | Count: 0 | TotalTime:0.002s | Cost:8808.59
LS: mPDG | Count: 0 | TotalTime:0.002s | Cost:8808.59
LS: BlockRelocate | Count: 1 | TotalTime:0.001s | Cost:8808.59
LS: BlockRelocate | Count: 1 | TotalTime:0.004s | Cost:8808.59
LS: PDPairExchange | Count: 0 | TotalTime:0.001s | Cost:18020.68
LS: BlockExchange | Count: 1 | TotalTime:0.000s | Cost:18014.32
LS: PDPairExchange | Count: 0 | TotalTime:0.001s | Cost:26789.83
LS: PDPairExchange | Count: 0 | TotalTime:0.001s | Cost:28576.14
LS: BlockExchange | Count: 0 | TotalTime:0.001s | Cost:31037.05
LS: BlockRelocate | Count: 1 | TotalTime:0.001s | Cost:12964.52
Generation 4: Best = 8808.59, Worst = 62592.84, Avg = 48821.97, Time: 0.15516328811645508
Stopping early due to lack of improvement.
Total runtime: 1.26s (0.0 minutes)
Total GA runtime: 0.57s (0.0 minutes)

The solution initialized by Cheapest Insertion:
V_1:[d19_0549590018-19] V_2:[d4_0601510020-4 p8_0747110028-1 d8_0747110028-8 d4_0632150023-4] V_3:[p1_0634010024-1 d1_0634010024-1] V_4:[d3_0549590018-22 d1_0531570015-1 d1_0531500014-1 p1_0644260026-1 p1_0644040025-1 p1_0630410022-1 d1_0630410022-1 d1_0644040025-1 d1_0644260026-1] V_5:[d4_0436090013-4 p1_0626070021-1 p1_0656120027-1 d1_0656120027-1 d1_0626070021-1]
The fitness value before EA: 8808.586666666666
V_1:[d19_0549590018-19] V_2:[d4_0601510020-4 p8_0747110028-1 d8_0747110028-8 d4_0632150023-4] V_3:[p1_0634010024-1 d1_0634010024-1] V_4:[d3_0549590018-22 d1_0531570015-1 d1_0531500014-1 p1_0644260026-1 p1_0644040025-1 p1_0630410022-1 d1_0630410022-1 d1_0644040025-1 d1_0644260026-1] V_5:[d4_0436090013-4 p1_0626070021-1 p1_0656120027-1 d1_0656120027-1 d1_0626070021-1]
The fitness value after EA: 8808.586666666666

Thoi gian thuc hien thuat toan:  1.257401943206787
SUCCESS

2025-11-04 16:10:07,770 [simulate_environment.py | 256] INFO: 2025-11-04 08:10:00, Item 0626070021-1: state = 1 < 2, we can not finish the simulation
2025-11-04 16:10:07,770 [simulate_environment.py | 99] INFO: **************************************************
2025-11-04 16:10:07,770 [simulate_environment.py | 103] INFO: cur time: 2025-11-04 08:20:00, pre time: 2025-11-04 08:10:00
2025-11-04 16:10:07,770 [simulate_environment.py | 140] INFO: Start to update the input of 2025-11-04 08:20:00
2025-11-04 16:10:07,771 [simulate_environment.py | 167] INFO: Get 14 unallocated order items, 36 ongoing order items, 54 completed order items
2025-11-04 16:10:09,304 [simulate_environment.py | 234] INFO: 
LS: BlockRelocate | Count: 0 | TotalTime:0.005s | Cost:8808.59
LS: mPDG | Count: 1 | TotalTime:0.002s | Cost:18095.32
LS: BlockRelocate | Count: 1 | TotalTime:0.000s | Cost:23700.82
LS: BlockRelocate | Count: 1 | TotalTime:0.002s | Cost:21592.48
LS: mPDG | Count: 1 | TotalTime:0.002s | Cost:16939.32
LS: BlockRelocate | Count: 1 | TotalTime:0.001s | Cost:28511.73
LS: mPDG | Count: 1 | TotalTime:0.002s | Cost:33103.66
LS: PDPairExchange | Count: 1 | TotalTime:0.001s | Cost:34109.49
LS: BlockRelocate | Count: 1 | TotalTime:0.001s | Cost:33889.32
LS: mPDG | Count: 1 | TotalTime:0.002s | Cost:19211.55
LS: mPDG | Count: 1 | TotalTime:0.002s | Cost:43506.72
Generation 1: Best = 8808.59, Worst = 93690.45, Avg = 57634.65, Time: 0.13719391822814941
LS: mPDG | Count: 0 | TotalTime:0.002s | Cost:8808.59
LS: mPDG | Count: 1 | TotalTime:0.002s | Cost:8808.59
LS: mPDG | Count: 1 | TotalTime:0.002s | Cost:8808.59
LS: mPDG | Count: 1 | TotalTime:0.002s | Cost:8808.59
LS: BlockRelocate | Count: 1 | TotalTime:0.001s | Cost:20925.82
LS: BlockRelocate | Count: 1 | TotalTime:0.001s | Cost:23475.82
LS: BlockRelocate | Count: 1 | TotalTime:0.002s | Cost:16855.93
LS: mPDG | Count: 1 | TotalTime:0.002s | Cost:24578.47
LS: BlockRelocate | Count: 1 | TotalTime:0.002s | Cost:26091.92
LS: PDPairExchange | Count: 1 | TotalTime:0.000s | Cost:31817.82
LS: mPDG | Count: 1 | TotalTime:0.002s | Cost:35375.98
Generation 2: Best = 8808.59, Worst = 65248.52, Avg = 51212.60, Time: 0.14304089546203613
LS: PDPairExchange | Count: 0 | TotalTime:0.001s | Cost:8808.59
LS: mPDG | Count: 0 | TotalTime:0.002s | Cost:8808.59
LS: mPDG | Count: 0 | TotalTime:0.002s | Cost:8808.59
LS: mPDG | Count: 0 | TotalTime:0.002s | Cost:8808.59
LS: BlockRelocate | Count: 1 | TotalTime:0.003s | Cost:15542.04
LS: BlockRelocate | Count: 1 | TotalTime:0.001s | Cost:20839.90
LS: BlockRelocate | Count: 1 | TotalTime:0.005s | Cost:14950.63
LS: mPDG | Count: 0 | TotalTime:0.002s | Cost:24578.47
LS: BlockRelocate | Count: 1 | TotalTime:0.003s | Cost:17950.25
LS: PDPairExchange | Count: 0 | TotalTime:0.001s | Cost:31817.82
LS: mPDG | Count: 0 | TotalTime:0.002s | Cost:35375.98
Generation 3: Best = 8808.59, Worst = 64640.07, Avg = 48600.89, Time: 0.14388656616210938
LS: mPDG | Count: 0 | TotalTime:0.002s | Cost:8808.59
LS: mPDG | Count: 0 | TotalTime:0.002s | Cost:8808.59
LS: mPDG | Count: 0 | TotalTime:0.002s | Cost:8808.59
LS: mPDG | Count: 0 | TotalTime:0.002s | Cost:8808.59
LS: BlockRelocate | Count: 0 | TotalTime:0.005s | Cost:14950.63
LS: BlockRelocate | Count: 1 | TotalTime:0.002s | Cost:8808.59
LS: BlockRelocate | Count: 1 | TotalTime:0.002s | Cost:8808.59
LS: BlockRelocate | Count: 0 | TotalTime:0.005s | Cost:20839.90
LS: mPDG | Count: 0 | TotalTime:0.003s | Cost:24578.47
LS: PDPairExchange | Count: 0 | TotalTime:0.001s | Cost:31817.82
LS: mPDG | Count: 0 | TotalTime:0.002s | Cost:35375.98
Generation 4: Best = 8808.59, Worst = 62592.84, Avg = 47111.79, Time: 0.1524813175201416
Stopping early due to lack of improvement.
Total runtime: 1.27s (0.0 minutes)
Total GA runtime: 0.58s (0.0 minutes)

The solution initialized by Cheapest Insertion:
V_1:[d19_0549590018-19] V_2:[d4_0601510020-4 p8_0747110028-1 d8_0747110028-8 d4_0632150023-4] V_3:[p1_0634010024-1 d1_0634010024-1] V_4:[d3_0549590018-22 d1_0531570015-1 d1_0531500014-1 p1_0644260026-1 p1_0644040025-1 p1_0630410022-1 d1_0630410022-1 d1_0644040025-1 d1_0644260026-1] V_5:[d4_0436090013-4 p1_0626070021-1 p1_0656120027-1 d1_0656120027-1 d1_0626070021-1]
The fitness value before EA: 8808.586666666666
V_1:[d19_0549590018-19] V_2:[d4_0601510020-4 p8_0747110028-1 d8_0747110028-8 d4_0632150023-4] V_3:[p1_0634010024-1 d1_0634010024-1] V_4:[d3_0549590018-22 d1_0531570015-1 d1_0531500014-1 p1_0644260026-1 p1_0644040025-1 p1_0630410022-1 d1_0630410022-1 d1_0644040025-1 d1_0644260026-1] V_5:[d4_0436090013-4 p1_0626070021-1 p1_0656120027-1 d1_0656120027-1 d1_0626070021-1]
The fitness value after EA: 8808.586666666666

Thoi gian thuc hien thuat toan:  1.2661538124084473
SUCCESS

2025-11-04 16:10:09,305 [simulate_environment.py | 256] INFO: 2025-11-04 08:20:00, Item 0626070021-1: state = 1 < 2, we can not finish the simulation
2025-11-04 16:10:09,306 [simulate_environment.py | 99] INFO: **************************************************
2025-11-04 16:10:09,306 [simulate_environment.py | 103] INFO: cur time: 2025-11-04 08:30:00, pre time: 2025-11-04 08:20:00
2025-11-04 16:10:09,306 [simulate_environment.py | 140] INFO: Start to update the input of 2025-11-04 08:30:00
2025-11-04 16:10:09,306 [simulate_environment.py | 167] INFO: Get 14 unallocated order items, 36 ongoing order items, 54 completed order items
2025-11-04 16:10:10,805 [simulate_environment.py | 234] INFO: 
LS: BlockExchange | Count: 0 | TotalTime:0.001s | Cost:8808.59
LS: PDPairExchange | Count: 1 | TotalTime:0.000s | Cost:25775.94
LS: BlockExchange | Count: 1 | TotalTime:0.001s | Cost:24248.30
LS: BlockRelocate | Count: 1 | TotalTime:0.001s | Cost:25709.21
LS: BlockRelocate | Count: 1 | TotalTime:0.001s | Cost:24778.73
LS: PDPairExchange | Count: 1 | TotalTime:0.000s | Cost:30809.53
LS: PDPairExchange | Count: 1 | TotalTime:0.000s | Cost:33640.08
LS: BlockRelocate | Count: 1 | TotalTime:0.003s | Cost:23106.79
LS: BlockExchange | Count: 1 | TotalTime:0.000s | Cost:27375.88
LS: PDPairExchange | Count: 1 | TotalTime:0.000s | Cost:32286.99
LS: PDPairExchange | Count: 1 | TotalTime:0.001s | Cost:50415.93
Generation 1: Best = 8808.59, Worst = 75492.92, Avg = 59170.58, Time: 0.12425470352172852
LS: BlockExchange | Count: 0 | TotalTime:0.001s | Cost:8808.59
LS: BlockRelocate | Count: 1 | TotalTime:0.001s | Cost:20445.40
LS: BlockExchange | Count: 1 | TotalTime:0.000s | Cost:21281.63
LS: BlockRelocate | Count: 1 | TotalTime:0.001s | Cost:15411.81
LS: BlockRelocate | Count: 1 | TotalTime:0.003s | Cost:23475.82
LS: PDPairExchange | Count: 0 | TotalTime:0.001s | Cost:25775.94
LS: BlockExchange | Count: 1 | TotalTime:0.000s | Cost:25084.21
LS: PDPairExchange | Count: 0 | TotalTime:0.001s | Cost:30809.53
LS: PDPairExchange | Count: 1 | TotalTime:0.001s | Cost:29392.42
LS: PDPairExchange | Count: 1 | TotalTime:0.001s | Cost:26572.78
LS: PDPairExchange | Count: 1 | TotalTime:0.001s | Cost:48204.82
Generation 2: Best = 8808.59, Worst = 71887.67, Avg = 55172.38, Time: 0.137892484664917
LS: BlockRelocate | Count: 0 | TotalTime:0.005s | Cost:8808.59
LS: BlockRelocate | Count: 1 | TotalTime:0.003s | Cost:8808.59
LS: BlockRelocate | Count: 1 | TotalTime:0.001s | Cost:15411.81
LS: BlockExchange | Count: 1 | TotalTime:0.000s | Cost:19173.30
LS: BlockRelocate | Count: 1 | TotalTime:0.001s | Cost:14950.63
LS: BlockExchange | Count: 1 | TotalTime:0.000s | Cost:19520.32
LS: PDPairExchange | Count: 0 | TotalTime:0.001s | Cost:25775.94
LS: PDPairExchange | Count: 1 | TotalTime:0.000s | Cost:19173.04
LS: PDPairExchange | Count: 0 | TotalTime:0.001s | Cost:29392.42
LS: PDPairExchange | Count: 0 | TotalTime:0.001s | Cost:30809.53
LS: PDPairExchange | Count: 1 | TotalTime:0.000s | Cost:48143.70
Generation 3: Best = 8808.59, Worst = 69029.60, Avg = 53405.64, Time: 0.1441652774810791
LS: BlockRelocate | Count: 0 | TotalTime:0.005s | Cost:8808.59
LS: BlockRelocate | Count: 0 | TotalTime:0.005s | Cost:8808.59
LS: BlockRelocate | Count: 0 | TotalTime:0.005s | Cost:14950.63
LS: BlockRelocate | Count: 1 | TotalTime:0.005s | Cost:8808.59
LS: PDPairExchange | Count: 1 | TotalTime:0.001s | Cost:15411.81
LS: BlockExchange | Count: 1 | TotalTime:0.000s | Cost:16092.36
LS: BlockExchange | Count: 1 | TotalTime:0.000s | Cost:17228.65
LS: PDPairExchange | Count: 0 | TotalTime:0.001s | Cost:25775.94
LS: PDPairExchange | Count: 0 | TotalTime:0.001s | Cost:29392.42
LS: PDPairExchange | Count: 0 | TotalTime:0.001s | Cost:30809.53
LS: mPDG | Count: 1 | TotalTime:0.002s | Cost:40751.14
Generation 4: Best = 8808.59, Worst = 62592.84, Avg = 46463.38, Time: 0.14423418045043945
Stopping early due to lack of improvement.
Total runtime: 1.23s (0.0 minutes)
Total GA runtime: 0.55s (0.0 minutes)

The solution initialized by Cheapest Insertion:
V_1:[d19_0549590018-19] V_2:[d4_0601510020-4 p8_0747110028-1 d8_0747110028-8 d4_0632150023-4] V_3:[p1_0634010024-1 d1_0634010024-1] V_4:[d3_0549590018-22 d1_0531570015-1 d1_0531500014-1 p1_0644260026-1 p1_0644040025-1 p1_0630410022-1 d1_0630410022-1 d1_0644040025-1 d1_0644260026-1] V_5:[d4_0436090013-4 p1_0626070021-1 p1_0656120027-1 d1_0656120027-1 d1_0626070021-1]
The fitness value before EA: 8808.586666666666
V_1:[d19_0549590018-19] V_2:[d4_0601510020-4 p8_0747110028-1 d8_0747110028-8 d4_0632150023-4] V_3:[p1_0634010024-1 d1_0634010024-1] V_4:[d3_0549590018-22 d1_0531570015-1 d1_0531500014-1 p1_0644260026-1 p1_0644040025-1 p1_0630410022-1 d1_0630410022-1 d1_0644040025-1 d1_0644260026-1] V_5:[d4_0436090013-4 p1_0626070021-1 p1_0656120027-1 d1_0656120027-1 d1_0626070021-1]
The fitness value after EA: 8808.586666666666

Thoi gian thuc hien thuat toan:  1.2323005199432373
SUCCESS

2025-11-04 16:10:10,807 [simulate_environment.py | 256] INFO: 2025-11-04 08:30:00, Item 0626070021-1: state = 1 < 2, we can not finish the simulation
2025-11-04 16:10:10,807 [simulate_environment.py | 99] INFO: **************************************************
2025-11-04 16:10:10,807 [simulate_environment.py | 103] INFO: cur time: 2025-11-04 08:40:00, pre time: 2025-11-04 08:30:00
2025-11-04 16:10:10,807 [simulate_environment.py | 140] INFO: Start to update the input of 2025-11-04 08:40:00
2025-11-04 16:10:10,808 [simulate_environment.py | 167] INFO: Get 14 unallocated order items, 32 ongoing order items, 58 completed order items
2025-11-04 16:10:12,317 [simulate_environment.py | 234] INFO: 
LS: PDPairExchange | Count: 0 | TotalTime:0.000s | Cost:8808.47
LS: mPDG | Count: 1 | TotalTime:0.002s | Cost:8808.47
LS: PDPairExchange | Count: 0 | TotalTime:0.001s | Cost:16939.20
LS: PDPairExchange | Count: 1 | TotalTime:0.000s | Cost:19172.60
LS: BlockRelocate | Count: 1 | TotalTime:0.003s | Cost:18095.20
LS: mPDG | Count: 0 | TotalTime:0.002s | Cost:26275.89
LS: mPDG | Count: 1 | TotalTime:0.002s | Cost:16939.20
LS: BlockRelocate | Count: 1 | TotalTime:0.001s | Cost:17645.08
LS: BlockExchange | Count: 1 | TotalTime:0.000s | Cost:17645.08
LS: PDPairExchange | Count: 1 | TotalTime:0.000s | Cost:27678.34
LS: BlockExchange | Count: 0 | TotalTime:0.001s | Cost:39142.42
Generation 1: Best = 8808.47, Worst = 77398.98, Avg = 54358.84, Time: 0.12215685844421387
LS: PDPairExchange | Count: 0 | TotalTime:0.000s | Cost:8808.47
LS: mPDG | Count: 0 | TotalTime:0.001s | Cost:8808.47
LS: mPDG | Count: 1 | TotalTime:0.001s | Cost:8808.47
LS: mPDG | Count: 1 | TotalTime:0.001s | Cost:8808.47
LS: BlockRelocate | Count: 1 | TotalTime:0.003s | Cost:8808.47
LS: BlockExchange | Count: 0 | TotalTime:0.001s | Cost:17645.08
LS: BlockRelocate | Count: 1 | TotalTime:0.000s | Cost:17000.32
LS: PDPairExchange | Count: 0 | TotalTime:0.000s | Cost:19172.60
LS: BlockExchange | Count: 1 | TotalTime:0.000s | Cost:24764.78
LS: PDPairExchange | Count: 0 | TotalTime:0.001s | Cost:27678.34
LS: mPDG | Count: 1 | TotalTime:0.002s | Cost:16939.20
Generation 2: Best = 8808.47, Worst = 77398.98, Avg = 53111.16, Time: 0.13417625427246094
LS: BlockRelocate | Count: 0 | TotalTime:0.005s | Cost:8808.47
LS: mPDG | Count: 0 | TotalTime:0.002s | Cost:8808.47
LS: mPDG | Count: 0 | TotalTime:0.002s | Cost:8808.47
LS: mPDG | Count: 0 | TotalTime:0.002s | Cost:8808.47
LS: BlockRelocate | Count: 0 | TotalTime:0.004s | Cost:8808.47
LS: mPDG | Count: 1 | TotalTime:0.002s | Cost:8808.47
LS: BlockRelocate | Count: 1 | TotalTime:0.000s | Cost:15541.92
LS: BlockExchange | Count: 0 | TotalTime:0.000s | Cost:17645.08
LS: PDPairExchange | Count: 0 | TotalTime:0.001s | Cost:19172.60
LS: BlockExchange | Count: 1 | TotalTime:0.000s | Cost:8808.47
LS: PDPairExchange | Count: 0 | TotalTime:0.001s | Cost:27678.34
Generation 3: Best = 8808.47, Worst = 77398.98, Avg = 52472.52, Time: 0.13413166999816895
LS: mPDG | Count: 0 | TotalTime:0.002s | Cost:8808.47
LS: mPDG | Count: 0 | TotalTime:0.002s | Cost:8808.47
LS: mPDG | Count: 0 | TotalTime:0.002s | Cost:8808.47
LS: mPDG | Count: 0 | TotalTime:0.002s | Cost:8808.47
LS: BlockRelocate | Count: 0 | TotalTime:0.004s | Cost:8808.47
LS: mPDG | Count: 0 | TotalTime:0.002s | Cost:8808.47
LS: BlockExchange | Count: 0 | TotalTime:0.000s | Cost:8808.47
LS: BlockRelocate | Count: 1 | TotalTime:0.004s | Cost:8808.47
LS: BlockExchange | Count: 0 | TotalTime:0.000s | Cost:17645.08
LS: PDPairExchange | Count: 0 | TotalTime:0.001s | Cost:19172.60
LS: PDPairExchange | Count: 0 | TotalTime:0.001s | Cost:27678.34
Generation 4: Best = 8808.47, Worst = 77398.98, Avg = 52132.50, Time: 0.13478517532348633
Stopping early due to lack of improvement.
Total runtime: 1.24s (0.0 minutes)
Total GA runtime: 0.53s (0.0 minutes)

The solution initialized by Cheapest Insertion:
V_1:[d19_0549590018-19] V_2:[d4_0601510020-4 p8_0747110028-1 d8_0747110028-8 d4_0632150023-4] V_3:[p1_0634010024-1 d1_0634010024-1] V_4:[d3_0549590018-22 d1_0531570015-1 d1_0531500014-1 p1_0644260026-1 p1_0644040025-1 p1_0630410022-1 d1_0630410022-1 d1_0644040025-1 d1_0644260026-1] V_5:[p1_0626070021-1 p1_0656120027-1 d1_0656120027-1 d1_0626070021-1]
The fitness value before EA: 8808.466666666665
V_1:[d19_0549590018-19] V_2:[d4_0601510020-4 p8_0747110028-1 d8_0747110028-8 d4_0632150023-4] V_3:[p1_0634010024-1 d1_0634010024-1] V_4:[d3_0549590018-22 d1_0531570015-1 d1_0531500014-1 p1_0644260026-1 p1_0644040025-1 p1_0630410022-1 d1_0630410022-1 d1_0644040025-1 d1_0644260026-1] V_5:[p1_0626070021-1 p1_0656120027-1 d1_0656120027-1 d1_0626070021-1]
The fitness value after EA: 8808.466666666665

Thoi gian thuc hien thuat toan:  1.2359309196472168
SUCCESS

2025-11-04 16:10:12,318 [simulate_environment.py | 256] INFO: 2025-11-04 08:40:00, Item 0626070021-1: state = 1 < 2, we can not finish the simulation
2025-11-04 16:10:12,319 [simulate_environment.py | 99] INFO: **************************************************
2025-11-04 16:10:12,319 [simulate_environment.py | 103] INFO: cur time: 2025-11-04 08:50:00, pre time: 2025-11-04 08:40:00
2025-11-04 16:10:12,319 [simulate_environment.py | 140] INFO: Start to update the input of 2025-11-04 08:50:00
2025-11-04 16:10:12,319 [simulate_environment.py | 167] INFO: Get 14 unallocated order items, 27 ongoing order items, 63 completed order items
2025-11-04 16:10:13,725 [simulate_environment.py | 234] INFO: 
LS: PDPairExchange | Count: 0 | TotalTime:0.000s | Cost:8806.85
LS: BlockExchange | Count: 0 | TotalTime:0.000s | Cost:16998.70
LS: mPDG | Count: 0 | TotalTime:0.001s | Cost:19209.81
LS: BlockExchange | Count: 1 | TotalTime:0.000s | Cost:19232.09
LS: mPDG | Count: 1 | TotalTime:0.001s | Cost:20924.08
LS: BlockRelocate | Count: 1 | TotalTime:0.000s | Cost:16998.70
LS: PDPairExchange | Count: 1 | TotalTime:0.000s | Cost:15410.07
LS: BlockExchange | Count: 1 | TotalTime:0.000s | Cost:29730.39
LS: PDPairExchange | Count: 1 | TotalTime:0.000s | Cost:29527.39
LS: BlockRelocate | Count: 1 | TotalTime:0.002s | Cost:15520.86
LS: BlockRelocate | Count: 1 | TotalTime:0.001s | Cost:24576.73
Generation 1: Best = 8806.85, Worst = 84905.50, Avg = 53769.30, Time: 0.09378457069396973
LS: PDPairExchange | Count: 0 | TotalTime:0.000s | Cost:8806.85
LS: PDPairExchange | Count: 0 | TotalTime:0.000s | Cost:15410.07
LS: BlockRelocate | Count: 1 | TotalTime:0.002s | Cost:8806.85
LS: mPDG | Count: 0 | TotalTime:0.001s | Cost:16998.70
LS: BlockRelocate | Count: 1 | TotalTime:0.001s | Cost:15540.30
LS: BlockExchange | Count: 1 | TotalTime:0.000s | Cost:16998.70
LS: BlockExchange | Count: 0 | TotalTime:0.000s | Cost:19232.09
LS: mPDG | Count: 0 | TotalTime:0.003s | Cost:20924.08
LS: BlockRelocate | Count: 1 | TotalTime:0.004s | Cost:15520.86
LS: PDPairExchange | Count: 1 | TotalTime:0.000s | Cost:26455.33
LS: BlockExchange | Count: 0 | TotalTime:0.000s | Cost:29730.39
Generation 2: Best = 8806.85, Worst = 84905.50, Avg = 53206.51, Time: 0.11980295181274414
LS: PDPairExchange | Count: 0 | TotalTime:0.000s | Cost:8806.85
LS: BlockRelocate | Count: 0 | TotalTime:0.002s | Cost:8806.85
LS: PDPairExchange | Count: 0 | TotalTime:0.000s | Cost:15410.07
LS: BlockRelocate | Count: 1 | TotalTime:0.001s | Cost:8806.85
LS: BlockRelocate | Count: 1 | TotalTime:0.001s | Cost:8806.85
LS: PDPairExchange | Count: 0 | TotalTime:0.000s | Cost:16998.70
LS: BlockExchange | Count: 0 | TotalTime:0.000s | Cost:16998.70
LS: BlockExchange | Count: 0 | TotalTime:0.000s | Cost:19232.09
LS: mPDG | Count: 0 | TotalTime:0.002s | Cost:20924.08
LS: PDPairExchange | Count: 0 | TotalTime:0.000s | Cost:26455.33
LS: BlockExchange | Count: 0 | TotalTime:0.000s | Cost:29730.39
Generation 3: Best = 8806.85, Worst = 84905.50, Avg = 52870.32, Time: 0.1029810905456543
LS: BlockExchange | Count: 0 | TotalTime:0.000s | Cost:8806.85
LS: BlockRelocate | Count: 0 | TotalTime:0.002s | Cost:8806.85
LS: BlockRelocate | Count: 0 | TotalTime:0.002s | Cost:8806.85
LS: BlockRelocate | Count: 0 | TotalTime:0.002s | Cost:8806.85
LS: PDPairExchange | Count: 0 | TotalTime:0.000s | Cost:15410.07
LS: PDPairExchange | Count: 0 | TotalTime:0.000s | Cost:16998.70
LS: BlockExchange | Count: 0 | TotalTime:0.000s | Cost:16998.70
LS: BlockExchange | Count: 0 | TotalTime:0.000s | Cost:19232.09
LS: mPDG | Count: 0 | TotalTime:0.002s | Cost:20924.08
LS: PDPairExchange | Count: 0 | TotalTime:0.000s | Cost:26455.33
LS: BlockExchange | Count: 0 | TotalTime:0.000s | Cost:29730.39
Generation 4: Best = 8806.85, Worst = 84905.50, Avg = 52870.32, Time: 0.10183477401733398
Stopping early due to lack of improvement.
Total runtime: 1.11s (0.0 minutes)
Total GA runtime: 0.42s (0.0 minutes)

The solution initialized by Cheapest Insertion:
V_1:[d19_0549590018-19] V_2:[d4_0601510020-4 p8_0747110028-1 d8_0747110028-8 d4_0632150023-4] V_3:[p1_0634010024-1 d1_0634010024-1] V_4:[p1_0644260026-1 p1_0644040025-1 p1_0630410022-1 d1_0630410022-1 d1_0644040025-1 d1_0644260026-1] V_5:[p1_0626070021-1 p1_0656120027-1 d1_0656120027-1 d1_0626070021-1]
The fitness value before EA: 8806.846666666666
V_1:[d19_0549590018-19] V_2:[d4_0601510020-4 p8_0747110028-1 d8_0747110028-8 d4_0632150023-4] V_3:[p1_0634010024-1 d1_0634010024-1] V_4:[p1_0644260026-1 p1_0644040025-1 p1_0630410022-1 d1_0630410022-1 d1_0644040025-1 d1_0644260026-1] V_5:[p1_0626070021-1 p1_0656120027-1 d1_0656120027-1 d1_0626070021-1]
The fitness value after EA: 8806.846666666666

Thoi gian thuc hien thuat toan:  1.1087639331817627
SUCCESS

2025-11-04 16:10:13,726 [simulate_environment.py | 256] INFO: 2025-11-04 08:50:00, Item 0626070021-1: state = 1 < 2, we can not finish the simulation
2025-11-04 16:10:13,727 [simulate_environment.py | 99] INFO: **************************************************
2025-11-04 16:10:13,727 [simulate_environment.py | 103] INFO: cur time: 2025-11-04 09:00:00, pre time: 2025-11-04 08:50:00
2025-11-04 16:10:13,727 [simulate_environment.py | 140] INFO: Start to update the input of 2025-11-04 09:00:00
2025-11-04 16:10:13,727 [simulate_environment.py | 167] INFO: Get 13 unallocated order items, 24 ongoing order items, 67 completed order items
2025-11-04 16:10:15,124 [simulate_environment.py | 234] INFO: 
LS: BlockRelocate | Count: 0 | TotalTime:0.002s | Cost:8806.67
LS: BlockRelocate | Count: 0 | TotalTime:0.001s | Cost:8806.67
LS: BlockRelocate | Count: 0 | TotalTime:0.002s | Cost:8806.67
LS: PDPairExchange | Count: 0 | TotalTime:0.000s | Cost:8806.67
LS: PDPairExchange | Count: 0 | TotalTime:0.000s | Cost:8806.67
LS: BlockExchange | Count: 0 | TotalTime:0.000s | Cost:15409.89
LS: mPDG | Count: 0 | TotalTime:0.001s | Cost:15409.89
LS: PDPairExchange | Count: 0 | TotalTime:0.000s | Cost:15520.68
LS: BlockRelocate | Count: 1 | TotalTime:0.001s | Cost:8806.67
LS: BlockRelocate | Count: 1 | TotalTime:0.000s | Cost:8806.67
LS: BlockExchange | Count: 0 | TotalTime:0.000s | Cost:15520.68
Generation 1: Best = 8806.67, Worst = 41104.76, Avg = 23315.96, Time: 0.08837580680847168
LS: BlockRelocate | Count: 0 | TotalTime:0.002s | Cost:8806.67
LS: BlockExchange | Count: 0 | TotalTime:0.000s | Cost:8806.67
LS: mPDG | Count: 0 | TotalTime:0.001s | Cost:8806.67
LS: BlockRelocate | Count: 0 | TotalTime:0.001s | Cost:8806.67
LS: BlockRelocate | Count: 0 | TotalTime:0.001s | Cost:8806.67
LS: BlockRelocate | Count: 0 | TotalTime:0.002s | Cost:8806.67
LS: BlockRelocate | Count: 0 | TotalTime:0.001s | Cost:8806.67
LS: mPDG | Count: 0 | TotalTime:0.001s | Cost:15409.89
LS: BlockExchange | Count: 0 | TotalTime:0.000s | Cost:15409.89
LS: mPDG | Count: 0 | TotalTime:0.001s | Cost:15520.68
LS: BlockExchange | Count: 0 | TotalTime:0.000s | Cost:15520.68
Generation 2: Best = 8806.67, Worst = 41104.76, Avg = 23315.96, Time: 0.09533929824829102
LS: PDPairExchange | Count: 0 | TotalTime:0.000s | Cost:8806.67
LS: BlockRelocate | Count: 0 | TotalTime:0.001s | Cost:8806.67
LS: BlockExchange | Count: 0 | TotalTime:0.000s | Cost:8806.67
LS: mPDG | Count: 0 | TotalTime:0.001s | Cost:8806.67
LS: PDPairExchange | Count: 0 | TotalTime:0.000s | Cost:8806.67
LS: BlockRelocate | Count: 0 | TotalTime:0.001s | Cost:8806.67
LS: BlockRelocate | Count: 0 | TotalTime:0.001s | Cost:8806.67
LS: BlockRelocate | Count: 1 | TotalTime:0.000s | Cost:8806.67
LS: BlockRelocate | Count: 1 | TotalTime:0.001s | Cost:8806.67
LS: BlockRelocate | Count: 1 | TotalTime:0.001s | Cost:8806.67
LS: PDPairExchange | Count: 0 | TotalTime:0.000s | Cost:15520.68
Generation 3: Best = 8806.67, Worst = 41104.76, Avg = 22817.94, Time: 0.09383225440979004
LS: mPDG | Count: 0 | TotalTime:0.001s | Cost:8806.67
LS: BlockRelocate | Count: 0 | TotalTime:0.001s | Cost:8806.67
LS: PDPairExchange | Count: 0 | TotalTime:0.000s | Cost:8806.67
LS: BlockRelocate | Count: 0 | TotalTime:0.001s | Cost:8806.67
LS: BlockExchange | Count: 0 | TotalTime:0.000s | Cost:8806.67
LS: BlockRelocate | Count: 0 | TotalTime:0.001s | Cost:8806.67
LS: BlockRelocate | Count: 0 | TotalTime:0.001s | Cost:8806.67
LS: BlockRelocate | Count: 0 | TotalTime:0.001s | Cost:8806.67
LS: BlockRelocate | Count: 0 | TotalTime:0.002s | Cost:8806.67
LS: BlockRelocate | Count: 0 | TotalTime:0.001s | Cost:8806.67
LS: BlockRelocate | Count: 1 | TotalTime:0.001s | Cost:8806.67
Generation 4: Best = 8806.67, Worst = 41104.76, Avg = 22650.09, Time: 0.10012125968933105
Stopping early due to lack of improvement.
Total runtime: 1.12s (0.0 minutes)
Total GA runtime: 0.38s (0.0 minutes)

The solution initialized by Cheapest Insertion:
V_1:[d19_0549590018-19] V_2:[p8_0747110028-1 d8_0747110028-8 d4_0632150023-4] V_3:[d1_0634010024-1] V_4:[p1_0644260026-1 p1_0644040025-1 p1_0630410022-1 d1_0630410022-1 d1_0644040025-1 d1_0644260026-1] V_5:[p1_0626070021-1 p1_0656120027-1 d1_0656120027-1 d1_0626070021-1]
The fitness value before EA: 8806.666666666666
V_1:[d19_0549590018-19] V_2:[p8_0747110028-1 d8_0747110028-8 d4_0632150023-4] V_3:[d1_0634010024-1] V_4:[p1_0644260026-1 p1_0644040025-1 p1_0630410022-1 d1_0630410022-1 d1_0644040025-1 d1_0644260026-1] V_5:[p1_0626070021-1 p1_0656120027-1 d1_0656120027-1 d1_0626070021-1]
The fitness value after EA: 8806.666666666666

Thoi gian thuc hien thuat toan:  1.119295597076416
SUCCESS

2025-11-04 16:10:15,125 [simulate_environment.py | 256] INFO: 2025-11-04 09:00:00, Item 0626070021-1: state = 1 < 2, we can not finish the simulation
2025-11-04 16:10:15,125 [simulate_environment.py | 99] INFO: **************************************************
2025-11-04 16:10:15,125 [simulate_environment.py | 103] INFO: cur time: 2025-11-04 09:10:00, pre time: 2025-11-04 09:00:00
2025-11-04 16:10:15,125 [simulate_environment.py | 140] INFO: Start to update the input of 2025-11-04 09:10:00
2025-11-04 16:10:15,126 [simulate_environment.py | 167] INFO: Get 15 unallocated order items, 5 ongoing order items, 86 completed order items
2025-11-04 16:10:16,454 [simulate_environment.py | 234] INFO: 
LS: BlockRelocate | Count: 0 | TotalTime:0.003s | Cost:8813.15
LS: mPDG | Count: 0 | TotalTime:0.001s | Cost:21449.50
LS: PDPairExchange | Count: 1 | TotalTime:0.000s | Cost:19238.39
LS: BlockRelocate | Count: 1 | TotalTime:0.002s | Cost:15527.16
LS: BlockRelocate | Count: 1 | TotalTime:0.001s | Cost:17649.76
LS: BlockRelocate | Count: 1 | TotalTime:0.001s | Cost:15546.60
LS: BlockRelocate | Count: 1 | TotalTime:0.001s | Cost:19238.39
LS: mPDG | Count: 1 | TotalTime:0.001s | Cost:17649.76
LS: BlockExchange | Count: 1 | TotalTime:0.000s | Cost:29638.83
LS: PDPairExchange | Count: 0 | TotalTime:0.000s | Cost:35199.44
LS: BlockRelocate | Count: 1 | TotalTime:0.001s | Cost:8813.15
Generation 1: Best = 8813.15, Worst = 41611.50, Avg = 35288.14, Time: 0.09090495109558105
LS: mPDG | Count: 0 | TotalTime:0.001s | Cost:8813.15
LS: BlockRelocate | Count: 0 | TotalTime:0.002s | Cost:8813.15
LS: BlockRelocate | Count: 1 | TotalTime:0.001s | Cost:8813.15
LS: BlockRelocate | Count: 1 | TotalTime:0.001s | Cost:8813.15
LS: BlockRelocate | Count: 1 | TotalTime:0.002s | Cost:8813.15
LS: mPDG | Count: 0 | TotalTime:0.001s | Cost:17649.76
LS: PDPairExchange | Count: 1 | TotalTime:0.000s | Cost:17005.12
LS: BlockRelocate | Count: 1 | TotalTime:0.000s | Cost:15546.60
LS: mPDG | Count: 0 | TotalTime:0.001s | Cost:21449.50
LS: BlockExchange | Count: 0 | TotalTime:0.000s | Cost:29638.83
LS: BlockExchange | Count: 0 | TotalTime:0.000s | Cost:35199.44
Generation 2: Best = 8813.15, Worst = 41611.50, Avg = 34582.91, Time: 0.08774209022521973
LS: PDPairExchange | Count: 0 | TotalTime:0.000s | Cost:8813.15
LS: BlockRelocate | Count: 0 | TotalTime:0.002s | Cost:8813.15
LS: BlockRelocate | Count: 0 | TotalTime:0.002s | Cost:8813.15
LS: BlockRelocate | Count: 0 | TotalTime:0.002s | Cost:8813.15
LS: BlockRelocate | Count: 0 | TotalTime:0.002s | Cost:8813.15
LS: BlockRelocate | Count: 1 | TotalTime:0.001s | Cost:8813.15
LS: PDPairExchange | Count: 0 | TotalTime:0.000s | Cost:17005.12
LS: mPDG | Count: 0 | TotalTime:0.001s | Cost:17649.76
LS: BlockRelocate | Count: 1 | TotalTime:0.001s | Cost:8813.15
LS: BlockExchange | Count: 0 | TotalTime:0.000s | Cost:29638.83
LS: BlockRelocate | Count: 1 | TotalTime:0.001s | Cost:19238.39
Generation 3: Best = 8813.15, Worst = 41611.50, Avg = 33699.64, Time: 0.0924077033996582
LS: BlockExchange | Count: 0 | TotalTime:0.000s | Cost:8813.15
LS: BlockRelocate | Count: 0 | TotalTime:0.002s | Cost:8813.15
LS: BlockRelocate | Count: 0 | TotalTime:0.002s | Cost:8813.15
LS: BlockRelocate | Count: 0 | TotalTime:0.004s | Cost:8813.15
LS: BlockRelocate | Count: 0 | TotalTime:0.002s | Cost:8813.15
LS: BlockRelocate | Count: 0 | TotalTime:0.002s | Cost:8813.15
LS: BlockRelocate | Count: 0 | TotalTime:0.002s | Cost:8813.15
LS: PDPairExchange | Count: 0 | TotalTime:0.000s | Cost:17005.12
LS: mPDG | Count: 0 | TotalTime:0.001s | Cost:17649.76
LS: BlockRelocate | Count: 1 | TotalTime:0.001s | Cost:15546.60
LS: BlockExchange | Count: 0 | TotalTime:0.000s | Cost:29638.83
Generation 4: Best = 8813.15, Worst = 41611.50, Avg = 33607.35, Time: 0.09220123291015625
Stopping early due to lack of improvement.
Total runtime: 1.05s (0.0 minutes)
Total GA runtime: 0.36s (0.0 minutes)

The solution initialized by Cheapest Insertion:
V_1:[p2_0906050029-1 d2_0906050029-2] V_2:[p8_0747110028-1 d8_0747110028-8 d4_0632150023-4] V_3:[d1_0634010024-1] V_4:[p1_0644260026-1 p1_0644040025-1 p1_0630410022-1 d1_0630410022-1 d1_0644040025-1 d1_0644260026-1] V_5:[p1_0626070021-1 p1_0656120027-1 d1_0656120027-1 d1_0626070021-1]
The fitness value before EA: 8813.146666666666
V_1:[p2_0906050029-1 d2_0906050029-2] V_2:[p8_0747110028-1 d8_0747110028-8 d4_0632150023-4] V_3:[d1_0634010024-1] V_4:[p1_0644260026-1 p1_0644040025-1 p1_0630410022-1 d1_0630410022-1 d1_0644040025-1 d1_0644260026-1] V_5:[p1_0626070021-1 p1_0656120027-1 d1_0656120027-1 d1_0626070021-1]
The fitness value after EA: 8813.146666666666

Thoi gian thuc hien thuat toan:  1.053879976272583
SUCCESS

2025-11-04 16:10:16,455 [simulate_environment.py | 256] INFO: 2025-11-04 09:10:00, Item 0626070021-1: state = 1 < 2, we can not finish the simulation
2025-11-04 16:10:16,455 [simulate_environment.py | 99] INFO: **************************************************
2025-11-04 16:10:16,455 [simulate_environment.py | 103] INFO: cur time: 2025-11-04 09:20:00, pre time: 2025-11-04 09:10:00
2025-11-04 16:10:16,455 [simulate_environment.py | 140] INFO: Start to update the input of 2025-11-04 09:20:00
2025-11-04 16:10:16,456 [simulate_environment.py | 167] INFO: Get 15 unallocated order items, 5 ongoing order items, 86 completed order items
2025-11-04 16:10:17,689 [simulate_environment.py | 234] INFO: 
LS: BlockRelocate | Count: 0 | TotalTime:0.001s | Cost:8813.15
LS: BlockExchange | Count: 0 | TotalTime:0.000s | Cost:8813.15
LS: PDPairExchange | Count: 0 | TotalTime:0.000s | Cost:8813.15
LS: BlockExchange | Count: 0 | TotalTime:0.000s | Cost:8813.15
LS: BlockExchange | Count: 0 | TotalTime:0.000s | Cost:8813.15
LS: mPDG | Count: 0 | TotalTime:0.001s | Cost:15527.16
LS: mPDG | Count: 1 | TotalTime:0.001s | Cost:8813.15
LS: mPDG | Count: 1 | TotalTime:0.001s | Cost:8813.15
LS: PDPairExchange | Count: 0 | TotalTime:0.000s | Cost:17649.76
LS: BlockExchange | Count: 0 | TotalTime:0.000s | Cost:19238.39
LS: BlockRelocate | Count: 1 | TotalTime:0.001s | Cost:8813.15
Generation 1: Best = 8813.15, Worst = 46144.83, Avg = 30388.80, Time: 0.07269096374511719
LS: BlockRelocate | Count: 0 | TotalTime:0.001s | Cost:8813.15
LS: BlockExchange | Count: 0 | TotalTime:0.000s | Cost:8813.15
LS: BlockRelocate | Count: 0 | TotalTime:0.001s | Cost:8813.15
LS: PDPairExchange | Count: 0 | TotalTime:0.000s | Cost:8813.15
LS: BlockRelocate | Count: 0 | TotalTime:0.001s | Cost:8813.15
LS: mPDG | Count: 0 | TotalTime:0.000s | Cost:8813.15
LS: mPDG | Count: 0 | TotalTime:0.000s | Cost:8813.15
LS: BlockRelocate | Count: 0 | TotalTime:0.002s | Cost:8813.15
LS: BlockExchange | Count: 0 | TotalTime:0.000s | Cost:15527.16
LS: BlockRelocate | Count: 1 | TotalTime:0.002s | Cost:8813.15
LS: BlockExchange | Count: 0 | TotalTime:0.000s | Cost:19238.39
Generation 2: Best = 8813.15, Worst = 46144.83, Avg = 30167.88, Time: 0.07718992233276367
LS: BlockRelocate | Count: 0 | TotalTime:0.001s | Cost:8813.15
LS: mPDG | Count: 0 | TotalTime:0.001s | Cost:8813.15
LS: BlockExchange | Count: 0 | TotalTime:0.000s | Cost:8813.15
LS: PDPairExchange | Count: 0 | TotalTime:0.000s | Cost:8813.15
LS: mPDG | Count: 0 | TotalTime:0.000s | Cost:8813.15
LS: mPDG | Count: 0 | TotalTime:0.000s | Cost:8813.15
LS: mPDG | Count: 0 | TotalTime:0.000s | Cost:8813.15
LS: BlockRelocate | Count: 0 | TotalTime:0.001s | Cost:8813.15
LS: BlockRelocate | Count: 0 | TotalTime:0.001s | Cost:8813.15
LS: BlockRelocate | Count: 1 | TotalTime:0.001s | Cost:8813.15
LS: BlockExchange | Count: 0 | TotalTime:0.000s | Cost:19238.39
Generation 3: Best = 8813.15, Worst = 46144.83, Avg = 30000.03, Time: 0.0755462646484375
LS: BlockRelocate | Count: 0 | TotalTime:0.001s | Cost:8813.15
LS: BlockExchange | Count: 0 | TotalTime:0.000s | Cost:8813.15
LS: BlockRelocate | Count: 0 | TotalTime:0.001s | Cost:8813.15
LS: BlockExchange | Count: 0 | TotalTime:0.000s | Cost:8813.15
LS: BlockRelocate | Count: 0 | TotalTime:0.001s | Cost:8813.15
LS: mPDG | Count: 0 | TotalTime:0.000s | Cost:8813.15
LS: mPDG | Count: 0 | TotalTime:0.000s | Cost:8813.15
LS: BlockRelocate | Count: 0 | TotalTime:0.001s | Cost:8813.15
LS: BlockRelocate | Count: 0 | TotalTime:0.001s | Cost:8813.15
LS: BlockRelocate | Count: 0 | TotalTime:0.001s | Cost:8813.15
LS: PDPairExchange | Count: 0 | TotalTime:0.000s | Cost:19238.39
Generation 4: Best = 8813.15, Worst = 46144.83, Avg = 30000.03, Time: 0.07696032524108887
Stopping early due to lack of improvement.
Total runtime: 0.97s (0.0 minutes)
Total GA runtime: 0.30s (0.0 minutes)

The solution initialized by Cheapest Insertion:
V_1:[p2_0906050029-1 d2_0906050029-2] V_2:[p8_0747110028-1 d8_0747110028-8 d4_0632150023-4] V_3:[d1_0634010024-1] V_4:[p1_0644260026-1 p1_0644040025-1 p1_0630410022-1 d1_0630410022-1 d1_0644040025-1 d1_0644260026-1] V_5:[p1_0626070021-1 p1_0656120027-1 d1_0656120027-1 d1_0626070021-1]
The fitness value before EA: 8813.146666666666
V_1:[p2_0906050029-1 d2_0906050029-2] V_2:[p8_0747110028-1 d8_0747110028-8 d4_0632150023-4] V_3:[d1_0634010024-1] V_4:[p1_0644260026-1 p1_0644040025-1 p1_0630410022-1 d1_0630410022-1 d1_0644040025-1 d1_0644260026-1] V_5:[p1_0626070021-1 p1_0656120027-1 d1_0656120027-1 d1_0626070021-1]
The fitness value after EA: 8813.146666666666

Thoi gian thuc hien thuat toan:  0.9722003936767578
SUCCESS

2025-11-04 16:10:17,690 [simulate_environment.py | 256] INFO: 2025-11-04 09:20:00, Item 0626070021-1: state = 1 < 2, we can not finish the simulation
2025-11-04 16:10:17,690 [simulate_environment.py | 99] INFO: **************************************************
2025-11-04 16:10:17,690 [simulate_environment.py | 103] INFO: cur time: 2025-11-04 09:30:00, pre time: 2025-11-04 09:20:00
2025-11-04 16:10:17,690 [simulate_environment.py | 140] INFO: Start to update the input of 2025-11-04 09:30:00
2025-11-04 16:10:17,690 [simulate_environment.py | 167] INFO: Get 15 unallocated order items, 5 ongoing order items, 86 completed order items
2025-11-04 16:10:18,936 [simulate_environment.py | 234] INFO: 
LS: BlockExchange | Count: 0 | TotalTime:0.000s | Cost:8805.13
LS: PDPairExchange | Count: 0 | TotalTime:0.000s | Cost:8805.13
LS: BlockExchange | Count: 0 | TotalTime:0.000s | Cost:8805.13
LS: BlockExchange | Count: 0 | TotalTime:0.000s | Cost:8805.13
LS: PDPairExchange | Count: 0 | TotalTime:0.000s | Cost:15519.14
LS: BlockExchange | Count: 1 | TotalTime:0.000s | Cost:15519.14
LS: BlockRelocate | Count: 1 | TotalTime:0.001s | Cost:8805.13
LS: BlockExchange | Count: 0 | TotalTime:0.000s | Cost:17641.74
LS: BlockExchange | Count: 0 | TotalTime:0.000s | Cost:19230.37
LS: PDPairExchange | Count: 0 | TotalTime:0.000s | Cost:19230.37
LS: BlockRelocate | Count: 1 | TotalTime:0.001s | Cost:8805.13
Generation 1: Best = 8805.13, Worst = 46136.81, Avg = 28235.37, Time: 0.06785368919372559
LS: PDPairExchange | Count: 0 | TotalTime:0.000s | Cost:8805.13
LS: BlockRelocate | Count: 0 | TotalTime:0.001s | Cost:8805.13
LS: PDPairExchange | Count: 0 | TotalTime:0.000s | Cost:8805.13
LS: mPDG | Count: 0 | TotalTime:0.000s | Cost:8805.13
LS: BlockRelocate | Count: 0 | TotalTime:0.001s | Cost:8805.13
LS: BlockRelocate | Count: 0 | TotalTime:0.001s | Cost:8805.13
LS: PDPairExchange | Count: 0 | TotalTime:0.000s | Cost:15519.14
LS: BlockExchange | Count: 0 | TotalTime:0.000s | Cost:15519.14
LS: BlockRelocate | Count: 1 | TotalTime:0.002s | Cost:8805.13
LS: BlockExchange | Count: 0 | TotalTime:0.000s | Cost:19230.37
LS: PDPairExchange | Count: 0 | TotalTime:0.000s | Cost:19230.37
Generation 2: Best = 8805.13, Worst = 46136.81, Avg = 28014.45, Time: 0.07896900177001953
LS: BlockRelocate | Count: 0 | TotalTime:0.001s | Cost:8805.13
LS: mPDG | Count: 0 | TotalTime:0.001s | Cost:8805.13
LS: BlockRelocate | Count: 0 | TotalTime:0.001s | Cost:8805.13
LS: PDPairExchange | Count: 0 | TotalTime:0.000s | Cost:8805.13
LS: BlockRelocate | Count: 0 | TotalTime:0.001s | Cost:8805.13
LS: BlockRelocate | Count: 0 | TotalTime:0.001s | Cost:8805.13
LS: BlockRelocate | Count: 0 | TotalTime:0.001s | Cost:8805.13
LS: mPDG | Count: 0 | TotalTime:0.001s | Cost:15519.14
LS: BlockExchange | Count: 0 | TotalTime:0.000s | Cost:15519.14
LS: mPDG | Count: 1 | TotalTime:0.001s | Cost:8805.13
LS: mPDG | Count: 1 | TotalTime:0.001s | Cost:8805.13
Generation 3: Best = 8805.13, Worst = 46136.81, Avg = 27493.19, Time: 0.08022761344909668
LS: mPDG | Count: 0 | TotalTime:0.000s | Cost:8805.13
LS: mPDG | Count: 0 | TotalTime:0.001s | Cost:8805.13
LS: BlockExchange | Count: 0 | TotalTime:0.000s | Cost:8805.13
LS: PDPairExchange | Count: 0 | TotalTime:0.000s | Cost:8805.13
LS: BlockRelocate | Count: 0 | TotalTime:0.001s | Cost:8805.13
LS: BlockRelocate | Count: 0 | TotalTime:0.001s | Cost:8805.13
LS: BlockRelocate | Count: 0 | TotalTime:0.002s | Cost:8805.13
LS: mPDG | Count: 0 | TotalTime:0.000s | Cost:8805.13
LS: mPDG | Count: 0 | TotalTime:0.000s | Cost:8805.13
LS: BlockExchange | Count: 0 | TotalTime:0.000s | Cost:15519.14
LS: BlockExchange | Count: 0 | TotalTime:0.000s | Cost:15519.14
Generation 4: Best = 8805.13, Worst = 46136.81, Avg = 27493.19, Time: 0.07783341407775879
Stopping early due to lack of improvement.
Total runtime: 0.99s (0.0 minutes)
Total GA runtime: 0.31s (0.0 minutes)

The solution initialized by Cheapest Insertion:
V_1:[p2_0906050029-1 d2_0906050029-2] V_2:[p8_0747110028-1 d8_0747110028-8 d4_0632150023-4] V_3:[d1_0634010024-1] V_4:[p1_0644260026-1 p1_0644040025-1 p1_0630410022-1 d1_0630410022-1 d1_0644040025-1 d1_0644260026-1] V_5:[p1_0626070021-1 p1_0656120027-1 d1_0656120027-1 d1_0626070021-1]
The fitness value before EA: 8805.126666666665
V_1:[p2_0906050029-1 d2_0906050029-2] V_2:[p8_0747110028-1 d8_0747110028-8 d4_0632150023-4] V_3:[d1_0634010024-1] V_4:[p1_0644260026-1 p1_0644040025-1 p1_0630410022-1 d1_0630410022-1 d1_0644040025-1 d1_0644260026-1] V_5:[p1_0626070021-1 p1_0656120027-1 d1_0656120027-1 d1_0626070021-1]
The fitness value after EA: 8805.126666666665

Thoi gian thuc hien thuat toan:  0.9871618747711182
SUCCESS

2025-11-04 16:10:18,937 [simulate_environment.py | 256] INFO: 2025-11-04 09:30:00, Item 0626070021-1: state = 1 < 2, we can not finish the simulation
2025-11-04 16:10:18,937 [simulate_environment.py | 99] INFO: **************************************************
2025-11-04 16:10:18,937 [simulate_environment.py | 103] INFO: cur time: 2025-11-04 09:40:00, pre time: 2025-11-04 09:30:00
2025-11-04 16:10:18,937 [simulate_environment.py | 140] INFO: Start to update the input of 2025-11-04 09:40:00
2025-11-04 16:10:18,938 [simulate_environment.py | 167] INFO: Get 26 unallocated order items, 7 ongoing order items, 86 completed order items
2025-11-04 16:10:20,307 [simulate_environment.py | 234] INFO: 
LS: mPDG | Count: 0 | TotalTime:0.001s | Cost:8805.29
LS: PDPairExchange | Count: 0 | TotalTime:0.000s | Cost:8805.51
LS: BlockRelocate | Count: 1 | TotalTime:0.001s | Cost:8805.29
LS: BlockRelocate | Count: 1 | TotalTime:0.000s | Cost:8805.29
LS: PDPairExchange | Count: 0 | TotalTime:0.000s | Cost:19230.53
LS: PDPairExchange | Count: 0 | TotalTime:0.000s | Cost:19523.30
LS: BlockExchange | Count: 0 | TotalTime:0.000s | Cost:19523.30
LS: BlockRelocate | Count: 1 | TotalTime:0.002s | Cost:8811.89
LS: PDPairExchange | Count: 0 | TotalTime:0.000s | Cost:35945.76
LS: PDPairExchange | Count: 0 | TotalTime:0.000s | Cost:40272.03
LS: mPDG | Count: 1 | TotalTime:0.001s | Cost:40937.21
Generation 1: Best = 8805.29, Worst = 47806.62, Avg = 40146.27, Time: 0.09131741523742676
LS: BlockRelocate | Count: 0 | TotalTime:0.003s | Cost:8805.29
LS: BlockRelocate | Count: 0 | TotalTime:0.003s | Cost:8805.29
LS: BlockRelocate | Count: 0 | TotalTime:0.003s | Cost:8805.29
LS: mPDG | Count: 1 | TotalTime:0.001s | Cost:8805.29
LS: BlockRelocate | Count: 1 | TotalTime:0.001s | Cost:8805.29
LS: BlockExchange | Count: 0 | TotalTime:0.000s | Cost:19230.53
LS: BlockRelocate | Count: 1 | TotalTime:0.001s | Cost:8805.29
LS: BlockRelocate | Count: 1 | TotalTime:0.000s | Cost:8805.29
LS: mPDG | Count: 0 | TotalTime:0.001s | Cost:35945.76
LS: mPDG | Count: 1 | TotalTime:0.001s | Cost:8805.29
LS: mPDG | Count: 1 | TotalTime:0.001s | Cost:8811.75
Generation 2: Best = 8805.29, Worst = 47806.62, Avg = 38020.39, Time: 0.10646629333496094
LS: PDPairExchange | Count: 0 | TotalTime:0.000s | Cost:8805.29
LS: BlockRelocate | Count: 0 | TotalTime:0.002s | Cost:8805.29
LS: BlockRelocate | Count: 0 | TotalTime:0.002s | Cost:8805.29
LS: mPDG | Count: 0 | TotalTime:0.001s | Cost:8805.29
LS: BlockRelocate | Count: 0 | TotalTime:0.002s | Cost:8805.29
LS: BlockRelocate | Count: 0 | TotalTime:0.002s | Cost:8805.29
LS: BlockRelocate | Count: 0 | TotalTime:0.002s | Cost:8805.29
LS: mPDG | Count: 0 | TotalTime:0.002s | Cost:8805.29
LS: mPDG | Count: 0 | TotalTime:0.001s | Cost:8811.75
LS: BlockExchange | Count: 0 | TotalTime:0.000s | Cost:19230.53
LS: PDPairExchange | Count: 0 | TotalTime:0.000s | Cost:35945.76
Generation 3: Best = 8805.29, Worst = 47806.62, Avg = 38020.39, Time: 0.10474038124084473
LS: BlockRelocate | Count: 0 | TotalTime:0.003s | Cost:8805.29
LS: BlockRelocate | Count: 0 | TotalTime:0.004s | Cost:8805.29
LS: BlockRelocate | Count: 0 | TotalTime:0.002s | Cost:8805.29
LS: mPDG | Count: 0 | TotalTime:0.001s | Cost:8805.29
LS: BlockRelocate | Count: 0 | TotalTime:0.002s | Cost:8805.29
LS: BlockRelocate | Count: 0 | TotalTime:0.002s | Cost:8805.29
LS: BlockRelocate | Count: 0 | TotalTime:0.002s | Cost:8805.29
LS: mPDG | Count: 0 | TotalTime:0.001s | Cost:8805.29
LS: mPDG | Count: 0 | TotalTime:0.001s | Cost:8811.75
LS: mPDG | Count: 1 | TotalTime:0.001s | Cost:8805.29
LS: BlockRelocate | Count: 1 | TotalTime:0.001s | Cost:8805.51
Generation 4: Best = 8805.29, Worst = 47806.62, Avg = 37081.26, Time: 0.11477351188659668
Stopping early due to lack of improvement.
Total runtime: 1.10s (0.0 minutes)
Total GA runtime: 0.42s (0.0 minutes)

The solution initialized by Cheapest Insertion:
V_1:[p2_0906050029-1 p1_0930440031-1 d1_0930440031-1 d2_0906050029-2] V_2:[p8_0747110028-1 d8_0747110028-8 d4_0632150023-4] V_3:[d1_0634010024-1] V_4:[p1_0644260026-1 p1_0644040025-1 p1_0630410022-1 d1_0630410022-1 d1_0644040025-1 d1_0644260026-1] V_5:[d1_0656120027-1 d1_0626070021-1 p12_0930180030-1 d12_0930180030-12]
The fitness value before EA: 8805.286666666667
V_1:[p2_0906050029-1 p1_0930440031-1 d1_0930440031-1 d2_0906050029-2] V_2:[p8_0747110028-1 d8_0747110028-8 d4_0632150023-4] V_3:[d1_0634010024-1] V_4:[p1_0644260026-1 p1_0644040025-1 p1_0630410022-1 d1_0630410022-1 d1_0644040025-1 d1_0644260026-1] V_5:[d1_0656120027-1 d1_0626070021-1 p12_0930180030-1 d12_0930180030-12]
The fitness value after EA: 8805.286666666667

Thoi gian thuc hien thuat toan:  1.1010053157806396
SUCCESS

2025-11-04 16:10:20,308 [simulate_environment.py | 256] INFO: 2025-11-04 09:40:00, Item 0630410022-1: state = 1 < 2, we can not finish the simulation
2025-11-04 16:10:20,308 [simulate_environment.py | 99] INFO: **************************************************
2025-11-04 16:10:20,308 [simulate_environment.py | 103] INFO: cur time: 2025-11-04 09:50:00, pre time: 2025-11-04 09:40:00
2025-11-04 16:10:20,308 [simulate_environment.py | 140] INFO: Start to update the input of 2025-11-04 09:50:00
2025-11-04 16:10:20,308 [simulate_environment.py | 167] INFO: Get 17 unallocated order items, 18 ongoing order items, 86 completed order items
2025-11-04 16:10:21,644 [simulate_environment.py | 234] INFO: 
LS: mPDG | Count: 0 | TotalTime:0.001s | Cost:8805.41
LS: BlockRelocate | Count: 0 | TotalTime:0.002s | Cost:8805.41
LS: BlockRelocate | Count: 1 | TotalTime:0.000s | Cost:8805.45
LS: PDPairExchange | Count: 0 | TotalTime:0.000s | Cost:8811.87
LS: PDPairExchange | Count: 0 | TotalTime:0.000s | Cost:8811.87
LS: BlockRelocate | Count: 1 | TotalTime:0.003s | Cost:8805.41
LS: BlockRelocate | Count: 1 | TotalTime:0.001s | Cost:8805.41
LS: BlockRelocate | Count: 1 | TotalTime:0.003s | Cost:8805.41
LS: PDPairExchange | Count: 0 | TotalTime:0.000s | Cost:8811.87
LS: mPDG | Count: 0 | TotalTime:0.001s | Cost:8811.87
LS: PDPairExchange | Count: 0 | TotalTime:0.000s | Cost:8811.87
Generation 1: Best = 8805.41, Worst = 8811.87, Avg = 8810.90, Time: 0.0994119644165039
LS: PDPairExchange | Count: 0 | TotalTime:0.000s | Cost:8805.41
LS: PDPairExchange | Count: 0 | TotalTime:0.000s | Cost:8805.41
LS: BlockRelocate | Count: 0 | TotalTime:0.003s | Cost:8805.41
LS: BlockRelocate | Count: 0 | TotalTime:0.003s | Cost:8805.41
LS: BlockRelocate | Count: 0 | TotalTime:0.003s | Cost:8805.41
LS: BlockRelocate | Count: 1 | TotalTime:0.001s | Cost:8805.41
LS: PDPairExchange | Count: 0 | TotalTime:0.000s | Cost:8811.87
LS: BlockRelocate | Count: 1 | TotalTime:0.002s | Cost:8805.41
LS: mPDG | Count: 0 | TotalTime:0.001s | Cost:8811.87
LS: BlockExchange | Count: 0 | TotalTime:0.000s | Cost:8811.87
LS: BlockRelocate | Count: 1 | TotalTime:0.001s | Cost:8805.41
Generation 2: Best = 8805.41, Worst = 8811.87, Avg = 8810.57, Time: 0.10031557083129883
LS: BlockExchange | Count: 0 | TotalTime:0.000s | Cost:8805.41
LS: BlockExchange | Count: 0 | TotalTime:0.000s | Cost:8805.41
LS: BlockRelocate | Count: 0 | TotalTime:0.003s | Cost:8805.41
LS: BlockRelocate | Count: 0 | TotalTime:0.003s | Cost:8805.41
LS: BlockRelocate | Count: 0 | TotalTime:0.003s | Cost:8805.41
LS: BlockRelocate | Count: 0 | TotalTime:0.003s | Cost:8805.41
LS: BlockRelocate | Count: 0 | TotalTime:0.003s | Cost:8805.41
LS: BlockRelocate | Count: 0 | TotalTime:0.003s | Cost:8805.41
LS: PDPairExchange | Count: 0 | TotalTime:0.000s | Cost:8811.87
LS: PDPairExchange | Count: 0 | TotalTime:0.000s | Cost:8811.87
LS: PDPairExchange | Count: 0 | TotalTime:0.000s | Cost:8811.87
Generation 3: Best = 8805.41, Worst = 8811.87, Avg = 8810.57, Time: 0.10421514511108398
LS: PDPairExchange | Count: 0 | TotalTime:0.000s | Cost:8805.41
LS: BlockRelocate | Count: 0 | TotalTime:0.003s | Cost:8805.41
LS: BlockRelocate | Count: 0 | TotalTime:0.003s | Cost:8805.41
LS: BlockRelocate | Count: 0 | TotalTime:0.003s | Cost:8805.41
LS: BlockRelocate | Count: 0 | TotalTime:0.003s | Cost:8805.41
LS: BlockRelocate | Count: 0 | TotalTime:0.003s | Cost:8805.41
LS: BlockRelocate | Count: 0 | TotalTime:0.003s | Cost:8805.41
LS: BlockRelocate | Count: 0 | TotalTime:0.003s | Cost:8805.41
LS: mPDG | Count: 0 | TotalTime:0.001s | Cost:8811.87
LS: mPDG | Count: 0 | TotalTime:0.001s | Cost:8811.87
LS: BlockRelocate | Count: 1 | TotalTime:0.002s | Cost:8805.41
Generation 4: Best = 8805.41, Worst = 8811.87, Avg = 8810.41, Time: 0.11092376708984375
Stopping early due to lack of improvement.
Total runtime: 1.07s (0.0 minutes)
Total GA runtime: 0.42s (0.0 minutes)

The solution initialized by Cheapest Insertion:
V_1:[p2_0906050029-1 p1_0930440031-1 d1_0930440031-1 d2_0906050029-2] V_2:[d8_0747110028-8 d4_0632150023-4] V_3:[d1_0634010024-1 p1_0949120033-1 d1_0949120033-1] V_4:[d1_0630410022-1 d1_0644040025-1 d1_0644260026-1 p1_0946410032-1 d1_0946410032-1] V_5:[d1_0656120027-1 d1_0626070021-1 p12_0930180030-1 d12_0930180030-12]
The fitness value before EA: 8805.406666666666
V_1:[p2_0906050029-1 p1_0930440031-1 d1_0930440031-1 d2_0906050029-2] V_2:[d8_0747110028-8 d4_0632150023-4] V_3:[d1_0634010024-1 p1_0949120033-1 d1_0949120033-1] V_4:[d1_0630410022-1 d1_0644040025-1 d1_0644260026-1 p1_0946410032-1 d1_0946410032-1] V_5:[d1_0656120027-1 d1_0626070021-1 p12_0930180030-1 d12_0930180030-12]
The fitness value after EA: 8805.406666666666

Thoi gian thuc hien thuat toan:  1.0751798152923584
SUCCESS

2025-11-04 16:10:21,645 [simulate_environment.py | 256] INFO: 2025-11-04 09:50:00, Item 0906050029-1: state = 1 < 2, we can not finish the simulation
2025-11-04 16:10:21,645 [simulate_environment.py | 99] INFO: **************************************************
2025-11-04 16:10:21,645 [simulate_environment.py | 103] INFO: cur time: 2025-11-04 10:00:00, pre time: 2025-11-04 09:50:00
2025-11-04 16:10:21,645 [simulate_environment.py | 140] INFO: Start to update the input of 2025-11-04 10:00:00
2025-11-04 16:10:21,646 [simulate_environment.py | 167] INFO: Get 21 unallocated order items, 18 ongoing order items, 86 completed order items
2025-11-04 16:10:23,403 [simulate_environment.py | 234] INFO: 
LS: mPDG | Count: 0 | TotalTime:0.001s | Cost:29504.76
LS: PDPairExchange | Count: 0 | TotalTime:0.001s | Cost:38962.88
LS: mPDG | Count: 1 | TotalTime:0.002s | Cost:39736.22
LS: mPDG | Count: 1 | TotalTime:0.001s | Cost:31549.61
LS: mPDG | Count: 0 | TotalTime:0.002s | Cost:55469.68
LS: BlockRelocate | Count: 1 | TotalTime:0.000s | Cost:45235.16
LS: mPDG | Count: 0 | TotalTime:0.002s | Cost:55469.68
LS: BlockRelocate | Count: 1 | TotalTime:0.004s | Cost:45235.16
LS: mPDG | Count: 0 | TotalTime:0.002s | Cost:55469.68
LS: BlockRelocate | Count: 1 | TotalTime:0.002s | Cost:41498.99
LS: PDPairExchange | Count: 1 | TotalTime:0.000s | Cost:59907.22
Generation 1: Best = 29504.76, Worst = 113107.90, Avg = 88931.03, Time: 0.12273764610290527
LS: PDPairExchange | Count: 1 | TotalTime:0.000s | Cost:29504.70
LS: mPDG | Count: 1 | TotalTime:0.002s | Cost:29501.70
LS: PDPairExchange | Count: 0 | TotalTime:0.001s | Cost:38962.88
LS: mPDG | Count: 0 | TotalTime:0.002s | Cost:39736.22
LS: BlockRelocate | Count: 1 | TotalTime:0.002s | Cost:35702.24
LS: BlockRelocate | Count: 0 | TotalTime:0.005s | Cost:45235.16
LS: BlockRelocate | Count: 0 | TotalTime:0.004s | Cost:45235.16
LS: mPDG | Count: 0 | TotalTime:0.002s | Cost:55469.68
LS: BlockExchange | Count: 1 | TotalTime:0.000s | Cost:52458.56
LS: mPDG | Count: 0 | TotalTime:0.002s | Cost:55469.68
LS: PDPairExchange | Count: 0 | TotalTime:0.000s | Cost:59907.22
Generation 2: Best = 29501.70, Worst = 113107.90, Avg = 88659.63, Time: 0.13685369491577148
LS: mPDG | Count: 0 | TotalTime:0.001s | Cost:29501.70
LS: PDPairExchange | Count: 0 | TotalTime:0.001s | Cost:29504.70
LS: BlockRelocate | Count: 1 | TotalTime:0.000s | Cost:29501.76
LS: BlockExchange | Count: 0 | TotalTime:0.001s | Cost:38962.88
LS: mPDG | Count: 0 | TotalTime:0.002s | Cost:39736.22
LS: BlockRelocate | Count: 0 | TotalTime:0.004s | Cost:45235.16
LS: BlockRelocate | Count: 0 | TotalTime:0.005s | Cost:45235.16
LS: BlockExchange | Count: 0 | TotalTime:0.001s | Cost:52458.56
LS: mPDG | Count: 0 | TotalTime:0.002s | Cost:55469.68
LS: BlockExchange | Count: 1 | TotalTime:0.000s | Cost:48642.16
LS: PDPairExchange | Count: 1 | TotalTime:0.000s | Cost:48195.66
Generation 3: Best = 29501.70, Worst = 113107.90, Avg = 78065.39, Time: 0.12952923774719238
LS: mPDG | Count: 0 | TotalTime:0.001s | Cost:29501.70
LS: BlockRelocate | Count: 1 | TotalTime:0.002s | Cost:29501.70
LS: PDPairExchange | Count: 0 | TotalTime:0.001s | Cost:29504.70
LS: PDPairExchange | Count: 0 | TotalTime:0.001s | Cost:38962.88
LS: mPDG | Count: 0 | TotalTime:0.002s | Cost:39736.22
LS: BlockRelocate | Count: 0 | TotalTime:0.004s | Cost:45235.16
LS: BlockRelocate | Count: 0 | TotalTime:0.004s | Cost:45235.16
LS: PDPairExchange | Count: 1 | TotalTime:0.001s | Cost:47662.00
LS: BlockExchange | Count: 0 | TotalTime:0.001s | Cost:48642.16
LS: BlockExchange | Count: 0 | TotalTime:0.001s | Cost:52458.56
LS: BlockRelocate | Count: 1 | TotalTime:0.004s | Cost:45235.16
Generation 4: Best = 29501.70, Worst = 113107.90, Avg = 77796.19, Time: 0.12975478172302246
LS: mPDG | Count: 0 | TotalTime:0.001s | Cost:29501.70
LS: BlockRelocate | Count: 0 | TotalTime:0.004s | Cost:29501.70
LS: PDPairExchange | Count: 0 | TotalTime:0.001s | Cost:29504.70
LS: BlockExchange | Count: 0 | TotalTime:0.001s | Cost:38962.88
LS: mPDG | Count: 0 | TotalTime:0.002s | Cost:39736.22
LS: BlockRelocate | Count: 0 | TotalTime:0.005s | Cost:45235.16
LS: BlockRelocate | Count: 0 | TotalTime:0.004s | Cost:45235.16
LS: BlockRelocate | Count: 0 | TotalTime:0.005s | Cost:45235.16
LS: PDPairExchange | Count: 0 | TotalTime:0.001s | Cost:47662.00
LS: BlockExchange | Count: 0 | TotalTime:0.001s | Cost:48642.16
LS: BlockExchange | Count: 0 | TotalTime:0.001s | Cost:52458.56
Generation 5: Best = 29501.70, Worst = 113107.90, Avg = 77796.19, Time: 0.13770651817321777
LS: mPDG | Count: 0 | TotalTime:0.001s | Cost:29501.70
LS: BlockRelocate | Count: 0 | TotalTime:0.004s | Cost:29501.70
LS: PDPairExchange | Count: 0 | TotalTime:0.001s | Cost:29504.70
LS: BlockExchange | Count: 0 | TotalTime:0.001s | Cost:38962.88
LS: mPDG | Count: 0 | TotalTime:0.002s | Cost:39736.22
LS: BlockRelocate | Count: 0 | TotalTime:0.004s | Cost:45235.16
LS: BlockRelocate | Count: 0 | TotalTime:0.005s | Cost:45235.16
LS: BlockRelocate | Count: 0 | TotalTime:0.004s | Cost:45235.16
LS: PDPairExchange | Count: 0 | TotalTime:0.001s | Cost:47662.00
LS: BlockExchange | Count: 0 | TotalTime:0.001s | Cost:48642.16
LS: BlockExchange | Count: 0 | TotalTime:0.001s | Cost:52458.56
Generation 6: Best = 29501.70, Worst = 113107.90, Avg = 76355.23, Time: 0.13176846504211426
Stopping early due to lack of improvement.
Total runtime: 1.47s (0.0 minutes)
Total GA runtime: 0.79s (0.0 minutes)

The solution initialized by Cheapest Insertion:
V_1:[p2_0906050029-1 p1_0930440031-1 d1_0930440031-1 d2_0906050029-2] V_2:[d8_0747110028-8 d4_0632150023-4] V_3:[d1_0634010024-1 p4_0958350034-1 d4_0958350034-4 p1_0949120033-1 d1_0949120033-1] V_4:[d1_0630410022-1 d1_0644040025-1 d1_0644260026-1 p1_0946410032-1 d1_0946410032-1] V_5:[d1_0656120027-1 d1_0626070021-1 p12_0930180030-1 d12_0930180030-12]
The fitness value before EA: 56506.68444444444
V_1:[p2_0906050029-1 p1_0930440031-1 d1_0930440031-1 d2_0906050029-2] V_2:[d8_0747110028-8 d4_0632150023-4] V_3:[d1_0634010024-1 p4_0958350034-1 d4_0958350034-4] V_4:[d1_0630410022-1 d1_0644040025-1 d1_0644260026-1 p1_0946410032-1 d1_0946410032-1 p1_0949120033-1 d1_0949120033-1] V_5:[d1_0656120027-1 d1_0626070021-1 p12_0930180030-1 d12_0930180030-12]
The fitness value after EA: 29501.70444444444

Thoi gian thuc hien thuat toan:  1.469597339630127
SUCCESS

2025-11-04 16:10:23,404 [simulate_environment.py | 256] INFO: 2025-11-04 10:00:00, Item 0906050029-1: state = 1 < 2, we can not finish the simulation
2025-11-04 16:10:23,404 [simulate_environment.py | 99] INFO: **************************************************
2025-11-04 16:10:23,404 [simulate_environment.py | 103] INFO: cur time: 2025-11-04 10:10:00, pre time: 2025-11-04 10:00:00
2025-11-04 16:10:23,404 [simulate_environment.py | 140] INFO: Start to update the input of 2025-11-04 10:10:00
2025-11-04 16:10:23,405 [simulate_environment.py | 167] INFO: Get 42 unallocated order items, 18 ongoing order items, 86 completed order items
2025-11-04 16:10:25,000 [simulate_environment.py | 234] INFO: 
LS: BlockRelocate | Count: 0 | TotalTime:0.007s | Cost:29501.76
LS: BlockExchange | Count: 0 | TotalTime:0.000s | Cost:78105.14
LS: PDPairExchange | Count: 1 | TotalTime:0.000s | Cost:29505.02
LS: PDPairExchange | Count: 1 | TotalTime:0.000s | Cost:88339.30
LS: BlockExchange | Count: 1 | TotalTime:0.001s | Cost:55953.17
LS: BlockRelocate | Count: 1 | TotalTime:0.005s | Cost:79718.42
LS: PDPairExchange | Count: 1 | TotalTime:0.000s | Cost:55953.17
LS: BlockExchange | Count: 1 | TotalTime:0.000s | Cost:55953.17
LS: BlockExchange | Count: 1 | TotalTime:0.001s | Cost:55953.17
LS: mPDG | Count: 0 | TotalTime:0.003s | Cost:113107.90
LS: BlockRelocate | Count: 1 | TotalTime:0.001s | Cost:79718.42
Generation 1: Best = 29501.76, Worst = 113108.16, Avg = 100048.46, Time: 0.14119577407836914
LS: BlockExchange | Count: 0 | TotalTime:0.001s | Cost:29501.76
LS: PDPairExchange | Count: 1 | TotalTime:0.001s | Cost:29504.94
LS: BlockExchange | Count: 1 | TotalTime:0.001s | Cost:49942.06
LS: PDPairExchange | Count: 1 | TotalTime:0.000s | Cost:53928.81
LS: BlockExchange | Count: 1 | TotalTime:0.000s | Cost:49942.06
LS: BlockExchange | Count: 1 | TotalTime:0.000s | Cost:49942.06
LS: mPDG | Count: 1 | TotalTime:0.003s | Cost:76221.97
LS: BlockRelocate | Count: 1 | TotalTime:0.005s | Cost:45235.16
LS: BlockRelocate | Count: 1 | TotalTime:0.003s | Cost:45235.16
LS: PDPairExchange | Count: 1 | TotalTime:0.000s | Cost:85806.09
LS: mPDG | Count: 0 | TotalTime:0.002s | Cost:113107.90
Generation 2: Best = 29501.76, Worst = 113107.90, Avg = 97712.43, Time: 0.13972949981689453
LS: BlockRelocate | Count: 0 | TotalTime:0.006s | Cost:29501.76
LS: PDPairExchange | Count: 0 | TotalTime:0.001s | Cost:29504.94
LS: BlockRelocate | Count: 0 | TotalTime:0.006s | Cost:45235.16
LS: BlockRelocate | Count: 0 | TotalTime:0.006s | Cost:45235.16
LS: BlockExchange | Count: 1 | TotalTime:0.000s | Cost:50908.72
LS: BlockExchange | Count: 1 | TotalTime:0.000s | Cost:43850.77
LS: BlockExchange | Count: 1 | TotalTime:0.000s | Cost:43850.77
LS: PDPairExchange | Count: 1 | TotalTime:0.000s | Cost:47917.70
LS: mPDG | Count: 0 | TotalTime:0.003s | Cost:76221.97
LS: PDPairExchange | Count: 0 | TotalTime:0.001s | Cost:85806.09
LS: mPDG | Count: 0 | TotalTime:0.002s | Cost:113107.90
Generation 3: Best = 29501.76, Worst = 113107.90, Avg = 97281.75, Time: 0.15834617614746094
LS: BlockExchange | Count: 0 | TotalTime:0.001s | Cost:29501.76
LS: PDPairExchange | Count: 0 | TotalTime:0.001s | Cost:29504.94
LS: BlockExchange | Count: 0 | TotalTime:0.001s | Cost:43850.77
LS: BlockExchange | Count: 0 | TotalTime:0.001s | Cost:43850.77
LS: BlockRelocate | Count: 0 | TotalTime:0.007s | Cost:45235.16
LS: BlockRelocate | Count: 0 | TotalTime:0.007s | Cost:45235.16
LS: PDPairExchange | Count: 0 | TotalTime:0.001s | Cost:47917.70
LS: BlockExchange | Count: 1 | TotalTime:0.001s | Cost:49942.06
LS: mPDG | Count: 0 | TotalTime:0.003s | Cost:76221.97
LS: PDPairExchange | Count: 0 | TotalTime:0.001s | Cost:85806.09
LS: mPDG | Count: 0 | TotalTime:0.002s | Cost:113107.90
Generation 4: Best = 29501.76, Worst = 113107.90, Avg = 97257.59, Time: 0.1577613353729248
Stopping early due to lack of improvement.
Total runtime: 1.30s (0.0 minutes)
Total GA runtime: 0.60s (0.0 minutes)

The solution initialized by Cheapest Insertion:
V_1:[p2_0906050029-1 p1_0930440031-1 d1_0930440031-1 d2_0906050029-2] V_2:[d8_0747110028-8 d4_0632150023-4] V_3:[d1_0634010024-1 p4_0958350034-1 d4_0958350034-4] V_4:[d1_0630410022-1 d1_0644040025-1 d1_0644260026-1 p1_0946410032-1 d1_0946410032-1 p21_1002040035-1 p1_0949120033-1 d1_0949120033-1 d21_1002040035-21] V_5:[d1_0656120027-1 d1_0626070021-1 p12_0930180030-1 d12_0930180030-12]
The fitness value before EA: 29501.76444444444
V_1:[p2_0906050029-1 p1_0930440031-1 d1_0930440031-1 d2_0906050029-2] V_2:[d8_0747110028-8 d4_0632150023-4] V_3:[d1_0634010024-1 p4_0958350034-1 d4_0958350034-4] V_4:[d1_0630410022-1 d1_0644040025-1 d1_0644260026-1 p1_0946410032-1 d1_0946410032-1 p21_1002040035-1 p1_0949120033-1 d1_0949120033-1 d21_1002040035-21] V_5:[d1_0656120027-1 d1_0626070021-1 p12_0930180030-1 d12_0930180030-12]
The fitness value after EA: 29501.76444444444

Thoi gian thuc hien thuat toan:  1.3005142211914062
SUCCESS

2025-11-04 16:10:25,002 [simulate_environment.py | 256] INFO: 2025-11-04 10:10:00, Item 0906050029-1: state = 1 < 2, we can not finish the simulation
2025-11-04 16:10:25,003 [simulate_environment.py | 99] INFO: **************************************************
2025-11-04 16:10:25,003 [simulate_environment.py | 103] INFO: cur time: 2025-11-04 10:20:00, pre time: 2025-11-04 10:10:00
2025-11-04 16:10:25,003 [simulate_environment.py | 140] INFO: Start to update the input of 2025-11-04 10:20:00
2025-11-04 16:10:25,004 [simulate_environment.py | 167] INFO: Get 56 unallocated order items, 17 ongoing order items, 87 completed order items
2025-11-04 16:10:27,229 [simulate_environment.py | 234] INFO: 
LS: mPDG | Count: 0 | TotalTime:0.006s | Cost:29502.46
LS: PDPairExchange | Count: 1 | TotalTime:0.001s | Cost:47854.13
LS: BlockExchange | Count: 1 | TotalTime:0.002s | Cost:47854.13
LS: BlockRelocate | Count: 1 | TotalTime:0.001s | Cost:70304.97
LS: BlockExchange | Count: 1 | TotalTime:0.000s | Cost:38656.44
LS: mPDG | Count: 1 | TotalTime:0.006s | Cost:95780.97
LS: BlockExchange | Count: 1 | TotalTime:0.002s | Cost:122617.03
LS: BlockExchange | Count: 1 | TotalTime:0.001s | Cost:115007.33
LS: mPDG | Count: 1 | TotalTime:0.006s | Cost:141276.83
LS: mPDG | Count: 1 | TotalTime:0.006s | Cost:141276.83
LS: BlockRelocate | Count: 1 | TotalTime:0.003s | Cost:139290.38
Generation 1: Best = 29502.46, Worst = 193470.90, Avg = 163259.18, Time: 0.2986140251159668
LS: BlockExchange | Count: 0 | TotalTime:0.002s | Cost:29502.46
LS: BlockExchange | Count: 1 | TotalTime:0.001s | Cost:35703.56
LS: PDPairExchange | Count: 1 | TotalTime:0.001s | Cost:46909.68
LS: BlockExchange | Count: 0 | TotalTime:0.002s | Cost:47854.13
LS: PDPairExchange | Count: 1 | TotalTime:0.001s | Cost:51087.72
LS: mPDG | Count: 1 | TotalTime:0.005s | Cost:47854.37
LS: BlockExchange | Count: 1 | TotalTime:0.001s | Cost:51087.72
LS: mPDG | Count: 1 | TotalTime:0.006s | Cost:47854.37
LS: PDPairExchange | Count: 1 | TotalTime:0.001s | Cost:51409.94
LS: PDPairExchange | Count: 1 | TotalTime:0.002s | Cost:51409.94
LS: BlockRelocate | Count: 1 | TotalTime:0.005s | Cost:47853.99
Generation 2: Best = 29502.46, Worst = 193470.90, Avg = 130848.16, Time: 0.2702028751373291
LS: mPDG | Count: 0 | TotalTime:0.004s | Cost:29502.46
LS: BlockExchange | Count: 1 | TotalTime:0.001s | Cost:31903.10
LS: PDPairExchange | Count: 1 | TotalTime:0.001s | Cost:43909.70
LS: BlockRelocate | Count: 1 | TotalTime:0.004s | Cost:47853.51
LS: BlockExchange | Count: 1 | TotalTime:0.002s | Cost:46909.68
LS: mPDG | Count: 1 | TotalTime:0.005s | Cost:47854.19
LS: mPDG | Count: 1 | TotalTime:0.005s | Cost:47854.19
LS: PDPairExchange | Count: 0 | TotalTime:0.002s | Cost:51087.72
LS: BlockExchange | Count: 0 | TotalTime:0.003s | Cost:51087.72
LS: PDPairExchange | Count: 1 | TotalTime:0.001s | Cost:51087.72
LS: PDPairExchange | Count: 1 | TotalTime:0.001s | Cost:51087.72
Generation 3: Best = 29502.46, Worst = 193470.90, Avg = 109084.02, Time: 0.2552835941314697
LS: BlockExchange | Count: 0 | TotalTime:0.002s | Cost:29502.46
LS: BlockExchange | Count: 0 | TotalTime:0.002s | Cost:31903.10
LS: PDPairExchange | Count: 0 | TotalTime:0.002s | Cost:43909.70
LS: BlockExchange | Count: 1 | TotalTime:0.001s | Cost:43909.70
LS: BlockRelocate | Count: 1 | TotalTime:0.010s | Cost:47853.49
LS: mPDG | Count: 1 | TotalTime:0.006s | Cost:47853.95
LS: mPDG | Count: 1 | TotalTime:0.006s | Cost:47853.95
LS: PDPairExchange | Count: 0 | TotalTime:0.002s | Cost:51087.72
LS: BlockExchange | Count: 0 | TotalTime:0.003s | Cost:51087.72
LS: PDPairExchange | Count: 0 | TotalTime:0.002s | Cost:51087.72
LS: PDPairExchange | Count: 0 | TotalTime:0.002s | Cost:51087.72
Generation 4: Best = 29502.46, Worst = 158987.54, Avg = 85043.85, Time: 0.259688138961792
Stopping early due to lack of improvement.
Total runtime: 1.91s (0.0 minutes)
Total GA runtime: 1.08s (0.0 minutes)

The solution initialized by Cheapest Insertion:
V_1:[p2_0906050029-1 p1_0930440031-1 d1_0930440031-1 d2_0906050029-2] V_2:[d8_0747110028-8 d4_0632150023-4 p10_1012150036-1 d10_1012150036-10] V_3:[p4_0958350034-1 d4_0958350034-4] V_4:[d1_0630410022-1 d1_0644040025-1 d1_0644260026-1 p1_0946410032-1 d1_0946410032-1 p21_1002040035-1 p2_1015060037-1 p1_0949120033-1 d1_0949120033-1 d2_1015060037-2 d21_1002040035-21] V_5:[d1_0656120027-1 d1_0626070021-1 p12_0930180030-1 p2_1015200038-1 d2_1015200038-2 d12_0930180030-12]
The fitness value before EA: 29502.464444444442
V_1:[p2_0906050029-1 p1_0930440031-1 d1_0930440031-1 d2_0906050029-2] V_2:[d8_0747110028-8 d4_0632150023-4 p10_1012150036-1 d10_1012150036-10] V_3:[p4_0958350034-1 d4_0958350034-4] V_4:[d1_0630410022-1 d1_0644040025-1 d1_0644260026-1 p1_0946410032-1 d1_0946410032-1 p21_1002040035-1 p2_1015060037-1 p1_0949120033-1 d1_0949120033-1 d2_1015060037-2 d21_1002040035-21] V_5:[d1_0656120027-1 d1_0626070021-1 p12_0930180030-1 p2_1015200038-1 d2_1015200038-2 d12_0930180030-12]
The fitness value after EA: 29502.464444444442

Thoi gian thuc hien thuat toan:  1.9119517803192139
SUCCESS

2025-11-04 16:10:27,230 [simulate_environment.py | 256] INFO: 2025-11-04 10:20:00, Item 0906050029-1: state = 1 < 2, we can not finish the simulation
2025-11-04 16:10:27,231 [simulate_environment.py | 99] INFO: **************************************************
2025-11-04 16:10:27,231 [simulate_environment.py | 103] INFO: cur time: 2025-11-04 10:30:00, pre time: 2025-11-04 10:20:00
2025-11-04 16:10:27,231 [simulate_environment.py | 140] INFO: Start to update the input of 2025-11-04 10:30:00
2025-11-04 16:10:27,232 [simulate_environment.py | 167] INFO: Get 56 unallocated order items, 15 ongoing order items, 89 completed order items
2025-11-04 16:10:29,151 [simulate_environment.py | 234] INFO: 
LS: PDPairExchange | Count: 0 | TotalTime:0.001s | Cost:29155.24
LS: BlockRelocate | Count: 1 | TotalTime:0.006s | Cost:41478.62
LS: PDPairExchange | Count: 1 | TotalTime:0.000s | Cost:40742.09
LS: mPDG | Count: 1 | TotalTime:0.003s | Cost:70738.90
LS: mPDG | Count: 1 | TotalTime:0.004s | Cost:72022.57
LS: BlockExchange | Count: 1 | TotalTime:0.001s | Cost:62727.95
LS: BlockRelocate | Count: 1 | TotalTime:0.002s | Cost:87790.86
LS: mPDG | Count: 1 | TotalTime:0.004s | Cost:92692.50
LS: mPDG | Count: 1 | TotalTime:0.004s | Cost:59704.69
LS: PDPairExchange | Count: 1 | TotalTime:0.000s | Cost:114888.34
LS: BlockRelocate | Count: 1 | TotalTime:0.000s | Cost:134158.66
Generation 1: Best = 29155.24, Worst = 199490.68, Avg = 156828.97, Time: 0.20008158683776855
LS: BlockExchange | Count: 0 | TotalTime:0.001s | Cost:29155.24
LS: PDPairExchange | Count: 1 | TotalTime:0.001s | Cost:40189.06
LS: BlockRelocate | Count: 1 | TotalTime:0.004s | Cost:39725.99
LS: mPDG | Count: 0 | TotalTime:0.004s | Cost:59704.69
LS: BlockExchange | Count: 0 | TotalTime:0.002s | Cost:62727.95
LS: mPDG | Count: 1 | TotalTime:0.007s | Cost:64305.57
LS: mPDG | Count: 1 | TotalTime:0.007s | Cost:29155.24
LS: BlockRelocate | Count: 1 | TotalTime:0.003s | Cost:41830.40
LS: mPDG | Count: 1 | TotalTime:0.003s | Cost:87187.18
LS: PDPairExchange | Count: 1 | TotalTime:0.000s | Cost:107443.44
LS: BlockRelocate | Count: 1 | TotalTime:0.006s | Cost:133202.97
Generation 2: Best = 29155.24, Worst = 193123.67, Avg = 153723.80, Time: 0.2132577896118164
LS: BlockRelocate | Count: 0 | TotalTime:0.011s | Cost:29155.24
LS: mPDG | Count: 0 | TotalTime:0.004s | Cost:29155.24
LS: BlockRelocate | Count: 1 | TotalTime:0.004s | Cost:39725.87
LS: PDPairExchange | Count: 0 | TotalTime:0.001s | Cost:40189.06
LS: BlockRelocate | Count: 1 | TotalTime:0.003s | Cost:36325.09
LS: mPDG | Count: 0 | TotalTime:0.005s | Cost:59704.69
LS: BlockExchange | Count: 0 | TotalTime:0.001s | Cost:62727.95
LS: mPDG | Count: 1 | TotalTime:0.004s | Cost:59705.57
LS: mPDG | Count: 0 | TotalTime:0.003s | Cost:87187.18
LS: PDPairExchange | Count: 1 | TotalTime:0.000s | Cost:82089.96
LS: BlockRelocate | Count: 1 | TotalTime:0.004s | Cost:31137.89
Generation 3: Best = 29155.24, Worst = 193123.67, Avg = 150285.70, Time: 0.21648001670837402
LS: BlockRelocate | Count: 0 | TotalTime:0.009s | Cost:29155.24
LS: mPDG | Count: 0 | TotalTime:0.003s | Cost:29155.24
LS: BlockRelocate | Count: 0 | TotalTime:0.008s | Cost:31137.89
LS: BlockRelocate | Count: 1 | TotalTime:0.002s | Cost:36324.87
LS: BlockRelocate | Count: 1 | TotalTime:0.002s | Cost:36942.05
LS: PDPairExchange | Count: 0 | TotalTime:0.001s | Cost:40189.06
LS: mPDG | Count: 0 | TotalTime:0.004s | Cost:59704.69
LS: mPDG | Count: 0 | TotalTime:0.004s | Cost:59705.57
LS: BlockExchange | Count: 0 | TotalTime:0.001s | Cost:62727.95
LS: PDPairExchange | Count: 1 | TotalTime:0.000s | Cost:50861.98
LS: mPDG | Count: 0 | TotalTime:0.003s | Cost:87187.18
Generation 4: Best = 29155.24, Worst = 193123.67, Avg = 149435.40, Time: 0.21359705924987793
Stopping early due to lack of improvement.
Total runtime: 1.59s (0.0 minutes)
Total GA runtime: 0.84s (0.0 minutes)

The solution initialized by Cheapest Insertion:
V_1:[p2_0906050029-1 p1_0930440031-1 d1_0930440031-1 d2_0906050029-2] V_2:[d8_0747110028-8 d4_0632150023-4 p10_1012150036-1 d10_1012150036-10] V_3:[p4_0958350034-1 d4_0958350034-4] V_4:[d1_0630410022-1 d1_0644040025-1 d1_0644260026-1 p1_0946410032-1 d1_0946410032-1 p21_1002040035-1 p2_1015060037-1 p1_0949120033-1 d1_0949120033-1 d2_1015060037-2 d21_1002040035-21] V_5:[p12_0930180030-1 p2_1015200038-1 d2_1015200038-2 d12_0930180030-12]
The fitness value before EA: 29155.242222222223
V_1:[p2_0906050029-1 p1_0930440031-1 d1_0930440031-1 d2_0906050029-2] V_2:[d8_0747110028-8 d4_0632150023-4 p10_1012150036-1 d10_1012150036-10] V_3:[p4_0958350034-1 d4_0958350034-4] V_4:[d1_0630410022-1 d1_0644040025-1 d1_0644260026-1 p1_0946410032-1 d1_0946410032-1 p21_1002040035-1 p2_1015060037-1 p1_0949120033-1 d1_0949120033-1 d2_1015060037-2 d21_1002040035-21] V_5:[p12_0930180030-1 p2_1015200038-1 d2_1015200038-2 d12_0930180030-12]
The fitness value after EA: 29155.242222222223

Thoi gian thuc hien thuat toan:  1.5883288383483887
SUCCESS

2025-11-04 16:10:29,153 [simulate_environment.py | 256] INFO: 2025-11-04 10:30:00, Item 0906050029-1: state = 1 < 2, we can not finish the simulation
2025-11-04 16:10:29,153 [simulate_environment.py | 99] INFO: **************************************************
2025-11-04 16:10:29,153 [simulate_environment.py | 103] INFO: cur time: 2025-11-04 10:40:00, pre time: 2025-11-04 10:30:00
2025-11-04 16:10:29,153 [simulate_environment.py | 140] INFO: Start to update the input of 2025-11-04 10:40:00
2025-11-04 16:10:29,153 [simulate_environment.py | 167] INFO: Get 56 unallocated order items, 12 ongoing order items, 92 completed order items
2025-11-04 16:10:30,883 [simulate_environment.py | 234] INFO: 
LS: BlockRelocate | Count: 0 | TotalTime:0.006s | Cost:28799.44
LS: PDPairExchange | Count: 0 | TotalTime:0.001s | Cost:64290.80
LS: BlockRelocate | Count: 1 | TotalTime:0.003s | Cost:48597.65
LS: BlockExchange | Count: 1 | TotalTime:0.000s | Cost:65188.58
LS: PDPairExchange | Count: 1 | TotalTime:0.000s | Cost:48678.38
LS: BlockExchange | Count: 0 | TotalTime:0.000s | Cost:97661.26
LS: BlockRelocate | Count: 1 | TotalTime:0.002s | Cost:98082.62
LS: BlockRelocate | Count: 1 | TotalTime:0.000s | Cost:45918.83
LS: BlockExchange | Count: 1 | TotalTime:0.000s | Cost:77116.49
LS: PDPairExchange | Count: 1 | TotalTime:0.000s | Cost:61506.96
LS: PDPairExchange | Count: 1 | TotalTime:0.001s | Cost:127301.81
Generation 1: Best = 28799.44, Worst = 240223.53, Avg = 171528.19, Time: 0.1807863712310791
LS: PDPairExchange | Count: 0 | TotalTime:0.001s | Cost:28799.44
LS: BlockRelocate | Count: 1 | TotalTime:0.004s | Cost:43599.84
LS: BlockRelocate | Count: 1 | TotalTime:0.004s | Cost:41430.66
LS: PDPairExchange | Count: 1 | TotalTime:0.001s | Cost:48667.34
LS: PDPairExchange | Count: 1 | TotalTime:0.001s | Cost:57984.74
LS: BlockRelocate | Count: 1 | TotalTime:0.003s | Cost:62973.51
LS: BlockExchange | Count: 1 | TotalTime:0.001s | Cost:64855.08
LS: BlockExchange | Count: 0 | TotalTime:0.001s | Cost:77116.49
LS: mPDG | Count: 1 | TotalTime:0.003s | Cost:78638.54
LS: BlockRelocate | Count: 1 | TotalTime:0.001s | Cost:62973.51
LS: PDPairExchange | Count: 1 | TotalTime:0.000s | Cost:54951.79
Generation 2: Best = 28799.44, Worst = 240223.53, Avg = 137837.76, Time: 0.15914559364318848
LS: mPDG | Count: 0 | TotalTime:0.003s | Cost:28799.44
LS: BlockRelocate | Count: 1 | TotalTime:0.002s | Cost:31833.66
LS: BlockRelocate | Count: 1 | TotalTime:0.000s | Cost:28799.60
LS: PDPairExchange | Count: 1 | TotalTime:0.000s | Cost:39189.44
LS: PDPairExchange | Count: 0 | TotalTime:0.001s | Cost:54951.79
LS: PDPairExchange | Count: 0 | TotalTime:0.001s | Cost:57984.74
LS: BlockRelocate | Count: 1 | TotalTime:0.002s | Cost:35968.57
LS: BlockRelocate | Count: 1 | TotalTime:0.002s | Cost:35968.57
LS: BlockExchange | Count: 1 | TotalTime:0.000s | Cost:59349.09
LS: BlockExchange | Count: 0 | TotalTime:0.001s | Cost:77116.49
LS: mPDG | Count: 1 | TotalTime:0.003s | Cost:47150.31
Generation 3: Best = 28799.44, Worst = 162956.96, Avg = 108429.07, Time: 0.16251516342163086
LS: BlockRelocate | Count: 0 | TotalTime:0.006s | Cost:28799.44
LS: BlockRelocate | Count: 1 | TotalTime:0.004s | Cost:28799.44
LS: BlockRelocate | Count: 1 | TotalTime:0.002s | Cost:31199.84
LS: BlockRelocate | Count: 1 | TotalTime:0.002s | Cost:35968.41
LS: BlockRelocate | Count: 1 | TotalTime:0.003s | Cost:35968.41
LS: PDPairExchange | Count: 0 | TotalTime:0.001s | Cost:39189.44
LS: mPDG | Count: 1 | TotalTime:0.003s | Cost:31118.43
LS: PDPairExchange | Count: 0 | TotalTime:0.001s | Cost:54951.79
LS: PDPairExchange | Count: 0 | TotalTime:0.001s | Cost:57984.74
LS: BlockExchange | Count: 1 | TotalTime:0.001s | Cost:57848.99
LS: BlockExchange | Count: 0 | TotalTime:0.001s | Cost:77116.49
Generation 4: Best = 28799.44, Worst = 129290.32, Avg = 105709.12, Time: 0.19459748268127441
Stopping early due to lack of improvement.
Total runtime: 1.42s (0.0 minutes)
Total GA runtime: 0.70s (0.0 minutes)

The solution initialized by Cheapest Insertion:
V_1:[p2_0906050029-1 p1_0930440031-1 d1_0930440031-1 d2_0906050029-2] V_2:[d8_0747110028-8 d4_0632150023-4 p10_1012150036-1 d10_1012150036-10] V_3:[p4_0958350034-1 d4_0958350034-4] V_4:[p1_0946410032-1 d1_0946410032-1 p21_1002040035-1 p2_1015060037-1 p1_0949120033-1 d1_0949120033-1 d2_1015060037-2 d21_1002040035-21] V_5:[p12_0930180030-1 p2_1015200038-1 d2_1015200038-2 d12_0930180030-12]
The fitness value before EA: 28799.44444444444
V_1:[p2_0906050029-1 p1_0930440031-1 d1_0930440031-1 d2_0906050029-2] V_2:[d8_0747110028-8 d4_0632150023-4 p10_1012150036-1 d10_1012150036-10] V_3:[p4_0958350034-1 d4_0958350034-4] V_4:[p1_0946410032-1 d1_0946410032-1 p21_1002040035-1 p2_1015060037-1 p1_0949120033-1 d1_0949120033-1 d2_1015060037-2 d21_1002040035-21] V_5:[p12_0930180030-1 p2_1015200038-1 d2_1015200038-2 d12_0930180030-12]
The fitness value after EA: 28799.44444444444

Thoi gian thuc hien thuat toan:  1.4220025539398193
SUCCESS

2025-11-04 16:10:30,884 [simulate_environment.py | 256] INFO: 2025-11-04 10:40:00, Item 0906050029-1: state = 1 < 2, we can not finish the simulation
2025-11-04 16:10:30,884 [simulate_environment.py | 99] INFO: **************************************************
2025-11-04 16:10:30,884 [simulate_environment.py | 103] INFO: cur time: 2025-11-04 10:50:00, pre time: 2025-11-04 10:40:00
2025-11-04 16:10:30,885 [simulate_environment.py | 140] INFO: Start to update the input of 2025-11-04 10:50:00
2025-11-04 16:10:30,885 [simulate_environment.py | 167] INFO: Get 56 unallocated order items, 12 ongoing order items, 92 completed order items
2025-11-04 16:10:32,653 [simulate_environment.py | 234] INFO: 
LS: PDPairExchange | Count: 0 | TotalTime:0.001s | Cost:28789.20
LS: mPDG | Count: 0 | TotalTime:0.003s | Cost:29745.38
LS: mPDG | Count: 0 | TotalTime:0.004s | Cost:45457.48
LS: mPDG | Count: 1 | TotalTime:0.003s | Cost:45908.59
LS: BlockRelocate | Count: 1 | TotalTime:0.001s | Cost:40786.97
LS: BlockRelocate | Count: 1 | TotalTime:0.002s | Cost:63559.99
LS: mPDG | Count: 1 | TotalTime:0.003s | Cost:74139.41
LS: PDPairExchange | Count: 0 | TotalTime:0.001s | Cost:76122.76
LS: mPDG | Count: 1 | TotalTime:0.002s | Cost:76280.79
LS: PDPairExchange | Count: 1 | TotalTime:0.000s | Cost:86086.97
LS: BlockExchange | Count: 1 | TotalTime:0.000s | Cost:70639.94
Generation 1: Best = 28789.20, Worst = 221970.15, Avg = 120921.16, Time: 0.16131067276000977
LS: BlockExchange | Count: 0 | TotalTime:0.001s | Cost:28789.20
LS: mPDG | Count: 0 | TotalTime:0.003s | Cost:29745.38
LS: BlockRelocate | Count: 1 | TotalTime:0.002s | Cost:40786.79
LS: PDPairExchange | Count: 1 | TotalTime:0.000s | Cost:40490.89
LS: mPDG | Count: 1 | TotalTime:0.003s | Cost:43589.60
LS: BlockRelocate | Count: 1 | TotalTime:0.002s | Cost:37909.27
LS: BlockExchange | Count: 1 | TotalTime:0.001s | Cost:47039.94
LS: mPDG | Count: 1 | TotalTime:0.003s | Cost:74139.05
LS: mPDG | Count: 0 | TotalTime:0.003s | Cost:76122.76
LS: mPDG | Count: 0 | TotalTime:0.004s | Cost:76280.79
LS: PDPairExchange | Count: 1 | TotalTime:0.000s | Cost:78108.73
Generation 2: Best = 28789.20, Worst = 129280.08, Avg = 106803.40, Time: 0.17769360542297363
LS: PDPairExchange | Count: 0 | TotalTime:0.001s | Cost:28789.20
LS: PDPairExchange | Count: 1 | TotalTime:0.001s | Cost:29423.16
LS: BlockRelocate | Count: 1 | TotalTime:0.004s | Cost:36591.98
LS: PDPairExchange | Count: 0 | TotalTime:0.001s | Cost:40490.89
LS: BlockRelocate | Count: 1 | TotalTime:0.001s | Cost:34672.94
LS: mPDG | Count: 0 | TotalTime:0.003s | Cost:43589.60
LS: BlockExchange | Count: 0 | TotalTime:0.001s | Cost:47039.94
LS: mPDG | Count: 1 | TotalTime:0.003s | Cost:45908.59
LS: BlockExchange | Count: 0 | TotalTime:0.001s | Cost:76122.76
LS: mPDG | Count: 0 | TotalTime:0.003s | Cost:76280.79
LS: PDPairExchange | Count: 1 | TotalTime:0.001s | Cost:74375.36
Generation 3: Best = 28789.20, Worst = 129280.08, Avg = 105810.47, Time: 0.17075753211975098
LS: PDPairExchange | Count: 0 | TotalTime:0.001s | Cost:28789.20
LS: PDPairExchange | Count: 0 | TotalTime:0.001s | Cost:29423.16
LS: BlockRelocate | Count: 1 | TotalTime:0.002s | Cost:31189.78
LS: BlockRelocate | Count: 1 | TotalTime:0.006s | Cost:35958.65
LS: PDPairExchange | Count: 0 | TotalTime:0.001s | Cost:40490.89
LS: mPDG | Count: 0 | TotalTime:0.003s | Cost:43589.60
LS: mPDG | Count: 1 | TotalTime:0.003s | Cost:43589.60
LS: BlockExchange | Count: 0 | TotalTime:0.001s | Cost:47039.94
LS: PDPairExchange | Count: 1 | TotalTime:0.001s | Cost:74375.30
LS: BlockRelocate | Count: 1 | TotalTime:0.000s | Cost:34672.94
LS: mPDG | Count: 0 | TotalTime:0.003s | Cost:76280.79
Generation 4: Best = 28789.20, Worst = 129280.08, Avg = 104613.34, Time: 0.1715559959411621
Stopping early due to lack of improvement.
Total runtime: 1.44s (0.0 minutes)
Total GA runtime: 0.68s (0.0 minutes)

The solution initialized by Cheapest Insertion:
V_1:[p2_0906050029-1 p1_0930440031-1 d1_0930440031-1 d2_0906050029-2] V_2:[d8_0747110028-8 d4_0632150023-4 p10_1012150036-1 d10_1012150036-10] V_3:[p4_0958350034-1 d4_0958350034-4] V_4:[p1_0946410032-1 d1_0946410032-1 p21_1002040035-1 p2_1015060037-1 p1_0949120033-1 d1_0949120033-1 d2_1015060037-2 d21_1002040035-21] V_5:[p12_0930180030-1 p2_1015200038-1 d2_1015200038-2 d12_0930180030-12]
The fitness value before EA: 28789.20444444444
V_1:[p2_0906050029-1 p1_0930440031-1 d1_0930440031-1 d2_0906050029-2] V_2:[d8_0747110028-8 d4_0632150023-4 p10_1012150036-1 d10_1012150036-10] V_3:[p4_0958350034-1 d4_0958350034-4] V_4:[p1_0946410032-1 d1_0946410032-1 p21_1002040035-1 p2_1015060037-1 p1_0949120033-1 d1_0949120033-1 d2_1015060037-2 d21_1002040035-21] V_5:[p12_0930180030-1 p2_1015200038-1 d2_1015200038-2 d12_0930180030-12]
The fitness value after EA: 28789.20444444444

Thoi gian thuc hien thuat toan:  1.4439902305603027
SUCCESS

2025-11-04 16:10:32,655 [simulate_environment.py | 256] INFO: 2025-11-04 10:50:00, Item 0906050029-1: state = 1 < 2, we can not finish the simulation
2025-11-04 16:10:32,655 [simulate_environment.py | 99] INFO: **************************************************
2025-11-04 16:10:32,655 [simulate_environment.py | 103] INFO: cur time: 2025-11-04 11:00:00, pre time: 2025-11-04 10:50:00
2025-11-04 16:10:32,655 [simulate_environment.py | 140] INFO: Start to update the input of 2025-11-04 11:00:00
2025-11-04 16:10:32,656 [simulate_environment.py | 167] INFO: Get 56 unallocated order items, 12 ongoing order items, 92 completed order items
2025-11-04 16:10:34,356 [simulate_environment.py | 234] INFO: 
LS: mPDG | Count: 0 | TotalTime:0.003s | Cost:28789.20
LS: PDPairExchange | Count: 1 | TotalTime:0.000s | Cost:35389.90
LS: PDPairExchange | Count: 1 | TotalTime:0.000s | Cost:47215.89
LS: BlockExchange | Count: 0 | TotalTime:0.000s | Cost:88294.86
LS: BlockExchange | Count: 1 | TotalTime:0.001s | Cost:88453.49
LS: mPDG | Count: 0 | TotalTime:0.004s | Cost:93145.32
LS: BlockExchange | Count: 1 | TotalTime:0.000s | Cost:63012.77
LS: PDPairExchange | Count: 1 | TotalTime:0.000s | Cost:65079.42
LS: mPDG | Count: 1 | TotalTime:0.003s | Cost:43689.82
LS: BlockExchange | Count: 1 | TotalTime:0.001s | Cost:127291.57
LS: mPDG | Count: 1 | TotalTime:0.003s | Cost:43689.82
Generation 1: Best = 28789.20, Worst = 240213.29, Avg = 134098.74, Time: 0.14793181419372559
LS: BlockRelocate | Count: 0 | TotalTime:0.006s | Cost:28789.20
LS: PDPairExchange | Count: 1 | TotalTime:0.001s | Cost:31522.74
LS: mPDG | Count: 0 | TotalTime:0.004s | Cost:43689.82
LS: mPDG | Count: 0 | TotalTime:0.003s | Cost:43689.82
LS: PDPairExchange | Count: 0 | TotalTime:0.001s | Cost:47215.89
LS: BlockExchange | Count: 1 | TotalTime:0.000s | Cost:58862.75
LS: PDPairExchange | Count: 0 | TotalTime:0.001s | Cost:65079.42
LS: mPDG | Count: 0 | TotalTime:0.005s | Cost:88294.86
LS: BlockExchange | Count: 1 | TotalTime:0.000s | Cost:86053.03
LS: BlockRelocate | Count: 1 | TotalTime:0.002s | Cost:57345.98
LS: BlockExchange | Count: 1 | TotalTime:0.000s | Cost:54941.55
Generation 2: Best = 28789.20, Worst = 129280.08, Avg = 108865.18, Time: 0.1654503345489502
LS: BlockExchange | Count: 0 | TotalTime:0.001s | Cost:28789.20
LS: PDPairExchange | Count: 0 | TotalTime:0.001s | Cost:31522.74
LS: mPDG | Count: 0 | TotalTime:0.003s | Cost:43689.82
LS: mPDG | Count: 0 | TotalTime:0.003s | Cost:43689.82
LS: PDPairExchange | Count: 0 | TotalTime:0.001s | Cost:47215.89
LS: BlockExchange | Count: 0 | TotalTime:0.001s | Cost:54941.55
LS: BlockRelocate | Count: 1 | TotalTime:0.001s | Cost:49545.66
LS: BlockExchange | Count: 1 | TotalTime:0.000s | Cost:58129.88
LS: PDPairExchange | Count: 0 | TotalTime:0.001s | Cost:65079.42
LS: BlockExchange | Count: 1 | TotalTime:0.000s | Cost:82319.66
LS: BlockExchange | Count: 1 | TotalTime:0.000s | Cost:88083.55
Generation 3: Best = 28789.20, Worst = 129280.08, Avg = 108553.24, Time: 0.14717626571655273
LS: BlockExchange | Count: 0 | TotalTime:0.001s | Cost:28789.20
LS: PDPairExchange | Count: 0 | TotalTime:0.001s | Cost:31522.74
LS: mPDG | Count: 0 | TotalTime:0.003s | Cost:43689.82
LS: mPDG | Count: 0 | TotalTime:0.003s | Cost:43689.82
LS: PDPairExchange | Count: 0 | TotalTime:0.001s | Cost:47215.89
LS: BlockRelocate | Count: 1 | TotalTime:0.005s | Cost:30856.55
LS: BlockExchange | Count: 0 | TotalTime:0.001s | Cost:54941.55
LS: BlockExchange | Count: 1 | TotalTime:0.001s | Cost:41257.20
LS: PDPairExchange | Count: 0 | TotalTime:0.001s | Cost:65079.42
LS: BlockExchange | Count: 0 | TotalTime:0.001s | Cost:82319.66
LS: BlockExchange | Count: 1 | TotalTime:0.000s | Cost:74483.57
Generation 4: Best = 28789.20, Worst = 129280.08, Avg = 107324.19, Time: 0.15907931327819824
Stopping early due to lack of improvement.
Total runtime: 1.40s (0.0 minutes)
Total GA runtime: 0.62s (0.0 minutes)

The solution initialized by Cheapest Insertion:
V_1:[p2_0906050029-1 p1_0930440031-1 d1_0930440031-1 d2_0906050029-2] V_2:[d8_0747110028-8 d4_0632150023-4 p10_1012150036-1 d10_1012150036-10] V_3:[p4_0958350034-1 d4_0958350034-4] V_4:[p1_0946410032-1 d1_0946410032-1 p21_1002040035-1 p2_1015060037-1 p1_0949120033-1 d1_0949120033-1 d2_1015060037-2 d21_1002040035-21] V_5:[p12_0930180030-1 p2_1015200038-1 d2_1015200038-2 d12_0930180030-12]
The fitness value before EA: 28789.20444444444
V_1:[p2_0906050029-1 p1_0930440031-1 d1_0930440031-1 d2_0906050029-2] V_2:[d8_0747110028-8 d4_0632150023-4 p10_1012150036-1 d10_1012150036-10] V_3:[p4_0958350034-1 d4_0958350034-4] V_4:[p1_0946410032-1 d1_0946410032-1 p21_1002040035-1 p2_1015060037-1 p1_0949120033-1 d1_0949120033-1 d2_1015060037-2 d21_1002040035-21] V_5:[p12_0930180030-1 p2_1015200038-1 d2_1015200038-2 d12_0930180030-12]
The fitness value after EA: 28789.20444444444

Thoi gian thuc hien thuat toan:  1.3956279754638672
SUCCESS

2025-11-04 16:10:34,358 [simulate_environment.py | 256] INFO: 2025-11-04 11:00:00, Item 0906050029-1: state = 1 < 2, we can not finish the simulation
2025-11-04 16:10:34,358 [simulate_environment.py | 99] INFO: **************************************************
2025-11-04 16:10:34,358 [simulate_environment.py | 103] INFO: cur time: 2025-11-04 11:10:00, pre time: 2025-11-04 11:00:00
2025-11-04 16:10:34,358 [simulate_environment.py | 140] INFO: Start to update the input of 2025-11-04 11:10:00
2025-11-04 16:10:34,358 [simulate_environment.py | 167] INFO: Get 42 unallocated order items, 27 ongoing order items, 92 completed order items
2025-11-04 16:10:35,925 [simulate_environment.py | 234] INFO: 
LS: mPDG | Count: 0 | TotalTime:0.002s | Cost:28792.60
LS: BlockRelocate | Count: 0 | TotalTime:0.005s | Cost:28792.62
LS: mPDG | Count: 0 | TotalTime:0.004s | Cost:28792.62
LS: mPDG | Count: 0 | TotalTime:0.003s | Cost:28792.62
LS: mPDG | Count: 0 | TotalTime:0.003s | Cost:28792.62
LS: BlockExchange | Count: 0 | TotalTime:0.001s | Cost:28792.62
LS: mPDG | Count: 0 | TotalTime:0.003s | Cost:28792.62
LS: mPDG | Count: 0 | TotalTime:0.003s | Cost:28792.62
LS: PDPairExchange | Count: 0 | TotalTime:0.001s | Cost:28792.62
LS: BlockExchange | Count: 0 | TotalTime:0.001s | Cost:28792.62
LS: PDPairExchange | Count: 0 | TotalTime:0.000s | Cost:28792.62
Generation 1: Best = 28792.60, Worst = 101359.29, Avg = 54853.12, Time: 0.15060853958129883
LS: PDPairExchange | Count: 0 | TotalTime:0.000s | Cost:28792.60
LS: mPDG | Count: 0 | TotalTime:0.004s | Cost:28792.62
LS: mPDG | Count: 0 | TotalTime:0.004s | Cost:28792.62
LS: BlockExchange | Count: 0 | TotalTime:0.001s | Cost:28792.62
LS: PDPairExchange | Count: 0 | TotalTime:0.001s | Cost:28792.62
LS: BlockRelocate | Count: 0 | TotalTime:0.006s | Cost:28792.62
LS: BlockRelocate | Count: 0 | TotalTime:0.005s | Cost:28792.62
LS: BlockExchange | Count: 0 | TotalTime:0.001s | Cost:28792.62
LS: PDPairExchange | Count: 0 | TotalTime:0.001s | Cost:28792.62
LS: mPDG | Count: 0 | TotalTime:0.003s | Cost:28792.62
LS: BlockExchange | Count: 0 | TotalTime:0.001s | Cost:28792.62
Generation 2: Best = 28792.60, Worst = 28792.62, Avg = 28792.62, Time: 0.14021682739257812
LS: mPDG | Count: 0 | TotalTime:0.002s | Cost:28792.60
LS: PDPairExchange | Count: 0 | TotalTime:0.000s | Cost:28792.62
LS: mPDG | Count: 0 | TotalTime:0.003s | Cost:28792.62
LS: BlockExchange | Count: 0 | TotalTime:0.001s | Cost:28792.62
LS: mPDG | Count: 0 | TotalTime:0.004s | Cost:28792.62
LS: BlockRelocate | Count: 0 | TotalTime:0.005s | Cost:28792.62
LS: BlockRelocate | Count: 0 | TotalTime:0.005s | Cost:28792.62
LS: BlockExchange | Count: 0 | TotalTime:0.001s | Cost:28792.62
LS: BlockRelocate | Count: 0 | TotalTime:0.005s | Cost:28792.62
LS: mPDG | Count: 0 | TotalTime:0.004s | Cost:28792.62
LS: PDPairExchange | Count: 0 | TotalTime:0.001s | Cost:28792.62
Generation 3: Best = 28792.60, Worst = 28792.62, Avg = 28792.62, Time: 0.13939619064331055
LS: PDPairExchange | Count: 0 | TotalTime:0.001s | Cost:28792.60
LS: mPDG | Count: 0 | TotalTime:0.004s | Cost:28792.62
LS: BlockRelocate | Count: 0 | TotalTime:0.006s | Cost:28792.62
LS: mPDG | Count: 0 | TotalTime:0.004s | Cost:28792.62
LS: PDPairExchange | Count: 0 | TotalTime:0.001s | Cost:28792.62
LS: BlockExchange | Count: 0 | TotalTime:0.001s | Cost:28792.62
LS: BlockExchange | Count: 0 | TotalTime:0.001s | Cost:28792.62
LS: mPDG | Count: 0 | TotalTime:0.004s | Cost:28792.62
LS: PDPairExchange | Count: 0 | TotalTime:0.001s | Cost:28792.62
LS: mPDG | Count: 0 | TotalTime:0.004s | Cost:28792.62
LS: BlockRelocate | Count: 0 | TotalTime:0.006s | Cost:28792.62
Generation 4: Best = 28792.60, Worst = 28792.62, Avg = 28792.62, Time: 0.1515500545501709
Stopping early due to lack of improvement.
Total runtime: 1.30s (0.0 minutes)
Total GA runtime: 0.58s (0.0 minutes)

The solution initialized by Cheapest Insertion:
V_1:[p1_0930440031-1 d1_0930440031-1 d2_0906050029-2 p1_1104060039-1 d1_1104060039-1] V_2:[d8_0747110028-8 d4_0632150023-4 p10_1012150036-1 d10_1012150036-10] V_3:[p4_0958350034-1 d4_0958350034-4] V_4:[d1_0946410032-1 p21_1002040035-1 p2_1015060037-1 p1_0949120033-1 d1_0949120033-1 d2_1015060037-2 d21_1002040035-21] V_5:[p2_1015200038-1 d2_1015200038-2 d12_0930180030-12]
The fitness value before EA: 28792.60444444444
V_1:[p1_0930440031-1 d1_0930440031-1 d2_0906050029-2 p1_1104060039-1 d1_1104060039-1] V_2:[d8_0747110028-8 d4_0632150023-4 p10_1012150036-1 d10_1012150036-10] V_3:[p4_0958350034-1 d4_0958350034-4] V_4:[d1_0946410032-1 p21_1002040035-1 p2_1015060037-1 p1_0949120033-1 d1_0949120033-1 d2_1015060037-2 d21_1002040035-21] V_5:[p2_1015200038-1 d2_1015200038-2 d12_0930180030-12]
The fitness value after EA: 28792.60444444444

Thoi gian thuc hien thuat toan:  1.3029625415802002
SUCCESS

2025-11-04 16:10:35,926 [simulate_environment.py | 256] INFO: 2025-11-04 11:10:00, Item 0930440031-1: state = 1 < 2, we can not finish the simulation
2025-11-04 16:10:35,926 [simulate_environment.py | 99] INFO: **************************************************
2025-11-04 16:10:35,926 [simulate_environment.py | 103] INFO: cur time: 2025-11-04 11:20:00, pre time: 2025-11-04 11:10:00
2025-11-04 16:10:35,926 [simulate_environment.py | 140] INFO: Start to update the input of 2025-11-04 11:20:00
2025-11-04 16:10:35,927 [simulate_environment.py | 167] INFO: Get 61 unallocated order items, 27 ongoing order items, 92 completed order items
2025-11-04 16:10:41,348 [simulate_environment.py | 234] INFO: 
LS: BlockRelocate | Count: 0 | TotalTime:0.018s | Cost:105761.01
LS: BlockExchange | Count: 1 | TotalTime:0.001s | Cost:319177.38
LS: BlockRelocate | Count: 1 | TotalTime:0.006s | Cost:423755.40
LS: PDPairExchange | Count: 1 | TotalTime:0.000s | Cost:442638.04
LS: BlockExchange | Count: 1 | TotalTime:0.001s | Cost:397491.15
LS: BlockRelocate | Count: 1 | TotalTime:0.000s | Cost:240061.71
LS: BlockExchange | Count: 1 | TotalTime:0.000s | Cost:489055.61
LS: mPDG | Count: 1 | TotalTime:0.007s | Cost:571670.93
LS: BlockRelocate | Count: 1 | TotalTime:0.001s | Cost:571284.20
LS: PDPairExchange | Count: 1 | TotalTime:0.001s | Cost:622000.41
LS: mPDG | Count: 1 | TotalTime:0.010s | Cost:737349.58
Generation 1: Best = 105761.01, Worst = 903169.72, Avg = 717450.32, Time: 0.24632763862609863
LS: PDPairExchange | Count: 1 | TotalTime:0.001s | Cost:102046.90
LS: BlockRelocate | Count: 1 | TotalTime:0.006s | Cost:229511.69
LS: BlockExchange | Count: 1 | TotalTime:0.002s | Cost:318677.22
LS: BlockExchange | Count: 1 | TotalTime:0.001s | Cost:397491.11
LS: BlockRelocate | Count: 1 | TotalTime:0.008s | Cost:409288.69
LS: PDPairExchange | Count: 1 | TotalTime:0.001s | Cost:426288.48
LS: BlockExchange | Count: 1 | TotalTime:0.001s | Cost:545988.94
LS: BlockRelocate | Count: 1 | TotalTime:0.002s | Cost:554153.64
LS: mPDG | Count: 1 | TotalTime:0.007s | Cost:571670.75
LS: PDPairExchange | Count: 1 | TotalTime:0.001s | Cost:615063.86
LS: mPDG | Count: 1 | TotalTime:0.009s | Cost:574749.18
Generation 2: Best = 102046.90, Worst = 835318.60, Avg = 691831.15, Time: 0.25595688819885254
LS: PDPairExchange | Count: 0 | TotalTime:0.002s | Cost:102046.90
LS: BlockRelocate | Count: 1 | TotalTime:0.003s | Cost:195661.55
LS: BlockExchange | Count: 1 | TotalTime:0.000s | Cost:315793.95
LS: BlockExchange | Count: 1 | TotalTime:0.001s | Cost:389991.11
LS: BlockRelocate | Count: 1 | TotalTime:0.001s | Cost:384446.70
LS: PDPairExchange | Count: 1 | TotalTime:0.002s | Cost:420554.89
LS: BlockExchange | Count: 1 | TotalTime:0.000s | Cost:1935419.74
LS: BlockRelocate | Count: 1 | TotalTime:0.002s | Cost:534150.76
LS: mPDG | Count: 1 | TotalTime:0.007s | Cost:273853.18
LS: mPDG | Count: 0 | TotalTime:0.009s | Cost:574749.18
LS: PDPairExchange | Count: 1 | TotalTime:0.001s | Cost:577165.34
Generation 3: Best = 102046.90, Worst = 1935419.74, Avg = 708518.31, Time: 0.2364635467529297
LS: PDPairExchange | Count: 0 | TotalTime:0.002s | Cost:102046.90
LS: BlockRelocate | Count: 1 | TotalTime:0.001s | Cost:190444.88
LS: mPDG | Count: 1 | TotalTime:0.007s | Cost:267836.22
LS: BlockExchange | Count: 1 | TotalTime:0.001s | Cost:292860.62
LS: BlockRelocate | Count: 1 | TotalTime:0.018s | Cost:178958.68
LS: BlockExchange | Count: 1 | TotalTime:0.001s | Cost:460429.12
LS: PDPairExchange | Count: 0 | TotalTime:0.003s | Cost:420554.89
LS: BlockRelocate | Count: 1 | TotalTime:0.001s | Cost:528136.64
LS: mPDG | Count: 0 | TotalTime:0.010s | Cost:574749.18
LS: PDPairExchange | Count: 1 | TotalTime:0.001s | Cost:564397.90
LS: PDPairExchange | Count: 1 | TotalTime:0.001s | Cost:573770.10
Generation 4: Best = 102046.90, Worst = 805437.05, Avg = 658313.18, Time: 0.23983430862426758
LS: PDPairExchange | Count: 0 | TotalTime:0.003s | Cost:102046.90
LS: BlockRelocate | Count: 1 | TotalTime:0.001s | Cost:178005.36
LS: BlockRelocate | Count: 1 | TotalTime:0.004s | Cost:176744.70
LS: mPDG | Count: 1 | TotalTime:0.007s | Cost:248669.09
LS: BlockExchange | Count: 1 | TotalTime:0.000s | Cost:283360.78
LS: PDPairExchange | Count: 0 | TotalTime:0.003s | Cost:420554.89
LS: BlockExchange | Count: 1 | TotalTime:0.000s | Cost:456342.79
LS: BlockRelocate | Count: 1 | TotalTime:0.001s | Cost:516005.82
LS: PDPairExchange | Count: 1 | TotalTime:0.000s | Cost:552164.48
LS: PDPairExchange | Count: 1 | TotalTime:0.002s | Cost:556836.72
LS: mPDG | Count: 0 | TotalTime:0.011s | Cost:574749.18
Generation 5: Best = 102046.90, Worst = 764622.24, Avg = 644424.60, Time: 3.1677212715148926
LS: PDPairExchange | Count: 0 | TotalTime:0.002s | Cost:102046.90
LS: BlockRelocate | Count: 1 | TotalTime:0.001s | Cost:133691.93
LS: BlockRelocate | Count: 1 | TotalTime:0.001s | Cost:170191.70
LS: mPDG | Count: 0 | TotalTime:0.006s | Cost:248669.09
LS: BlockExchange | Count: 1 | TotalTime:0.001s | Cost:278193.45
LS: PDPairExchange | Count: 0 | TotalTime:0.003s | Cost:420554.89
LS: BlockExchange | Count: 1 | TotalTime:0.000s | Cost:408539.79
LS: BlockRelocate | Count: 1 | TotalTime:0.004s | Cost:510489.44
LS: PDPairExchange | Count: 1 | TotalTime:0.000s | Cost:528181.15
LS: PDPairExchange | Count: 1 | TotalTime:0.002s | Cost:447417.48
LS: mPDG | Count: 0 | TotalTime:0.010s | Cost:574749.18
Generation 6: Best = 102046.90, Worst = 764622.24, Avg = 617331.47, Time: 0.24128460884094238
Stopping early due to lack of improvement.
Total runtime: 5.14s (0.1 minutes)
Total GA runtime: 4.39s (0.1 minutes)

The solution initialized by Cheapest Insertion:
V_1:[p1_0930440031-1 d1_0930440031-1 d2_0906050029-2 p1_1104060039-1 d1_1104060039-1] V_2:[d8_0747110028-8 d4_0632150023-4 p10_1012150036-1 d10_1012150036-10 p1_1119300044-1 d1_1119300044-1] V_3:[p4_0958350034-1 p13_1114040043-1 d13_1114040043-13 d4_0958350034-4] V_4:[d1_0946410032-1 p21_1002040035-1 p2_1015060037-1 p1_1110120040-1 p1_0949120033-1 d1_0949120033-1 d1_1110120040-1 d2_1015060037-2 d21_1002040035-21 p1_1113130042-1 d1_1113130042-1] V_5:[p2_1015200038-1 d2_1015200038-2 d12_0930180030-12 p3_1110400041-1 d3_1110400041-3]
The fitness value before EA: 105761.01333333332
V_1:[p1_0930440031-1 d1_0930440031-1 d2_0906050029-2 p1_1113130042-1 d1_1113130042-1] V_2:[d8_0747110028-8 d4_0632150023-4 p10_1012150036-1 d10_1012150036-10 p1_1119300044-1 d1_1119300044-1] V_3:[p4_0958350034-1 p13_1114040043-1 d13_1114040043-13 d4_0958350034-4] V_4:[d1_0946410032-1 p21_1002040035-1 p2_1015060037-1 p1_1110120040-1 p1_0949120033-1 d1_0949120033-1 d1_1110120040-1 d2_1015060037-2 d21_1002040035-21 p1_1104060039-1 d1_1104060039-1] V_5:[p2_1015200038-1 d2_1015200038-2 d12_0930180030-12 p3_1110400041-1 d3_1110400041-3]
The fitness value after EA: 102046.90444444444

Thoi gian thuc hien thuat toan:  5.1358349323272705
SUCCESS

2025-11-04 16:10:41,350 [simulate_environment.py | 256] INFO: 2025-11-04 11:20:00, Item 0930440031-1: state = 1 < 2, we can not finish the simulation
2025-11-04 16:10:41,350 [simulate_environment.py | 99] INFO: **************************************************
2025-11-04 16:10:41,350 [simulate_environment.py | 103] INFO: cur time: 2025-11-04 11:30:00, pre time: 2025-11-04 11:20:00
2025-11-04 16:10:41,350 [simulate_environment.py | 140] INFO: Start to update the input of 2025-11-04 11:30:00
2025-11-04 16:10:41,351 [simulate_environment.py | 167] INFO: Get 52 unallocated order items, 25 ongoing order items, 104 completed order items
2025-11-04 16:10:43,641 [simulate_environment.py | 234] INFO: 
LS: BlockRelocate | Count: 1 | TotalTime:0.006s | Cost:93954.94
LS: BlockExchange | Count: 1 | TotalTime:0.003s | Cost:119119.79
LS: PDPairExchange | Count: 1 | TotalTime:0.002s | Cost:150459.00
LS: BlockRelocate | Count: 1 | TotalTime:0.003s | Cost:172152.78
LS: BlockRelocate | Count: 1 | TotalTime:0.002s | Cost:173985.49
LS: BlockRelocate | Count: 1 | TotalTime:0.004s | Cost:188876.22
LS: mPDG | Count: 1 | TotalTime:0.007s | Cost:206222.87
LS: BlockRelocate | Count: 1 | TotalTime:0.002s | Cost:228890.95
LS: mPDG | Count: 1 | TotalTime:0.006s | Cost:240524.45
LS: PDPairExchange | Count: 1 | TotalTime:0.000s | Cost:220778.46
LS: mPDG | Count: 1 | TotalTime:0.007s | Cost:255603.12
Generation 1: Best = 93954.94, Worst = 577823.44, Avg = 421920.64, Time: 0.22925949096679688
LS: BlockRelocate | Count: 0 | TotalTime:0.017s | Cost:93954.94
LS: BlockExchange | Count: 1 | TotalTime:0.000s | Cost:110886.45
LS: PDPairExchange | Count: 0 | TotalTime:0.003s | Cost:150459.00
LS: BlockRelocate | Count: 1 | TotalTime:0.002s | Cost:171688.99
LS: BlockRelocate | Count: 1 | TotalTime:0.003s | Cost:168021.85
LS: BlockRelocate | Count: 1 | TotalTime:0.001s | Cost:179625.86
LS: mPDG | Count: 1 | TotalTime:0.007s | Cost:142725.44
LS: PDPairExchange | Count: 1 | TotalTime:0.000s | Cost:220078.52
LS: BlockRelocate | Count: 1 | TotalTime:0.002s | Cost:220724.02
LS: mPDG | Count: 1 | TotalTime:0.006s | Cost:237727.44
LS: mPDG | Count: 0 | TotalTime:0.006s | Cost:255603.12
Generation 2: Best = 93954.94, Worst = 559345.26, Avg = 415670.59, Time: 0.26357483863830566
LS: BlockRelocate | Count: 0 | TotalTime:0.016s | Cost:93954.94
LS: BlockExchange | Count: 1 | TotalTime:0.000s | Cost:110753.04
LS: mPDG | Count: 1 | TotalTime:0.010s | Cost:123255.78
LS: PDPairExchange | Count: 0 | TotalTime:0.003s | Cost:150459.00
LS: BlockRelocate | Count: 1 | TotalTime:0.009s | Cost:163307.82
LS: BlockRelocate | Count: 1 | TotalTime:0.003s | Cost:144916.95
LS: BlockRelocate | Count: 1 | TotalTime:0.006s | Cost:157183.60
LS: PDPairExchange | Count: 1 | TotalTime:0.001s | Cost:219361.80
LS: BlockRelocate | Count: 1 | TotalTime:0.004s | Cost:131449.46
LS: mPDG | Count: 1 | TotalTime:0.007s | Cost:213527.08
LS: mPDG | Count: 0 | TotalTime:0.007s | Cost:255603.12
Generation 3: Best = 93954.94, Worst = 559345.26, Avg = 409986.54, Time: 0.26537513732910156
LS: BlockRelocate | Count: 0 | TotalTime:0.018s | Cost:93954.94
LS: BlockExchange | Count: 0 | TotalTime:0.003s | Cost:110753.04
LS: mPDG | Count: 1 | TotalTime:0.007s | Cost:107489.05
LS: BlockRelocate | Count: 1 | TotalTime:0.004s | Cost:125682.80
LS: BlockRelocate | Count: 1 | TotalTime:0.001s | Cost:125216.47
LS: PDPairExchange | Count: 0 | TotalTime:0.003s | Cost:150459.00
LS: BlockRelocate | Count: 1 | TotalTime:0.007s | Cost:151416.87
LS: BlockRelocate | Count: 1 | TotalTime:0.009s | Cost:163307.52
LS: mPDG | Count: 1 | TotalTime:0.007s | Cost:119910.81
LS: PDPairExchange | Count: 1 | TotalTime:0.000s | Cost:219328.44
LS: mPDG | Count: 0 | TotalTime:0.007s | Cost:255603.12
Generation 4: Best = 93954.94, Worst = 559345.26, Avg = 403652.25, Time: 0.2714266777038574
LS: BlockRelocate | Count: 0 | TotalTime:0.016s | Cost:93954.94
LS: mPDG | Count: 0 | TotalTime:0.008s | Cost:107489.05
LS: BlockExchange | Count: 0 | TotalTime:0.003s | Cost:110753.04
LS: mPDG | Count: 0 | TotalTime:0.007s | Cost:119910.81
LS: BlockRelocate | Count: 1 | TotalTime:0.009s | Cost:104110.67
LS: BlockRelocate | Count: 1 | TotalTime:0.007s | Cost:124265.99
LS: PDPairExchange | Count: 0 | TotalTime:0.003s | Cost:150459.00
LS: BlockRelocate | Count: 1 | TotalTime:0.007s | Cost:132083.06
LS: BlockRelocate | Count: 1 | TotalTime:0.008s | Cost:93955.42
LS: PDPairExchange | Count: 1 | TotalTime:0.001s | Cost:204891.85
LS: mPDG | Count: 0 | TotalTime:0.007s | Cost:255603.12
Generation 5: Best = 93954.94, Worst = 553189.82, Avg = 387913.31, Time: 0.27306342124938965
Stopping early due to lack of improvement.
Total runtime: 2.03s (0.0 minutes)
Total GA runtime: 1.30s (0.0 minutes)

The solution initialized by Cheapest Insertion:
V_1:[p1_0930440031-1 d1_0930440031-1 d2_0906050029-2 p1_1113130042-1 d1_1113130042-1 p1_1123490045-1 d1_1123490045-1] V_2:[d10_1012150036-10 p1_1119300044-1 d1_1119300044-1] V_3:[p4_0958350034-1 p13_1114040043-1 d13_1114040043-13 d4_0958350034-4] V_4:[d1_0946410032-1 p21_1002040035-1 p2_1015060037-1 p1_1110120040-1 p1_0949120033-1 d1_0949120033-1 d1_1110120040-1 d2_1015060037-2 d21_1002040035-21 p1_1104060039-1 d1_1104060039-1] V_5:[p2_1015200038-1 d2_1015200038-2 d12_0930180030-12 p3_1110400041-1 d3_1110400041-3]
The fitness value before EA: 93955.41777777778
V_1:[p1_0930440031-1 d1_0930440031-1 d2_0906050029-2 p1_1113130042-1 d1_1113130042-1 p1_1123490045-1 p1_1119300044-1 d1_1119300044-1 d1_1123490045-1] V_2:[d10_1012150036-10] V_3:[p4_0958350034-1 p13_1114040043-1 d13_1114040043-13 d4_0958350034-4] V_4:[d1_0946410032-1 p21_1002040035-1 p2_1015060037-1 p1_1110120040-1 p1_0949120033-1 d1_0949120033-1 d1_1110120040-1 d2_1015060037-2 d21_1002040035-21 p1_1104060039-1 d1_1104060039-1] V_5:[p2_1015200038-1 d2_1015200038-2 d12_0930180030-12 p3_1110400041-1 d3_1110400041-3]
The fitness value after EA: 93954.93777777778

Thoi gian thuc hien thuat toan:  2.029134750366211
SUCCESS

2025-11-04 16:10:43,642 [simulate_environment.py | 256] INFO: 2025-11-04 11:30:00, Item 0930440031-1: state = 1 < 2, we can not finish the simulation
2025-11-04 16:10:43,643 [simulate_environment.py | 99] INFO: **************************************************
2025-11-04 16:10:43,643 [simulate_environment.py | 103] INFO: cur time: 2025-11-04 11:40:00, pre time: 2025-11-04 11:30:00
2025-11-04 16:10:43,643 [simulate_environment.py | 140] INFO: Start to update the input of 2025-11-04 11:40:00
2025-11-04 16:10:43,643 [simulate_environment.py | 167] INFO: Get 57 unallocated order items, 25 ongoing order items, 104 completed order items
2025-11-04 16:10:45,878 [simulate_environment.py | 234] INFO: 
LS: BlockRelocate | Count: 0 | TotalTime:0.027s | Cost:93955.58
LS: BlockExchange | Count: 1 | TotalTime:0.001s | Cost:181476.82
LS: PDPairExchange | Count: 1 | TotalTime:0.002s | Cost:186275.34
LS: BlockRelocate | Count: 1 | TotalTime:0.003s | Cost:242681.50
LS: PDPairExchange | Count: 1 | TotalTime:0.001s | Cost:299501.41
LS: PDPairExchange | Count: 1 | TotalTime:0.001s | Cost:413953.90
LS: BlockExchange | Count: 1 | TotalTime:0.000s | Cost:435111.76
LS: BlockExchange | Count: 1 | TotalTime:0.001s | Cost:510512.55
LS: BlockExchange | Count: 1 | TotalTime:0.000s | Cost:474945.63
LS: BlockExchange | Count: 0 | TotalTime:0.000s | Cost:508188.29
LS: mPDG | Count: 1 | TotalTime:0.011s | Cost:501012.80
Generation 1: Best = 93955.58, Worst = 815010.55, Avg = 582242.34, Time: 0.3124103546142578
LS: PDPairExchange | Count: 0 | TotalTime:0.004s | Cost:93955.58
LS: BlockExchange | Count: 1 | TotalTime:0.001s | Cost:181476.24
LS: PDPairExchange | Count: 1 | TotalTime:0.003s | Cost:182697.54
LS: BlockRelocate | Count: 1 | TotalTime:0.001s | Cost:237784.10
LS: PDPairExchange | Count: 1 | TotalTime:0.001s | Cost:299334.74
LS: PDPairExchange | Count: 1 | TotalTime:0.001s | Cost:392942.73
LS: BlockExchange | Count: 1 | TotalTime:0.000s | Cost:385944.99
LS: BlockExchange | Count: 1 | TotalTime:0.000s | Cost:462098.40
LS: mPDG | Count: 1 | TotalTime:0.012s | Cost:489062.80
LS: PDPairExchange | Count: 1 | TotalTime:0.001s | Cost:499902.18
LS: BlockExchange | Count: 1 | TotalTime:0.000s | Cost:499234.58
Generation 2: Best = 93955.58, Worst = 663330.17, Avg = 549772.98, Time: 0.30612993240356445
LS: BlockExchange | Count: 0 | TotalTime:0.005s | Cost:93955.58
LS: BlockExchange | Count: 1 | TotalTime:0.002s | Cost:201651.56
LS: PDPairExchange | Count: 1 | TotalTime:0.001s | Cost:179496.96
LS: BlockRelocate | Count: 1 | TotalTime:0.005s | Cost:222620.11
LS: PDPairExchange | Count: 1 | TotalTime:0.002s | Cost:277400.91
LS: BlockExchange | Count: 1 | TotalTime:0.001s | Cost:403978.59
LS: PDPairExchange | Count: 1 | TotalTime:0.002s | Cost:384443.09
LS: BlockExchange | Count: 1 | TotalTime:0.001s | Cost:438579.06
LS: mPDG | Count: 1 | TotalTime:0.013s | Cost:473695.95
LS: BlockExchange | Count: 1 | TotalTime:0.000s | Cost:497667.91
LS: PDPairExchange | Count: 1 | TotalTime:0.001s | Cost:464425.00
Generation 3: Best = 93955.58, Worst = 654008.39, Avg = 545224.08, Time: 0.3061239719390869
LS: PDPairExchange | Count: 0 | TotalTime:0.004s | Cost:93955.58
LS: PDPairExchange | Count: 1 | TotalTime:0.003s | Cost:176930.36
LS: BlockExchange | Count: 1 | TotalTime:0.002s | Cost:183751.48
LS: BlockRelocate | Count: 1 | TotalTime:0.006s | Cost:221286.95
LS: PDPairExchange | Count: 1 | TotalTime:0.000s | Cost:252936.42
LS: PDPairExchange | Count: 1 | TotalTime:0.000s | Cost:383276.24
LS: BlockExchange | Count: 1 | TotalTime:0.001s | Cost:394361.96
LS: BlockExchange | Count: 1 | TotalTime:0.000s | Cost:423975.88
LS: PDPairExchange | Count: 1 | TotalTime:0.001s | Cost:430121.94
LS: mPDG | Count: 1 | TotalTime:0.013s | Cost:212909.14
LS: BlockExchange | Count: 0 | TotalTime:0.001s | Cost:497667.91
Generation 4: Best = 93955.58, Worst = 653874.98, Avg = 532608.39, Time: 0.29317498207092285
Stopping early due to lack of improvement.
Total runtime: 1.97s (0.0 minutes)
Total GA runtime: 1.22s (0.0 minutes)

The solution initialized by Cheapest Insertion:
V_1:[p1_0930440031-1 d1_0930440031-1 d2_0906050029-2 p3_1131130047-1 p1_1130040046-1 p1_1113130042-1 d1_1113130042-1 d1_1130040046-1 p1_1123490045-1 p1_1119300044-1 d1_1119300044-1 d1_1123490045-1 d3_1131130047-3] V_2:[d10_1012150036-10 p1_1135140048-1 d1_1135140048-1] V_3:[p4_0958350034-1 p13_1114040043-1 d13_1114040043-13 d4_0958350034-4] V_4:[d1_0946410032-1 p21_1002040035-1 p2_1015060037-1 p1_1110120040-1 p1_0949120033-1 d1_0949120033-1 d1_1110120040-1 d2_1015060037-2 d21_1002040035-21 p1_1104060039-1 d1_1104060039-1] V_5:[p2_1015200038-1 d2_1015200038-2 d12_0930180030-12 p3_1110400041-1 d3_1110400041-3]
The fitness value before EA: 93955.57777777778
V_1:[p1_0930440031-1 d1_0930440031-1 d2_0906050029-2 p3_1131130047-1 p1_1130040046-1 p1_1113130042-1 d1_1113130042-1 d1_1130040046-1 p1_1123490045-1 p1_1119300044-1 d1_1119300044-1 d1_1123490045-1 d3_1131130047-3] V_2:[d10_1012150036-10 p1_1135140048-1 d1_1135140048-1] V_3:[p4_0958350034-1 p13_1114040043-1 d13_1114040043-13 d4_0958350034-4] V_4:[d1_0946410032-1 p21_1002040035-1 p2_1015060037-1 p1_1110120040-1 p1_0949120033-1 d1_0949120033-1 d1_1110120040-1 d2_1015060037-2 d21_1002040035-21 p1_1104060039-1 d1_1104060039-1] V_5:[p2_1015200038-1 d2_1015200038-2 d12_0930180030-12 p3_1110400041-1 d3_1110400041-3]
The fitness value after EA: 93955.57777777778

Thoi gian thuc hien thuat toan:  1.969658374786377
SUCCESS

2025-11-04 16:10:45,879 [simulate_environment.py | 256] INFO: 2025-11-04 11:40:00, Item 0930440031-1: state = 1 < 2, we can not finish the simulation
2025-11-04 16:10:45,879 [simulate_environment.py | 99] INFO: **************************************************
2025-11-04 16:10:45,879 [simulate_environment.py | 103] INFO: cur time: 2025-11-04 11:50:00, pre time: 2025-11-04 11:40:00
2025-11-04 16:10:45,879 [simulate_environment.py | 140] INFO: Start to update the input of 2025-11-04 11:50:00
2025-11-04 16:10:45,880 [simulate_environment.py | 167] INFO: Get 33 unallocated order items, 48 ongoing order items, 105 completed order items
2025-11-04 16:10:47,993 [simulate_environment.py | 234] INFO: 
LS: BlockRelocate | Count: 0 | TotalTime:0.019s | Cost:93955.36
LS: mPDG | Count: 1 | TotalTime:0.007s | Cost:148806.28
LS: BlockExchange | Count: 1 | TotalTime:0.000s | Cost:147320.55
LS: PDPairExchange | Count: 1 | TotalTime:0.001s | Cost:176572.63
LS: BlockRelocate | Count: 1 | TotalTime:0.000s | Cost:155486.48
LS: PDPairExchange | Count: 1 | TotalTime:0.000s | Cost:150881.82
LS: PDPairExchange | Count: 0 | TotalTime:0.003s | Cost:208747.99
LS: BlockRelocate | Count: 1 | TotalTime:0.001s | Cost:227360.94
LS: PDPairExchange | Count: 1 | TotalTime:0.001s | Cost:225022.50
LS: mPDG | Count: 1 | TotalTime:0.006s | Cost:242391.87
LS: BlockRelocate | Count: 1 | TotalTime:0.001s | Cost:195968.49
Generation 1: Best = 93955.36, Worst = 611708.25, Avg = 428276.37, Time: 0.27524566650390625
LS: BlockRelocate | Count: 0 | TotalTime:0.017s | Cost:93955.36
LS: BlockExchange | Count: 1 | TotalTime:0.000s | Cost:145101.10
LS: mPDG | Count: 1 | TotalTime:0.006s | Cost:130203.14
LS: PDPairExchange | Count: 1 | TotalTime:0.001s | Cost:150381.82
LS: BlockRelocate | Count: 1 | TotalTime:0.001s | Cost:136397.41
LS: PDPairExchange | Count: 1 | TotalTime:0.001s | Cost:174942.26
LS: BlockRelocate | Count: 1 | TotalTime:0.004s | Cost:158651.58
LS: BlockRelocate | Count: 1 | TotalTime:0.005s | Cost:207950.76
LS: PDPairExchange | Count: 1 | TotalTime:0.001s | Cost:217177.94
LS: BlockRelocate | Count: 1 | TotalTime:0.003s | Cost:180077.88
LS: mPDG | Count: 0 | TotalTime:0.009s | Cost:242391.87
Generation 2: Best = 93955.36, Worst = 601807.71, Avg = 419360.84, Time: 0.2772202491760254
LS: PDPairExchange | Count: 0 | TotalTime:0.003s | Cost:93955.36
LS: mPDG | Count: 1 | TotalTime:0.008s | Cost:125719.49
LS: BlockRelocate | Count: 1 | TotalTime:0.005s | Cost:126327.52
LS: BlockExchange | Count: 1 | TotalTime:0.000s | Cost:128233.74
LS: PDPairExchange | Count: 1 | TotalTime:0.000s | Cost:113483.10
LS: BlockRelocate | Count: 1 | TotalTime:0.003s | Cost:156543.25
LS: PDPairExchange | Count: 1 | TotalTime:0.000s | Cost:172809.10
LS: BlockRelocate | Count: 1 | TotalTime:0.007s | Cost:110572.54
LS: BlockRelocate | Count: 1 | TotalTime:0.010s | Cost:200148.15
LS: PDPairExchange | Count: 1 | TotalTime:0.001s | Cost:214439.05
LS: mPDG | Count: 0 | TotalTime:0.008s | Cost:242391.87
Generation 3: Best = 93955.36, Worst = 598074.52, Avg = 412648.01, Time: 0.2773396968841553
LS: BlockRelocate | Count: 0 | TotalTime:0.018s | Cost:93955.36
LS: BlockRelocate | Count: 1 | TotalTime:0.007s | Cost:108278.08
LS: PDPairExchange | Count: 1 | TotalTime:0.002s | Cost:111483.22
LS: mPDG | Count: 1 | TotalTime:0.007s | Cost:119785.95
LS: BlockRelocate | Count: 1 | TotalTime:0.001s | Cost:125677.18
LS: BlockExchange | Count: 1 | TotalTime:0.001s | Cost:124134.38
LS: BlockRelocate | Count: 1 | TotalTime:0.001s | Cost:156343.13
LS: PDPairExchange | Count: 1 | TotalTime:0.001s | Cost:164886.54
LS: BlockRelocate | Count: 1 | TotalTime:0.001s | Cost:195058.68
LS: PDPairExchange | Count: 1 | TotalTime:0.001s | Cost:213423.12
LS: mPDG | Count: 0 | TotalTime:0.007s | Cost:242391.87
Generation 4: Best = 93955.36, Worst = 595612.91, Avg = 409226.28, Time: 0.29053473472595215
Stopping early due to lack of improvement.
Total runtime: 1.83s (0.0 minutes)
Total GA runtime: 1.12s (0.0 minutes)

The solution initialized by Cheapest Insertion:
V_1:[d1_0930440031-1 d2_0906050029-2 p3_1131130047-1 p1_1130040046-1 p1_1113130042-1 d1_1113130042-1 d1_1130040046-1 p1_1123490045-1 p1_1119300044-1 d1_1119300044-1 d1_1123490045-1 d3_1131130047-3] V_2:[d10_1012150036-10 p1_1135140048-1 d1_1135140048-1] V_3:[p4_0958350034-1 p13_1114040043-1 d13_1114040043-13 d4_0958350034-4] V_4:[p1_1110120040-1 p1_0949120033-1 d1_0949120033-1 d1_1110120040-1 d2_1015060037-2 d21_1002040035-21 p1_1104060039-1 d1_1104060039-1] V_5:[p2_1015200038-1 d2_1015200038-2 d12_0930180030-12 p3_1110400041-1 d3_1110400041-3]
The fitness value before EA: 93955.35777777778
V_1:[d1_0930440031-1 d2_0906050029-2 p3_1131130047-1 p1_1130040046-1 p1_1113130042-1 d1_1113130042-1 d1_1130040046-1 p1_1123490045-1 p1_1119300044-1 d1_1119300044-1 d1_1123490045-1 d3_1131130047-3] V_2:[d10_1012150036-10 p1_1135140048-1 d1_1135140048-1] V_3:[p4_0958350034-1 p13_1114040043-1 d13_1114040043-13 d4_0958350034-4] V_4:[p1_1110120040-1 p1_0949120033-1 d1_0949120033-1 d1_1110120040-1 d2_1015060037-2 d21_1002040035-21 p1_1104060039-1 d1_1104060039-1] V_5:[p2_1015200038-1 d2_1015200038-2 d12_0930180030-12 p3_1110400041-1 d3_1110400041-3]
The fitness value after EA: 93955.35777777778

Thoi gian thuc hien thuat toan:  1.8311607837677002
SUCCESS

2025-11-04 16:10:47,995 [simulate_environment.py | 256] INFO: 2025-11-04 11:50:00, Item 0949120033-1: state = 1 < 2, we can not finish the simulation
2025-11-04 16:10:47,995 [simulate_environment.py | 99] INFO: **************************************************
2025-11-04 16:10:47,995 [simulate_environment.py | 103] INFO: cur time: 2025-11-04 12:00:00, pre time: 2025-11-04 11:50:00
2025-11-04 16:10:47,995 [simulate_environment.py | 140] INFO: Start to update the input of 2025-11-04 12:00:00
2025-11-04 16:10:47,996 [simulate_environment.py | 167] INFO: Get 17 unallocated order items, 65 ongoing order items, 105 completed order items
2025-11-04 16:10:50,690 [simulate_environment.py | 234] INFO: 
LS: mPDG | Count: 0 | TotalTime:0.007s | Cost:121108.05
LS: BlockExchange | Count: 1 | TotalTime:0.001s | Cost:144402.97
LS: mPDG | Count: 1 | TotalTime:0.007s | Cost:170198.22
LS: mPDG | Count: 1 | TotalTime:0.007s | Cost:170198.22
LS: BlockRelocate | Count: 1 | TotalTime:0.003s | Cost:186854.13
LS: BlockExchange | Count: 1 | TotalTime:0.000s | Cost:166492.70
LS: BlockRelocate | Count: 1 | TotalTime:0.001s | Cost:170914.92
LS: PDPairExchange | Count: 1 | TotalTime:0.001s | Cost:174995.36
LS: mPDG | Count: 1 | TotalTime:0.007s | Cost:170198.22
LS: BlockExchange | Count: 1 | TotalTime:0.001s | Cost:174995.36
LS: PDPairExchange | Count: 1 | TotalTime:0.000s | Cost:183754.49
Generation 1: Best = 121108.05, Worst = 200703.41, Avg = 184252.72, Time: 0.25954508781433105
LS: BlockExchange | Count: 1 | TotalTime:0.001s | Cost:117068.38
LS: BlockExchange | Count: 0 | TotalTime:0.004s | Cost:144402.97
LS: BlockExchange | Count: 1 | TotalTime:0.001s | Cost:155670.40
LS: mPDG | Count: 1 | TotalTime:0.007s | Cost:147905.65
LS: mPDG | Count: 1 | TotalTime:0.007s | Cost:147905.65
LS: mPDG | Count: 1 | TotalTime:0.007s | Cost:147905.65
LS: BlockRelocate | Count: 1 | TotalTime:0.001s | Cost:160153.25
LS: PDPairExchange | Count: 1 | TotalTime:0.000s | Cost:171478.73
LS: BlockExchange | Count: 1 | TotalTime:0.000s | Cost:158239.16
LS: PDPairExchange | Count: 1 | TotalTime:0.000s | Cost:178728.77
LS: BlockRelocate | Count: 1 | TotalTime:0.001s | Cost:184970.96
Generation 2: Best = 117068.38, Worst = 186954.41, Avg = 178402.69, Time: 0.28174304962158203
LS: BlockExchange | Count: 0 | TotalTime:0.003s | Cost:117068.38
LS: BlockExchange | Count: 0 | TotalTime:0.003s | Cost:144402.97
LS: mPDG | Count: 1 | TotalTime:0.010s | Cost:145138.78
LS: mPDG | Count: 1 | TotalTime:0.009s | Cost:145138.78
LS: mPDG | Count: 1 | TotalTime:0.007s | Cost:145138.78
LS: BlockExchange | Count: 1 | TotalTime:0.001s | Cost:155095.38
LS: BlockExchange | Count: 1 | TotalTime:0.002s | Cost:158039.04
LS: BlockRelocate | Count: 1 | TotalTime:0.001s | Cost:158050.97
LS: PDPairExchange | Count: 1 | TotalTime:0.001s | Cost:170259.29
LS: PDPairExchange | Count: 1 | TotalTime:0.000s | Cost:175895.52
LS: BlockRelocate | Count: 1 | TotalTime:0.001s | Cost:173578.69
Generation 3: Best = 117068.38, Worst = 186954.41, Avg = 177737.11, Time: 0.2789919376373291
LS: BlockExchange | Count: 0 | TotalTime:0.003s | Cost:117068.38
LS: BlockExchange | Count: 1 | TotalTime:0.002s | Cost:143133.61
LS: mPDG | Count: 0 | TotalTime:0.008s | Cost:145138.78
LS: mPDG | Count: 0 | TotalTime:0.008s | Cost:145138.78
LS: mPDG | Count: 0 | TotalTime:0.008s | Cost:145138.78
LS: BlockExchange | Count: 1 | TotalTime:0.003s | Cost:155062.02
LS: BlockExchange | Count: 1 | TotalTime:0.000s | Cost:157972.34
LS: BlockRelocate | Count: 1 | TotalTime:0.001s | Cost:144222.34
LS: PDPairExchange | Count: 1 | TotalTime:0.001s | Cost:168461.82
LS: BlockRelocate | Count: 1 | TotalTime:0.002s | Cost:171331.29
LS: PDPairExchange | Count: 1 | TotalTime:0.001s | Cost:170095.44
Generation 4: Best = 117068.38, Worst = 186954.41, Avg = 177111.04, Time: 0.2838106155395508
LS: BlockExchange | Count: 0 | TotalTime:0.004s | Cost:117068.38
LS: BlockExchange | Count: 0 | TotalTime:0.003s | Cost:143133.61
LS: BlockRelocate | Count: 1 | TotalTime:0.002s | Cost:140522.32
LS: mPDG | Count: 0 | TotalTime:0.008s | Cost:145138.78
LS: mPDG | Count: 0 | TotalTime:0.008s | Cost:145138.78
LS: mPDG | Count: 0 | TotalTime:0.008s | Cost:145138.78
LS: BlockExchange | Count: 0 | TotalTime:0.004s | Cost:155062.02
LS: BlockExchange | Count: 1 | TotalTime:0.004s | Cost:157653.03
LS: PDPairExchange | Count: 0 | TotalTime:0.003s | Cost:168461.82
LS: PDPairExchange | Count: 1 | TotalTime:0.000s | Cost:169928.67
LS: BlockRelocate | Count: 1 | TotalTime:0.003s | Cost:162697.96
Generation 5: Best = 117068.38, Worst = 186954.41, Avg = 176790.55, Time: 0.30387330055236816
LS: BlockExchange | Count: 0 | TotalTime:0.003s | Cost:117068.38
LS: BlockRelocate | Count: 1 | TotalTime:0.008s | Cost:139621.78
LS: BlockExchange | Count: 0 | TotalTime:0.004s | Cost:143133.61
LS: mPDG | Count: 0 | TotalTime:0.009s | Cost:145138.78
LS: mPDG | Count: 0 | TotalTime:0.009s | Cost:145138.78
LS: mPDG | Count: 0 | TotalTime:0.009s | Cost:145138.78
LS: BlockExchange | Count: 1 | TotalTime:0.002s | Cost:154995.32
LS: BlockExchange | Count: 1 | TotalTime:0.001s | Cost:154851.35
LS: mPDG | Count: 1 | TotalTime:0.008s | Cost:145622.42
LS: BlockExchange | Count: 0 | TotalTime:0.001s | Cost:158214.68
LS: mPDG | Count: 1 | TotalTime:0.008s | Cost:145622.42
Generation 6: Best = 117068.38, Worst = 186954.41, Avg = 173911.24, Time: 0.30785322189331055
Stopping early due to lack of improvement.
Total runtime: 2.42s (0.0 minutes)
Total GA runtime: 1.72s (0.0 minutes)

The solution initialized by Cheapest Insertion:
V_1:[d1_0930440031-1 d2_0906050029-2 p3_1131130047-1 p1_1130040046-1 p1_1113130042-1 d1_1113130042-1 d1_1130040046-1 p1_1123490045-1 p1_1119300044-1 d1_1119300044-1 d1_1123490045-1 d3_1131130047-3] V_2:[d10_1012150036-10 p1_1135140048-1 d1_1135140048-1] V_3:[d13_1114040043-13 d4_0958350034-4] V_4:[p1_1110120040-1 p1_0949120033-1 d1_0949120033-1 d1_1110120040-1 d2_1015060037-2 d21_1002040035-21 p1_1104060039-1 d1_1104060039-1] V_5:[p2_1015200038-1 d2_1015200038-2 d12_0930180030-12 p3_1110400041-1 d3_1110400041-3 p1_1154340049-1 d1_1154340049-1]
The fitness value before EA: 121108.04666666666
V_1:[d1_0930440031-1 d2_0906050029-2 p3_1131130047-1 p1_1130040046-1 p1_1113130042-1 d1_1113130042-1 d1_1130040046-1 p1_1123490045-1 p1_1119300044-1 d1_1119300044-1 d1_1123490045-1 d3_1131130047-3] V_2:[d10_1012150036-10 p1_1154340049-1 d1_1154340049-1] V_3:[d13_1114040043-13 d4_0958350034-4] V_4:[p1_1110120040-1 p1_0949120033-1 d1_0949120033-1 d1_1110120040-1 d2_1015060037-2 d21_1002040035-21 p1_1104060039-1 d1_1104060039-1] V_5:[p2_1015200038-1 d2_1015200038-2 d12_0930180030-12 p3_1110400041-1 d3_1110400041-3 p1_1135140048-1 d1_1135140048-1]
The fitness value after EA: 117068.37777777777

Thoi gian thuc hien thuat toan:  2.4247167110443115
SUCCESS

2025-11-04 16:10:50,692 [simulate_environment.py | 256] INFO: 2025-11-04 12:00:00, Item 0949120033-1: state = 1 < 2, we can not finish the simulation
2025-11-04 16:10:50,693 [simulate_environment.py | 99] INFO: **************************************************
2025-11-04 16:10:50,693 [simulate_environment.py | 103] INFO: cur time: 2025-11-04 12:10:00, pre time: 2025-11-04 12:00:00
2025-11-04 16:10:50,693 [simulate_environment.py | 140] INFO: Start to update the input of 2025-11-04 12:10:00
2025-11-04 16:10:50,694 [simulate_environment.py | 167] INFO: Get 17 unallocated order items, 65 ongoing order items, 105 completed order items
2025-11-04 16:10:53,458 [simulate_environment.py | 234] INFO: 
LS: mPDG | Count: 0 | TotalTime:0.007s | Cost:117068.38
LS: BlockExchange | Count: 1 | TotalTime:0.001s | Cost:155725.87
LS: PDPairExchange | Count: 1 | TotalTime:0.002s | Cost:157059.53
LS: mPDG | Count: 1 | TotalTime:0.008s | Cost:184165.10
LS: PDPairExchange | Count: 1 | TotalTime:0.000s | Cost:179195.54
LS: mPDG | Count: 1 | TotalTime:0.008s | Cost:184165.10
LS: BlockExchange | Count: 1 | TotalTime:0.000s | Cost:182748.82
LS: BlockRelocate | Count: 1 | TotalTime:0.001s | Cost:169276.61
LS: BlockExchange | Count: 1 | TotalTime:0.001s | Cost:189921.30
LS: BlockExchange | Count: 1 | TotalTime:0.001s | Cost:188271.26
LS: BlockExchange | Count: 0 | TotalTime:0.000s | Cost:189854.59
Generation 1: Best = 117068.38, Worst = 201918.44, Avg = 186135.74, Time: 0.28256773948669434
LS: BlockRelocate | Count: 1 | TotalTime:0.015s | Cost:114896.10
LS: BlockExchange | Count: 1 | TotalTime:0.001s | Cost:144872.50
LS: PDPairExchange | Count: 1 | TotalTime:0.001s | Cost:144872.50
LS: BlockRelocate | Count: 1 | TotalTime:0.002s | Cost:160546.02
LS: PDPairExchange | Count: 1 | TotalTime:0.000s | Cost:168759.73
LS: BlockExchange | Count: 1 | TotalTime:0.001s | Cost:172089.76
LS: mPDG | Count: 1 | TotalTime:0.008s | Cost:153472.60
LS: mPDG | Count: 1 | TotalTime:0.008s | Cost:153472.60
LS: BlockRelocate | Count: 1 | TotalTime:0.002s | Cost:183020.94
LS: BlockRelocate | Count: 1 | TotalTime:0.002s | Cost:183020.94
LS: BlockRelocate | Count: 1 | TotalTime:0.001s | Cost:178365.08
Generation 2: Best = 114896.10, Worst = 189854.59, Avg = 181539.71, Time: 0.27489161491394043
LS: BlockRelocate | Count: 0 | TotalTime:0.018s | Cost:114896.10
LS: BlockExchange | Count: 1 | TotalTime:0.003s | Cost:143133.61
LS: PDPairExchange | Count: 1 | TotalTime:0.001s | Cost:143133.61
LS: mPDG | Count: 1 | TotalTime:0.007s | Cost:142038.40
LS: mPDG | Count: 1 | TotalTime:0.007s | Cost:142038.40
LS: mPDG | Count: 1 | TotalTime:0.007s | Cost:152972.34
LS: BlockRelocate | Count: 1 | TotalTime:0.005s | Cost:159042.98
LS: PDPairExchange | Count: 1 | TotalTime:0.001s | Cost:160970.58
LS: BlockExchange | Count: 1 | TotalTime:0.001s | Cost:187726.50
LS: BlockExchange | Count: 1 | TotalTime:0.000s | Cost:175995.58
LS: BlockRelocate | Count: 1 | TotalTime:0.003s | Cost:162222.76
Generation 3: Best = 114896.10, Worst = 189854.59, Avg = 179190.92, Time: 0.3022949695587158
LS: BlockRelocate | Count: 0 | TotalTime:0.016s | Cost:114896.10
LS: mPDG | Count: 1 | TotalTime:0.007s | Cost:137835.30
LS: mPDG | Count: 1 | TotalTime:0.007s | Cost:137835.30
LS: BlockExchange | Count: 0 | TotalTime:0.003s | Cost:143133.61
LS: PDPairExchange | Count: 0 | TotalTime:0.003s | Cost:143133.61
LS: mPDG | Count: 1 | TotalTime:0.007s | Cost:147038.44
LS: BlockRelocate | Count: 1 | TotalTime:0.001s | Cost:153686.82
LS: PDPairExchange | Count: 1 | TotalTime:0.001s | Cost:155703.75
LS: PDPairExchange | Count: 1 | TotalTime:0.001s | Cost:157492.92
LS: mPDG | Count: 1 | TotalTime:0.007s | Cost:152403.25
LS: BlockExchange | Count: 1 | TotalTime:0.002s | Cost:165256.81
Generation 4: Best = 114896.10, Worst = 189854.59, Avg = 170620.17, Time: 0.3013765811920166
LS: BlockRelocate | Count: 0 | TotalTime:0.018s | Cost:114896.10
LS: mPDG | Count: 1 | TotalTime:0.008s | Cost:136368.82
LS: mPDG | Count: 1 | TotalTime:0.008s | Cost:136368.82
LS: BlockExchange | Count: 0 | TotalTime:0.004s | Cost:143133.61
LS: PDPairExchange | Count: 0 | TotalTime:0.003s | Cost:143133.61
LS: mPDG | Count: 1 | TotalTime:0.008s | Cost:141671.56
LS: mPDG | Count: 1 | TotalTime:0.013s | Cost:139669.70
LS: BlockRelocate | Count: 1 | TotalTime:0.001s | Cost:148021.24
LS: PDPairExchange | Count: 1 | TotalTime:0.001s | Cost:150128.73
LS: PDPairExchange | Count: 1 | TotalTime:0.001s | Cost:144636.44
LS: PDPairExchange | Count: 1 | TotalTime:0.002s | Cost:157972.34
Generation 5: Best = 114896.10, Worst = 187821.24, Avg = 162869.05, Time: 0.30867767333984375
LS: BlockRelocate | Count: 0 | TotalTime:0.018s | Cost:114896.10
LS: mPDG | Count: 1 | TotalTime:0.008s | Cost:126968.46
LS: mPDG | Count: 1 | TotalTime:0.007s | Cost:126968.46
LS: mPDG | Count: 1 | TotalTime:0.007s | Cost:134705.63
LS: mPDG | Count: 1 | TotalTime:0.007s | Cost:129271.32
LS: BlockExchange | Count: 0 | TotalTime:0.003s | Cost:143133.61
LS: PDPairExchange | Count: 0 | TotalTime:0.003s | Cost:143133.61
LS: PDPairExchange | Count: 1 | TotalTime:0.000s | Cost:144336.26
LS: BlockRelocate | Count: 1 | TotalTime:0.002s | Cost:147687.90
LS: PDPairExchange | Count: 1 | TotalTime:0.002s | Cost:150095.38
LS: PDPairExchange | Count: 1 | TotalTime:0.003s | Cost:154386.36
Generation 6: Best = 114896.10, Worst = 184821.24, Avg = 160935.04, Time: 0.3062248229980469
Stopping early due to lack of improvement.
Total runtime: 2.50s (0.0 minutes)
Total GA runtime: 1.78s (0.0 minutes)

The solution initialized by Cheapest Insertion:
V_1:[d1_0930440031-1 d2_0906050029-2 p3_1131130047-1 p1_1130040046-1 p1_1113130042-1 d1_1113130042-1 d1_1130040046-1 p1_1123490045-1 p1_1119300044-1 d1_1119300044-1 d1_1123490045-1 d3_1131130047-3] V_2:[d10_1012150036-10 p1_1154340049-1 d1_1154340049-1] V_3:[d13_1114040043-13 d4_0958350034-4] V_4:[p1_1110120040-1 p1_0949120033-1 d1_0949120033-1 d1_1110120040-1 d2_1015060037-2 d21_1002040035-21 p1_1104060039-1 d1_1104060039-1] V_5:[p2_1015200038-1 d2_1015200038-2 d12_0930180030-12 p3_1110400041-1 d3_1110400041-3 p1_1135140048-1 d1_1135140048-1]
The fitness value before EA: 117068.37777777777
V_1:[d1_0930440031-1 d2_0906050029-2 p3_1131130047-1 p1_1130040046-1 p1_1113130042-1 d1_1113130042-1 d1_1130040046-1 p1_1123490045-1 p1_1119300044-1 d1_1119300044-1 d1_1123490045-1 d3_1131130047-3] V_2:[d10_1012150036-10 p1_1154340049-1 d1_1154340049-1] V_3:[d13_1114040043-13 d4_0958350034-4] V_4:[p1_1110120040-1 p1_0949120033-1 p3_1110400041-1 d3_1110400041-3 d1_0949120033-1 d1_1110120040-1 d2_1015060037-2 d21_1002040035-21 p1_1104060039-1 d1_1104060039-1] V_5:[p2_1015200038-1 d2_1015200038-2 d12_0930180030-12 p1_1135140048-1 d1_1135140048-1]
The fitness value after EA: 114896.09555555554

Thoi gian thuc hien thuat toan:  2.497805595397949
SUCCESS

2025-11-04 16:10:53,460 [simulate_environment.py | 256] INFO: 2025-11-04 12:10:00, Item 0949120033-1: state = 1 < 2, we can not finish the simulation
2025-11-04 16:10:53,461 [simulate_environment.py | 99] INFO: **************************************************
2025-11-04 16:10:53,461 [simulate_environment.py | 103] INFO: cur time: 2025-11-04 12:20:00, pre time: 2025-11-04 12:10:00
2025-11-04 16:10:53,461 [simulate_environment.py | 140] INFO: Start to update the input of 2025-11-04 12:20:00
2025-11-04 16:10:53,462 [simulate_environment.py | 167] INFO: Get 18 unallocated order items, 65 ongoing order items, 105 completed order items
2025-11-04 16:10:55,746 [simulate_environment.py | 234] INFO: 
LS: mPDG | Count: 0 | TotalTime:0.009s | Cost:114892.64
LS: mPDG | Count: 1 | TotalTime:0.008s | Cost:169691.76
LS: BlockRelocate | Count: 1 | TotalTime:0.005s | Cost:169858.52
LS: mPDG | Count: 1 | TotalTime:0.009s | Cost:170158.70
LS: BlockExchange | Count: 1 | TotalTime:0.001s | Cost:189661.88
LS: BlockExchange | Count: 1 | TotalTime:0.001s | Cost:162569.62
LS: mPDG | Count: 1 | TotalTime:0.009s | Cost:170158.70
LS: BlockRelocate | Count: 1 | TotalTime:0.001s | Cost:170614.08
LS: mPDG | Count: 1 | TotalTime:0.010s | Cost:170158.70
LS: mPDG | Count: 1 | TotalTime:0.009s | Cost:169691.76
LS: BlockRelocate | Count: 1 | TotalTime:0.003s | Cost:170614.08
Generation 1: Best = 114892.64, Worst = 229625.59, Avg = 179080.46, Time: 0.3084096908569336
LS: PDPairExchange | Count: 0 | TotalTime:0.003s | Cost:114892.64
LS: BlockExchange | Count: 1 | TotalTime:0.002s | Cost:157886.26
LS: BlockRelocate | Count: 1 | TotalTime:0.005s | Cost:162569.06
LS: BlockRelocate | Count: 1 | TotalTime:0.002s | Cost:162569.06
LS: BlockExchange | Count: 1 | TotalTime:0.002s | Cost:166935.88
LS: BlockRelocate | Count: 1 | TotalTime:0.003s | Cost:164330.21
LS: mPDG | Count: 1 | TotalTime:0.009s | Cost:163263.46
LS: mPDG | Count: 1 | TotalTime:0.009s | Cost:163263.46
LS: BlockRelocate | Count: 1 | TotalTime:0.002s | Cost:164825.17
LS: mPDG | Count: 1 | TotalTime:0.009s | Cost:158802.49
LS: mPDG | Count: 1 | TotalTime:0.009s | Cost:158802.49
Generation 2: Best = 114892.64, Worst = 175192.06, Avg = 170113.01, Time: 0.31379008293151855
LS: BlockExchange | Count: 0 | TotalTime:0.003s | Cost:114892.64
LS: BlockExchange | Count: 0 | TotalTime:0.004s | Cost:157886.26
LS: mPDG | Count: 1 | TotalTime:0.009s | Cost:153302.35
LS: mPDG | Count: 1 | TotalTime:0.010s | Cost:153302.35
LS: BlockRelocate | Count: 1 | TotalTime:0.001s | Cost:162568.80
LS: BlockRelocate | Count: 1 | TotalTime:0.001s | Cost:162568.80
LS: mPDG | Count: 1 | TotalTime:0.009s | Cost:157596.79
LS: mPDG | Count: 1 | TotalTime:0.009s | Cost:157596.79
LS: BlockRelocate | Count: 1 | TotalTime:0.002s | Cost:164329.95
LS: BlockRelocate | Count: 1 | TotalTime:0.002s | Cost:164358.22
LS: BlockExchange | Count: 1 | TotalTime:0.001s | Cost:182261.28
Generation 3: Best = 114892.64, Worst = 182261.28, Avg = 169546.63, Time: 0.3069651126861572
LS: mPDG | Count: 0 | TotalTime:0.009s | Cost:114892.64
LS: mPDG | Count: 1 | TotalTime:0.008s | Cost:147935.46
LS: mPDG | Count: 1 | TotalTime:0.008s | Cost:147935.46
LS: mPDG | Count: 1 | TotalTime:0.008s | Cost:149435.96
LS: mPDG | Count: 1 | TotalTime:0.008s | Cost:149435.96
LS: BlockExchange | Count: 0 | TotalTime:0.004s | Cost:157886.26
LS: PDPairExchange | Count: 1 | TotalTime:0.001s | Cost:156518.98
LS: PDPairExchange | Count: 1 | TotalTime:0.002s | Cost:156518.98
LS: mPDG | Count: 1 | TotalTime:0.008s | Cost:146285.60
LS: BlockExchange | Count: 1 | TotalTime:0.004s | Cost:193014.34
LS: PDPairExchange | Count: 1 | TotalTime:0.001s | Cost:157491.76
Generation 4: Best = 114892.64, Worst = 193014.34, Avg = 165722.00, Time: 0.31485700607299805
Stopping early due to lack of improvement.
Total runtime: 1.99s (0.0 minutes)
Total GA runtime: 1.24s (0.0 minutes)

The solution initialized by Cheapest Insertion:
V_1:[d1_0930440031-1 d2_0906050029-2 p3_1131130047-1 p1_1130040046-1 p1_1113130042-1 d1_1113130042-1 d1_1130040046-1 p1_1123490045-1 p1_1119300044-1 d1_1119300044-1 d1_1123490045-1 d3_1131130047-3] V_2:[d10_1012150036-10 p1_1154340049-1 d1_1154340049-1] V_3:[d13_1114040043-13 d4_0958350034-4] V_4:[p1_1110120040-1 p1_0949120033-1 p3_1110400041-1 d3_1110400041-3 d1_0949120033-1 d1_1110120040-1 d2_1015060037-2 d21_1002040035-21 p1_1104060039-1 d1_1104060039-1] V_5:[p2_1015200038-1 d2_1015200038-2 d12_0930180030-12 p1_1218120050-1 d1_1218120050-1 p1_1135140048-1 d1_1135140048-1]
The fitness value before EA: 114892.63555555555
V_1:[d1_0930440031-1 d2_0906050029-2 p3_1131130047-1 p1_1130040046-1 p1_1113130042-1 d1_1113130042-1 d1_1130040046-1 p1_1123490045-1 p1_1119300044-1 d1_1119300044-1 d1_1123490045-1 d3_1131130047-3] V_2:[d10_1012150036-10 p1_1154340049-1 d1_1154340049-1] V_3:[d13_1114040043-13 d4_0958350034-4] V_4:[p1_1110120040-1 p1_0949120033-1 p3_1110400041-1 d3_1110400041-3 d1_0949120033-1 d1_1110120040-1 d2_1015060037-2 d21_1002040035-21 p1_1104060039-1 d1_1104060039-1] V_5:[p2_1015200038-1 d2_1015200038-2 d12_0930180030-12 p1_1218120050-1 d1_1218120050-1 p1_1135140048-1 d1_1135140048-1]
The fitness value after EA: 114892.63555555555

Thoi gian thuc hien thuat toan:  1.9871563911437988
SUCCESS

2025-11-04 16:10:55,749 [simulate_environment.py | 256] INFO: 2025-11-04 12:20:00, Item 0949120033-1: state = 1 < 2, we can not finish the simulation
2025-11-04 16:10:55,749 [simulate_environment.py | 99] INFO: **************************************************
2025-11-04 16:10:55,749 [simulate_environment.py | 103] INFO: cur time: 2025-11-04 12:30:00, pre time: 2025-11-04 12:20:00
2025-11-04 16:10:55,749 [simulate_environment.py | 140] INFO: Start to update the input of 2025-11-04 12:30:00
2025-11-04 16:10:55,750 [simulate_environment.py | 167] INFO: Get 16 unallocated order items, 67 ongoing order items, 105 completed order items
2025-11-04 16:10:57,897 [simulate_environment.py | 234] INFO: 
LS: PDPairExchange | Count: 0 | TotalTime:0.003s | Cost:114892.40
LS: BlockRelocate | Count: 1 | TotalTime:0.005s | Cost:160426.33
LS: BlockExchange | Count: 0 | TotalTime:0.000s | Cost:194050.59
LS: mPDG | Count: 1 | TotalTime:0.012s | Cost:177127.73
LS: mPDG | Count: 1 | TotalTime:0.008s | Cost:177127.73
LS: PDPairExchange | Count: 1 | TotalTime:0.000s | Cost:193581.33
LS: BlockRelocate | Count: 1 | TotalTime:0.001s | Cost:185455.95
LS: mPDG | Count: 1 | TotalTime:0.009s | Cost:178628.15
LS: BlockRelocate | Count: 1 | TotalTime:0.004s | Cost:170658.42
LS: BlockRelocate | Count: 1 | TotalTime:0.001s | Cost:177653.47
LS: PDPairExchange | Count: 1 | TotalTime:0.000s | Cost:194250.83
Generation 1: Best = 114892.40, Worst = 238591.00, Avg = 194079.28, Time: 0.28684473037719727
LS: PDPairExchange | Count: 0 | TotalTime:0.003s | Cost:114892.40
LS: BlockRelocate | Count: 1 | TotalTime:0.005s | Cost:153954.11
LS: BlockRelocate | Count: 1 | TotalTime:0.002s | Cost:160791.88
LS: mPDG | Count: 1 | TotalTime:0.007s | Cost:165976.87
LS: mPDG | Count: 1 | TotalTime:0.008s | Cost:165976.87
LS: BlockRelocate | Count: 1 | TotalTime:0.002s | Cost:174686.80
LS: mPDG | Count: 1 | TotalTime:0.008s | Cost:161261.14
LS: BlockRelocate | Count: 1 | TotalTime:0.002s | Cost:177794.82
LS: PDPairExchange | Count: 1 | TotalTime:0.001s | Cost:185658.72
LS: mPDG | Count: 1 | TotalTime:0.008s | Cost:173094.64
LS: PDPairExchange | Count: 1 | TotalTime:0.001s | Cost:185658.72
Generation 2: Best = 114892.40, Worst = 195551.01, Avg = 186048.02, Time: 0.28313159942626953
LS: BlockExchange | Count: 0 | TotalTime:0.003s | Cost:114892.40
LS: BlockRelocate | Count: 1 | TotalTime:0.009s | Cost:152493.82
LS: BlockRelocate | Count: 1 | TotalTime:0.002s | Cost:160491.70
LS: mPDG | Count: 1 | TotalTime:0.007s | Cost:152236.14
LS: mPDG | Count: 0 | TotalTime:0.008s | Cost:165976.87
LS: mPDG | Count: 0 | TotalTime:0.008s | Cost:165976.87
LS: BlockRelocate | Count: 1 | TotalTime:0.005s | Cost:153965.90
LS: BlockRelocate | Count: 1 | TotalTime:0.005s | Cost:160158.16
LS: mPDG | Count: 1 | TotalTime:0.009s | Cost:154132.56
LS: PDPairExchange | Count: 1 | TotalTime:0.001s | Cost:164955.43
LS: BlockRelocate | Count: 1 | TotalTime:0.001s | Cost:153965.90
Generation 3: Best = 114892.40, Worst = 193384.32, Avg = 176679.66, Time: 0.30217576026916504
LS: PDPairExchange | Count: 0 | TotalTime:0.003s | Cost:114892.40
LS: mPDG | Count: 1 | TotalTime:0.008s | Cost:150361.10
LS: BlockRelocate | Count: 1 | TotalTime:0.001s | Cost:151274.37
LS: BlockRelocate | Count: 1 | TotalTime:0.001s | Cost:151660.96
LS: BlockRelocate | Count: 1 | TotalTime:0.001s | Cost:150065.88
LS: mPDG | Count: 0 | TotalTime:0.009s | Cost:154132.56
LS: BlockRelocate | Count: 1 | TotalTime:0.006s | Cost:155408.14
LS: BlockRelocate | Count: 1 | TotalTime:0.003s | Cost:155108.06
LS: PDPairExchange | Count: 1 | TotalTime:0.001s | Cost:164786.12
LS: mPDG | Count: 0 | TotalTime:0.008s | Cost:165976.87
LS: mPDG | Count: 0 | TotalTime:0.008s | Cost:165976.87
Generation 4: Best = 114892.40, Worst = 190317.62, Avg = 171429.56, Time: 0.29369211196899414
Stopping early due to lack of improvement.
Total runtime: 1.88s (0.0 minutes)
Total GA runtime: 1.17s (0.0 minutes)

The solution initialized by Cheapest Insertion:
V_1:[d1_0930440031-1 d2_0906050029-2 p3_1131130047-1 p1_1130040046-1 p1_1113130042-1 d1_1113130042-1 d1_1130040046-1 p1_1123490045-1 p1_1119300044-1 d1_1119300044-1 d1_1123490045-1 d3_1131130047-3] V_2:[d10_1012150036-10 p1_1154340049-1 d1_1154340049-1] V_3:[d13_1114040043-13 d4_0958350034-4] V_4:[p1_1110120040-1 p1_0949120033-1 p3_1110400041-1 d3_1110400041-3 d1_0949120033-1 d1_1110120040-1 d2_1015060037-2 d21_1002040035-21 p1_1104060039-1 d1_1104060039-1] V_5:[d2_1015200038-2 d12_0930180030-12 p1_1218120050-1 d1_1218120050-1 p1_1135140048-1 d1_1135140048-1]
The fitness value before EA: 114892.39555555554
V_1:[d1_0930440031-1 d2_0906050029-2 p3_1131130047-1 p1_1130040046-1 p1_1113130042-1 d1_1113130042-1 d1_1130040046-1 p1_1123490045-1 p1_1119300044-1 d1_1119300044-1 d1_1123490045-1 d3_1131130047-3] V_2:[d10_1012150036-10 p1_1154340049-1 d1_1154340049-1] V_3:[d13_1114040043-13 d4_0958350034-4] V_4:[p1_1110120040-1 p1_0949120033-1 p3_1110400041-1 d3_1110400041-3 d1_0949120033-1 d1_1110120040-1 d2_1015060037-2 d21_1002040035-21 p1_1104060039-1 d1_1104060039-1] V_5:[d2_1015200038-2 d12_0930180030-12 p1_1218120050-1 d1_1218120050-1 p1_1135140048-1 d1_1135140048-1]
The fitness value after EA: 114892.39555555554

Thoi gian thuc hien thuat toan:  1.879666805267334
SUCCESS

2025-11-04 16:10:57,900 [simulate_environment.py | 256] INFO: 2025-11-04 12:30:00, Item 0949120033-1: state = 1 < 2, we can not finish the simulation
2025-11-04 16:10:57,901 [simulate_environment.py | 99] INFO: **************************************************
2025-11-04 16:10:57,901 [simulate_environment.py | 103] INFO: cur time: 2025-11-04 12:40:00, pre time: 2025-11-04 12:30:00
2025-11-04 16:10:57,901 [simulate_environment.py | 140] INFO: Start to update the input of 2025-11-04 12:40:00
2025-11-04 16:10:57,901 [simulate_environment.py | 167] INFO: Get 11 unallocated order items, 72 ongoing order items, 105 completed order items
2025-11-04 16:10:59,845 [simulate_environment.py | 234] INFO: 
LS: mPDG | Count: 0 | TotalTime:0.006s | Cost:114892.34
LS: BlockExchange | Count: 0 | TotalTime:0.002s | Cost:134056.84
LS: PDPairExchange | Count: 1 | TotalTime:0.001s | Cost:129790.62
LS: mPDG | Count: 1 | TotalTime:0.005s | Cost:129990.06
LS: PDPairExchange | Count: 1 | TotalTime:0.001s | Cost:134657.32
LS: BlockRelocate | Count: 1 | TotalTime:0.001s | Cost:129990.06
LS: BlockRelocate | Count: 1 | TotalTime:0.005s | Cost:135590.72
LS: BlockRelocate | Count: 1 | TotalTime:0.003s | Cost:130890.60
LS: BlockRelocate | Count: 1 | TotalTime:0.002s | Cost:135590.72
LS: PDPairExchange | Count: 1 | TotalTime:0.001s | Cost:134657.32
LS: BlockRelocate | Count: 1 | TotalTime:0.004s | Cost:135590.72
Generation 1: Best = 114892.34, Worst = 170223.69, Avg = 139196.97, Time: 0.2227485179901123
LS: PDPairExchange | Count: 0 | TotalTime:0.002s | Cost:114892.34
LS: PDPairExchange | Count: 0 | TotalTime:0.002s | Cost:129790.62
LS: mPDG | Count: 0 | TotalTime:0.006s | Cost:129990.06
LS: BlockRelocate | Count: 1 | TotalTime:0.006s | Cost:129656.82
LS: BlockRelocate | Count: 1 | TotalTime:0.006s | Cost:125523.71
LS: BlockRelocate | Count: 1 | TotalTime:0.003s | Cost:128192.90
LS: PDPairExchange | Count: 1 | TotalTime:0.000s | Cost:134657.30
LS: PDPairExchange | Count: 1 | TotalTime:0.001s | Cost:134657.30
LS: BlockRelocate | Count: 1 | TotalTime:0.008s | Cost:129656.82
LS: BlockRelocate | Count: 1 | TotalTime:0.001s | Cost:124990.36
LS: BlockRelocate | Count: 1 | TotalTime:0.006s | Cost:133687.84
Generation 2: Best = 114892.34, Worst = 135923.95, Avg = 133937.27, Time: 0.24304556846618652
LS: mPDG | Count: 0 | TotalTime:0.006s | Cost:114892.34
LS: BlockRelocate | Count: 1 | TotalTime:0.002s | Cost:119056.46
LS: BlockRelocate | Count: 1 | TotalTime:0.001s | Cost:125190.48
LS: BlockRelocate | Count: 1 | TotalTime:0.002s | Cost:124292.72
LS: BlockRelocate | Count: 1 | TotalTime:0.002s | Cost:119056.46
LS: BlockRelocate | Count: 1 | TotalTime:0.005s | Cost:119056.46
LS: PDPairExchange | Count: 0 | TotalTime:0.002s | Cost:129790.62
LS: mPDG | Count: 0 | TotalTime:0.006s | Cost:129990.06
LS: BlockRelocate | Count: 1 | TotalTime:0.002s | Cost:127753.95
LS: PDPairExchange | Count: 1 | TotalTime:0.000s | Cost:133657.30
LS: PDPairExchange | Count: 1 | TotalTime:0.001s | Cost:133657.30
Generation 3: Best = 114892.34, Worst = 135923.95, Avg = 132954.72, Time: 0.24538922309875488
LS: BlockRelocate | Count: 0 | TotalTime:0.015s | Cost:114892.34
LS: BlockRelocate | Count: 0 | TotalTime:0.016s | Cost:119056.46
LS: BlockRelocate | Count: 0 | TotalTime:0.016s | Cost:119056.46
LS: BlockRelocate | Count: 0 | TotalTime:0.016s | Cost:119056.46
LS: BlockRelocate | Count: 1 | TotalTime:0.003s | Cost:122259.02
LS: BlockRelocate | Count: 1 | TotalTime:0.002s | Cost:124990.36
LS: BlockRelocate | Count: 1 | TotalTime:0.001s | Cost:126987.02
LS: PDPairExchange | Count: 0 | TotalTime:0.002s | Cost:129790.62
LS: mPDG | Count: 0 | TotalTime:0.007s | Cost:129990.06
LS: PDPairExchange | Count: 0 | TotalTime:0.002s | Cost:133657.30
LS: PDPairExchange | Count: 0 | TotalTime:0.002s | Cost:133657.30
Generation 4: Best = 114892.34, Worst = 135923.95, Avg = 132879.70, Time: 0.2838461399078369
Stopping early due to lack of improvement.
Total runtime: 1.68s (0.0 minutes)
Total GA runtime: 1.00s (0.0 minutes)

The solution initialized by Cheapest Insertion:
V_1:[d1_0930440031-1 d2_0906050029-2 p3_1131130047-1 p1_1130040046-1 p1_1113130042-1 d1_1113130042-1 d1_1130040046-1 p1_1123490045-1 p1_1119300044-1 d1_1119300044-1 d1_1123490045-1 d3_1131130047-3] V_2:[d10_1012150036-10 p1_1154340049-1 d1_1154340049-1] V_3:[d13_1114040043-13 d4_0958350034-4] V_4:[d3_1110400041-3 d1_0949120033-1 d1_1110120040-1 d2_1015060037-2 d21_1002040035-21 p1_1104060039-1 d1_1104060039-1] V_5:[d2_1015200038-2 d12_0930180030-12 p1_1218120050-1 d1_1218120050-1 p1_1135140048-1 d1_1135140048-1]
The fitness value before EA: 114892.33555555555
V_1:[d1_0930440031-1 d2_0906050029-2 p3_1131130047-1 p1_1130040046-1 p1_1113130042-1 d1_1113130042-1 d1_1130040046-1 p1_1123490045-1 p1_1119300044-1 d1_1119300044-1 d1_1123490045-1 d3_1131130047-3] V_2:[d10_1012150036-10 p1_1154340049-1 d1_1154340049-1] V_3:[d13_1114040043-13 d4_0958350034-4] V_4:[d3_1110400041-3 d1_0949120033-1 d1_1110120040-1 d2_1015060037-2 d21_1002040035-21 p1_1104060039-1 d1_1104060039-1] V_5:[d2_1015200038-2 d12_0930180030-12 p1_1218120050-1 d1_1218120050-1 p1_1135140048-1 d1_1135140048-1]
The fitness value after EA: 114892.33555555555

Thoi gian thuc hien thuat toan:  1.6794896125793457
SUCCESS

2025-11-04 16:10:59,848 [simulate_environment.py | 256] INFO: 2025-11-04 12:40:00, Item 1104060039-1: state = 1 < 2, we can not finish the simulation
2025-11-04 16:10:59,849 [simulate_environment.py | 99] INFO: **************************************************
2025-11-04 16:10:59,849 [simulate_environment.py | 103] INFO: cur time: 2025-11-04 12:50:00, pre time: 2025-11-04 12:40:00
2025-11-04 16:10:59,849 [simulate_environment.py | 140] INFO: Start to update the input of 2025-11-04 12:50:00
2025-11-04 16:10:59,849 [simulate_environment.py | 167] INFO: Get 7 unallocated order items, 73 ongoing order items, 108 completed order items
2025-11-04 16:11:01,509 [simulate_environment.py | 234] INFO: 
LS: BlockExchange | Count: 0 | TotalTime:0.001s | Cost:114892.34
LS: mPDG | Count: 1 | TotalTime:0.003s | Cost:123193.34
LS: BlockExchange | Count: 1 | TotalTime:0.001s | Cost:121790.02
LS: BlockExchange | Count: 1 | TotalTime:0.000s | Cost:121790.02
LS: mPDG | Count: 1 | TotalTime:0.003s | Cost:123193.34
LS: PDPairExchange | Count: 1 | TotalTime:0.001s | Cost:121790.02
LS: PDPairExchange | Count: 1 | TotalTime:0.001s | Cost:121790.02
LS: BlockExchange | Count: 1 | TotalTime:0.001s | Cost:121790.02
LS: mPDG | Count: 1 | TotalTime:0.003s | Cost:123193.34
LS: PDPairExchange | Count: 1 | TotalTime:0.000s | Cost:121790.02
LS: BlockExchange | Count: 1 | TotalTime:0.001s | Cost:121790.02
Generation 1: Best = 114892.34, Worst = 137325.95, Avg = 127060.10, Time: 0.17417168617248535
LS: BlockExchange | Count: 0 | TotalTime:0.001s | Cost:114892.34
LS: BlockExchange | Count: 0 | TotalTime:0.001s | Cost:121790.02
LS: BlockExchange | Count: 0 | TotalTime:0.001s | Cost:121790.02
LS: PDPairExchange | Count: 0 | TotalTime:0.001s | Cost:121790.02
LS: PDPairExchange | Count: 0 | TotalTime:0.001s | Cost:121790.02
LS: BlockExchange | Count: 0 | TotalTime:0.001s | Cost:121790.02
LS: PDPairExchange | Count: 0 | TotalTime:0.001s | Cost:121790.02
LS: BlockExchange | Count: 0 | TotalTime:0.001s | Cost:121790.02
LS: mPDG | Count: 0 | TotalTime:0.003s | Cost:123193.34
LS: mPDG | Count: 0 | TotalTime:0.003s | Cost:123193.34
LS: mPDG | Count: 0 | TotalTime:0.003s | Cost:123193.34
Generation 2: Best = 114892.34, Worst = 128326.69, Avg = 126461.91, Time: 0.18028974533081055
LS: mPDG | Count: 0 | TotalTime:0.004s | Cost:114892.34
LS: BlockExchange | Count: 0 | TotalTime:0.001s | Cost:121790.02
LS: BlockExchange | Count: 0 | TotalTime:0.001s | Cost:121790.02
LS: PDPairExchange | Count: 0 | TotalTime:0.001s | Cost:121790.02
LS: PDPairExchange | Count: 0 | TotalTime:0.001s | Cost:121790.02
LS: BlockExchange | Count: 0 | TotalTime:0.001s | Cost:121790.02
LS: PDPairExchange | Count: 0 | TotalTime:0.001s | Cost:121790.02
LS: BlockExchange | Count: 0 | TotalTime:0.001s | Cost:121790.02
LS: mPDG | Count: 0 | TotalTime:0.003s | Cost:123193.34
LS: mPDG | Count: 0 | TotalTime:0.003s | Cost:123193.34
LS: mPDG | Count: 0 | TotalTime:0.003s | Cost:123193.34
Generation 3: Best = 114892.34, Worst = 128326.69, Avg = 126461.91, Time: 0.17767953872680664
LS: BlockExchange | Count: 0 | TotalTime:0.001s | Cost:114892.34
LS: BlockExchange | Count: 0 | TotalTime:0.001s | Cost:121790.02
LS: BlockExchange | Count: 0 | TotalTime:0.001s | Cost:121790.02
LS: PDPairExchange | Count: 0 | TotalTime:0.001s | Cost:121790.02
LS: PDPairExchange | Count: 0 | TotalTime:0.001s | Cost:121790.02
LS: BlockExchange | Count: 0 | TotalTime:0.001s | Cost:121790.02
LS: PDPairExchange | Count: 0 | TotalTime:0.001s | Cost:121790.02
LS: BlockExchange | Count: 0 | TotalTime:0.001s | Cost:121790.02
LS: mPDG | Count: 0 | TotalTime:0.003s | Cost:123193.34
LS: mPDG | Count: 0 | TotalTime:0.003s | Cost:123193.34
LS: mPDG | Count: 0 | TotalTime:0.003s | Cost:123193.34
Generation 4: Best = 114892.34, Worst = 128326.69, Avg = 126461.91, Time: 0.18144440650939941
Stopping early due to lack of improvement.
Total runtime: 1.40s (0.0 minutes)
Total GA runtime: 0.71s (0.0 minutes)

The solution initialized by Cheapest Insertion:
V_1:[p1_1113130042-1 d1_1113130042-1 d1_1130040046-1 p1_1123490045-1 p1_1119300044-1 d1_1119300044-1 d1_1123490045-1 d3_1131130047-3] V_2:[d10_1012150036-10 p1_1154340049-1 d1_1154340049-1] V_3:[d13_1114040043-13 d4_0958350034-4] V_4:[d3_1110400041-3 d1_0949120033-1 d1_1110120040-1 d2_1015060037-2 d21_1002040035-21 p1_1104060039-1 d1_1104060039-1] V_5:[d2_1015200038-2 d12_0930180030-12 p1_1218120050-1 d1_1218120050-1 p1_1135140048-1 d1_1135140048-1]
The fitness value before EA: 114892.33555555555
V_1:[p1_1113130042-1 d1_1113130042-1 d1_1130040046-1 p1_1123490045-1 p1_1119300044-1 d1_1119300044-1 d1_1123490045-1 d3_1131130047-3] V_2:[d10_1012150036-10 p1_1154340049-1 d1_1154340049-1] V_3:[d13_1114040043-13 d4_0958350034-4] V_4:[d3_1110400041-3 d1_0949120033-1 d1_1110120040-1 d2_1015060037-2 d21_1002040035-21 p1_1104060039-1 d1_1104060039-1] V_5:[d2_1015200038-2 d12_0930180030-12 p1_1218120050-1 d1_1218120050-1 p1_1135140048-1 d1_1135140048-1]
The fitness value after EA: 114892.33555555555

Thoi gian thuc hien thuat toan:  1.3984169960021973
SUCCESS

2025-11-04 16:11:01,512 [simulate_environment.py | 256] INFO: 2025-11-04 12:50:00, Item 1104060039-1: state = 1 < 2, we can not finish the simulation
2025-11-04 16:11:01,513 [simulate_environment.py | 99] INFO: **************************************************
2025-11-04 16:11:01,513 [simulate_environment.py | 103] INFO: cur time: 2025-11-04 13:00:00, pre time: 2025-11-04 12:50:00
2025-11-04 16:11:01,513 [simulate_environment.py | 140] INFO: Start to update the input of 2025-11-04 13:00:00
2025-11-04 16:11:01,513 [simulate_environment.py | 167] INFO: Get 7 unallocated order items, 59 ongoing order items, 122 completed order items
2025-11-04 16:11:03,115 [simulate_environment.py | 234] INFO: 
LS: BlockExchange | Count: 0 | TotalTime:0.001s | Cost:114892.04
LS: BlockExchange | Count: 0 | TotalTime:0.001s | Cost:118083.80
LS: BlockRelocate | Count: 1 | TotalTime:0.003s | Cost:121622.77
LS: BlockRelocate | Count: 1 | TotalTime:0.001s | Cost:130259.56
LS: PDPairExchange | Count: 1 | TotalTime:0.001s | Cost:131606.46
LS: mPDG | Count: 1 | TotalTime:0.003s | Cost:129209.56
LS: BlockExchange | Count: 1 | TotalTime:0.001s | Cost:131606.46
LS: BlockRelocate | Count: 1 | TotalTime:0.006s | Cost:129209.56
LS: BlockExchange | Count: 1 | TotalTime:0.000s | Cost:131606.46
LS: BlockExchange | Count: 1 | TotalTime:0.000s | Cost:131606.46
LS: mPDG | Count: 1 | TotalTime:0.002s | Cost:129209.56
Generation 1: Best = 114892.04, Worst = 132823.63, Avg = 131269.95, Time: 0.15569376945495605
LS: mPDG | Count: 0 | TotalTime:0.001s | Cost:114892.04
LS: PDPairExchange | Count: 0 | TotalTime:0.001s | Cost:118083.80
LS: BlockRelocate | Count: 1 | TotalTime:0.003s | Cost:118083.80
LS: mPDG | Count: 0 | TotalTime:0.002s | Cost:129209.56
LS: BlockRelocate | Count: 0 | TotalTime:0.006s | Cost:129209.56
LS: mPDG | Count: 0 | TotalTime:0.002s | Cost:129209.56
LS: BlockRelocate | Count: 1 | TotalTime:0.004s | Cost:129209.56
LS: PDPairExchange | Count: 0 | TotalTime:0.001s | Cost:131606.46
LS: BlockExchange | Count: 0 | TotalTime:0.001s | Cost:131606.46
LS: BlockExchange | Count: 0 | TotalTime:0.001s | Cost:131606.46
LS: BlockExchange | Count: 0 | TotalTime:0.001s | Cost:131606.46
Generation 2: Best = 114892.04, Worst = 132823.63, Avg = 131155.23, Time: 0.15350031852722168
LS: PDPairExchange | Count: 0 | TotalTime:0.001s | Cost:114892.04
LS: mPDG | Count: 0 | TotalTime:0.002s | Cost:118083.80
LS: BlockRelocate | Count: 0 | TotalTime:0.006s | Cost:118083.80
LS: mPDG | Count: 0 | TotalTime:0.002s | Cost:129209.56
LS: BlockRelocate | Count: 0 | TotalTime:0.006s | Cost:129209.56
LS: mPDG | Count: 0 | TotalTime:0.002s | Cost:129209.56
LS: BlockRelocate | Count: 0 | TotalTime:0.006s | Cost:129209.56
LS: PDPairExchange | Count: 0 | TotalTime:0.001s | Cost:131606.46
LS: BlockExchange | Count: 0 | TotalTime:0.001s | Cost:131606.46
LS: BlockExchange | Count: 0 | TotalTime:0.001s | Cost:131606.46
LS: BlockExchange | Count: 0 | TotalTime:0.001s | Cost:131606.46
Generation 3: Best = 114892.04, Worst = 132823.63, Avg = 131155.23, Time: 0.16298460960388184
LS: BlockRelocate | Count: 0 | TotalTime:0.006s | Cost:114892.04
LS: PDPairExchange | Count: 0 | TotalTime:0.001s | Cost:118083.80
LS: BlockRelocate | Count: 0 | TotalTime:0.006s | Cost:118083.80
LS: mPDG | Count: 0 | TotalTime:0.002s | Cost:129209.56
LS: BlockRelocate | Count: 0 | TotalTime:0.006s | Cost:129209.56
LS: mPDG | Count: 0 | TotalTime:0.002s | Cost:129209.56
LS: BlockRelocate | Count: 0 | TotalTime:0.006s | Cost:129209.56
LS: PDPairExchange | Count: 0 | TotalTime:0.001s | Cost:131606.46
LS: BlockExchange | Count: 0 | TotalTime:0.001s | Cost:131606.46
LS: BlockExchange | Count: 0 | TotalTime:0.001s | Cost:131606.46
LS: BlockExchange | Count: 0 | TotalTime:0.001s | Cost:131606.46
Generation 4: Best = 114892.04, Worst = 132823.63, Avg = 131155.23, Time: 0.17275738716125488
Stopping early due to lack of improvement.
Total runtime: 1.34s (0.0 minutes)
Total GA runtime: 0.65s (0.0 minutes)

The solution initialized by Cheapest Insertion:
V_1:[p1_1113130042-1 d1_1113130042-1 d1_1130040046-1 p1_1123490045-1 p1_1119300044-1 d1_1119300044-1 d1_1123490045-1 d3_1131130047-3] V_2:[d10_1012150036-10 p1_1154340049-1 d1_1154340049-1] V_3:[d13_1114040043-13 d4_0958350034-4] V_4:[d3_1110400041-3 d1_0949120033-1 d1_1110120040-1 d2_1015060037-2 d21_1002040035-21 p1_1104060039-1 d1_1104060039-1] V_5:[p1_1218120050-1 d1_1218120050-1 p1_1135140048-1 d1_1135140048-1]
The fitness value before EA: 114892.03555555554
V_1:[p1_1113130042-1 d1_1113130042-1 d1_1130040046-1 p1_1123490045-1 p1_1119300044-1 d1_1119300044-1 d1_1123490045-1 d3_1131130047-3] V_2:[d10_1012150036-10 p1_1154340049-1 d1_1154340049-1] V_3:[d13_1114040043-13 d4_0958350034-4] V_4:[d3_1110400041-3 d1_0949120033-1 d1_1110120040-1 d2_1015060037-2 d21_1002040035-21 p1_1104060039-1 d1_1104060039-1] V_5:[p1_1218120050-1 d1_1218120050-1 p1_1135140048-1 d1_1135140048-1]
The fitness value after EA: 114892.03555555554

Thoi gian thuc hien thuat toan:  1.3365700244903564
SUCCESS

2025-11-04 16:11:03,118 [simulate_environment.py | 256] INFO: 2025-11-04 13:00:00, Item 1104060039-1: state = 1 < 2, we can not finish the simulation
2025-11-04 16:11:03,118 [simulate_environment.py | 99] INFO: **************************************************
2025-11-04 16:11:03,118 [simulate_environment.py | 103] INFO: cur time: 2025-11-04 13:10:00, pre time: 2025-11-04 13:00:00
2025-11-04 16:11:03,118 [simulate_environment.py | 140] INFO: Start to update the input of 2025-11-04 13:10:00
2025-11-04 16:11:03,119 [simulate_environment.py | 167] INFO: Get 7 unallocated order items, 59 ongoing order items, 122 completed order items
2025-11-04 16:11:04,623 [simulate_environment.py | 234] INFO: 
LS: mPDG | Count: 0 | TotalTime:0.001s | Cost:114880.38
LS: PDPairExchange | Count: 0 | TotalTime:0.001s | Cost:114880.38
LS: mPDG | Count: 0 | TotalTime:0.002s | Cost:131097.30
LS: PDPairExchange | Count: 1 | TotalTime:0.001s | Cost:129958.41
LS: BlockExchange | Count: 1 | TotalTime:0.001s | Cost:131458.51
LS: BlockExchange | Count: 1 | TotalTime:0.001s | Cost:131594.80
LS: BlockRelocate | Count: 1 | TotalTime:0.004s | Cost:129197.90
LS: BlockExchange | Count: 1 | TotalTime:0.001s | Cost:131594.80
LS: PDPairExchange | Count: 1 | TotalTime:0.000s | Cost:131594.80
LS: BlockExchange | Count: 1 | TotalTime:0.000s | Cost:131594.80
LS: PDPairExchange | Count: 1 | TotalTime:0.000s | Cost:131594.80
Generation 1: Best = 114880.38, Worst = 137464.93, Avg = 133139.76, Time: 0.14127326011657715
LS: BlockExchange | Count: 0 | TotalTime:0.001s | Cost:114880.38
LS: PDPairExchange | Count: 0 | TotalTime:0.001s | Cost:114880.38
LS: BlockRelocate | Count: 1 | TotalTime:0.001s | Cost:128597.78
LS: PDPairExchange | Count: 0 | TotalTime:0.001s | Cost:129958.41
LS: PDPairExchange | Count: 1 | TotalTime:0.001s | Cost:129958.41
LS: BlockExchange | Count: 1 | TotalTime:0.000s | Cost:121997.22
LS: BlockExchange | Count: 0 | TotalTime:0.001s | Cost:131594.80
LS: BlockExchange | Count: 0 | TotalTime:0.001s | Cost:131594.80
LS: PDPairExchange | Count: 0 | TotalTime:0.001s | Cost:131594.80
LS: BlockExchange | Count: 0 | TotalTime:0.001s | Cost:131594.80
LS: PDPairExchange | Count: 0 | TotalTime:0.001s | Cost:131594.80
Generation 2: Best = 114880.38, Worst = 132811.97, Avg = 131244.84, Time: 0.13762450218200684
LS: BlockRelocate | Count: 0 | TotalTime:0.005s | Cost:114880.38
LS: PDPairExchange | Count: 0 | TotalTime:0.001s | Cost:114880.38
LS: BlockExchange | Count: 1 | TotalTime:0.000s | Cost:121777.78
LS: BlockRelocate | Count: 1 | TotalTime:0.002s | Cost:128314.45
LS: PDPairExchange | Count: 0 | TotalTime:0.001s | Cost:129958.41
LS: PDPairExchange | Count: 0 | TotalTime:0.001s | Cost:129958.41
LS: BlockExchange | Count: 0 | TotalTime:0.001s | Cost:131594.80
LS: BlockExchange | Count: 0 | TotalTime:0.001s | Cost:131594.80
LS: PDPairExchange | Count: 0 | TotalTime:0.001s | Cost:131594.80
LS: BlockExchange | Count: 0 | TotalTime:0.001s | Cost:131594.80
LS: PDPairExchange | Count: 0 | TotalTime:0.001s | Cost:131594.80
Generation 3: Best = 114880.38, Worst = 132811.97, Avg = 131232.27, Time: 0.14426684379577637
LS: BlockExchange | Count: 0 | TotalTime:0.001s | Cost:114880.38
LS: PDPairExchange | Count: 0 | TotalTime:0.001s | Cost:114880.38
LS: BlockExchange | Count: 0 | TotalTime:0.001s | Cost:121777.78
LS: BlockRelocate | Count: 1 | TotalTime:0.002s | Cost:128313.97
LS: PDPairExchange | Count: 0 | TotalTime:0.001s | Cost:129958.41
LS: PDPairExchange | Count: 0 | TotalTime:0.001s | Cost:129958.41
LS: BlockExchange | Count: 0 | TotalTime:0.001s | Cost:131594.80
LS: BlockExchange | Count: 0 | TotalTime:0.001s | Cost:131594.80
LS: PDPairExchange | Count: 0 | TotalTime:0.001s | Cost:131594.80
LS: BlockExchange | Count: 0 | TotalTime:0.001s | Cost:131594.80
LS: PDPairExchange | Count: 0 | TotalTime:0.001s | Cost:131594.80
Generation 4: Best = 114880.38, Worst = 132811.97, Avg = 131232.26, Time: 0.1405177116394043
Stopping early due to lack of improvement.
Total runtime: 1.25s (0.0 minutes)
Total GA runtime: 0.56s (0.0 minutes)

The solution initialized by Cheapest Insertion:
V_1:[p1_1113130042-1 d1_1113130042-1 d1_1130040046-1 p1_1123490045-1 p1_1119300044-1 d1_1119300044-1 d1_1123490045-1 d3_1131130047-3] V_2:[d10_1012150036-10 p1_1154340049-1 d1_1154340049-1] V_3:[d13_1114040043-13 d4_0958350034-4] V_4:[d3_1110400041-3 d1_0949120033-1 d1_1110120040-1 d2_1015060037-2 d21_1002040035-21 p1_1104060039-1 d1_1104060039-1] V_5:[p1_1218120050-1 d1_1218120050-1 p1_1135140048-1 d1_1135140048-1]
The fitness value before EA: 114880.37555555555
V_1:[p1_1113130042-1 d1_1113130042-1 d1_1130040046-1 p1_1123490045-1 p1_1119300044-1 d1_1119300044-1 d1_1123490045-1 d3_1131130047-3] V_2:[d10_1012150036-10 p1_1154340049-1 d1_1154340049-1] V_3:[d13_1114040043-13 d4_0958350034-4] V_4:[d3_1110400041-3 d1_0949120033-1 d1_1110120040-1 d2_1015060037-2 d21_1002040035-21 p1_1104060039-1 d1_1104060039-1] V_5:[p1_1218120050-1 d1_1218120050-1 p1_1135140048-1 d1_1135140048-1]
The fitness value after EA: 114880.37555555555

Thoi gian thuc hien thuat toan:  1.2465806007385254
SUCCESS

2025-11-04 16:11:04,626 [simulate_environment.py | 256] INFO: 2025-11-04 13:10:00, Item 1104060039-1: state = 1 < 2, we can not finish the simulation
2025-11-04 16:11:04,626 [simulate_environment.py | 99] INFO: **************************************************
2025-11-04 16:11:04,627 [simulate_environment.py | 103] INFO: cur time: 2025-11-04 13:20:00, pre time: 2025-11-04 13:10:00
2025-11-04 16:11:04,627 [simulate_environment.py | 140] INFO: Start to update the input of 2025-11-04 13:20:00
2025-11-04 16:11:04,627 [simulate_environment.py | 167] INFO: Get 7 unallocated order items, 59 ongoing order items, 122 completed order items
2025-11-04 16:11:06,210 [simulate_environment.py | 234] INFO: 
LS: PDPairExchange | Count: 0 | TotalTime:0.001s | Cost:114880.38
LS: PDPairExchange | Count: 1 | TotalTime:0.000s | Cost:123672.40
LS: BlockExchange | Count: 1 | TotalTime:0.001s | Cost:131594.80
LS: mPDG | Count: 1 | TotalTime:0.002s | Cost:129197.90
LS: BlockRelocate | Count: 1 | TotalTime:0.004s | Cost:130247.90
LS: mPDG | Count: 1 | TotalTime:0.002s | Cost:129197.90
LS: PDPairExchange | Count: 1 | TotalTime:0.000s | Cost:131594.80
LS: PDPairExchange | Count: 1 | TotalTime:0.000s | Cost:131594.80
LS: mPDG | Count: 1 | TotalTime:0.003s | Cost:129197.90
LS: PDPairExchange | Count: 1 | TotalTime:0.000s | Cost:131594.80
LS: BlockExchange | Count: 1 | TotalTime:0.000s | Cost:131594.80
Generation 1: Best = 114880.38, Worst = 137464.93, Avg = 132193.40, Time: 0.1450202465057373
LS: PDPairExchange | Count: 0 | TotalTime:0.001s | Cost:114880.38
LS: PDPairExchange | Count: 0 | TotalTime:0.001s | Cost:123672.40
LS: mPDG | Count: 0 | TotalTime:0.003s | Cost:129197.90
LS: mPDG | Count: 0 | TotalTime:0.003s | Cost:129197.90
LS: mPDG | Count: 0 | TotalTime:0.003s | Cost:129197.90
LS: BlockRelocate | Count: 1 | TotalTime:0.002s | Cost:129197.90
LS: BlockExchange | Count: 0 | TotalTime:0.001s | Cost:131594.80
LS: PDPairExchange | Count: 0 | TotalTime:0.001s | Cost:131594.80
LS: PDPairExchange | Count: 0 | TotalTime:0.001s | Cost:131594.80
LS: PDPairExchange | Count: 0 | TotalTime:0.001s | Cost:131594.80
LS: BlockExchange | Count: 0 | TotalTime:0.001s | Cost:131594.80
Generation 2: Best = 114880.38, Worst = 132811.97, Avg = 131621.64, Time: 0.15551352500915527
LS: BlockRelocate | Count: 0 | TotalTime:0.005s | Cost:114880.38
LS: PDPairExchange | Count: 0 | TotalTime:0.001s | Cost:123672.40
LS: mPDG | Count: 0 | TotalTime:0.003s | Cost:129197.90
LS: mPDG | Count: 0 | TotalTime:0.003s | Cost:129197.90
LS: mPDG | Count: 0 | TotalTime:0.003s | Cost:129197.90
LS: BlockRelocate | Count: 0 | TotalTime:0.006s | Cost:129197.90
LS: BlockExchange | Count: 0 | TotalTime:0.001s | Cost:131594.80
LS: PDPairExchange | Count: 0 | TotalTime:0.001s | Cost:131594.80
LS: PDPairExchange | Count: 0 | TotalTime:0.001s | Cost:131594.80
LS: PDPairExchange | Count: 0 | TotalTime:0.001s | Cost:131594.80
LS: BlockExchange | Count: 0 | TotalTime:0.001s | Cost:131594.80
Generation 3: Best = 114880.38, Worst = 132811.97, Avg = 131621.64, Time: 0.16221094131469727
LS: mPDG | Count: 0 | TotalTime:0.001s | Cost:114880.38
LS: PDPairExchange | Count: 0 | TotalTime:0.001s | Cost:123672.40
LS: mPDG | Count: 0 | TotalTime:0.003s | Cost:129197.90
LS: mPDG | Count: 0 | TotalTime:0.003s | Cost:129197.90
LS: mPDG | Count: 0 | TotalTime:0.003s | Cost:129197.90
LS: BlockRelocate | Count: 0 | TotalTime:0.006s | Cost:129197.90
LS: BlockExchange | Count: 0 | TotalTime:0.001s | Cost:131594.80
LS: PDPairExchange | Count: 0 | TotalTime:0.001s | Cost:131594.80
LS: PDPairExchange | Count: 0 | TotalTime:0.001s | Cost:131594.80
LS: PDPairExchange | Count: 0 | TotalTime:0.001s | Cost:131594.80
LS: BlockExchange | Count: 0 | TotalTime:0.001s | Cost:131594.80
Generation 4: Best = 114880.38, Worst = 132811.97, Avg = 131621.64, Time: 0.1480550765991211
Stopping early due to lack of improvement.
Total runtime: 1.32s (0.0 minutes)
Total GA runtime: 0.61s (0.0 minutes)

The solution initialized by Cheapest Insertion:
V_1:[p1_1113130042-1 d1_1113130042-1 d1_1130040046-1 p1_1123490045-1 p1_1119300044-1 d1_1119300044-1 d1_1123490045-1 d3_1131130047-3] V_2:[d10_1012150036-10 p1_1154340049-1 d1_1154340049-1] V_3:[d13_1114040043-13 d4_0958350034-4] V_4:[d3_1110400041-3 d1_0949120033-1 d1_1110120040-1 d2_1015060037-2 d21_1002040035-21 p1_1104060039-1 d1_1104060039-1] V_5:[p1_1218120050-1 d1_1218120050-1 p1_1135140048-1 d1_1135140048-1]
The fitness value before EA: 114880.37555555555
V_1:[p1_1113130042-1 d1_1113130042-1 d1_1130040046-1 p1_1123490045-1 p1_1119300044-1 d1_1119300044-1 d1_1123490045-1 d3_1131130047-3] V_2:[d10_1012150036-10 p1_1154340049-1 d1_1154340049-1] V_3:[d13_1114040043-13 d4_0958350034-4] V_4:[d3_1110400041-3 d1_0949120033-1 d1_1110120040-1 d2_1015060037-2 d21_1002040035-21 p1_1104060039-1 d1_1104060039-1] V_5:[p1_1218120050-1 d1_1218120050-1 p1_1135140048-1 d1_1135140048-1]
The fitness value after EA: 114880.37555555555

Thoi gian thuc hien thuat toan:  1.3171617984771729
SUCCESS

2025-11-04 16:11:06,212 [simulate_environment.py | 256] INFO: 2025-11-04 13:20:00, Item 1104060039-1: state = 1 < 2, we can not finish the simulation
2025-11-04 16:11:06,213 [simulate_environment.py | 99] INFO: **************************************************
2025-11-04 16:11:06,213 [simulate_environment.py | 103] INFO: cur time: 2025-11-04 13:30:00, pre time: 2025-11-04 13:20:00
2025-11-04 16:11:06,213 [simulate_environment.py | 140] INFO: Start to update the input of 2025-11-04 13:30:00
2025-11-04 16:11:06,213 [simulate_environment.py | 167] INFO: Get 7 unallocated order items, 55 ongoing order items, 126 completed order items
2025-11-04 16:11:07,747 [simulate_environment.py | 234] INFO: 
LS: BlockRelocate | Count: 0 | TotalTime:0.005s | Cost:114880.26
LS: BlockRelocate | Count: 0 | TotalTime:0.005s | Cost:114880.26
LS: PDPairExchange | Count: 0 | TotalTime:0.001s | Cost:129714.31
LS: BlockRelocate | Count: 1 | TotalTime:0.002s | Cost:129197.78
LS: BlockRelocate | Count: 1 | TotalTime:0.002s | Cost:130247.78
LS: mPDG | Count: 1 | TotalTime:0.002s | Cost:129197.78
LS: PDPairExchange | Count: 1 | TotalTime:0.001s | Cost:131594.68
LS: BlockExchange | Count: 1 | TotalTime:0.000s | Cost:131594.68
LS: BlockExchange | Count: 1 | TotalTime:0.001s | Cost:131594.68
LS: BlockExchange | Count: 1 | TotalTime:0.001s | Cost:131594.68
LS: BlockRelocate | Count: 1 | TotalTime:0.005s | Cost:129197.78
Generation 1: Best = 114880.26, Worst = 136245.36, Avg = 131510.69, Time: 0.14364194869995117
LS: BlockExchange | Count: 0 | TotalTime:0.001s | Cost:114880.26
LS: BlockExchange | Count: 0 | TotalTime:0.000s | Cost:114880.26
LS: BlockRelocate | Count: 1 | TotalTime:0.001s | Cost:128597.66
LS: mPDG | Count: 0 | TotalTime:0.002s | Cost:129197.78
LS: BlockRelocate | Count: 1 | TotalTime:0.003s | Cost:128597.66
LS: BlockRelocate | Count: 1 | TotalTime:0.003s | Cost:122881.10
LS: BlockRelocate | Count: 1 | TotalTime:0.002s | Cost:129197.78
LS: PDPairExchange | Count: 0 | TotalTime:0.001s | Cost:131594.68
LS: BlockExchange | Count: 0 | TotalTime:0.001s | Cost:131594.68
LS: BlockExchange | Count: 0 | TotalTime:0.001s | Cost:131594.68
LS: BlockExchange | Count: 0 | TotalTime:0.001s | Cost:131594.68
Generation 2: Best = 114880.26, Worst = 132811.85, Avg = 131153.87, Time: 0.1415879726409912
LS: BlockRelocate | Count: 0 | TotalTime:0.004s | Cost:114880.26
LS: mPDG | Count: 0 | TotalTime:0.001s | Cost:114880.26
LS: BlockRelocate | Count: 0 | TotalTime:0.004s | Cost:122881.10
LS: BlockRelocate | Count: 1 | TotalTime:0.002s | Cost:128314.33
LS: BlockRelocate | Count: 1 | TotalTime:0.001s | Cost:128314.33
LS: mPDG | Count: 0 | TotalTime:0.002s | Cost:129197.78
LS: BlockRelocate | Count: 0 | TotalTime:0.005s | Cost:129197.78
LS: PDPairExchange | Count: 0 | TotalTime:0.001s | Cost:131594.68
LS: BlockExchange | Count: 0 | TotalTime:0.001s | Cost:131594.68
LS: BlockExchange | Count: 0 | TotalTime:0.001s | Cost:131594.68
LS: BlockExchange | Count: 0 | TotalTime:0.001s | Cost:131594.68
Generation 3: Best = 114880.26, Worst = 132811.85, Avg = 131139.71, Time: 0.14498019218444824
LS: PDPairExchange | Count: 0 | TotalTime:0.001s | Cost:114880.26
LS: BlockRelocate | Count: 0 | TotalTime:0.004s | Cost:114880.26
LS: BlockRelocate | Count: 0 | TotalTime:0.004s | Cost:122881.10
LS: BlockRelocate | Count: 1 | TotalTime:0.002s | Cost:128313.85
LS: BlockRelocate | Count: 1 | TotalTime:0.001s | Cost:125508.89
LS: mPDG | Count: 0 | TotalTime:0.002s | Cost:129197.78
LS: BlockRelocate | Count: 0 | TotalTime:0.005s | Cost:129197.78
LS: PDPairExchange | Count: 0 | TotalTime:0.001s | Cost:131594.68
LS: BlockExchange | Count: 0 | TotalTime:0.001s | Cost:131594.68
LS: BlockExchange | Count: 0 | TotalTime:0.001s | Cost:131594.68
LS: BlockExchange | Count: 0 | TotalTime:0.001s | Cost:131594.68
Generation 4: Best = 114880.26, Worst = 132811.85, Avg = 131069.56, Time: 0.14970731735229492
Stopping early due to lack of improvement.
Total runtime: 1.26s (0.0 minutes)
Total GA runtime: 0.58s (0.0 minutes)

The solution initialized by Cheapest Insertion:
V_1:[p1_1113130042-1 d1_1113130042-1 d1_1130040046-1 p1_1123490045-1 p1_1119300044-1 d1_1119300044-1 d1_1123490045-1 d3_1131130047-3] V_2:[d10_1012150036-10 p1_1154340049-1 d1_1154340049-1] V_3:[d13_1114040043-13 d4_0958350034-4] V_4:[d1_1110120040-1 d2_1015060037-2 d21_1002040035-21 p1_1104060039-1 d1_1104060039-1] V_5:[p1_1218120050-1 d1_1218120050-1 p1_1135140048-1 d1_1135140048-1]
The fitness value before EA: 114880.25555555554
V_1:[p1_1113130042-1 d1_1113130042-1 d1_1130040046-1 p1_1119300044-1 p1_1123490045-1 d1_1123490045-1 d1_1119300044-1 d3_1131130047-3] V_2:[d10_1012150036-10 p1_1154340049-1 d1_1154340049-1] V_3:[d13_1114040043-13 d4_0958350034-4] V_4:[d1_1110120040-1 d2_1015060037-2 d21_1002040035-21 p1_1104060039-1 d1_1104060039-1] V_5:[p1_1218120050-1 d1_1218120050-1 p1_1135140048-1 d1_1135140048-1]
The fitness value after EA: 114880.25555555554

Thoi gian thuc hien thuat toan:  1.2592847347259521
SUCCESS

2025-11-04 16:11:07,750 [simulate_environment.py | 256] INFO: 2025-11-04 13:30:00, Item 1104060039-1: state = 1 < 2, we can not finish the simulation
2025-11-04 16:11:07,751 [simulate_environment.py | 99] INFO: **************************************************
2025-11-04 16:11:07,751 [simulate_environment.py | 103] INFO: cur time: 2025-11-04 13:40:00, pre time: 2025-11-04 13:30:00
2025-11-04 16:11:07,751 [simulate_environment.py | 140] INFO: Start to update the input of 2025-11-04 13:40:00
2025-11-04 16:11:07,752 [simulate_environment.py | 167] INFO: Get 7 unallocated order items, 55 ongoing order items, 126 completed order items
2025-11-04 16:11:09,237 [simulate_environment.py | 234] INFO: 
LS: BlockExchange | Count: 0 | TotalTime:0.001s | Cost:114878.50
LS: BlockExchange | Count: 0 | TotalTime:0.001s | Cost:128312.57
LS: PDPairExchange | Count: 1 | TotalTime:0.000s | Cost:132810.09
LS: BlockExchange | Count: 1 | TotalTime:0.000s | Cost:132810.09
LS: PDPairExchange | Count: 1 | TotalTime:0.000s | Cost:132810.09
LS: mPDG | Count: 1 | TotalTime:0.002s | Cost:129196.02
LS: BlockExchange | Count: 1 | TotalTime:0.000s | Cost:131592.92
LS: mPDG | Count: 1 | TotalTime:0.002s | Cost:129196.02
LS: BlockRelocate | Count: 1 | TotalTime:0.005s | Cost:129246.02
LS: mPDG | Count: 1 | TotalTime:0.002s | Cost:129196.02
LS: BlockExchange | Count: 1 | TotalTime:0.000s | Cost:131592.92
Generation 1: Best = 114878.50, Worst = 137463.05, Avg = 132511.15, Time: 0.13364148139953613
LS: BlockRelocate | Count: 0 | TotalTime:0.004s | Cost:114878.50
LS: BlockExchange | Count: 1 | TotalTime:0.001s | Cost:121995.34
LS: mPDG | Count: 0 | TotalTime:0.002s | Cost:129196.02
LS: mPDG | Count: 0 | TotalTime:0.002s | Cost:129196.02
LS: mPDG | Count: 0 | TotalTime:0.002s | Cost:129196.02
LS: BlockRelocate | Count: 1 | TotalTime:0.003s | Cost:129196.02
LS: BlockExchange | Count: 0 | TotalTime:0.001s | Cost:131592.92
LS: BlockExchange | Count: 0 | TotalTime:0.001s | Cost:131592.92
LS: PDPairExchange | Count: 1 | TotalTime:0.000s | Cost:131592.92
LS: BlockExchange | Count: 1 | TotalTime:0.000s | Cost:131592.92
LS: PDPairExchange | Count: 1 | TotalTime:0.000s | Cost:131592.92
Generation 2: Best = 114878.50, Worst = 133029.54, Avg = 131665.66, Time: 0.14219307899475098
LS: PDPairExchange | Count: 0 | TotalTime:0.001s | Cost:114878.50
LS: BlockExchange | Count: 1 | TotalTime:0.001s | Cost:121775.90
LS: mPDG | Count: 0 | TotalTime:0.002s | Cost:129196.02
LS: mPDG | Count: 0 | TotalTime:0.002s | Cost:129196.02
LS: mPDG | Count: 0 | TotalTime:0.002s | Cost:129196.02
LS: BlockRelocate | Count: 0 | TotalTime:0.005s | Cost:129196.02
LS: BlockExchange | Count: 0 | TotalTime:0.001s | Cost:131592.92
LS: BlockExchange | Count: 0 | TotalTime:0.001s | Cost:131592.92
LS: PDPairExchange | Count: 0 | TotalTime:0.001s | Cost:131592.92
LS: BlockExchange | Count: 0 | TotalTime:0.001s | Cost:131592.92
LS: PDPairExchange | Count: 0 | TotalTime:0.001s | Cost:131592.92
Generation 3: Best = 114878.50, Worst = 133029.54, Avg = 131621.77, Time: 0.13909053802490234
LS: BlockRelocate | Count: 0 | TotalTime:0.005s | Cost:114878.50
LS: BlockExchange | Count: 0 | TotalTime:0.001s | Cost:121775.90
LS: mPDG | Count: 0 | TotalTime:0.002s | Cost:129196.02
LS: mPDG | Count: 0 | TotalTime:0.002s | Cost:129196.02
LS: mPDG | Count: 0 | TotalTime:0.002s | Cost:129196.02
LS: BlockRelocate | Count: 0 | TotalTime:0.005s | Cost:129196.02
LS: BlockExchange | Count: 0 | TotalTime:0.001s | Cost:131592.92
LS: BlockExchange | Count: 0 | TotalTime:0.001s | Cost:131592.92
LS: PDPairExchange | Count: 0 | TotalTime:0.001s | Cost:131592.92
LS: BlockExchange | Count: 0 | TotalTime:0.001s | Cost:131592.92
LS: PDPairExchange | Count: 0 | TotalTime:0.001s | Cost:131592.92
Generation 4: Best = 114878.50, Worst = 132810.09, Avg = 131572.39, Time: 0.13992619514465332
Stopping early due to lack of improvement.
Total runtime: 1.22s (0.0 minutes)
Total GA runtime: 0.56s (0.0 minutes)

The solution initialized by Cheapest Insertion:
V_1:[p1_1113130042-1 d1_1113130042-1 d1_1130040046-1 p1_1119300044-1 p1_1123490045-1 d1_1123490045-1 d1_1119300044-1 d3_1131130047-3] V_2:[d10_1012150036-10 p1_1154340049-1 d1_1154340049-1] V_3:[d13_1114040043-13 d4_0958350034-4] V_4:[d1_1110120040-1 d2_1015060037-2 d21_1002040035-21 p1_1104060039-1 d1_1104060039-1] V_5:[p1_1218120050-1 d1_1218120050-1 p1_1135140048-1 d1_1135140048-1]
The fitness value before EA: 114878.49555555555
V_1:[p1_1113130042-1 d1_1113130042-1 d1_1130040046-1 p1_1119300044-1 p1_1123490045-1 d1_1123490045-1 d1_1119300044-1 d3_1131130047-3] V_2:[d10_1012150036-10 p1_1154340049-1 d1_1154340049-1] V_3:[d13_1114040043-13 d4_0958350034-4] V_4:[d1_1110120040-1 d2_1015060037-2 d21_1002040035-21 p1_1104060039-1 d1_1104060039-1] V_5:[p1_1218120050-1 d1_1218120050-1 p1_1135140048-1 d1_1135140048-1]
The fitness value after EA: 114878.49555555555

Thoi gian thuc hien thuat toan:  1.2224955558776855
SUCCESS

2025-11-04 16:11:09,240 [simulate_environment.py | 256] INFO: 2025-11-04 13:40:00, Item 1104060039-1: state = 1 < 2, we can not finish the simulation
2025-11-04 16:11:09,240 [simulate_environment.py | 99] INFO: **************************************************
2025-11-04 16:11:09,240 [simulate_environment.py | 103] INFO: cur time: 2025-11-04 13:50:00, pre time: 2025-11-04 13:40:00
2025-11-04 16:11:09,240 [simulate_environment.py | 140] INFO: Start to update the input of 2025-11-04 13:50:00
2025-11-04 16:11:09,241 [simulate_environment.py | 167] INFO: Get 6 unallocated order items, 46 ongoing order items, 136 completed order items
2025-11-04 16:11:10,608 [simulate_environment.py | 234] INFO: 
LS: BlockExchange | Count: 0 | TotalTime:0.000s | Cost:114878.50
LS: BlockExchange | Count: 1 | TotalTime:0.000s | Cost:114878.68
LS: mPDG | Count: 1 | TotalTime:0.001s | Cost:124809.41
LS: BlockRelocate | Count: 1 | TotalTime:0.001s | Cost:129362.01
LS: BlockRelocate | Count: 1 | TotalTime:0.001s | Cost:128142.56
LS: BlockRelocate | Count: 1 | TotalTime:0.001s | Cost:129092.74
LS: PDPairExchange | Count: 0 | TotalTime:0.000s | Cost:131592.92
LS: BlockRelocate | Count: 1 | TotalTime:0.001s | Cost:129362.01
LS: PDPairExchange | Count: 0 | TotalTime:0.000s | Cost:131592.92
LS: mPDG | Count: 1 | TotalTime:0.001s | Cost:124809.41
LS: BlockRelocate | Count: 1 | TotalTime:0.000s | Cost:130020.62
Generation 1: Best = 114878.50, Worst = 131592.92, Avg = 130118.41, Time: 0.10005021095275879
LS: mPDG | Count: 0 | TotalTime:0.001s | Cost:114878.50
LS: BlockExchange | Count: 0 | TotalTime:0.000s | Cost:114878.68
LS: mPDG | Count: 0 | TotalTime:0.001s | Cost:124809.41
LS: mPDG | Count: 0 | TotalTime:0.001s | Cost:124809.41
LS: BlockRelocate | Count: 1 | TotalTime:0.000s | Cost:127570.26
LS: BlockRelocate | Count: 1 | TotalTime:0.000s | Cost:124809.41
LS: BlockRelocate | Count: 1 | TotalTime:0.002s | Cost:129028.86
LS: BlockRelocate | Count: 1 | TotalTime:0.002s | Cost:121995.34
LS: BlockRelocate | Count: 1 | TotalTime:0.001s | Cost:125992.66
LS: mPDG | Count: 1 | TotalTime:0.001s | Cost:124809.41
LS: PDPairExchange | Count: 0 | TotalTime:0.000s | Cost:131592.92
Generation 2: Best = 114878.50, Worst = 131592.92, Avg = 129534.24, Time: 0.11170816421508789
LS: PDPairExchange | Count: 0 | TotalTime:0.000s | Cost:114878.50
LS: BlockExchange | Count: 0 | TotalTime:0.000s | Cost:114878.68
LS: BlockRelocate | Count: 1 | TotalTime:0.002s | Cost:114878.50
LS: mPDG | Count: 0 | TotalTime:0.001s | Cost:124809.41
LS: mPDG | Count: 0 | TotalTime:0.001s | Cost:124809.41
LS: BlockRelocate | Count: 1 | TotalTime:0.002s | Cost:122578.50
LS: mPDG | Count: 0 | TotalTime:0.001s | Cost:124809.41
LS: BlockRelocate | Count: 1 | TotalTime:0.001s | Cost:125142.56
LS: BlockRelocate | Count: 1 | TotalTime:0.000s | Cost:124809.41
LS: BlockRelocate | Count: 1 | TotalTime:0.000s | Cost:123428.60
LS: BlockExchange | Count: 0 | TotalTime:0.000s | Cost:131592.92
Generation 3: Best = 114878.50, Worst = 131592.92, Avg = 129070.27, Time: 0.10733962059020996
LS: BlockRelocate | Count: 0 | TotalTime:0.003s | Cost:114878.50
LS: BlockRelocate | Count: 0 | TotalTime:0.003s | Cost:114878.50
LS: BlockExchange | Count: 0 | TotalTime:0.000s | Cost:114878.68
LS: BlockRelocate | Count: 1 | TotalTime:0.003s | Cost:114878.50
LS: BlockRelocate | Count: 1 | TotalTime:0.001s | Cost:122578.50
LS: mPDG | Count: 0 | TotalTime:0.001s | Cost:124809.41
LS: mPDG | Count: 0 | TotalTime:0.001s | Cost:124809.41
LS: mPDG | Count: 0 | TotalTime:0.001s | Cost:124809.41
LS: BlockRelocate | Count: 1 | TotalTime:0.003s | Cost:122578.50
LS: BlockRelocate | Count: 1 | TotalTime:0.001s | Cost:124809.59
LS: mPDG | Count: 1 | TotalTime:0.001s | Cost:124809.41
Generation 4: Best = 114878.50, Worst = 131592.92, Avg = 128622.83, Time: 0.11880826950073242
Stopping early due to lack of improvement.
Total runtime: 1.11s (0.0 minutes)
Total GA runtime: 0.44s (0.0 minutes)

The solution initialized by Cheapest Insertion:
V_1:[d1_1113130042-1 d1_1130040046-1 p1_1119300044-1 p1_1123490045-1 d1_1123490045-1 d1_1119300044-1 d3_1131130047-3] V_2:[p1_1154340049-1 d1_1154340049-1] V_3:[d13_1114040043-13 d4_0958350034-4] V_4:[d1_1110120040-1 d2_1015060037-2 d21_1002040035-21 p1_1104060039-1 d1_1104060039-1] V_5:[p1_1218120050-1 d1_1218120050-1 p1_1135140048-1 d1_1135140048-1]
The fitness value before EA: 114878.49555555555
V_1:[d1_1113130042-1 d1_1130040046-1 p1_1119300044-1 p1_1123490045-1 d1_1123490045-1 d1_1119300044-1 d3_1131130047-3] V_2:[p1_1154340049-1 d1_1154340049-1] V_3:[d13_1114040043-13 d4_0958350034-4] V_4:[d1_1110120040-1 d2_1015060037-2 d21_1002040035-21 p1_1104060039-1 d1_1104060039-1] V_5:[p1_1218120050-1 d1_1218120050-1 p1_1135140048-1 d1_1135140048-1]
The fitness value after EA: 114878.49555555555

Thoi gian thuc hien thuat toan:  1.1073822975158691
SUCCESS

2025-11-04 16:11:10,610 [simulate_environment.py | 256] INFO: 2025-11-04 13:50:00, Item 1104060039-1: state = 1 < 2, we can not finish the simulation
2025-11-04 16:11:10,610 [simulate_environment.py | 99] INFO: **************************************************
2025-11-04 16:11:10,610 [simulate_environment.py | 103] INFO: cur time: 2025-11-04 14:00:00, pre time: 2025-11-04 13:50:00
2025-11-04 16:11:10,610 [simulate_environment.py | 140] INFO: Start to update the input of 2025-11-04 14:00:00
2025-11-04 16:11:10,611 [simulate_environment.py | 167] INFO: Get 7 unallocated order items, 46 ongoing order items, 136 completed order items
2025-11-04 16:11:12,093 [simulate_environment.py | 234] INFO: 
LS: BlockExchange | Count: 0 | TotalTime:0.001s | Cost:114883.56
LS: BlockExchange | Count: 0 | TotalTime:0.001s | Cost:117227.54
LS: BlockRelocate | Count: 1 | TotalTime:0.001s | Cost:129367.07
LS: mPDG | Count: 1 | TotalTime:0.002s | Cost:129367.07
LS: PDPairExchange | Count: 0 | TotalTime:0.001s | Cost:131597.98
LS: BlockExchange | Count: 0 | TotalTime:0.002s | Cost:131597.98
LS: BlockRelocate | Count: 1 | TotalTime:0.008s | Cost:130025.68
LS: PDPairExchange | Count: 0 | TotalTime:0.001s | Cost:131597.98
LS: BlockExchange | Count: 0 | TotalTime:0.001s | Cost:131597.98
LS: BlockExchange | Count: 0 | TotalTime:0.001s | Cost:131597.98
LS: mPDG | Count: 1 | TotalTime:0.002s | Cost:129367.07
Generation 1: Best = 114883.56, Worst = 132511.69, Avg = 130637.08, Time: 0.1318502426147461
LS: mPDG | Count: 0 | TotalTime:0.002s | Cost:114883.56
LS: BlockExchange | Count: 0 | TotalTime:0.000s | Cost:117227.54
LS: BlockRelocate | Count: 1 | TotalTime:0.001s | Cost:127794.77
LS: mPDG | Count: 1 | TotalTime:0.001s | Cost:122583.56
LS: mPDG | Count: 1 | TotalTime:0.001s | Cost:122583.56
LS: BlockRelocate | Count: 1 | TotalTime:0.000s | Cost:129591.99
LS: mPDG | Count: 1 | TotalTime:0.002s | Cost:129367.07
LS: BlockRelocate | Count: 1 | TotalTime:0.000s | Cost:129097.80
LS: BlockExchange | Count: 0 | TotalTime:0.001s | Cost:131597.98
LS: BlockRelocate | Count: 1 | TotalTime:0.001s | Cost:130025.68
LS: BlockRelocate | Count: 1 | TotalTime:0.001s | Cost:129367.07
Generation 2: Best = 114883.56, Worst = 131597.98, Avg = 130011.55, Time: 0.12141084671020508
LS: PDPairExchange | Count: 0 | TotalTime:0.001s | Cost:114883.56
LS: mPDG | Count: 1 | TotalTime:0.002s | Cost:114883.74
LS: mPDG | Count: 0 | TotalTime:0.002s | Cost:122583.56
LS: mPDG | Count: 0 | TotalTime:0.002s | Cost:122583.56
LS: BlockRelocate | Count: 1 | TotalTime:0.002s | Cost:122583.56
LS: BlockRelocate | Count: 1 | TotalTime:0.001s | Cost:122583.56
LS: mPDG | Count: 1 | TotalTime:0.002s | Cost:122583.56
LS: BlockRelocate | Count: 1 | TotalTime:0.001s | Cost:129033.92
LS: BlockRelocate | Count: 1 | TotalTime:0.001s | Cost:122583.56
LS: BlockRelocate | Count: 1 | TotalTime:0.001s | Cost:129591.99
LS: BlockRelocate | Count: 1 | TotalTime:0.001s | Cost:129367.07
Generation 3: Best = 114883.56, Worst = 131597.98, Avg = 129240.08, Time: 0.13367104530334473
LS: BlockRelocate | Count: 0 | TotalTime:0.004s | Cost:114883.56
LS: mPDG | Count: 1 | TotalTime:0.001s | Cost:114883.56
LS: mPDG | Count: 0 | TotalTime:0.002s | Cost:122583.56
LS: mPDG | Count: 0 | TotalTime:0.002s | Cost:122583.56
LS: BlockRelocate | Count: 1 | TotalTime:0.001s | Cost:114883.56
LS: BlockRelocate | Count: 1 | TotalTime:0.004s | Cost:114883.56
LS: mPDG | Count: 0 | TotalTime:0.002s | Cost:122583.56
LS: BlockRelocate | Count: 1 | TotalTime:0.002s | Cost:114883.56
LS: BlockRelocate | Count: 1 | TotalTime:0.004s | Cost:122583.56
LS: BlockRelocate | Count: 1 | TotalTime:0.000s | Cost:122583.56
LS: BlockRelocate | Count: 1 | TotalTime:0.001s | Cost:129097.80
Generation 4: Best = 114883.56, Worst = 131597.98, Avg = 128319.37, Time: 0.14223527908325195
Stopping early due to lack of improvement.
Total runtime: 1.21s (0.0 minutes)
Total GA runtime: 0.53s (0.0 minutes)

The solution initialized by Cheapest Insertion:
V_1:[d1_1113130042-1 d1_1130040046-1 p1_1119300044-1 p1_1123490045-1 d1_1123490045-1 d1_1119300044-1 d3_1131130047-3] V_2:[p1_1154340049-1 d1_1154340049-1] V_3:[d13_1114040043-13 d4_0958350034-4 p1_1353340051-1 d1_1353340051-1] V_4:[d1_1110120040-1 d2_1015060037-2 d21_1002040035-21 p1_1104060039-1 d1_1104060039-1] V_5:[p1_1218120050-1 d1_1218120050-1 p1_1135140048-1 d1_1135140048-1]
The fitness value before EA: 114883.55555555555
V_1:[d1_1113130042-1 d1_1130040046-1 p1_1119300044-1 p1_1123490045-1 d1_1123490045-1 d1_1119300044-1 d3_1131130047-3] V_2:[p1_1154340049-1 d1_1154340049-1] V_3:[d13_1114040043-13 d4_0958350034-4 p1_1353340051-1 d1_1353340051-1] V_4:[d1_1110120040-1 d2_1015060037-2 d21_1002040035-21 p1_1104060039-1 d1_1104060039-1] V_5:[p1_1218120050-1 d1_1218120050-1 p1_1135140048-1 d1_1135140048-1]
The fitness value after EA: 114883.55555555555

Thoi gian thuc hien thuat toan:  1.2109341621398926
SUCCESS

2025-11-04 16:11:12,095 [simulate_environment.py | 256] INFO: 2025-11-04 14:00:00, Item 1104060039-1: state = 1 < 2, we can not finish the simulation
2025-11-04 16:11:12,096 [simulate_environment.py | 99] INFO: **************************************************
2025-11-04 16:11:12,096 [simulate_environment.py | 103] INFO: cur time: 2025-11-04 14:10:00, pre time: 2025-11-04 14:00:00
2025-11-04 16:11:12,096 [simulate_environment.py | 140] INFO: Start to update the input of 2025-11-04 14:10:00
2025-11-04 16:11:12,096 [simulate_environment.py | 167] INFO: Get 8 unallocated order items, 46 ongoing order items, 136 completed order items
2025-11-04 16:11:16,677 [simulate_environment.py | 234] INFO: 
LS: BlockExchange | Count: 0 | TotalTime:0.001s | Cost:114883.56
LS: BlockExchange | Count: 1 | TotalTime:0.001s | Cost:131598.34
LS: BlockExchange | Count: 1 | TotalTime:0.000s | Cost:131598.34
LS: mPDG | Count: 1 | TotalTime:0.003s | Cost:131601.34
LS: BlockExchange | Count: 1 | TotalTime:0.000s | Cost:136831.68
LS: mPDG | Count: 1 | TotalTime:0.003s | Cost:131601.34
LS: BlockRelocate | Count: 1 | TotalTime:0.001s | Cost:131047.98
LS: PDPairExchange | Count: 1 | TotalTime:0.000s | Cost:136831.68
LS: mPDG | Count: 1 | TotalTime:0.004s | Cost:131601.34
LS: PDPairExchange | Count: 1 | TotalTime:0.000s | Cost:136831.68
LS: mPDG | Count: 1 | TotalTime:0.003s | Cost:131601.34
Generation 1: Best = 114883.56, Worst = 146959.64, Avg = 137533.77, Time: 0.14875221252441406
LS: mPDG | Count: 0 | TotalTime:0.003s | Cost:114883.56
LS: BlockRelocate | Count: 1 | TotalTime:0.001s | Cost:128084.34
LS: BlockExchange | Count: 0 | TotalTime:0.001s | Cost:131598.34
LS: BlockExchange | Count: 0 | TotalTime:0.001s | Cost:131598.34
LS: mPDG | Count: 1 | TotalTime:0.002s | Cost:125150.98
LS: mPDG | Count: 1 | TotalTime:0.002s | Cost:125150.98
LS: mPDG | Count: 1 | TotalTime:0.002s | Cost:125150.98
LS: mPDG | Count: 1 | TotalTime:0.003s | Cost:125150.98
LS: PDPairExchange | Count: 1 | TotalTime:0.000s | Cost:131598.34
LS: BlockExchange | Count: 1 | TotalTime:0.001s | Cost:131598.34
LS: BlockExchange | Count: 1 | TotalTime:0.000s | Cost:131598.34
Generation 2: Best = 114883.56, Worst = 137831.68, Avg = 134383.72, Time: 0.15082812309265137
LS: BlockExchange | Count: 0 | TotalTime:0.001s | Cost:114883.56
LS: mPDG | Count: 1 | TotalTime:0.003s | Cost:122217.57
LS: mPDG | Count: 1 | TotalTime:0.003s | Cost:122217.57
LS: mPDG | Count: 1 | TotalTime:0.003s | Cost:122217.57
LS: mPDG | Count: 1 | TotalTime:0.003s | Cost:122217.57
LS: BlockRelocate | Count: 1 | TotalTime:0.003s | Cost:124186.94
LS: BlockExchange | Count: 0 | TotalTime:0.001s | Cost:131598.34
LS: BlockExchange | Count: 0 | TotalTime:0.001s | Cost:131598.34
LS: PDPairExchange | Count: 0 | TotalTime:0.001s | Cost:131598.34
LS: BlockExchange | Count: 0 | TotalTime:0.001s | Cost:131598.34
LS: BlockExchange | Count: 0 | TotalTime:0.001s | Cost:131598.34
Generation 3: Best = 114883.56, Worst = 136498.34, Avg = 133609.61, Time: 3.1229889392852783
LS: mPDG | Count: 0 | TotalTime:0.003s | Cost:114883.56
LS: mPDG | Count: 1 | TotalTime:0.002s | Cost:121748.06
LS: mPDG | Count: 1 | TotalTime:0.002s | Cost:121748.06
LS: mPDG | Count: 1 | TotalTime:0.002s | Cost:121748.06
LS: mPDG | Count: 1 | TotalTime:0.003s | Cost:121748.06
LS: BlockRelocate | Count: 1 | TotalTime:0.002s | Cost:124186.76
LS: BlockExchange | Count: 0 | TotalTime:0.001s | Cost:131598.34
LS: BlockExchange | Count: 0 | TotalTime:0.001s | Cost:131598.34
LS: PDPairExchange | Count: 0 | TotalTime:0.001s | Cost:131598.34
LS: BlockExchange | Count: 0 | TotalTime:0.001s | Cost:131598.34
LS: BlockExchange | Count: 0 | TotalTime:0.001s | Cost:131598.34
Generation 4: Best = 114883.56, Worst = 136498.34, Avg = 133562.66, Time: 0.16893911361694336
Stopping early due to lack of improvement.
Total runtime: 4.29s (0.1 minutes)
Total GA runtime: 3.59s (0.1 minutes)

The solution initialized by Cheapest Insertion:
V_1:[d1_1113130042-1 d1_1130040046-1 p1_1119300044-1 p1_1123490045-1 p1_1406120052-1 d1_1406120052-1 d1_1123490045-1 d1_1119300044-1 d3_1131130047-3] V_2:[p1_1154340049-1 d1_1154340049-1] V_3:[d13_1114040043-13 d4_0958350034-4 p1_1353340051-1 d1_1353340051-1] V_4:[d1_1110120040-1 d2_1015060037-2 d21_1002040035-21 p1_1104060039-1 d1_1104060039-1] V_5:[p1_1218120050-1 d1_1218120050-1 p1_1135140048-1 d1_1135140048-1]
The fitness value before EA: 114883.55555555555
V_1:[d1_1113130042-1 d1_1130040046-1 p1_1119300044-1 p1_1123490045-1 p1_1406120052-1 d1_1406120052-1 d1_1123490045-1 d1_1119300044-1 d3_1131130047-3] V_2:[p1_1154340049-1 d1_1154340049-1] V_3:[d13_1114040043-13 d4_0958350034-4 p1_1353340051-1 d1_1353340051-1] V_4:[d1_1110120040-1 d2_1015060037-2 d21_1002040035-21 p1_1104060039-1 d1_1104060039-1] V_5:[p1_1218120050-1 d1_1218120050-1 p1_1135140048-1 d1_1135140048-1]
The fitness value after EA: 114883.55555555555

Thoi gian thuc hien thuat toan:  4.289041519165039
SUCCESS

2025-11-04 16:11:16,679 [simulate_environment.py | 256] INFO: 2025-11-04 14:10:00, Item 1104060039-1: state = 1 < 2, we can not finish the simulation
2025-11-04 16:11:16,679 [simulate_environment.py | 99] INFO: **************************************************
2025-11-04 16:11:16,679 [simulate_environment.py | 103] INFO: cur time: 2025-11-04 14:20:00, pre time: 2025-11-04 14:10:00
2025-11-04 16:11:16,679 [simulate_environment.py | 140] INFO: Start to update the input of 2025-11-04 14:20:00
2025-11-04 16:11:16,680 [simulate_environment.py | 167] INFO: Get 12 unallocated order items, 23 ongoing order items, 160 completed order items
2025-11-04 16:11:18,255 [simulate_environment.py | 234] INFO: 
LS: BlockExchange | Count: 0 | TotalTime:0.001s | Cost:113468.05
LS: BlockRelocate | Count: 1 | TotalTime:0.001s | Cost:128962.76
LS: mPDG | Count: 1 | TotalTime:0.003s | Cost:120365.92
LS: PDPairExchange | Count: 1 | TotalTime:0.001s | Cost:130183.02
LS: mPDG | Count: 1 | TotalTime:0.003s | Cost:120365.92
LS: PDPairExchange | Count: 1 | TotalTime:0.000s | Cost:130183.02
LS: BlockExchange | Count: 0 | TotalTime:0.001s | Cost:138416.28
LS: BlockExchange | Count: 1 | TotalTime:0.001s | Cost:130183.02
LS: BlockExchange | Count: 0 | TotalTime:0.001s | Cost:138416.28
LS: PDPairExchange | Count: 1 | TotalTime:0.001s | Cost:130183.02
LS: mPDG | Count: 1 | TotalTime:0.004s | Cost:120365.92
Generation 1: Best = 113468.05, Worst = 163368.70, Avg = 140552.63, Time: 0.14443206787109375
LS: mPDG | Count: 0 | TotalTime:0.003s | Cost:113468.05
LS: mPDG | Count: 1 | TotalTime:0.003s | Cost:120365.90
LS: mPDG | Count: 1 | TotalTime:0.003s | Cost:120365.90
LS: mPDG | Count: 1 | TotalTime:0.003s | Cost:120365.90
LS: BlockRelocate | Count: 1 | TotalTime:0.003s | Cost:124268.39
LS: PDPairExchange | Count: 0 | TotalTime:0.001s | Cost:130183.02
LS: PDPairExchange | Count: 0 | TotalTime:0.001s | Cost:130183.02
LS: BlockExchange | Count: 0 | TotalTime:0.001s | Cost:130183.02
LS: PDPairExchange | Count: 0 | TotalTime:0.001s | Cost:130183.02
LS: PDPairExchange | Count: 1 | TotalTime:0.000s | Cost:130183.02
LS: PDPairExchange | Count: 1 | TotalTime:0.001s | Cost:130183.02
Generation 2: Best = 113468.05, Worst = 139655.16, Avg = 135449.00, Time: 0.1511704921722412
LS: BlockRelocate | Count: 0 | TotalTime:0.007s | Cost:113468.05
LS: mPDG | Count: 1 | TotalTime:0.003s | Cost:113468.49
LS: mPDG | Count: 1 | TotalTime:0.003s | Cost:113468.49
LS: mPDG | Count: 1 | TotalTime:0.003s | Cost:113468.49
LS: BlockRelocate | Count: 1 | TotalTime:0.001s | Cost:120884.90
LS: PDPairExchange | Count: 0 | TotalTime:0.001s | Cost:130183.02
LS: PDPairExchange | Count: 0 | TotalTime:0.001s | Cost:130183.02
LS: BlockExchange | Count: 0 | TotalTime:0.001s | Cost:130183.02
LS: PDPairExchange | Count: 0 | TotalTime:0.001s | Cost:130183.02
LS: PDPairExchange | Count: 0 | TotalTime:0.001s | Cost:130183.02
LS: PDPairExchange | Count: 0 | TotalTime:0.001s | Cost:130183.02
Generation 3: Best = 113468.05, Worst = 139416.28, Avg = 134623.21, Time: 0.15819168090820312
LS: BlockRelocate | Count: 0 | TotalTime:0.007s | Cost:113468.05
LS: mPDG | Count: 0 | TotalTime:0.004s | Cost:113468.49
LS: mPDG | Count: 0 | TotalTime:0.003s | Cost:113468.49
LS: mPDG | Count: 0 | TotalTime:0.003s | Cost:113468.49
LS: BlockRelocate | Count: 1 | TotalTime:0.002s | Cost:113468.41
LS: PDPairExchange | Count: 0 | TotalTime:0.001s | Cost:130183.02
LS: PDPairExchange | Count: 0 | TotalTime:0.001s | Cost:130183.02
LS: BlockExchange | Count: 0 | TotalTime:0.001s | Cost:130183.02
LS: PDPairExchange | Count: 0 | TotalTime:0.001s | Cost:130183.02
LS: PDPairExchange | Count: 0 | TotalTime:0.001s | Cost:130183.02
LS: PDPairExchange | Count: 0 | TotalTime:0.001s | Cost:130183.02
Generation 4: Best = 113468.05, Worst = 139416.28, Avg = 134399.75, Time: 0.16483569145202637
Stopping early due to lack of improvement.
Total runtime: 1.31s (0.0 minutes)
Total GA runtime: 0.62s (0.0 minutes)

The solution initialized by Cheapest Insertion:
V_1:[d1_1113130042-1 d1_1130040046-1 p1_1119300044-1 p1_1123490045-1 p1_1406120052-1 d1_1406120052-1 d1_1123490045-1 d1_1119300044-1 d3_1131130047-3] V_2:[p1_1154340049-1 d1_1154340049-1] V_3:[d13_1114040043-13 d4_0958350034-4 p1_1353340051-1 d1_1353340051-1] V_4:[d1_1104060039-1 p4_1416140054-1 d4_1416140054-4] V_5:[p1_1218120050-1 d1_1218120050-1 p1_1135140048-1 d1_1135140048-1 p1_1411060053-1 d1_1411060053-1]
The fitness value before EA: 113468.05333333333
V_1:[d1_1113130042-1 d1_1130040046-1 p1_1119300044-1 p1_1123490045-1 p1_1406120052-1 d1_1406120052-1 d1_1123490045-1 d1_1119300044-1 d3_1131130047-3] V_2:[p1_1154340049-1 d1_1154340049-1] V_3:[d13_1114040043-13 d4_0958350034-4 p1_1353340051-1 d1_1353340051-1] V_4:[d1_1104060039-1 p4_1416140054-1 d4_1416140054-4] V_5:[p1_1218120050-1 d1_1218120050-1 p1_1135140048-1 d1_1135140048-1 p1_1411060053-1 d1_1411060053-1]
The fitness value after EA: 113468.05333333333

Thoi gian thuc hien thuat toan:  1.3084118366241455
SUCCESS

2025-11-04 16:11:18,256 [simulate_environment.py | 256] INFO: 2025-11-04 14:20:00, Item 1119300044-1: state = 1 < 2, we can not finish the simulation
2025-11-04 16:11:18,256 [simulate_environment.py | 99] INFO: **************************************************
2025-11-04 16:11:18,256 [simulate_environment.py | 103] INFO: cur time: 2025-11-04 14:30:00, pre time: 2025-11-04 14:20:00
2025-11-04 16:11:18,256 [simulate_environment.py | 140] INFO: Start to update the input of 2025-11-04 14:30:00
2025-11-04 16:11:18,257 [simulate_environment.py | 167] INFO: Get 12 unallocated order items, 24 ongoing order items, 160 completed order items
2025-11-04 16:11:19,864 [simulate_environment.py | 234] INFO: 
LS: PDPairExchange | Count: 0 | TotalTime:0.001s | Cost:113469.51
LS: BlockRelocate | Count: 1 | TotalTime:0.000s | Cost:126965.11
LS: mPDG | Count: 1 | TotalTime:0.003s | Cost:147417.11
LS: PDPairExchange | Count: 1 | TotalTime:0.001s | Cost:139184.14
LS: BlockRelocate | Count: 1 | TotalTime:0.003s | Cost:137317.03
LS: mPDG | Count: 1 | TotalTime:0.003s | Cost:147417.11
LS: BlockExchange | Count: 1 | TotalTime:0.001s | Cost:139184.14
LS: mPDG | Count: 1 | TotalTime:0.004s | Cost:147417.11
LS: BlockExchange | Count: 1 | TotalTime:0.001s | Cost:139184.14
LS: PDPairExchange | Count: 1 | TotalTime:0.001s | Cost:139184.14
LS: mPDG | Count: 1 | TotalTime:0.003s | Cost:147417.11
Generation 1: Best = 113469.51, Worst = 175564.48, Avg = 151983.95, Time: 0.15695524215698242
LS: mPDG | Count: 0 | TotalTime:0.004s | Cost:113469.51
LS: BlockRelocate | Count: 1 | TotalTime:0.001s | Cost:123403.80
LS: BlockRelocate | Count: 1 | TotalTime:0.001s | Cost:137315.95
LS: PDPairExchange | Count: 0 | TotalTime:0.001s | Cost:139184.14
LS: BlockExchange | Count: 0 | TotalTime:0.002s | Cost:139184.14
LS: BlockExchange | Count: 0 | TotalTime:0.001s | Cost:139184.14
LS: PDPairExchange | Count: 0 | TotalTime:0.001s | Cost:139184.14
LS: mPDG | Count: 1 | TotalTime:0.004s | Cost:147415.99
LS: mPDG | Count: 1 | TotalTime:0.004s | Cost:147415.99
LS: mPDG | Count: 1 | TotalTime:0.004s | Cost:147415.99
LS: mPDG | Count: 1 | TotalTime:0.004s | Cost:147415.99
Generation 2: Best = 113469.51, Worst = 158878.50, Avg = 145419.17, Time: 0.16256356239318848
LS: BlockExchange | Count: 0 | TotalTime:0.001s | Cost:113469.51
LS: BlockRelocate | Count: 1 | TotalTime:0.000s | Cost:122468.41
LS: BlockRelocate | Count: 1 | TotalTime:0.001s | Cost:129365.95
LS: PDPairExchange | Count: 0 | TotalTime:0.002s | Cost:139184.14
LS: BlockExchange | Count: 0 | TotalTime:0.002s | Cost:139184.14
LS: BlockExchange | Count: 0 | TotalTime:0.002s | Cost:139184.14
LS: PDPairExchange | Count: 0 | TotalTime:0.001s | Cost:139184.14
LS: mPDG | Count: 0 | TotalTime:0.005s | Cost:147415.99
LS: mPDG | Count: 0 | TotalTime:0.005s | Cost:147415.99
LS: mPDG | Count: 0 | TotalTime:0.005s | Cost:147415.99
LS: mPDG | Count: 0 | TotalTime:0.005s | Cost:147415.99
Generation 3: Best = 113469.51, Worst = 147417.39, Avg = 144670.22, Time: 0.1649479866027832
LS: BlockExchange | Count: 0 | TotalTime:0.001s | Cost:113469.51
LS: BlockRelocate | Count: 1 | TotalTime:0.001s | Cost:113469.83
LS: BlockRelocate | Count: 1 | TotalTime:0.002s | Cost:129365.93
LS: PDPairExchange | Count: 0 | TotalTime:0.001s | Cost:139184.14
LS: BlockExchange | Count: 0 | TotalTime:0.002s | Cost:139184.14
LS: BlockExchange | Count: 0 | TotalTime:0.002s | Cost:139184.14
LS: PDPairExchange | Count: 0 | TotalTime:0.001s | Cost:139184.14
LS: mPDG | Count: 0 | TotalTime:0.004s | Cost:147415.99
LS: mPDG | Count: 0 | TotalTime:0.005s | Cost:147415.99
LS: mPDG | Count: 0 | TotalTime:0.004s | Cost:147415.99
LS: mPDG | Count: 0 | TotalTime:0.005s | Cost:147415.99
Generation 4: Best = 113469.51, Worst = 147417.39, Avg = 144445.25, Time: 0.1651749610900879
Stopping early due to lack of improvement.
Total runtime: 1.34s (0.0 minutes)
Total GA runtime: 0.65s (0.0 minutes)

The solution initialized by Cheapest Insertion:
V_1:[d1_1113130042-1 d1_1130040046-1 p1_1119300044-1 p1_1123490045-1 p1_1406120052-1 d1_1406120052-1 d1_1123490045-1 d1_1119300044-1 d3_1131130047-3 p1_1420180055-1 d1_1420180055-1] V_2:[p1_1154340049-1 d1_1154340049-1] V_3:[d13_1114040043-13 d4_0958350034-4 p1_1353340051-1 d1_1353340051-1] V_4:[d1_1104060039-1 p4_1416140054-1 d4_1416140054-4] V_5:[d1_1218120050-1 p1_1135140048-1 d1_1135140048-1 p1_1411060053-1 d1_1411060053-1]
The fitness value before EA: 113469.51333333332
V_1:[d1_1113130042-1 d1_1130040046-1 p1_1119300044-1 p1_1123490045-1 p1_1406120052-1 d1_1406120052-1 d1_1123490045-1 d1_1119300044-1 d3_1131130047-3 p1_1420180055-1 d1_1420180055-1] V_2:[p1_1154340049-1 d1_1154340049-1] V_3:[d13_1114040043-13 d4_0958350034-4 p1_1353340051-1 d1_1353340051-1] V_4:[d1_1104060039-1 p4_1416140054-1 d4_1416140054-4] V_5:[d1_1218120050-1 p1_1135140048-1 d1_1135140048-1 p1_1411060053-1 d1_1411060053-1]
The fitness value after EA: 113469.51333333332

Thoi gian thuc hien thuat toan:  1.3356268405914307
SUCCESS

2025-11-04 16:11:19,865 [simulate_environment.py | 256] INFO: 2025-11-04 14:30:00, Item 1119300044-1: state = 1 < 2, we can not finish the simulation
2025-11-04 16:11:19,866 [simulate_environment.py | 99] INFO: **************************************************
2025-11-04 16:11:19,866 [simulate_environment.py | 103] INFO: cur time: 2025-11-04 14:40:00, pre time: 2025-11-04 14:30:00
2025-11-04 16:11:19,866 [simulate_environment.py | 140] INFO: Start to update the input of 2025-11-04 14:40:00
2025-11-04 16:11:19,867 [simulate_environment.py | 167] INFO: Get 28 unallocated order items, 12 ongoing order items, 175 completed order items
2025-11-04 16:11:21,988 [simulate_environment.py | 234] INFO: 
LS: BlockRelocate | Count: 1 | TotalTime:0.003s | Cost:396992.54
LS: mPDG | Count: 0 | TotalTime:0.004s | Cost:403502.43
LS: BlockExchange | Count: 1 | TotalTime:0.001s | Cost:390435.76
LS: mPDG | Count: 0 | TotalTime:0.004s | Cost:403502.43
LS: PDPairExchange | Count: 1 | TotalTime:0.000s | Cost:390952.89
LS: mPDG | Count: 0 | TotalTime:0.004s | Cost:403502.43
LS: BlockRelocate | Count: 1 | TotalTime:0.001s | Cost:368819.16
LS: BlockExchange | Count: 1 | TotalTime:0.001s | Cost:390435.76
LS: mPDG | Count: 0 | TotalTime:0.004s | Cost:403502.43
LS: BlockRelocate | Count: 1 | TotalTime:0.001s | Cost:392280.01
LS: BlockExchange | Count: 1 | TotalTime:0.000s | Cost:391999.79
Generation 1: Best = 368819.16, Worst = 469723.56, Avg = 404698.38, Time: 0.15196895599365234
LS: BlockRelocate | Count: 1 | TotalTime:0.004s | Cost:363885.86
LS: BlockExchange | Count: 1 | TotalTime:0.002s | Cost:380125.36
LS: BlockExchange | Count: 1 | TotalTime:0.000s | Cost:377486.02
LS: PDPairExchange | Count: 1 | TotalTime:0.000s | Cost:380886.30
LS: BlockExchange | Count: 0 | TotalTime:0.000s | Cost:391999.79
LS: BlockRelocate | Count: 1 | TotalTime:0.004s | Cost:361763.16
LS: BlockRelocate | Count: 1 | TotalTime:0.003s | Cost:379303.33
LS: PDPairExchange | Count: 1 | TotalTime:0.000s | Cost:391999.79
LS: mPDG | Count: 0 | TotalTime:0.004s | Cost:403502.43
LS: BlockRelocate | Count: 1 | TotalTime:0.001s | Cost:373585.70
LS: PDPairExchange | Count: 1 | TotalTime:0.000s | Cost:393192.02
Generation 2: Best = 361763.16, Worst = 403502.43, Avg = 397482.51, Time: 0.14522743225097656
LS: BlockRelocate | Count: 1 | TotalTime:0.001s | Cost:359155.36
LS: BlockRelocate | Count: 1 | TotalTime:0.009s | Cost:352063.32
LS: BlockRelocate | Count: 1 | TotalTime:0.003s | Cost:361763.16
LS: BlockExchange | Count: 0 | TotalTime:0.002s | Cost:377486.02
LS: BlockRelocate | Count: 1 | TotalTime:0.005s | Cost:359155.36
LS: BlockExchange | Count: 1 | TotalTime:0.000s | Cost:377537.03
LS: PDPairExchange | Count: 1 | TotalTime:0.001s | Cost:380066.56
LS: BlockExchange | Count: 1 | TotalTime:0.001s | Cost:378933.12
LS: PDPairExchange | Count: 1 | TotalTime:0.001s | Cost:380066.54
LS: PDPairExchange | Count: 1 | TotalTime:0.001s | Cost:381419.22
LS: mPDG | Count: 0 | TotalTime:0.004s | Cost:403502.43
Generation 3: Best = 352063.32, Worst = 403502.43, Avg = 395317.96, Time: 0.15447545051574707
LS: BlockRelocate | Count: 0 | TotalTime:0.009s | Cost:352063.32
LS: BlockRelocate | Count: 1 | TotalTime:0.006s | Cost:352063.32
LS: BlockRelocate | Count: 1 | TotalTime:0.004s | Cost:352063.32
LS: BlockRelocate | Count: 1 | TotalTime:0.007s | Cost:359155.36
LS: BlockExchange | Count: 0 | TotalTime:0.002s | Cost:377486.02
LS: BlockExchange | Count: 1 | TotalTime:0.001s | Cost:377536.99
LS: BlockExchange | Count: 1 | TotalTime:0.000s | Cost:378932.96
LS: PDPairExchange | Count: 0 | TotalTime:0.001s | Cost:380066.54
LS: PDPairExchange | Count: 0 | TotalTime:0.001s | Cost:380066.56
LS: PDPairExchange | Count: 1 | TotalTime:0.000s | Cost:380769.22
LS: mPDG | Count: 0 | TotalTime:0.004s | Cost:403502.43
Generation 4: Best = 352063.32, Worst = 403502.43, Avg = 394881.91, Time: 0.16435456275939941
LS: BlockRelocate | Count: 0 | TotalTime:0.009s | Cost:352063.32
LS: BlockRelocate | Count: 0 | TotalTime:0.009s | Cost:352063.32
LS: BlockRelocate | Count: 0 | TotalTime:0.010s | Cost:352063.32
LS: BlockRelocate | Count: 1 | TotalTime:0.004s | Cost:352063.32
LS: BlockExchange | Count: 0 | TotalTime:0.002s | Cost:377486.02
LS: BlockExchange | Count: 0 | TotalTime:0.002s | Cost:377536.99
LS: BlockExchange | Count: 0 | TotalTime:0.002s | Cost:378932.96
LS: PDPairExchange | Count: 0 | TotalTime:0.001s | Cost:380066.54
LS: PDPairExchange | Count: 0 | TotalTime:0.001s | Cost:380066.56
LS: PDPairExchange | Count: 1 | TotalTime:0.001s | Cost:375213.68
LS: BlockRelocate | Count: 1 | TotalTime:0.001s | Cost:370977.91
Generation 5: Best = 352063.32, Worst = 403502.43, Avg = 393752.61, Time: 0.16887307167053223
LS: BlockRelocate | Count: 0 | TotalTime:0.010s | Cost:352063.32
LS: BlockRelocate | Count: 0 | TotalTime:0.010s | Cost:352063.32
LS: BlockRelocate | Count: 0 | TotalTime:0.010s | Cost:352063.32
LS: BlockRelocate | Count: 0 | TotalTime:0.010s | Cost:352063.32
LS: BlockRelocate | Count: 1 | TotalTime:0.004s | Cost:368819.16
LS: PDPairExchange | Count: 0 | TotalTime:0.001s | Cost:375213.68
LS: BlockExchange | Count: 0 | TotalTime:0.002s | Cost:377486.02
LS: BlockExchange | Count: 0 | TotalTime:0.002s | Cost:377536.99
LS: BlockExchange | Count: 1 | TotalTime:0.001s | Cost:377486.02
LS: PDPairExchange | Count: 0 | TotalTime:0.001s | Cost:380066.54
LS: PDPairExchange | Count: 0 | TotalTime:0.001s | Cost:380066.56
Generation 6: Best = 352063.32, Worst = 403502.43, Avg = 393662.47, Time: 0.18856406211853027
LS: BlockRelocate | Count: 0 | TotalTime:0.010s | Cost:352063.32
LS: BlockRelocate | Count: 0 | TotalTime:0.010s | Cost:352063.32
LS: BlockRelocate | Count: 0 | TotalTime:0.010s | Cost:352063.32
LS: BlockRelocate | Count: 0 | TotalTime:0.010s | Cost:352063.32
LS: BlockRelocate | Count: 1 | TotalTime:0.002s | Cost:363119.42
LS: PDPairExchange | Count: 0 | TotalTime:0.001s | Cost:375213.68
LS: BlockExchange | Count: 0 | TotalTime:0.002s | Cost:377486.02
LS: BlockExchange | Count: 0 | TotalTime:0.002s | Cost:377486.02
LS: BlockExchange | Count: 0 | TotalTime:0.002s | Cost:377536.99
LS: PDPairExchange | Count: 0 | TotalTime:0.001s | Cost:380066.54
LS: PDPairExchange | Count: 0 | TotalTime:0.001s | Cost:380066.56
Generation 7: Best = 352063.32, Worst = 403502.43, Avg = 393519.97, Time: 0.18970012664794922
Stopping early due to lack of improvement.
Total runtime: 1.86s (0.0 minutes)
Total GA runtime: 1.16s (0.0 minutes)

The solution initialized by Cheapest Insertion:
V_1:[d1_1406120052-1 d1_1123490045-1 d1_1119300044-1 d3_1131130047-3 p15_1434540057-1 d15_1434540057-15 p1_1420180055-1 d1_1420180055-1] V_2:[p1_1154340049-1 d1_1154340049-1] V_3:[d4_0958350034-4 p1_1353340051-1 d1_1353340051-1] V_4:[d1_1104060039-1 p3_1434540057-16 p4_1416140054-1 d4_1416140054-4 d3_1434540057-18] V_5:[d1_1218120050-1 p1_1135140048-1 d1_1135140048-1 p1_1411060053-1 d1_1411060053-1 p1_1433060056-1 d1_1433060056-1]
The fitness value before EA: 464686.74666666664
V_1:[d1_1406120052-1 d1_1123490045-1 d1_1119300044-1 d3_1131130047-3 p1_1135140048-1 d1_1135140048-1 p1_1411060053-1 d1_1411060053-1 p1_1433060056-1 d1_1433060056-1] V_2:[p1_1154340049-1 d1_1154340049-1 p1_1420180055-1 d1_1420180055-1] V_3:[d4_0958350034-4 p1_1353340051-1 p4_1416140054-1 d4_1416140054-4 d1_1353340051-1] V_4:[d1_1104060039-1 p15_1434540057-1 d15_1434540057-15] V_5:[d1_1218120050-1 p3_1434540057-16 d3_1434540057-18]
The fitness value after EA: 352063.32

Thoi gian thuc hien thuat toan:  1.860896348953247
SUCCESS

2025-11-04 16:11:21,989 [simulate_environment.py | 256] INFO: 2025-11-04 14:40:00, Item 1135140048-1: state = 1 < 2, we can not finish the simulation
2025-11-04 16:11:21,989 [simulate_environment.py | 99] INFO: **************************************************
2025-11-04 16:11:21,989 [simulate_environment.py | 103] INFO: cur time: 2025-11-04 14:50:00, pre time: 2025-11-04 14:40:00
2025-11-04 16:11:21,989 [simulate_environment.py | 140] INFO: Start to update the input of 2025-11-04 14:50:00
2025-11-04 16:11:21,990 [simulate_environment.py | 167] INFO: Get 29 unallocated order items, 12 ongoing order items, 175 completed order items
2025-11-04 16:11:24,075 [simulate_environment.py | 234] INFO: 
LS: mPDG | Count: 0 | TotalTime:0.005s | Cost:354923.91
LS: BlockExchange | Count: 1 | TotalTime:0.001s | Cost:344923.83
LS: mPDG | Count: 1 | TotalTime:0.005s | Cost:391703.25
LS: BlockRelocate | Count: 1 | TotalTime:0.007s | Cost:416395.95
LS: PDPairExchange | Count: 1 | TotalTime:0.000s | Cost:396935.70
LS: BlockRelocate | Count: 1 | TotalTime:0.002s | Cost:416395.95
LS: mPDG | Count: 0 | TotalTime:0.004s | Cost:416396.05
LS: BlockExchange | Count: 1 | TotalTime:0.001s | Cost:396986.38
LS: BlockExchange | Count: 1 | TotalTime:0.000s | Cost:403329.38
LS: PDPairExchange | Count: 1 | TotalTime:0.000s | Cost:396935.70
LS: BlockRelocate | Count: 1 | TotalTime:0.005s | Cost:416395.95
Generation 1: Best = 344923.83, Worst = 693196.05, Avg = 538328.05, Time: 0.18340754508972168
LS: BlockExchange | Count: 1 | TotalTime:0.002s | Cost:324923.83
LS: BlockExchange | Count: 1 | TotalTime:0.000s | Cost:352123.91
LS: mPDG | Count: 1 | TotalTime:0.006s | Cost:369374.27
LS: PDPairExchange | Count: 1 | TotalTime:0.000s | Cost:385162.90
LS: PDPairExchange | Count: 1 | TotalTime:0.000s | Cost:393185.82
LS: BlockExchange | Count: 1 | TotalTime:0.000s | Cost:395433.52
LS: BlockExchange | Count: 1 | TotalTime:0.001s | Cost:382246.55
LS: BlockRelocate | Count: 0 | TotalTime:0.012s | Cost:416395.95
LS: BlockRelocate | Count: 0 | TotalTime:0.012s | Cost:416395.95
LS: BlockRelocate | Count: 0 | TotalTime:0.012s | Cost:416395.95
LS: PDPairExchange | Count: 1 | TotalTime:0.000s | Cost:396986.38
Generation 2: Best = 324923.83, Worst = 658109.79, Avg = 452720.62, Time: 0.1900618076324463
LS: BlockExchange | Count: 0 | TotalTime:0.002s | Cost:324923.83
LS: BlockExchange | Count: 1 | TotalTime:0.001s | Cost:350624.09
LS: mPDG | Count: 1 | TotalTime:0.004s | Cost:356335.06
LS: BlockExchange | Count: 1 | TotalTime:0.000s | Cost:373224.33
LS: PDPairExchange | Count: 1 | TotalTime:0.000s | Cost:379607.36
LS: PDPairExchange | Count: 1 | TotalTime:0.001s | Cost:392666.92
LS: BlockExchange | Count: 1 | TotalTime:0.000s | Cost:382366.86
LS: PDPairExchange | Count: 1 | TotalTime:0.001s | Cost:395203.23
LS: BlockRelocate | Count: 0 | TotalTime:0.013s | Cost:416395.95
LS: BlockRelocate | Count: 0 | TotalTime:0.011s | Cost:416395.95
LS: BlockRelocate | Count: 0 | TotalTime:0.011s | Cost:416395.95
Generation 3: Best = 324923.83, Worst = 471192.76, Avg = 409500.95, Time: 0.1868147850036621
LS: BlockExchange | Count: 0 | TotalTime:0.002s | Cost:324923.83
LS: BlockExchange | Count: 1 | TotalTime:0.001s | Cost:349723.91
LS: mPDG | Count: 0 | TotalTime:0.005s | Cost:356335.06
LS: BlockExchange | Count: 0 | TotalTime:0.002s | Cost:373224.33
LS: PDPairExchange | Count: 1 | TotalTime:0.000s | Cost:379574.01
LS: BlockExchange | Count: 1 | TotalTime:0.001s | Cost:379344.64
LS: PDPairExchange | Count: 1 | TotalTime:0.000s | Cost:386344.70
LS: PDPairExchange | Count: 1 | TotalTime:0.000s | Cost:389347.65
LS: BlockRelocate | Count: 0 | TotalTime:0.011s | Cost:416395.95
LS: BlockRelocate | Count: 0 | TotalTime:0.011s | Cost:416395.95
LS: BlockRelocate | Count: 0 | TotalTime:0.011s | Cost:416395.95
Generation 4: Best = 324923.83, Worst = 416396.05, Avg = 406587.28, Time: 0.18410086631774902
LS: BlockExchange | Count: 0 | TotalTime:0.002s | Cost:324923.83
LS: BlockExchange | Count: 1 | TotalTime:0.001s | Cost:345521.53
LS: mPDG | Count: 0 | TotalTime:0.005s | Cost:356335.06
LS: BlockExchange | Count: 0 | TotalTime:0.002s | Cost:373224.33
LS: BlockExchange | Count: 1 | TotalTime:0.000s | Cost:377661.54
LS: PDPairExchange | Count: 1 | TotalTime:0.001s | Cost:374404.68
LS: PDPairExchange | Count: 0 | TotalTime:0.002s | Cost:386344.70
LS: PDPairExchange | Count: 1 | TotalTime:0.001s | Cost:387928.21
LS: BlockRelocate | Count: 0 | TotalTime:0.011s | Cost:416395.95
LS: BlockRelocate | Count: 0 | TotalTime:0.011s | Cost:416395.95
LS: BlockRelocate | Count: 0 | TotalTime:0.011s | Cost:416395.95
Generation 5: Best = 324923.83, Worst = 416396.05, Avg = 406275.43, Time: 0.189408540725708
LS: BlockExchange | Count: 0 | TotalTime:0.002s | Cost:324923.83
LS: BlockExchange | Count: 0 | TotalTime:0.002s | Cost:345521.53
LS: mPDG | Count: 0 | TotalTime:0.005s | Cost:356335.06
LS: BlockExchange | Count: 0 | TotalTime:0.002s | Cost:373224.33
LS: PDPairExchange | Count: 0 | TotalTime:0.002s | Cost:374404.68
LS: BlockExchange | Count: 0 | TotalTime:0.002s | Cost:377661.54
LS: PDPairExchange | Count: 0 | TotalTime:0.002s | Cost:386344.70
LS: PDPairExchange | Count: 0 | TotalTime:0.002s | Cost:387928.21
LS: BlockRelocate | Count: 0 | TotalTime:0.011s | Cost:416395.95
LS: BlockRelocate | Count: 0 | TotalTime:0.011s | Cost:416395.95
LS: BlockRelocate | Count: 0 | TotalTime:0.011s | Cost:416395.95
Generation 6: Best = 324923.83, Worst = 416396.05, Avg = 406275.43, Time: 0.19137907028198242
Stopping early due to lack of improvement.
Total runtime: 1.82s (0.0 minutes)
Total GA runtime: 1.13s (0.0 minutes)

The solution initialized by Cheapest Insertion:
V_1:[d1_1406120052-1 d1_1123490045-1 d1_1119300044-1 d3_1131130047-3 p1_1135140048-1 d1_1135140048-1 p1_1442430058-1 d1_1442430058-1 p1_1411060053-1 d1_1411060053-1 p1_1433060056-1 d1_1433060056-1] V_2:[p1_1154340049-1 d1_1154340049-1 p1_1420180055-1 d1_1420180055-1] V_3:[d4_0958350034-4 p1_1353340051-1 p4_1416140054-1 d4_1416140054-4 d1_1353340051-1] V_4:[d1_1104060039-1 p15_1434540057-1 d15_1434540057-15] V_5:[d1_1218120050-1 p3_1434540057-16 d3_1434540057-18]
The fitness value before EA: 357990.4933333333
V_1:[d1_1406120052-1 d1_1123490045-1 d1_1119300044-1 d3_1131130047-3 p1_1135140048-1 d1_1135140048-1 p1_1442430058-1 d1_1442430058-1 p1_1411060053-1 d1_1411060053-1 p1_1433060056-1 d1_1433060056-1] V_2:[p1_1154340049-1 d1_1154340049-1 p1_1420180055-1 d1_1420180055-1] V_3:[d4_0958350034-4 p3_1434540057-16 d3_1434540057-18] V_4:[d1_1104060039-1 p1_1353340051-1 p4_1416140054-1 d4_1416140054-4 d1_1353340051-1] V_5:[d1_1218120050-1 p15_1434540057-1 d15_1434540057-15]
The fitness value after EA: 324923.8266666666

Thoi gian thuc hien thuat toan:  1.817340612411499
SUCCESS

2025-11-04 16:11:24,076 [simulate_environment.py | 256] INFO: 2025-11-04 14:50:00, Item 1135140048-1: state = 1 < 2, we can not finish the simulation
2025-11-04 16:11:24,077 [simulate_environment.py | 99] INFO: **************************************************
2025-11-04 16:11:24,077 [simulate_environment.py | 103] INFO: cur time: 2025-11-04 15:00:00, pre time: 2025-11-04 14:50:00
2025-11-04 16:11:24,077 [simulate_environment.py | 140] INFO: Start to update the input of 2025-11-04 15:00:00
2025-11-04 16:11:24,077 [simulate_environment.py | 167] INFO: Get 30 unallocated order items, 11 ongoing order items, 176 completed order items
2025-11-04 16:11:25,808 [simulate_environment.py | 234] INFO: 
LS: PDPairExchange | Count: 0 | TotalTime:0.001s | Cost:325257.02
LS: BlockExchange | Count: 1 | TotalTime:0.000s | Cost:382968.60
LS: BlockRelocate | Count: 1 | TotalTime:0.001s | Cost:394594.84
LS: PDPairExchange | Count: 1 | TotalTime:0.000s | Cost:389664.36
LS: BlockRelocate | Count: 1 | TotalTime:0.003s | Cost:403613.30
LS: BlockRelocate | Count: 1 | TotalTime:0.001s | Cost:383927.15
LS: BlockRelocate | Count: 1 | TotalTime:0.001s | Cost:408494.86
LS: mPDG | Count: 0 | TotalTime:0.005s | Cost:409113.28
LS: mPDG | Count: 0 | TotalTime:0.005s | Cost:409113.28
LS: mPDG | Count: 0 | TotalTime:0.006s | Cost:409113.28
LS: PDPairExchange | Count: 1 | TotalTime:0.001s | Cost:385453.17
Generation 1: Best = 325257.02, Worst = 468145.12, Avg = 412350.85, Time: 0.18162870407104492
LS: PDPairExchange | Count: 0 | TotalTime:0.002s | Cost:325257.02
LS: BlockExchange | Count: 1 | TotalTime:0.001s | Cost:382735.13
LS: BlockRelocate | Count: 1 | TotalTime:0.003s | Cost:350108.44
LS: PDPairExchange | Count: 1 | TotalTime:0.001s | Cost:385353.11
LS: PDPairExchange | Count: 0 | TotalTime:0.002s | Cost:389664.36
LS: BlockRelocate | Count: 1 | TotalTime:0.000s | Cost:381290.90
LS: BlockRelocate | Count: 1 | TotalTime:0.001s | Cost:403613.14
LS: BlockRelocate | Count: 1 | TotalTime:0.002s | Cost:385080.85
LS: PDPairExchange | Count: 1 | TotalTime:0.001s | Cost:374913.36
LS: mPDG | Count: 0 | TotalTime:0.005s | Cost:409113.28
LS: mPDG | Count: 0 | TotalTime:0.005s | Cost:409113.28
Generation 2: Best = 325257.02, Worst = 409113.28, Avg = 401513.20, Time: 0.18284296989440918
LS: BlockRelocate | Count: 0 | TotalTime:0.012s | Cost:325257.02
LS: BlockRelocate | Count: 1 | TotalTime:0.006s | Cost:332520.99
LS: PDPairExchange | Count: 1 | TotalTime:0.000s | Cost:368213.34
LS: BlockRelocate | Count: 1 | TotalTime:0.003s | Cost:371591.06
LS: BlockExchange | Count: 1 | TotalTime:0.002s | Cost:381668.40
LS: BlockRelocate | Count: 1 | TotalTime:0.001s | Cost:382928.37
LS: PDPairExchange | Count: 1 | TotalTime:0.001s | Cost:378997.54
LS: PDPairExchange | Count: 0 | TotalTime:0.002s | Cost:389664.36
LS: BlockRelocate | Count: 1 | TotalTime:0.002s | Cost:402896.77
LS: BlockRelocate | Count: 1 | TotalTime:0.002s | Cost:409113.12
LS: BlockRelocate | Count: 1 | TotalTime:0.003s | Cost:408494.86
Generation 3: Best = 325257.02, Worst = 409113.28, Avg = 400390.77, Time: 0.19660186767578125
LS: PDPairExchange | Count: 0 | TotalTime:0.001s | Cost:325257.02
LS: BlockRelocate | Count: 1 | TotalTime:0.010s | Cost:327754.62
LS: PDPairExchange | Count: 1 | TotalTime:0.002s | Cost:360663.46
LS: BlockRelocate | Count: 1 | TotalTime:0.007s | Cost:347385.52
LS: PDPairExchange | Count: 1 | TotalTime:0.001s | Cost:372144.44
LS: BlockExchange | Count: 1 | TotalTime:0.002s | Cost:380932.27
LS: BlockRelocate | Count: 1 | TotalTime:0.003s | Cost:382861.66
LS: PDPairExchange | Count: 0 | TotalTime:0.002s | Cost:389664.36
LS: BlockRelocate | Count: 1 | TotalTime:0.003s | Cost:402796.71
LS: BlockRelocate | Count: 1 | TotalTime:0.003s | Cost:384653.25
LS: BlockRelocate | Count: 1 | TotalTime:0.002s | Cost:385696.63
Generation 4: Best = 325257.02, Worst = 409113.28, Avg = 398102.38, Time: 0.1933915615081787
Stopping early due to lack of improvement.
Total runtime: 1.47s (0.0 minutes)
Total GA runtime: 0.75s (0.0 minutes)

The solution initialized by Cheapest Insertion:
V_1:[d1_1406120052-1 d1_1123490045-1 d1_1119300044-1 d3_1131130047-3 p1_1135140048-1 d1_1135140048-1 p1_1442430058-1 d1_1442430058-1 p1_1450260059-1 p1_1411060053-1 d1_1411060053-1 d1_1450260059-1 p1_1433060056-1 d1_1433060056-1] V_2:[p1_1154340049-1 d1_1154340049-1 p1_1420180055-1 d1_1420180055-1] V_3:[d4_0958350034-4 p3_1434540057-16 d3_1434540057-18] V_4:[d1_1104060039-1 p1_1353340051-1 p4_1416140054-1 d4_1416140054-4 d1_1353340051-1] V_5:[p15_1434540057-1 d15_1434540057-15]
The fitness value before EA: 325257.02
V_1:[d1_1406120052-1 d1_1123490045-1 d1_1119300044-1 d3_1131130047-3 p1_1135140048-1 d1_1135140048-1 p1_1442430058-1 d1_1442430058-1 p1_1450260059-1 p1_1411060053-1 d1_1411060053-1 d1_1450260059-1 p1_1433060056-1 d1_1433060056-1] V_2:[p1_1154340049-1 d1_1154340049-1 p1_1420180055-1 d1_1420180055-1] V_3:[d4_0958350034-4 p3_1434540057-16 d3_1434540057-18] V_4:[d1_1104060039-1 p1_1353340051-1 p4_1416140054-1 d4_1416140054-4 d1_1353340051-1] V_5:[p15_1434540057-1 d15_1434540057-15]
The fitness value after EA: 325257.02

Thoi gian thuc hien thuat toan:  1.4725525379180908
SUCCESS

2025-11-04 16:11:25,809 [simulate_environment.py | 256] INFO: 2025-11-04 15:00:00, Item 1135140048-1: state = 1 < 2, we can not finish the simulation
2025-11-04 16:11:25,809 [simulate_environment.py | 99] INFO: **************************************************
2025-11-04 16:11:25,809 [simulate_environment.py | 103] INFO: cur time: 2025-11-04 15:10:00, pre time: 2025-11-04 15:00:00
2025-11-04 16:11:25,809 [simulate_environment.py | 140] INFO: Start to update the input of 2025-11-04 15:10:00
2025-11-04 16:11:25,810 [simulate_environment.py | 167] INFO: Get 31 unallocated order items, 11 ongoing order items, 176 completed order items
2025-11-04 16:11:27,523 [simulate_environment.py | 234] INFO: 
LS: BlockExchange | Count: 0 | TotalTime:0.003s | Cost:330540.49
LS: BlockExchange | Count: 1 | TotalTime:0.001s | Cost:391080.20
LS: BlockExchange | Count: 1 | TotalTime:0.001s | Cost:408092.10
LS: BlockRelocate | Count: 1 | TotalTime:0.004s | Cost:399858.00
LS: BlockExchange | Count: 1 | TotalTime:0.001s | Cost:408092.10
LS: mPDG | Count: 0 | TotalTime:0.007s | Cost:409110.64
LS: mPDG | Count: 0 | TotalTime:0.007s | Cost:409110.64
LS: BlockRelocate | Count: 1 | TotalTime:0.001s | Cost:399858.00
LS: BlockExchange | Count: 1 | TotalTime:0.000s | Cost:408092.10
LS: PDPairExchange | Count: 1 | TotalTime:0.001s | Cost:374910.72
LS: BlockRelocate | Count: 1 | TotalTime:0.001s | Cost:409110.24
Generation 1: Best = 330540.49, Worst = 523580.23, Avg = 433076.48, Time: 0.19544315338134766
LS: PDPairExchange | Count: 0 | TotalTime:0.002s | Cost:330540.49
LS: PDPairExchange | Count: 1 | TotalTime:0.000s | Cost:368210.70
LS: BlockExchange | Count: 1 | TotalTime:0.002s | Cost:415715.96
LS: BlockRelocate | Count: 1 | TotalTime:0.005s | Cost:399857.60
LS: BlockRelocate | Count: 1 | TotalTime:0.007s | Cost:370260.50
LS: BlockExchange | Count: 1 | TotalTime:0.001s | Cost:365418.65
LS: BlockExchange | Count: 1 | TotalTime:0.000s | Cost:456861.68
LS: BlockExchange | Count: 1 | TotalTime:0.001s | Cost:385558.76
LS: BlockRelocate | Count: 1 | TotalTime:0.002s | Cost:406810.24
LS: BlockExchange | Count: 1 | TotalTime:0.001s | Cost:391080.20
LS: BlockExchange | Count: 1 | TotalTime:0.001s | Cost:441864.78
Generation 2: Best = 330540.49, Worst = 456861.68, Avg = 404909.70, Time: 0.18796706199645996
LS: BlockExchange | Count: 0 | TotalTime:0.003s | Cost:330540.49
LS: BlockExchange | Count: 0 | TotalTime:0.003s | Cost:365418.65
LS: PDPairExchange | Count: 0 | TotalTime:0.002s | Cost:368210.70
LS: BlockRelocate | Count: 1 | TotalTime:0.004s | Cost:361996.61
LS: BlockExchange | Count: 1 | TotalTime:0.000s | Cost:383053.51
LS: BlockExchange | Count: 1 | TotalTime:0.001s | Cost:373613.52
LS: BlockRelocate | Count: 1 | TotalTime:0.000s | Cost:371032.32
LS: BlockRelocate | Count: 1 | TotalTime:0.006s | Cost:372991.54
LS: BlockExchange | Count: 1 | TotalTime:0.001s | Cost:408092.10
LS: PDPairExchange | Count: 1 | TotalTime:0.002s | Cost:374910.72
LS: BlockExchange | Count: 0 | TotalTime:0.001s | Cost:409110.64
Generation 3: Best = 330540.49, Worst = 409110.64, Avg = 399579.48, Time: 0.18482542037963867
LS: BlockExchange | Count: 0 | TotalTime:0.003s | Cost:330540.49
LS: BlockRelocate | Count: 1 | TotalTime:0.006s | Cost:356049.20
LS: BlockExchange | Count: 0 | TotalTime:0.003s | Cost:365418.65
LS: PDPairExchange | Count: 0 | TotalTime:0.002s | Cost:368210.70
LS: BlockRelocate | Count: 1 | TotalTime:0.006s | Cost:365251.58
LS: BlockRelocate | Count: 1 | TotalTime:0.001s | Cost:361918.27
LS: BlockExchange | Count: 0 | TotalTime:0.002s | Cost:373613.52
LS: PDPairExchange | Count: 1 | TotalTime:0.000s | Cost:368210.70
LS: BlockExchange | Count: 1 | TotalTime:0.001s | Cost:371536.64
LS: BlockExchange | Count: 1 | TotalTime:0.001s | Cost:385558.76
LS: BlockRelocate | Count: 1 | TotalTime:0.004s | Cost:408492.22
Generation 4: Best = 330540.49, Worst = 409110.64, Avg = 397975.23, Time: 0.1933150291442871
Stopping early due to lack of improvement.
Total runtime: 1.46s (0.0 minutes)
Total GA runtime: 0.76s (0.0 minutes)

The solution initialized by Cheapest Insertion:
V_1:[d1_1406120052-1 d1_1123490045-1 d1_1119300044-1 d3_1131130047-3 p1_1135140048-1 d1_1135140048-1 p1_1442430058-1 d1_1442430058-1 p1_1450260059-1 p1_1411060053-1 d1_1411060053-1 d1_1450260059-1 p1_1433060056-1 d1_1433060056-1] V_2:[p1_1154340049-1 d1_1154340049-1 p1_1509410060-1 p1_1420180055-1 d1_1420180055-1 d1_1509410060-1] V_3:[d4_0958350034-4 p3_1434540057-16 d3_1434540057-18] V_4:[d1_1104060039-1 p1_1353340051-1 p4_1416140054-1 d4_1416140054-4 d1_1353340051-1] V_5:[p15_1434540057-1 d15_1434540057-15]
The fitness value before EA: 330540.4911111111
V_1:[d1_1406120052-1 d1_1123490045-1 d1_1119300044-1 d3_1131130047-3 p1_1135140048-1 d1_1135140048-1 p1_1442430058-1 d1_1442430058-1 p1_1450260059-1 p1_1411060053-1 d1_1411060053-1 d1_1450260059-1 p1_1433060056-1 d1_1433060056-1] V_2:[p1_1154340049-1 d1_1154340049-1 p1_1509410060-1 p1_1420180055-1 d1_1420180055-1 d1_1509410060-1] V_3:[d4_0958350034-4 p3_1434540057-16 d3_1434540057-18] V_4:[d1_1104060039-1 p1_1353340051-1 p4_1416140054-1 d4_1416140054-4 d1_1353340051-1] V_5:[p15_1434540057-1 d15_1434540057-15]
The fitness value after EA: 330540.4911111111

Thoi gian thuc hien thuat toan:  1.4578969478607178
SUCCESS

2025-11-04 16:11:27,524 [simulate_environment.py | 256] INFO: 2025-11-04 15:10:00, Item 1135140048-1: state = 1 < 2, we can not finish the simulation
2025-11-04 16:11:27,524 [simulate_environment.py | 99] INFO: **************************************************
2025-11-04 16:11:27,524 [simulate_environment.py | 103] INFO: cur time: 2025-11-04 15:20:00, pre time: 2025-11-04 15:10:00
2025-11-04 16:11:27,525 [simulate_environment.py | 140] INFO: Start to update the input of 2025-11-04 15:20:00
2025-11-04 16:11:27,525 [simulate_environment.py | 167] INFO: Get 32 unallocated order items, 6 ongoing order items, 182 completed order items
2025-11-04 16:11:29,708 [simulate_environment.py | 234] INFO: 
LS: mPDG | Count: 0 | TotalTime:0.008s | Cost:338206.98
LS: PDPairExchange | Count: 1 | TotalTime:0.001s | Cost:412037.40
LS: PDPairExchange | Count: 1 | TotalTime:0.001s | Cost:412037.40
LS: mPDG | Count: 1 | TotalTime:0.007s | Cost:412709.62
LS: BlockRelocate | Count: 1 | TotalTime:0.005s | Cost:421652.57
LS: mPDG | Count: 1 | TotalTime:0.011s | Cost:412575.53
LS: BlockExchange | Count: 1 | TotalTime:0.004s | Cost:385848.17
LS: PDPairExchange | Count: 1 | TotalTime:0.001s | Cost:410182.08
LS: mPDG | Count: 1 | TotalTime:0.016s | Cost:412575.53
LS: BlockExchange | Count: 1 | TotalTime:0.001s | Cost:385848.17
LS: BlockExchange | Count: 1 | TotalTime:0.003s | Cost:385848.17
Generation 1: Best = 338206.98, Worst = 438355.95, Avg = 424187.35, Time: 0.334606409072876
LS: BlockExchange | Count: 0 | TotalTime:0.005s | Cost:338206.98
LS: BlockExchange | Count: 1 | TotalTime:0.001s | Cost:365508.58
LS: BlockExchange | Count: 1 | TotalTime:0.001s | Cost:365508.58
LS: BlockExchange | Count: 1 | TotalTime:0.001s | Cost:369508.62
LS: PDPairExchange | Count: 1 | TotalTime:0.000s | Cost:403923.05
LS: PDPairExchange | Count: 1 | TotalTime:0.001s | Cost:398569.97
LS: PDPairExchange | Count: 1 | TotalTime:0.000s | Cost:398569.97
LS: mPDG | Count: 1 | TotalTime:0.005s | Cost:397475.51
LS: mPDG | Count: 1 | TotalTime:0.005s | Cost:397475.51
LS: mPDG | Count: 1 | TotalTime:0.005s | Cost:412209.52
LS: BlockExchange | Count: 1 | TotalTime:0.000s | Cost:396403.30
Generation 2: Best = 338206.98, Worst = 433076.43, Avg = 418777.13, Time: 0.24402761459350586
LS: BlockRelocate | Count: 0 | TotalTime:0.026s | Cost:338206.98
LS: BlockExchange | Count: 1 | TotalTime:0.002s | Cost:595063.61
LS: BlockExchange | Count: 1 | TotalTime:0.001s | Cost:349169.03
LS: BlockExchange | Count: 1 | TotalTime:0.001s | Cost:349169.03
LS: BlockExchange | Count: 1 | TotalTime:0.003s | Cost:387308.58
LS: mPDG | Count: 1 | TotalTime:0.009s | Cost:371165.63
LS: mPDG | Count: 1 | TotalTime:0.007s | Cost:371165.63
LS: PDPairExchange | Count: 1 | TotalTime:0.002s | Cost:396403.30
LS: PDPairExchange | Count: 1 | TotalTime:0.000s | Cost:396403.30
LS: PDPairExchange | Count: 1 | TotalTime:0.001s | Cost:398569.97
LS: PDPairExchange | Count: 1 | TotalTime:0.001s | Cost:405996.69
Generation 3: Best = 338206.98, Worst = 595063.61, Avg = 419561.43, Time: 0.27605223655700684
LS: BlockExchange | Count: 0 | TotalTime:0.003s | Cost:338206.98
LS: BlockExchange | Count: 0 | TotalTime:0.006s | Cost:349169.03
LS: BlockExchange | Count: 0 | TotalTime:0.006s | Cost:349169.03
LS: mPDG | Count: 0 | TotalTime:0.010s | Cost:371165.63
LS: mPDG | Count: 0 | TotalTime:0.006s | Cost:371165.63
LS: BlockExchange | Count: 1 | TotalTime:0.001s | Cost:377392.58
LS: PDPairExchange | Count: 1 | TotalTime:0.002s | Cost:368203.38
LS: PDPairExchange | Count: 1 | TotalTime:0.002s | Cost:368203.38
LS: PDPairExchange | Count: 1 | TotalTime:0.001s | Cost:370370.05
LS: PDPairExchange | Count: 1 | TotalTime:0.001s | Cost:403681.38
LS: mPDG | Count: 1 | TotalTime:0.006s | Cost:405972.89
Generation 4: Best = 338206.98, Worst = 433076.43, Avg = 410263.90, Time: 0.2558295726776123
Stopping early due to lack of improvement.
Total runtime: 1.89s (0.0 minutes)
Total GA runtime: 1.11s (0.0 minutes)

The solution initialized by Cheapest Insertion:
V_1:[d1_1135140048-1 p1_1442430058-1 d1_1442430058-1 p1_1450260059-1 p1_1411060053-1 d1_1411060053-1 d1_1450260059-1 p1_1433060056-1 p2_1510490061-1 d2_1510490061-2 d1_1433060056-1] V_2:[p1_1154340049-1 d1_1154340049-1 p1_1509410060-1 p1_1420180055-1 d1_1420180055-1 d1_1509410060-1] V_3:[d4_0958350034-4 p3_1434540057-16 d3_1434540057-18] V_4:[d1_1104060039-1 p1_1353340051-1 p4_1416140054-1 d4_1416140054-4 d1_1353340051-1] V_5:[p15_1434540057-1 d15_1434540057-15]
The fitness value before EA: 338206.97777777776
V_1:[d1_1135140048-1 p1_1442430058-1 d1_1442430058-1 p1_1450260059-1 p1_1411060053-1 d1_1411060053-1 d1_1450260059-1 p1_1433060056-1 p2_1510490061-1 d2_1510490061-2 d1_1433060056-1] V_2:[p1_1154340049-1 d1_1154340049-1 p1_1509410060-1 p1_1420180055-1 d1_1420180055-1 d1_1509410060-1] V_3:[d4_0958350034-4 p3_1434540057-16 d3_1434540057-18] V_4:[d1_1104060039-1 p1_1353340051-1 p4_1416140054-1 d4_1416140054-4 d1_1353340051-1] V_5:[p15_1434540057-1 d15_1434540057-15]
The fitness value after EA: 338206.97777777776

Thoi gian thuc hien thuat toan:  1.8915631771087646
SUCCESS

2025-11-04 16:11:29,709 [simulate_environment.py | 256] INFO: 2025-11-04 15:20:00, Item 1154340049-1: state = 1 < 2, we can not finish the simulation
2025-11-04 16:11:29,710 [simulate_environment.py | 99] INFO: **************************************************
2025-11-04 16:11:29,710 [simulate_environment.py | 103] INFO: cur time: 2025-11-04 15:30:00, pre time: 2025-11-04 15:20:00
2025-11-04 16:11:29,710 [simulate_environment.py | 140] INFO: Start to update the input of 2025-11-04 15:30:00
2025-11-04 16:11:29,710 [simulate_environment.py | 167] INFO: Get 32 unallocated order items, 6 ongoing order items, 182 completed order items
2025-11-04 16:11:31,638 [simulate_environment.py | 234] INFO: 
LS: mPDG | Count: 0 | TotalTime:0.006s | Cost:338202.06
LS: PDPairExchange | Count: 1 | TotalTime:0.001s | Cost:377871.59
LS: BlockExchange | Count: 1 | TotalTime:0.001s | Cost:429899.28
LS: BlockExchange | Count: 1 | TotalTime:0.000s | Cost:413038.03
LS: mPDG | Count: 1 | TotalTime:0.006s | Cost:412570.61
LS: BlockExchange | Count: 1 | TotalTime:0.001s | Cost:429899.28
LS: BlockExchange | Count: 1 | TotalTime:0.000s | Cost:398565.05
LS: PDPairExchange | Count: 1 | TotalTime:0.000s | Cost:377871.59
LS: PDPairExchange | Count: 1 | TotalTime:0.000s | Cost:377871.59
LS: BlockExchange | Count: 1 | TotalTime:0.003s | Cost:398565.05
LS: mPDG | Count: 1 | TotalTime:0.006s | Cost:412570.61
Generation 1: Best = 338202.06, Worst = 492317.37, Avg = 427659.27, Time: 0.20428681373596191
LS: BlockRelocate | Count: 0 | TotalTime:0.013s | Cost:338202.06
LS: PDPairExchange | Count: 1 | TotalTime:0.002s | Cost:374699.36
LS: PDPairExchange | Count: 1 | TotalTime:0.001s | Cost:372638.11
LS: PDPairExchange | Count: 1 | TotalTime:0.001s | Cost:372638.11
LS: BlockExchange | Count: 1 | TotalTime:0.002s | Cost:412032.48
LS: BlockExchange | Count: 1 | TotalTime:0.002s | Cost:365503.66
LS: mPDG | Count: 1 | TotalTime:0.005s | Cost:397470.59
LS: mPDG | Count: 1 | TotalTime:0.005s | Cost:397470.59
LS: BlockExchange | Count: 1 | TotalTime:0.001s | Cost:397376.50
LS: BlockRelocate | Count: 1 | TotalTime:0.000s | Cost:409416.29
LS: mPDG | Count: 1 | TotalTime:0.005s | Cost:412704.70
Generation 2: Best = 338202.06, Worst = 433071.51, Avg = 420072.04, Time: 0.22086501121520996
LS: PDPairExchange | Count: 0 | TotalTime:0.002s | Cost:338202.06
LS: BlockExchange | Count: 1 | TotalTime:0.003s | Cost:349164.11
LS: PDPairExchange | Count: 1 | TotalTime:0.001s | Cost:371632.56
LS: PDPairExchange | Count: 1 | TotalTime:0.001s | Cost:371632.56
LS: PDPairExchange | Count: 1 | TotalTime:0.001s | Cost:368198.46
LS: BlockExchange | Count: 1 | TotalTime:0.001s | Cost:374576.42
LS: mPDG | Count: 1 | TotalTime:0.005s | Cost:371160.71
LS: mPDG | Count: 1 | TotalTime:0.005s | Cost:371160.71
LS: BlockRelocate | Count: 1 | TotalTime:0.001s | Cost:409082.96
LS: BlockExchange | Count: 1 | TotalTime:0.000s | Cost:400334.97
LS: BlockExchange | Count: 1 | TotalTime:0.001s | Cost:396484.00
Generation 3: Best = 338202.06, Worst = 433071.51, Avg = 415848.96, Time: 0.1870722770690918
LS: BlockExchange | Count: 0 | TotalTime:0.002s | Cost:338202.06
LS: BlockExchange | Count: 0 | TotalTime:0.003s | Cost:349164.11
LS: PDPairExchange | Count: 0 | TotalTime:0.002s | Cost:368198.46
LS: mPDG | Count: 0 | TotalTime:0.004s | Cost:371160.71
LS: mPDG | Count: 0 | TotalTime:0.005s | Cost:371160.71
LS: PDPairExchange | Count: 1 | TotalTime:0.001s | Cost:370365.13
LS: PDPairExchange | Count: 1 | TotalTime:0.000s | Cost:370365.13
LS: BlockExchange | Count: 1 | TotalTime:0.001s | Cost:373570.87
LS: BlockExchange | Count: 1 | TotalTime:0.002s | Cost:365503.66
LS: BlockExchange | Count: 1 | TotalTime:0.001s | Cost:399170.93
LS: BlockRelocate | Count: 1 | TotalTime:0.000s | Cost:371876.12
Generation 4: Best = 338202.06, Worst = 433071.51, Avg = 411376.35, Time: 0.18480157852172852
Stopping early due to lack of improvement.
Total runtime: 1.57s (0.0 minutes)
Total GA runtime: 0.80s (0.0 minutes)

The solution initialized by Cheapest Insertion:
V_1:[d1_1135140048-1 p1_1442430058-1 d1_1442430058-1 p1_1450260059-1 p1_1411060053-1 d1_1411060053-1 d1_1450260059-1 p1_1433060056-1 p2_1510490061-1 d2_1510490061-2 d1_1433060056-1] V_2:[p1_1154340049-1 d1_1154340049-1 p1_1509410060-1 p1_1420180055-1 d1_1420180055-1 d1_1509410060-1] V_3:[d4_0958350034-4 p3_1434540057-16 d3_1434540057-18] V_4:[d1_1104060039-1 p1_1353340051-1 p4_1416140054-1 d4_1416140054-4 d1_1353340051-1] V_5:[p15_1434540057-1 d15_1434540057-15]
The fitness value before EA: 338202.0577777778
V_1:[d1_1135140048-1 p1_1442430058-1 d1_1442430058-1 p1_1450260059-1 p1_1411060053-1 d1_1411060053-1 d1_1450260059-1 p1_1433060056-1 p2_1510490061-1 d2_1510490061-2 d1_1433060056-1] V_2:[p1_1154340049-1 d1_1154340049-1 p1_1509410060-1 p1_1420180055-1 d1_1420180055-1 d1_1509410060-1] V_3:[d4_0958350034-4 p3_1434540057-16 d3_1434540057-18] V_4:[d1_1104060039-1 p1_1353340051-1 p4_1416140054-1 d4_1416140054-4 d1_1353340051-1] V_5:[p15_1434540057-1 d15_1434540057-15]
The fitness value after EA: 338202.0577777778

Thoi gian thuc hien thuat toan:  1.5683178901672363
SUCCESS

2025-11-04 16:11:31,639 [simulate_environment.py | 256] INFO: 2025-11-04 15:30:00, Item 1154340049-1: state = 1 < 2, we can not finish the simulation
2025-11-04 16:11:31,639 [simulate_environment.py | 99] INFO: **************************************************
2025-11-04 16:11:31,639 [simulate_environment.py | 103] INFO: cur time: 2025-11-04 15:40:00, pre time: 2025-11-04 15:30:00
2025-11-04 16:11:31,639 [simulate_environment.py | 140] INFO: Start to update the input of 2025-11-04 15:40:00
2025-11-04 16:11:31,639 [simulate_environment.py | 167] INFO: Get 32 unallocated order items, 5 ongoing order items, 183 completed order items
2025-11-04 16:11:33,618 [simulate_environment.py | 234] INFO: 
LS: BlockRelocate | Count: 0 | TotalTime:0.011s | Cost:332414.66
LS: mPDG | Count: 1 | TotalTime:0.004s | Cost:380196.90
LS: mPDG | Count: 1 | TotalTime:0.005s | Cost:399049.82
LS: PDPairExchange | Count: 1 | TotalTime:0.000s | Cost:418430.96
LS: PDPairExchange | Count: 1 | TotalTime:0.000s | Cost:423624.02
LS: PDPairExchange | Count: 1 | TotalTime:0.001s | Cost:440795.61
LS: mPDG | Count: 1 | TotalTime:0.004s | Cost:431383.14
LS: BlockExchange | Count: 1 | TotalTime:0.001s | Cost:448987.52
LS: PDPairExchange | Count: 1 | TotalTime:0.001s | Cost:474142.60
LS: mPDG | Count: 1 | TotalTime:0.004s | Cost:486844.53
LS: mPDG | Count: 1 | TotalTime:0.004s | Cost:498214.35
Generation 1: Best = 332414.66, Worst = 540183.12, Avg = 496676.07, Time: 0.20182323455810547
LS: BlockRelocate | Count: 0 | TotalTime:0.011s | Cost:332414.66
LS: mPDG | Count: 0 | TotalTime:0.004s | Cost:380196.90
LS: mPDG | Count: 1 | TotalTime:0.004s | Cost:398749.64
LS: PDPairExchange | Count: 1 | TotalTime:0.000s | Cost:417026.26
LS: PDPairExchange | Count: 1 | TotalTime:0.000s | Cost:405324.42
LS: mPDG | Count: 1 | TotalTime:0.004s | Cost:415213.33
LS: PDPairExchange | Count: 0 | TotalTime:0.002s | Cost:440795.61
LS: BlockExchange | Count: 1 | TotalTime:0.001s | Cost:446404.16
LS: PDPairExchange | Count: 1 | TotalTime:0.001s | Cost:473676.01
LS: mPDG | Count: 1 | TotalTime:0.005s | Cost:486663.75
LS: mPDG | Count: 0 | TotalTime:0.005s | Cost:498214.35
Generation 2: Best = 332414.66, Worst = 529191.04, Avg = 491125.00, Time: 0.21358323097229004
LS: mPDG | Count: 0 | TotalTime:0.005s | Cost:332414.66
LS: mPDG | Count: 0 | TotalTime:0.004s | Cost:380196.90
LS: mPDG | Count: 1 | TotalTime:0.004s | Cost:388916.37
LS: PDPairExchange | Count: 1 | TotalTime:0.001s | Cost:392821.46
LS: mPDG | Count: 0 | TotalTime:0.005s | Cost:415213.33
LS: PDPairExchange | Count: 1 | TotalTime:0.001s | Cost:416906.20
LS: PDPairExchange | Count: 0 | TotalTime:0.002s | Cost:440795.61
LS: BlockExchange | Count: 0 | TotalTime:0.000s | Cost:446404.16
LS: PDPairExchange | Count: 1 | TotalTime:0.001s | Cost:469040.14
LS: mPDG | Count: 1 | TotalTime:0.005s | Cost:356698.08
LS: mPDG | Count: 0 | TotalTime:0.006s | Cost:498214.35
Generation 3: Best = 332414.66, Worst = 524588.48, Avg = 485433.06, Time: 0.21447443962097168
LS: mPDG | Count: 0 | TotalTime:0.006s | Cost:332414.66
LS: mPDG | Count: 0 | TotalTime:0.004s | Cost:356698.08
LS: mPDG | Count: 0 | TotalTime:0.004s | Cost:380196.90
LS: mPDG | Count: 1 | TotalTime:0.004s | Cost:388552.26
LS: PDPairExchange | Count: 1 | TotalTime:0.001s | Cost:387594.56
LS: mPDG | Count: 0 | TotalTime:0.005s | Cost:415213.33
LS: PDPairExchange | Count: 1 | TotalTime:0.001s | Cost:412506.20
LS: PDPairExchange | Count: 0 | TotalTime:0.002s | Cost:440795.61
LS: BlockExchange | Count: 1 | TotalTime:0.001s | Cost:438971.71
LS: PDPairExchange | Count: 1 | TotalTime:0.001s | Cost:467782.02
LS: mPDG | Count: 0 | TotalTime:0.004s | Cost:498214.35
Generation 4: Best = 332414.66, Worst = 518188.22, Avg = 484646.01, Time: 0.2065114974975586
Stopping early due to lack of improvement.
Total runtime: 1.60s (0.0 minutes)
Total GA runtime: 0.84s (0.0 minutes)

The solution initialized by Cheapest Insertion:
V_1:[d1_1135140048-1 p1_1442430058-1 d1_1442430058-1 p1_1450260059-1 p1_1411060053-1 d1_1411060053-1 d1_1450260059-1 p1_1433060056-1 p2_1510490061-1 d2_1510490061-2 d1_1433060056-1] V_2:[p1_1154340049-1 d1_1154340049-1 p1_1509410060-1 p1_1420180055-1 d1_1420180055-1 d1_1509410060-1] V_3:[d4_0958350034-4 p3_1434540057-16 d3_1434540057-18] V_4:[p1_1353340051-1 p4_1416140054-1 d4_1416140054-4 d1_1353340051-1] V_5:[p15_1434540057-1 d15_1434540057-15]
The fitness value before EA: 332414.6644444444
V_1:[d1_1135140048-1 p1_1442430058-1 d1_1442430058-1 p1_1450260059-1 p1_1411060053-1 d1_1411060053-1 d1_1450260059-1 p1_1433060056-1 p2_1510490061-1 d2_1510490061-2 d1_1433060056-1] V_2:[p1_1154340049-1 d1_1154340049-1 p1_1509410060-1 p1_1420180055-1 d1_1420180055-1 d1_1509410060-1] V_3:[d4_0958350034-4 p3_1434540057-16 d3_1434540057-18] V_4:[p1_1353340051-1 p4_1416140054-1 d4_1416140054-4 d1_1353340051-1] V_5:[p15_1434540057-1 d15_1434540057-15]
The fitness value after EA: 332414.6644444444

Thoi gian thuc hien thuat toan:  1.5970854759216309
SUCCESS

2025-11-04 16:11:33,619 [simulate_environment.py | 256] INFO: 2025-11-04 15:40:00, Item 1154340049-1: state = 1 < 2, we can not finish the simulation
2025-11-04 16:11:33,619 [simulate_environment.py | 99] INFO: **************************************************
2025-11-04 16:11:33,619 [simulate_environment.py | 103] INFO: cur time: 2025-11-04 15:50:00, pre time: 2025-11-04 15:40:00
2025-11-04 16:11:33,619 [simulate_environment.py | 140] INFO: Start to update the input of 2025-11-04 15:50:00
2025-11-04 16:11:33,620 [simulate_environment.py | 167] INFO: Get 31 unallocated order items, 6 ongoing order items, 183 completed order items
2025-11-04 16:11:35,418 [simulate_environment.py | 234] INFO: 
LS: mPDG | Count: 0 | TotalTime:0.005s | Cost:332414.66
LS: BlockRelocate | Count: 1 | TotalTime:0.004s | Cost:351631.55
LS: PDPairExchange | Count: 1 | TotalTime:0.000s | Cost:410228.64
LS: BlockExchange | Count: 1 | TotalTime:0.000s | Cost:408656.28
LS: PDPairExchange | Count: 1 | TotalTime:0.000s | Cost:423161.70
LS: BlockRelocate | Count: 1 | TotalTime:0.001s | Cost:429217.73
LS: mPDG | Count: 1 | TotalTime:0.004s | Cost:412852.58
LS: mPDG | Count: 1 | TotalTime:0.004s | Cost:439665.55
LS: mPDG | Count: 1 | TotalTime:0.004s | Cost:428947.04
LS: BlockRelocate | Count: 1 | TotalTime:0.000s | Cost:446956.55
LS: BlockExchange | Count: 1 | TotalTime:0.000s | Cost:456369.65
Generation 1: Best = 332414.66, Worst = 535849.79, Avg = 489414.05, Time: 0.18373346328735352
LS: BlockRelocate | Count: 0 | TotalTime:0.012s | Cost:332414.66
LS: BlockRelocate | Count: 1 | TotalTime:0.004s | Cost:351364.73
LS: BlockExchange | Count: 1 | TotalTime:0.001s | Cost:399206.20
LS: PDPairExchange | Count: 1 | TotalTime:0.000s | Cost:407534.70
LS: mPDG | Count: 0 | TotalTime:0.005s | Cost:412852.58
LS: PDPairExchange | Count: 1 | TotalTime:0.000s | Cost:410113.97
LS: mPDG | Count: 1 | TotalTime:0.005s | Cost:415349.56
LS: BlockRelocate | Count: 1 | TotalTime:0.000s | Cost:407286.95
LS: mPDG | Count: 1 | TotalTime:0.005s | Cost:374632.85
LS: BlockRelocate | Count: 1 | TotalTime:0.003s | Cost:443723.49
LS: BlockExchange | Count: 1 | TotalTime:0.001s | Cost:450011.80
Generation 2: Best = 332414.66, Worst = 529191.04, Avg = 478905.05, Time: 0.21506595611572266
LS: PDPairExchange | Count: 0 | TotalTime:0.001s | Cost:332414.66
LS: BlockRelocate | Count: 1 | TotalTime:0.003s | Cost:336090.14
LS: mPDG | Count: 0 | TotalTime:0.004s | Cost:374632.85
LS: BlockExchange | Count: 1 | TotalTime:0.002s | Cost:394072.89
LS: BlockRelocate | Count: 1 | TotalTime:0.002s | Cost:402448.08
LS: PDPairExchange | Count: 1 | TotalTime:0.000s | Cost:389934.50
LS: PDPairExchange | Count: 1 | TotalTime:0.001s | Cost:405096.95
LS: mPDG | Count: 0 | TotalTime:0.004s | Cost:412852.58
LS: mPDG | Count: 1 | TotalTime:0.004s | Cost:363980.42
LS: BlockRelocate | Count: 1 | TotalTime:0.005s | Cost:442782.20
LS: BlockExchange | Count: 0 | TotalTime:0.000s | Cost:450011.80
Generation 3: Best = 332414.66, Worst = 518188.22, Avg = 469525.88, Time: 0.20767855644226074
LS: BlockRelocate | Count: 0 | TotalTime:0.012s | Cost:332414.66
LS: BlockRelocate | Count: 1 | TotalTime:0.004s | Cost:332414.66
LS: mPDG | Count: 1 | TotalTime:0.005s | Cost:346119.16
LS: mPDG | Count: 0 | TotalTime:0.004s | Cost:374632.85
LS: PDPairExchange | Count: 1 | TotalTime:0.000s | Cost:388259.28
LS: BlockExchange | Count: 0 | TotalTime:0.000s | Cost:394072.89
LS: BlockRelocate | Count: 1 | TotalTime:0.001s | Cost:396334.52
LS: PDPairExchange | Count: 1 | TotalTime:0.001s | Cost:397269.63
LS: mPDG | Count: 0 | TotalTime:0.004s | Cost:412852.58
LS: BlockRelocate | Count: 1 | TotalTime:0.000s | Cost:437073.32
LS: BlockExchange | Count: 1 | TotalTime:0.000s | Cost:437370.13
Generation 4: Best = 332414.66, Worst = 500585.48, Avg = 466103.19, Time: 0.19252610206604004
Stopping early due to lack of improvement.
Total runtime: 1.51s (0.0 minutes)
Total GA runtime: 0.80s (0.0 minutes)

The solution initialized by Cheapest Insertion:
V_1:[d1_1135140048-1 p1_1442430058-1 d1_1442430058-1 p1_1450260059-1 p1_1411060053-1 d1_1411060053-1 d1_1450260059-1 p1_1433060056-1 p2_1510490061-1 d2_1510490061-2 d1_1433060056-1] V_2:[d1_1154340049-1 p1_1509410060-1 p1_1420180055-1 d1_1420180055-1 d1_1509410060-1] V_3:[d4_0958350034-4 p3_1434540057-16 d3_1434540057-18] V_4:[p1_1353340051-1 p4_1416140054-1 d4_1416140054-4 d1_1353340051-1] V_5:[p15_1434540057-1 d15_1434540057-15]
The fitness value before EA: 332414.6644444444
V_1:[d1_1135140048-1 p1_1442430058-1 d1_1442430058-1 p1_1450260059-1 p1_1411060053-1 d1_1411060053-1 d1_1450260059-1 p1_1433060056-1 p2_1510490061-1 d2_1510490061-2 d1_1433060056-1] V_2:[d1_1154340049-1 p1_1509410060-1 p1_1420180055-1 d1_1420180055-1 d1_1509410060-1] V_3:[d4_0958350034-4 p3_1434540057-16 d3_1434540057-18] V_4:[p1_1353340051-1 p4_1416140054-1 d4_1416140054-4 d1_1353340051-1] V_5:[p15_1434540057-1 d15_1434540057-15]
The fitness value after EA: 332414.6644444444

Thoi gian thuc hien thuat toan:  1.5124022960662842
SUCCESS

2025-11-04 16:11:35,419 [simulate_environment.py | 256] INFO: 2025-11-04 15:50:00, Item 1353340051-1: state = 1 < 2, we can not finish the simulation
2025-11-04 16:11:35,419 [simulate_environment.py | 99] INFO: **************************************************
2025-11-04 16:11:35,419 [simulate_environment.py | 103] INFO: cur time: 2025-11-04 16:00:00, pre time: 2025-11-04 15:50:00
2025-11-04 16:11:35,419 [simulate_environment.py | 140] INFO: Start to update the input of 2025-11-04 16:00:00
2025-11-04 16:11:35,420 [simulate_environment.py | 167] INFO: Get 43 unallocated order items, 6 ongoing order items, 183 completed order items
2025-11-04 16:11:37,783 [simulate_environment.py | 234] INFO: 
LS: mPDG | Count: 0 | TotalTime:0.013s | Cost:385926.74
LS: BlockRelocate | Count: 1 | TotalTime:0.004s | Cost:545261.46
LS: BlockExchange | Count: 1 | TotalTime:0.002s | Cost:546595.78
LS: mPDG | Count: 1 | TotalTime:0.012s | Cost:598547.55
LS: BlockExchange | Count: 1 | TotalTime:0.000s | Cost:1179390.35
LS: mPDG | Count: 1 | TotalTime:0.013s | Cost:617002.87
LS: mPDG | Count: 1 | TotalTime:0.015s | Cost:617002.87
LS: PDPairExchange | Count: 1 | TotalTime:0.001s | Cost:612725.43
LS: mPDG | Count: 1 | TotalTime:0.012s | Cost:617002.87
LS: PDPairExchange | Count: 1 | TotalTime:0.001s | Cost:601642.28
LS: BlockRelocate | Count: 1 | TotalTime:0.002s | Cost:586219.14
Generation 1: Best = 385926.74, Worst = 1179390.35, Avg = 626561.30, Time: 0.29836535453796387
LS: mPDG | Count: 0 | TotalTime:0.012s | Cost:385926.74
LS: BlockRelocate | Count: 1 | TotalTime:0.002s | Cost:483611.94
LS: BlockExchange | Count: 1 | TotalTime:0.001s | Cost:538581.95
LS: PDPairExchange | Count: 1 | TotalTime:0.001s | Cost:567070.22
LS: BlockRelocate | Count: 1 | TotalTime:0.003s | Cost:507177.04
LS: mPDG | Count: 0 | TotalTime:0.010s | Cost:583017.44
LS: PDPairExchange | Count: 1 | TotalTime:0.000s | Cost:470146.23
LS: BlockRelocate | Count: 1 | TotalTime:0.001s | Cost:537580.23
LS: mPDG | Count: 1 | TotalTime:0.010s | Cost:578614.18
LS: PDPairExchange | Count: 1 | TotalTime:0.000s | Cost:524030.09
LS: PDPairExchange | Count: 1 | TotalTime:0.001s | Cost:608296.10
Generation 2: Best = 385926.74, Worst = 624708.45, Avg = 596753.68, Time: 0.3238813877105713
LS: PDPairExchange | Count: 0 | TotalTime:0.007s | Cost:385926.74
LS: PDPairExchange | Count: 1 | TotalTime:0.002s | Cost:454199.01
LS: BlockRelocate | Count: 1 | TotalTime:0.004s | Cost:483606.65
LS: BlockRelocate | Count: 1 | TotalTime:0.001s | Cost:501171.83
LS: PDPairExchange | Count: 1 | TotalTime:0.001s | Cost:522362.93
LS: BlockRelocate | Count: 1 | TotalTime:0.002s | Cost:473630.71
LS: BlockExchange | Count: 1 | TotalTime:0.002s | Cost:526414.50
LS: PDPairExchange | Count: 1 | TotalTime:0.000s | Cost:560322.62
LS: mPDG | Count: 1 | TotalTime:0.010s | Cost:570495.30
LS: mPDG | Count: 0 | TotalTime:0.011s | Cost:583017.44
LS: PDPairExchange | Count: 1 | TotalTime:0.000s | Cost:598184.77
Generation 3: Best = 385926.74, Worst = 624708.45, Avg = 592500.75, Time: 0.301084041595459
LS: mPDG | Count: 0 | TotalTime:0.010s | Cost:385926.74
LS: PDPairExchange | Count: 1 | TotalTime:0.003s | Cost:452399.01
LS: BlockRelocate | Count: 1 | TotalTime:0.001s | Cost:472192.20
LS: BlockRelocate | Count: 1 | TotalTime:0.007s | Cost:465859.61
LS: BlockRelocate | Count: 1 | TotalTime:0.006s | Cost:481676.60
LS: PDPairExchange | Count: 1 | TotalTime:0.002s | Cost:512358.93
LS: BlockExchange | Count: 1 | TotalTime:0.000s | Cost:464332.62
LS: PDPairExchange | Count: 1 | TotalTime:0.001s | Cost:442004.04
LS: mPDG | Count: 1 | TotalTime:0.010s | Cost:561100.85
LS: BlockRelocate | Count: 1 | TotalTime:0.001s | Cost:507177.04
LS: PDPairExchange | Count: 1 | TotalTime:0.001s | Cost:575373.02
Generation 4: Best = 385926.74, Worst = 623975.11, Avg = 580759.20, Time: 0.29781436920166016
Stopping early due to lack of improvement.
Total runtime: 2.01s (0.0 minutes)
Total GA runtime: 1.22s (0.0 minutes)

The solution initialized by Cheapest Insertion:
V_1:[d1_1135140048-1 p1_1442430058-1 d1_1442430058-1 p1_1450260059-1 p1_1411060053-1 d1_1411060053-1 d1_1450260059-1 p1_1433060056-1 p2_1510490061-1 d2_1510490061-2 d1_1433060056-1] V_2:[d1_1154340049-1 p1_1509410060-1 p1_1420180055-1 d1_1420180055-1 d1_1509410060-1 p10_1550060062-1 p1_1553320064-1 d1_1553320064-1 d10_1550060062-10] V_3:[d4_0958350034-4 p3_1434540057-16 d3_1434540057-18] V_4:[p1_1353340051-1 p4_1416140054-1 d4_1416140054-4 d1_1353340051-1 p1_1553070063-1 d1_1553070063-1] V_5:[p15_1434540057-1 d15_1434540057-15]
The fitness value before EA: 385926.7377777778
V_1:[d1_1135140048-1 p1_1442430058-1 d1_1442430058-1 p1_1450260059-1 p1_1411060053-1 d1_1411060053-1 d1_1450260059-1 p1_1433060056-1 p2_1510490061-1 d2_1510490061-2 d1_1433060056-1] V_2:[d1_1154340049-1 p1_1509410060-1 p1_1420180055-1 d1_1420180055-1 d1_1509410060-1 p10_1550060062-1 p1_1553320064-1 d1_1553320064-1 d10_1550060062-10] V_3:[d4_0958350034-4 p3_1434540057-16 d3_1434540057-18] V_4:[p1_1353340051-1 p4_1416140054-1 d4_1416140054-4 d1_1353340051-1 p1_1553070063-1 d1_1553070063-1] V_5:[p15_1434540057-1 d15_1434540057-15]
The fitness value after EA: 385926.7377777778

Thoi gian thuc hien thuat toan:  2.012035369873047
SUCCESS

2025-11-04 16:11:37,784 [simulate_environment.py | 256] INFO: 2025-11-04 16:00:00, Item 1353340051-1: state = 1 < 2, we can not finish the simulation
2025-11-04 16:11:37,784 [simulate_environment.py | 99] INFO: **************************************************
2025-11-04 16:11:37,784 [simulate_environment.py | 103] INFO: cur time: 2025-11-04 16:10:00, pre time: 2025-11-04 16:00:00
2025-11-04 16:11:37,785 [simulate_environment.py | 140] INFO: Start to update the input of 2025-11-04 16:10:00
2025-11-04 16:11:37,785 [simulate_environment.py | 167] INFO: Get 42 unallocated order items, 6 ongoing order items, 184 completed order items
2025-11-04 16:11:40,679 [simulate_environment.py | 234] INFO: 
LS: PDPairExchange | Count: 0 | TotalTime:0.003s | Cost:381696.90
LS: mPDG | Count: 1 | TotalTime:0.006s | Cost:490532.58
LS: BlockRelocate | Count: 1 | TotalTime:0.006s | Cost:524464.06
LS: BlockRelocate | Count: 1 | TotalTime:0.006s | Cost:535313.72
LS: mPDG | Count: 1 | TotalTime:0.006s | Cost:451252.50
LS: BlockExchange | Count: 1 | TotalTime:0.000s | Cost:575887.92
LS: BlockExchange | Count: 1 | TotalTime:0.002s | Cost:567921.56
LS: PDPairExchange | Count: 1 | TotalTime:0.000s | Cost:560540.32
LS: mPDG | Count: 1 | TotalTime:0.007s | Cost:560758.52
LS: PDPairExchange | Count: 1 | TotalTime:0.001s | Cost:573078.33
LS: BlockRelocate | Count: 1 | TotalTime:0.000s | Cost:600585.28
Generation 1: Best = 381696.90, Worst = 616312.46, Avg = 589648.88, Time: 0.25323963165283203
LS: BlockExchange | Count: 1 | TotalTime:0.000s | Cost:375430.67
LS: mPDG | Count: 0 | TotalTime:0.006s | Cost:451252.50
LS: mPDG | Count: 1 | TotalTime:0.005s | Cost:415773.40
LS: BlockRelocate | Count: 1 | TotalTime:0.001s | Cost:521124.07
LS: BlockRelocate | Count: 1 | TotalTime:0.001s | Cost:524027.65
LS: PDPairExchange | Count: 1 | TotalTime:0.000s | Cost:558527.03
LS: mPDG | Count: 0 | TotalTime:0.007s | Cost:560758.52
LS: BlockExchange | Count: 1 | TotalTime:0.000s | Cost:565908.27
LS: PDPairExchange | Count: 1 | TotalTime:0.000s | Cost:557248.92
LS: BlockExchange | Count: 1 | TotalTime:0.001s | Cost:475021.67
LS: BlockExchange | Count: 0 | TotalTime:0.001s | Cost:577354.59
Generation 2: Best = 375430.67, Worst = 612045.30, Avg = 579383.37, Time: 0.2139592170715332
LS: BlockExchange | Count: 0 | TotalTime:0.004s | Cost:375430.67
LS: mPDG | Count: 1 | TotalTime:0.007s | Cost:395475.50
LS: mPDG | Count: 0 | TotalTime:0.007s | Cost:451252.50
LS: BlockExchange | Count: 1 | TotalTime:0.000s | Cost:473738.34
LS: BlockRelocate | Count: 1 | TotalTime:0.003s | Cost:504915.76
LS: BlockRelocate | Count: 1 | TotalTime:0.002s | Cost:517713.86
LS: PDPairExchange | Count: 1 | TotalTime:0.001s | Cost:555685.89
LS: PDPairExchange | Count: 1 | TotalTime:0.000s | Cost:557659.92
LS: mPDG | Count: 0 | TotalTime:0.011s | Cost:560758.52
LS: BlockExchange | Count: 1 | TotalTime:0.001s | Cost:620207.67
LS: BlockExchange | Count: 1 | TotalTime:0.000s | Cost:557376.47
Generation 3: Best = 375430.67, Worst = 620207.67, Avg = 578411.66, Time: 0.24541997909545898
LS: BlockExchange | Count: 0 | TotalTime:0.003s | Cost:375430.67
LS: mPDG | Count: 1 | TotalTime:0.007s | Cost:394025.34
LS: mPDG | Count: 0 | TotalTime:0.007s | Cost:451252.50
LS: BlockExchange | Count: 1 | TotalTime:0.002s | Cost:459010.56
LS: BlockRelocate | Count: 1 | TotalTime:0.001s | Cost:469054.66
LS: BlockRelocate | Count: 1 | TotalTime:0.008s | Cost:500671.23
LS: PDPairExchange | Count: 1 | TotalTime:0.003s | Cost:555383.91
LS: BlockExchange | Count: 1 | TotalTime:0.004s | Cost:620983.11
LS: PDPairExchange | Count: 1 | TotalTime:0.004s | Cost:479043.04
LS: mPDG | Count: 0 | TotalTime:0.009s | Cost:560758.52
LS: BlockRelocate | Count: 1 | TotalTime:0.001s | Cost:574582.09
Generation 4: Best = 375430.67, Worst = 620983.11, Avg = 572073.00, Time: 0.27989768981933594
LS: BlockExchange | Count: 0 | TotalTime:0.006s | Cost:375430.67
LS: mPDG | Count: 0 | TotalTime:0.013s | Cost:394025.34
LS: mPDG | Count: 0 | TotalTime:0.009s | Cost:451252.50
LS: BlockExchange | Count: 1 | TotalTime:0.003s | Cost:455843.79
LS: BlockRelocate | Count: 1 | TotalTime:0.003s | Cost:442365.23
LS: PDPairExchange | Count: 1 | TotalTime:0.000s | Cost:453403.42
LS: BlockRelocate | Count: 1 | TotalTime:0.002s | Cost:494405.89
LS: PDPairExchange | Count: 1 | TotalTime:0.001s | Cost:547976.65
LS: mPDG | Count: 0 | TotalTime:0.013s | Cost:560758.52
LS: BlockRelocate | Count: 1 | TotalTime:0.004s | Cost:508732.57
LS: PDPairExchange | Count: 1 | TotalTime:0.001s | Cost:560540.32
Generation 5: Best = 375430.67, Worst = 608145.80, Avg = 566770.51, Time: 0.32265734672546387
LS: BlockExchange | Count: 0 | TotalTime:0.004s | Cost:375430.67
LS: mPDG | Count: 0 | TotalTime:0.009s | Cost:394025.34
LS: BlockRelocate | Count: 1 | TotalTime:0.001s | Cost:430368.85
LS: mPDG | Count: 0 | TotalTime:0.007s | Cost:451252.50
LS: PDPairExchange | Count: 0 | TotalTime:0.004s | Cost:453403.42
LS: BlockExchange | Count: 0 | TotalTime:0.004s | Cost:455843.79
LS: BlockRelocate | Count: 1 | TotalTime:0.008s | Cost:490529.36
LS: BlockRelocate | Count: 1 | TotalTime:0.004s | Cost:508274.26
LS: PDPairExchange | Count: 1 | TotalTime:0.001s | Cost:521572.49
LS: PDPairExchange | Count: 1 | TotalTime:0.000s | Cost:456383.38
LS: mPDG | Count: 0 | TotalTime:0.007s | Cost:560758.52
Generation 6: Best = 375430.67, Worst = 608145.80, Avg = 560682.50, Time: 0.2839813232421875
Stopping early due to lack of improvement.
Total runtime: 2.47s (0.0 minutes)
Total GA runtime: 1.60s (0.0 minutes)

The solution initialized by Cheapest Insertion:
V_1:[d1_1442430058-1 p1_1450260059-1 p1_1411060053-1 d1_1411060053-1 d1_1450260059-1 p1_1433060056-1 p2_1510490061-1 d2_1510490061-2 d1_1433060056-1] V_2:[d1_1154340049-1 p1_1509410060-1 p1_1420180055-1 d1_1420180055-1 d1_1509410060-1 p10_1550060062-1 p1_1553320064-1 d1_1553320064-1 d10_1550060062-10] V_3:[d4_0958350034-4 p3_1434540057-16 d3_1434540057-18] V_4:[p1_1353340051-1 p4_1416140054-1 d4_1416140054-4 d1_1353340051-1 p1_1553070063-1 d1_1553070063-1] V_5:[p15_1434540057-1 d15_1434540057-15]
The fitness value before EA: 381696.9
V_1:[d1_1442430058-1 p1_1450260059-1 p1_1411060053-1 d1_1411060053-1 d1_1450260059-1 p1_1433060056-1 p2_1510490061-1 d2_1510490061-2 d1_1433060056-1] V_2:[d1_1154340049-1 p1_1509410060-1 p1_1420180055-1 d1_1420180055-1 d1_1509410060-1 p1_1553070063-1 d1_1553070063-1] V_3:[d4_0958350034-4 p3_1434540057-16 d3_1434540057-18] V_4:[p1_1353340051-1 p4_1416140054-1 d4_1416140054-4 d1_1353340051-1 p10_1550060062-1 p1_1553320064-1 d1_1553320064-1 d10_1550060062-10] V_5:[p15_1434540057-1 d15_1434540057-15]
The fitness value after EA: 375430.67333333334

Thoi gian thuc hien thuat toan:  2.4667344093322754
SUCCESS

2025-11-04 16:11:40,680 [simulate_environment.py | 256] INFO: 2025-11-04 16:10:00, Item 1353340051-1: state = 1 < 2, we can not finish the simulation
2025-11-04 16:11:40,680 [simulate_environment.py | 99] INFO: **************************************************
2025-11-04 16:11:40,681 [simulate_environment.py | 103] INFO: cur time: 2025-11-04 16:20:00, pre time: 2025-11-04 16:10:00
2025-11-04 16:11:40,681 [simulate_environment.py | 140] INFO: Start to update the input of 2025-11-04 16:20:00
2025-11-04 16:11:40,681 [simulate_environment.py | 167] INFO: Get 24 unallocated order items, 20 ongoing order items, 188 completed order items
2025-11-04 16:11:43,053 [simulate_environment.py | 234] INFO: 
LS: PDPairExchange | Count: 0 | TotalTime:0.003s | Cost:283279.33
LS: PDPairExchange | Count: 1 | TotalTime:0.001s | Cost:388088.46
LS: BlockExchange | Count: 1 | TotalTime:0.000s | Cost:381338.99
LS: BlockExchange | Count: 1 | TotalTime:0.000s | Cost:377758.12
LS: BlockRelocate | Count: 1 | TotalTime:0.001s | Cost:393235.38
LS: PDPairExchange | Count: 1 | TotalTime:0.000s | Cost:442877.16
LS: BlockExchange | Count: 1 | TotalTime:0.000s | Cost:442877.16
LS: BlockExchange | Count: 1 | TotalTime:0.000s | Cost:455565.77
LS: PDPairExchange | Count: 1 | TotalTime:0.001s | Cost:440414.85
LS: BlockExchange | Count: 1 | TotalTime:0.000s | Cost:440414.85
LS: BlockExchange | Count: 1 | TotalTime:0.000s | Cost:411759.53
Generation 1: Best = 283279.33, Worst = 505593.07, Avg = 457212.49, Time: 0.1892681121826172
LS: BlockRelocate | Count: 1 | TotalTime:0.005s | Cost:278045.66
LS: BlockExchange | Count: 1 | TotalTime:0.001s | Cost:351284.98
LS: BlockExchange | Count: 1 | TotalTime:0.000s | Cost:378905.40
LS: PDPairExchange | Count: 1 | TotalTime:0.002s | Cost:375388.96
LS: BlockRelocate | Count: 1 | TotalTime:0.003s | Cost:389538.18
LS: BlockExchange | Count: 1 | TotalTime:0.002s | Cost:410753.84
LS: PDPairExchange | Count: 1 | TotalTime:0.001s | Cost:361898.96
LS: BlockRelocate | Count: 1 | TotalTime:0.002s | Cost:433502.10
LS: PDPairExchange | Count: 1 | TotalTime:0.002s | Cost:431370.36
LS: BlockExchange | Count: 1 | TotalTime:0.001s | Cost:431370.36
LS: PDPairExchange | Count: 1 | TotalTime:0.000s | Cost:436576.38
Generation 2: Best = 278045.66, Worst = 469982.28, Avg = 446068.47, Time: 0.19993138313293457
LS: BlockRelocate | Count: 0 | TotalTime:0.013s | Cost:278045.66
LS: BlockExchange | Count: 1 | TotalTime:0.002s | Cost:349484.36
LS: PDPairExchange | Count: 1 | TotalTime:0.001s | Cost:361865.61
LS: PDPairExchange | Count: 1 | TotalTime:0.002s | Cost:374955.36
LS: BlockExchange | Count: 1 | TotalTime:0.000s | Cost:366236.20
LS: BlockRelocate | Count: 1 | TotalTime:0.000s | Cost:383712.11
LS: BlockExchange | Count: 0 | TotalTime:0.003s | Cost:410753.84
LS: PDPairExchange | Count: 1 | TotalTime:0.001s | Cost:357585.09
LS: BlockExchange | Count: 1 | TotalTime:0.001s | Cost:420137.07
LS: BlockRelocate | Count: 1 | TotalTime:0.007s | Cost:422635.94
LS: PDPairExchange | Count: 1 | TotalTime:0.001s | Cost:434148.48
Generation 3: Best = 278045.66, Worst = 469982.28, Avg = 441478.13, Time: 0.19822120666503906
LS: BlockRelocate | Count: 0 | TotalTime:0.020s | Cost:278045.66
LS: BlockExchange | Count: 0 | TotalTime:0.003s | Cost:349484.36
LS: PDPairExchange | Count: 1 | TotalTime:0.002s | Cost:356920.80
LS: PDPairExchange | Count: 0 | TotalTime:0.002s | Cost:361865.61
LS: BlockExchange | Count: 1 | TotalTime:0.000s | Cost:335513.12
LS: PDPairExchange | Count: 0 | TotalTime:0.003s | Cost:374955.36
LS: BlockRelocate | Count: 1 | TotalTime:0.001s | Cost:380911.55
LS: BlockExchange | Count: 1 | TotalTime:0.003s | Cost:402087.17
LS: BlockExchange | Count: 1 | TotalTime:0.001s | Cost:464732.16
LS: BlockRelocate | Count: 1 | TotalTime:0.001s | Cost:355086.42
LS: PDPairExchange | Count: 1 | TotalTime:0.001s | Cost:420137.07
Generation 4: Best = 278045.66, Worst = 469982.28, Avg = 437941.94, Time: 0.2228562831878662
LS: BlockRelocate | Count: 0 | TotalTime:0.013s | Cost:278045.66
LS: BlockExchange | Count: 1 | TotalTime:0.001s | Cost:334112.28
LS: BlockExchange | Count: 1 | TotalTime:0.002s | Cost:332940.09
LS: BlockRelocate | Count: 1 | TotalTime:0.001s | Cost:349450.14
LS: PDPairExchange | Count: 0 | TotalTime:0.002s | Cost:356920.80
LS: PDPairExchange | Count: 0 | TotalTime:0.003s | Cost:361865.61
LS: PDPairExchange | Count: 0 | TotalTime:0.003s | Cost:374955.36
LS: BlockRelocate | Count: 1 | TotalTime:0.001s | Cost:373597.56
LS: BlockExchange | Count: 1 | TotalTime:0.001s | Cost:401559.01
LS: PDPairExchange | Count: 1 | TotalTime:0.002s | Cost:363421.34
LS: PDPairExchange | Count: 1 | TotalTime:0.001s | Cost:361898.96
Generation 5: Best = 278045.66, Worst = 469982.28, Avg = 432830.06, Time: 0.19320058822631836
LS: BlockRelocate | Count: 0 | TotalTime:0.019s | Cost:278045.66
LS: BlockExchange | Count: 1 | TotalTime:0.002s | Cost:323184.50
LS: BlockExchange | Count: 1 | TotalTime:0.002s | Cost:321695.77
LS: BlockRelocate | Count: 1 | TotalTime:0.005s | Cost:335322.03
LS: PDPairExchange | Count: 0 | TotalTime:0.002s | Cost:356920.80
LS: PDPairExchange | Count: 0 | TotalTime:0.002s | Cost:361865.61
LS: PDPairExchange | Count: 1 | TotalTime:0.002s | Cost:361865.61
LS: PDPairExchange | Count: 1 | TotalTime:0.002s | Cost:362654.22
LS: BlockRelocate | Count: 1 | TotalTime:0.004s | Cost:370281.44
LS: PDPairExchange | Count: 0 | TotalTime:0.003s | Cost:374955.36
LS: BlockExchange | Count: 0 | TotalTime:0.001s | Cost:401559.01
Generation 6: Best = 278045.66, Worst = 469982.28, Avg = 427845.02, Time: 0.205610990524292
Stopping early due to lack of improvement.
Total runtime: 2.03s (0.0 minutes)
Total GA runtime: 1.21s (0.0 minutes)

The solution initialized by Cheapest Insertion:
V_1:[d1_1442430058-1 p1_1450260059-1 p1_1411060053-1 d1_1411060053-1 d1_1450260059-1 p1_1433060056-1 p2_1510490061-1 d2_1510490061-2 d1_1433060056-1] V_2:[d1_1154340049-1 p1_1509410060-1 p1_1420180055-1 d1_1420180055-1 d1_1509410060-1 p1_1553070063-1 d1_1553070063-1] V_3:[d3_1434540057-18] V_4:[p1_1353340051-1 p4_1416140054-1 d4_1416140054-4 d1_1353340051-1 p10_1550060062-1 p1_1553320064-1 d1_1553320064-1 d10_1550060062-10] V_5:[d15_1434540057-15]
The fitness value before EA: 283279.3288888889
V_1:[d1_1442430058-1 p1_1450260059-1 p1_1411060053-1 d1_1411060053-1 d1_1450260059-1 p1_1433060056-1 p2_1510490061-1 d2_1510490061-2 d1_1433060056-1] V_2:[d1_1154340049-1 p1_1553070063-1 p1_1509410060-1 p1_1420180055-1 d1_1420180055-1 d1_1509410060-1 d1_1553070063-1] V_3:[d3_1434540057-18] V_4:[p1_1353340051-1 p4_1416140054-1 d4_1416140054-4 d1_1353340051-1 p10_1550060062-1 p1_1553320064-1 d1_1553320064-1 d10_1550060062-10] V_5:[d15_1434540057-15]
The fitness value after EA: 278045.65555555554

Thoi gian thuc hien thuat toan:  2.030728816986084
SUCCESS

2025-11-04 16:11:43,055 [simulate_environment.py | 256] INFO: 2025-11-04 16:20:00, Item 1353340051-1: state = 1 < 2, we can not finish the simulation
2025-11-04 16:11:43,055 [simulate_environment.py | 99] INFO: **************************************************
2025-11-04 16:11:43,055 [simulate_environment.py | 103] INFO: cur time: 2025-11-04 16:30:00, pre time: 2025-11-04 16:20:00
2025-11-04 16:11:43,055 [simulate_environment.py | 140] INFO: Start to update the input of 2025-11-04 16:30:00
2025-11-04 16:11:43,056 [simulate_environment.py | 167] INFO: Get 25 unallocated order items, 20 ongoing order items, 188 completed order items
2025-11-04 16:11:45,236 [simulate_environment.py | 234] INFO: 
LS: BlockRelocate | Count: 0 | TotalTime:0.017s | Cost:286476.23
LS: BlockRelocate | Count: 1 | TotalTime:0.001s | Cost:353731.64
LS: mPDG | Count: 1 | TotalTime:0.008s | Cost:392472.35
LS: BlockExchange | Count: 1 | TotalTime:0.001s | Cost:414325.54
LS: BlockRelocate | Count: 1 | TotalTime:0.003s | Cost:377146.21
LS: PDPairExchange | Count: 1 | TotalTime:0.001s | Cost:380900.60
LS: BlockRelocate | Count: 1 | TotalTime:0.001s | Cost:413828.34
LS: mPDG | Count: 1 | TotalTime:0.007s | Cost:429214.69
LS: PDPairExchange | Count: 1 | TotalTime:0.000s | Cost:447830.48
LS: BlockRelocate | Count: 1 | TotalTime:0.001s | Cost:446029.22
LS: PDPairExchange | Count: 1 | TotalTime:0.001s | Cost:416772.23
Generation 1: Best = 286476.23, Worst = 518672.39, Avg = 472626.43, Time: 0.24484491348266602
LS: PDPairExchange | Count: 0 | TotalTime:0.003s | Cost:286476.23
LS: BlockRelocate | Count: 1 | TotalTime:0.003s | Cost:347117.00
LS: BlockRelocate | Count: 1 | TotalTime:0.004s | Cost:343939.85
LS: PDPairExchange | Count: 1 | TotalTime:0.001s | Cost:379425.88
LS: mPDG | Count: 1 | TotalTime:0.007s | Cost:384310.78
LS: BlockRelocate | Count: 1 | TotalTime:0.001s | Cost:408867.46
LS: BlockExchange | Count: 1 | TotalTime:0.001s | Cost:397953.76
LS: PDPairExchange | Count: 1 | TotalTime:0.001s | Cost:401038.90
LS: mPDG | Count: 1 | TotalTime:0.007s | Cost:342960.53
LS: BlockRelocate | Count: 1 | TotalTime:0.009s | Cost:426988.36
LS: PDPairExchange | Count: 1 | TotalTime:0.001s | Cost:434486.06
Generation 2: Best = 286476.23, Worst = 507532.65, Avg = 458946.76, Time: 0.23987340927124023
LS: mPDG | Count: 0 | TotalTime:0.007s | Cost:286476.23
LS: mPDG | Count: 1 | TotalTime:0.007s | Cost:305452.18
LS: BlockRelocate | Count: 1 | TotalTime:0.001s | Cost:338072.66
LS: BlockRelocate | Count: 1 | TotalTime:0.002s | Cost:334822.10
LS: PDPairExchange | Count: 1 | TotalTime:0.002s | Cost:373326.44
LS: mPDG | Count: 1 | TotalTime:0.008s | Cost:340126.42
LS: BlockExchange | Count: 1 | TotalTime:0.001s | Cost:386139.99
LS: PDPairExchange | Count: 1 | TotalTime:0.000s | Cost:389772.85
LS: BlockRelocate | Count: 1 | TotalTime:0.003s | Cost:403118.81
LS: BlockRelocate | Count: 1 | TotalTime:0.002s | Cost:332167.26
LS: PDPairExchange | Count: 0 | TotalTime:0.004s | Cost:434486.06
Generation 3: Best = 286476.23, Worst = 493912.41, Avg = 447502.99, Time: 0.23231291770935059
LS: BlockRelocate | Count: 0 | TotalTime:0.016s | Cost:286476.23
LS: mPDG | Count: 0 | TotalTime:0.009s | Cost:305452.18
LS: BlockRelocate | Count: 1 | TotalTime:0.001s | Cost:327100.26
LS: BlockRelocate | Count: 1 | TotalTime:0.003s | Cost:333363.39
LS: BlockRelocate | Count: 1 | TotalTime:0.001s | Cost:331811.93
LS: mPDG | Count: 1 | TotalTime:0.007s | Cost:299214.27
LS: PDPairExchange | Count: 1 | TotalTime:0.000s | Cost:371792.65
LS: BlockExchange | Count: 1 | TotalTime:0.002s | Cost:372106.84
LS: PDPairExchange | Count: 1 | TotalTime:0.001s | Cost:381828.14
LS: BlockRelocate | Count: 1 | TotalTime:0.000s | Cost:372729.92
LS: PDPairExchange | Count: 0 | TotalTime:0.003s | Cost:434486.06
Generation 4: Best = 286476.23, Worst = 493912.41, Avg = 442062.61, Time: 0.23864483833312988
Stopping early due to lack of improvement.
Total runtime: 1.85s (0.0 minutes)
Total GA runtime: 0.96s (0.0 minutes)

The solution initialized by Cheapest Insertion:
V_1:[d1_1442430058-1 p1_1450260059-1 p1_1411060053-1 d1_1411060053-1 d1_1450260059-1 p1_1433060056-1 p2_1510490061-1 p1_1620510065-1 d1_1620510065-1 d2_1510490061-2 d1_1433060056-1] V_2:[d1_1154340049-1 p1_1553070063-1 p1_1509410060-1 p1_1420180055-1 d1_1420180055-1 d1_1509410060-1 d1_1553070063-1] V_3:[d3_1434540057-18] V_4:[p1_1353340051-1 p4_1416140054-1 d4_1416140054-4 d1_1353340051-1 p10_1550060062-1 p1_1553320064-1 d1_1553320064-1 d10_1550060062-10] V_5:[d15_1434540057-15]
The fitness value before EA: 286476.2311111111
V_1:[d1_1442430058-1 p1_1450260059-1 p1_1411060053-1 d1_1411060053-1 d1_1450260059-1 p1_1433060056-1 p2_1510490061-1 p1_1620510065-1 d1_1620510065-1 d2_1510490061-2 d1_1433060056-1] V_2:[d1_1154340049-1 p1_1553070063-1 p1_1509410060-1 p1_1420180055-1 d1_1420180055-1 d1_1509410060-1 d1_1553070063-1] V_3:[d3_1434540057-18] V_4:[p1_1353340051-1 p4_1416140054-1 d4_1416140054-4 d1_1353340051-1 p10_1550060062-1 p1_1553320064-1 d1_1553320064-1 d10_1550060062-10] V_5:[d15_1434540057-15]
The fitness value after EA: 286476.2311111111

Thoi gian thuc hien thuat toan:  1.847909688949585
SUCCESS

2025-11-04 16:11:45,238 [simulate_environment.py | 256] INFO: 2025-11-04 16:30:00, Item 1353340051-1: state = 1 < 2, we can not finish the simulation
2025-11-04 16:11:45,238 [simulate_environment.py | 99] INFO: **************************************************
2025-11-04 16:11:45,238 [simulate_environment.py | 103] INFO: cur time: 2025-11-04 16:40:00, pre time: 2025-11-04 16:30:00
2025-11-04 16:11:45,238 [simulate_environment.py | 140] INFO: Start to update the input of 2025-11-04 16:40:00
2025-11-04 16:11:45,239 [simulate_environment.py | 167] INFO: Get 19 unallocated order items, 25 ongoing order items, 189 completed order items
2025-11-04 16:11:47,761 [simulate_environment.py | 234] INFO: 
LS: BlockRelocate | Count: 0 | TotalTime:0.012s | Cost:286476.05
LS: BlockExchange | Count: 0 | TotalTime:0.001s | Cost:304466.16
LS: PDPairExchange | Count: 0 | TotalTime:0.002s | Cost:304466.16
LS: BlockRelocate | Count: 1 | TotalTime:0.001s | Cost:302313.76
LS: BlockRelocate | Count: 1 | TotalTime:0.004s | Cost:303457.87
LS: BlockExchange | Count: 1 | TotalTime:0.000s | Cost:303865.98
LS: mPDG | Count: 1 | TotalTime:0.004s | Cost:297080.09
LS: PDPairExchange | Count: 0 | TotalTime:0.002s | Cost:304466.16
LS: mPDG | Count: 1 | TotalTime:0.004s | Cost:297080.09
LS: PDPairExchange | Count: 0 | TotalTime:0.002s | Cost:304466.16
LS: mPDG | Count: 1 | TotalTime:0.005s | Cost:297080.09
Generation 1: Best = 286476.05, Worst = 338942.20, Avg = 305041.09, Time: 0.18470215797424316
LS: PDPairExchange | Count: 0 | TotalTime:0.002s | Cost:286476.05
LS: mPDG | Count: 1 | TotalTime:0.004s | Cost:295804.93
LS: mPDG | Count: 1 | TotalTime:0.004s | Cost:295804.93
LS: mPDG | Count: 1 | TotalTime:0.004s | Cost:295804.93
LS: mPDG | Count: 1 | TotalTime:0.005s | Cost:295804.93
LS: BlockExchange | Count: 0 | TotalTime:0.002s | Cost:297080.09
LS: PDPairExchange | Count: 0 | TotalTime:0.002s | Cost:297080.09
LS: PDPairExchange | Count: 0 | TotalTime:0.002s | Cost:297080.09
LS: BlockRelocate | Count: 1 | TotalTime:0.001s | Cost:282740.28
LS: BlockExchange | Count: 0 | TotalTime:0.002s | Cost:297080.09
LS: mPDG | Count: 1 | TotalTime:0.004s | Cost:295804.93
Generation 2: Best = 282740.28, Worst = 304466.16, Avg = 297495.64, Time: 0.21135306358337402
LS: BlockRelocate | Count: 1 | TotalTime:0.007s | Cost:282738.51
LS: PDPairExchange | Count: 0 | TotalTime:0.001s | Cost:286476.05
LS: mPDG | Count: 1 | TotalTime:0.005s | Cost:281465.12
LS: mPDG | Count: 1 | TotalTime:0.008s | Cost:281465.12
LS: mPDG | Count: 1 | TotalTime:0.007s | Cost:281465.12
LS: mPDG | Count: 1 | TotalTime:0.004s | Cost:281465.12
LS: mPDG | Count: 1 | TotalTime:0.004s | Cost:281465.12
LS: mPDG | Count: 1 | TotalTime:0.004s | Cost:295804.93
LS: PDPairExchange | Count: 0 | TotalTime:0.002s | Cost:297080.09
LS: PDPairExchange | Count: 0 | TotalTime:0.002s | Cost:297080.09
LS: BlockRelocate | Count: 1 | TotalTime:0.001s | Cost:297078.32
Generation 3: Best = 281465.12, Worst = 297080.09, Avg = 294472.65, Time: 0.19858789443969727
LS: mPDG | Count: 0 | TotalTime:0.004s | Cost:281465.12
LS: mPDG | Count: 0 | TotalTime:0.004s | Cost:281465.12
LS: mPDG | Count: 0 | TotalTime:0.004s | Cost:281465.12
LS: mPDG | Count: 0 | TotalTime:0.004s | Cost:281465.12
LS: mPDG | Count: 0 | TotalTime:0.004s | Cost:281465.12
LS: BlockRelocate | Count: 1 | TotalTime:0.003s | Cost:281465.12
LS: PDPairExchange | Count: 0 | TotalTime:0.002s | Cost:286476.05
LS: mPDG | Count: 1 | TotalTime:0.005s | Cost:281465.12
LS: BlockRelocate | Count: 1 | TotalTime:0.002s | Cost:282738.51
LS: BlockRelocate | Count: 1 | TotalTime:0.003s | Cost:295804.93
LS: BlockRelocate | Count: 1 | TotalTime:0.003s | Cost:295804.93
Generation 4: Best = 281465.12, Worst = 297080.09, Avg = 293660.07, Time: 0.19666028022766113
LS: mPDG | Count: 0 | TotalTime:0.003s | Cost:281465.12
LS: mPDG | Count: 0 | TotalTime:0.003s | Cost:281465.12
LS: mPDG | Count: 0 | TotalTime:0.003s | Cost:281465.12
LS: mPDG | Count: 0 | TotalTime:0.004s | Cost:281465.12
LS: mPDG | Count: 0 | TotalTime:0.003s | Cost:281465.12
LS: BlockRelocate | Count: 0 | TotalTime:0.010s | Cost:281465.12
LS: mPDG | Count: 0 | TotalTime:0.004s | Cost:281465.12
LS: BlockRelocate | Count: 1 | TotalTime:0.008s | Cost:281465.12
LS: BlockExchange | Count: 0 | TotalTime:0.001s | Cost:286476.05
LS: BlockRelocate | Count: 1 | TotalTime:0.010s | Cost:281465.12
LS: BlockRelocate | Count: 1 | TotalTime:0.003s | Cost:281465.12
Generation 5: Best = 281465.12, Worst = 297080.09, Avg = 292911.25, Time: 0.2390286922454834
LS: mPDG | Count: 0 | TotalTime:0.003s | Cost:281465.12
LS: mPDG | Count: 0 | TotalTime:0.003s | Cost:281465.12
LS: mPDG | Count: 0 | TotalTime:0.004s | Cost:281465.12
LS: mPDG | Count: 0 | TotalTime:0.004s | Cost:281465.12
LS: mPDG | Count: 0 | TotalTime:0.004s | Cost:281465.12
LS: BlockRelocate | Count: 0 | TotalTime:0.016s | Cost:281465.12
LS: mPDG | Count: 0 | TotalTime:0.006s | Cost:281465.12
LS: BlockRelocate | Count: 0 | TotalTime:0.011s | Cost:281465.12
LS: BlockRelocate | Count: 0 | TotalTime:0.011s | Cost:281465.12
LS: BlockRelocate | Count: 0 | TotalTime:0.011s | Cost:281465.12
LS: PDPairExchange | Count: 0 | TotalTime:0.002s | Cost:286476.05
Generation 6: Best = 281465.12, Worst = 297080.09, Avg = 292911.25, Time: 0.2573506832122803
LS: mPDG | Count: 0 | TotalTime:0.003s | Cost:281465.12
LS: mPDG | Count: 0 | TotalTime:0.003s | Cost:281465.12
LS: mPDG | Count: 0 | TotalTime:0.003s | Cost:281465.12
LS: mPDG | Count: 0 | TotalTime:0.003s | Cost:281465.12
LS: mPDG | Count: 0 | TotalTime:0.003s | Cost:281465.12
LS: BlockRelocate | Count: 0 | TotalTime:0.009s | Cost:281465.12
LS: mPDG | Count: 0 | TotalTime:0.003s | Cost:281465.12
LS: BlockRelocate | Count: 0 | TotalTime:0.009s | Cost:281465.12
LS: BlockRelocate | Count: 0 | TotalTime:0.010s | Cost:281465.12
LS: BlockRelocate | Count: 0 | TotalTime:0.010s | Cost:281465.12
LS: BlockExchange | Count: 0 | TotalTime:0.001s | Cost:286476.05
Generation 7: Best = 281465.12, Worst = 297080.09, Avg = 292911.25, Time: 0.20656061172485352
Stopping early due to lack of improvement.
Total runtime: 2.24s (0.0 minutes)
Total GA runtime: 1.49s (0.0 minutes)

The solution initialized by Cheapest Insertion:
V_1:[p1_1411060053-1 d1_1411060053-1 d1_1450260059-1 p1_1433060056-1 p2_1510490061-1 p1_1620510065-1 d1_1620510065-1 d2_1510490061-2 d1_1433060056-1] V_2:[d1_1154340049-1 p1_1553070063-1 p1_1509410060-1 p1_1420180055-1 d1_1420180055-1 d1_1509410060-1 d1_1553070063-1] V_3:[d3_1434540057-18] V_4:[d4_1416140054-4 d1_1353340051-1 p10_1550060062-1 p1_1553320064-1 d1_1553320064-1 d10_1550060062-10] V_5:[d15_1434540057-15]
The fitness value before EA: 286476.0511111111
V_1:[p1_1411060053-1 d1_1411060053-1 d1_1450260059-1 p10_1550060062-1 p2_1510490061-1 d2_1510490061-2 p1_1553320064-1 d1_1553320064-1 d10_1550060062-10] V_2:[d1_1154340049-1 p1_1553070063-1 p1_1509410060-1 p1_1420180055-1 d1_1420180055-1 d1_1509410060-1 d1_1553070063-1 p1_1620510065-1 d1_1620510065-1] V_3:[d3_1434540057-18] V_4:[d4_1416140054-4 d1_1353340051-1 p1_1433060056-1 d1_1433060056-1] V_5:[d15_1434540057-15]
The fitness value after EA: 281465.12

Thoi gian thuc hien thuat toan:  2.235649347305298
SUCCESS

2025-11-04 16:11:47,762 [simulate_environment.py | 256] INFO: 2025-11-04 16:40:00, Item 1411060053-1: state = 1 < 2, we can not finish the simulation
2025-11-04 16:11:47,763 [simulate_environment.py | 99] INFO: **************************************************
2025-11-04 16:11:47,763 [simulate_environment.py | 103] INFO: cur time: 2025-11-04 16:50:00, pre time: 2025-11-04 16:40:00
2025-11-04 16:11:47,763 [simulate_environment.py | 140] INFO: Start to update the input of 2025-11-04 16:50:00
2025-11-04 16:11:47,764 [simulate_environment.py | 167] INFO: Get 22 unallocated order items, 25 ongoing order items, 189 completed order items
2025-11-04 16:11:52,917 [simulate_environment.py | 234] INFO: 
LS: mPDG | Count: 0 | TotalTime:0.004s | Cost:285631.79
LS: BlockRelocate | Count: 1 | TotalTime:0.003s | Cost:307691.30
LS: PDPairExchange | Count: 0 | TotalTime:0.002s | Cost:311674.73
LS: mPDG | Count: 1 | TotalTime:0.005s | Cost:299580.09
LS: mPDG | Count: 1 | TotalTime:0.005s | Cost:299580.09
LS: PDPairExchange | Count: 0 | TotalTime:0.002s | Cost:311674.73
LS: BlockExchange | Count: 0 | TotalTime:0.000s | Cost:311674.73
LS: BlockExchange | Count: 0 | TotalTime:0.002s | Cost:311674.73
LS: PDPairExchange | Count: 0 | TotalTime:0.002s | Cost:311674.73
LS: BlockExchange | Count: 1 | TotalTime:0.001s | Cost:310680.45
LS: BlockRelocate | Count: 1 | TotalTime:0.002s | Cost:310680.45
Generation 1: Best = 285631.79, Worst = 408168.58, Avg = 322033.00, Time: 0.1728365421295166
LS: BlockRelocate | Count: 1 | TotalTime:0.007s | Cost:285238.51
LS: mPDG | Count: 1 | TotalTime:0.005s | Cost:285240.28
LS: mPDG | Count: 1 | TotalTime:0.006s | Cost:285240.28
LS: BlockRelocate | Count: 1 | TotalTime:0.001s | Cost:306727.65
LS: PDPairExchange | Count: 1 | TotalTime:0.001s | Cost:307178.68
LS: PDPairExchange | Count: 1 | TotalTime:0.000s | Cost:307178.68
LS: mPDG | Count: 1 | TotalTime:0.004s | Cost:299580.09
LS: BlockRelocate | Count: 1 | TotalTime:0.008s | Cost:296280.69
LS: PDPairExchange | Count: 1 | TotalTime:0.001s | Cost:307178.68
LS: BlockExchange | Count: 1 | TotalTime:0.000s | Cost:307238.62
LS: BlockRelocate | Count: 1 | TotalTime:0.001s | Cost:310678.68
Generation 2: Best = 285238.51, Worst = 311674.73, Avg = 308408.20, Time: 0.17650151252746582
LS: BlockRelocate | Count: 0 | TotalTime:0.011s | Cost:285238.51
LS: mPDG | Count: 0 | TotalTime:0.005s | Cost:285240.28
LS: mPDG | Count: 0 | TotalTime:0.005s | Cost:285240.28
LS: BlockRelocate | Count: 1 | TotalTime:0.002s | Cost:292387.84
LS: mPDG | Count: 1 | TotalTime:0.005s | Cost:285240.28
LS: BlockRelocate | Count: 1 | TotalTime:0.003s | Cost:305532.89
LS: PDPairExchange | Count: 1 | TotalTime:0.001s | Cost:306344.84
LS: PDPairExchange | Count: 1 | TotalTime:0.001s | Cost:306344.84
LS: PDPairExchange | Count: 1 | TotalTime:0.002s | Cost:306344.84
LS: BlockExchange | Count: 0 | TotalTime:0.002s | Cost:307238.62
LS: mPDG | Count: 1 | TotalTime:0.004s | Cost:299580.09
Generation 3: Best = 285238.51, Worst = 311674.73, Avg = 307504.90, Time: 0.1854863166809082
LS: BlockRelocate | Count: 0 | TotalTime:0.011s | Cost:285238.51
LS: mPDG | Count: 0 | TotalTime:0.004s | Cost:285240.28
LS: mPDG | Count: 0 | TotalTime:0.005s | Cost:285240.28
LS: mPDG | Count: 0 | TotalTime:0.005s | Cost:285240.28
LS: BlockRelocate | Count: 1 | TotalTime:0.008s | Cost:292386.07
LS: mPDG | Count: 1 | TotalTime:0.005s | Cost:285240.28
LS: BlockRelocate | Count: 1 | TotalTime:0.011s | Cost:305531.11
LS: PDPairExchange | Count: 0 | TotalTime:0.002s | Cost:306344.84
LS: PDPairExchange | Count: 0 | TotalTime:0.002s | Cost:306344.84
LS: PDPairExchange | Count: 0 | TotalTime:0.002s | Cost:306344.84
LS: BlockExchange | Count: 0 | TotalTime:0.002s | Cost:307238.62
Generation 4: Best = 285238.51, Worst = 311674.73, Avg = 306988.18, Time: 0.2046046257019043
LS: BlockRelocate | Count: 0 | TotalTime:0.010s | Cost:285238.51
LS: mPDG | Count: 0 | TotalTime:0.004s | Cost:285240.28
LS: mPDG | Count: 0 | TotalTime:0.004s | Cost:285240.28
LS: mPDG | Count: 0 | TotalTime:0.005s | Cost:285240.28
LS: mPDG | Count: 0 | TotalTime:0.005s | Cost:285240.28
LS: BlockRelocate | Count: 1 | TotalTime:0.000s | Cost:291291.38
LS: BlockRelocate | Count: 0 | TotalTime:0.012s | Cost:305531.11
LS: PDPairExchange | Count: 0 | TotalTime:0.002s | Cost:306344.84
LS: PDPairExchange | Count: 0 | TotalTime:0.002s | Cost:306344.84
LS: PDPairExchange | Count: 0 | TotalTime:0.002s | Cost:306344.84
LS: BlockExchange | Count: 0 | TotalTime:0.002s | Cost:307238.62
Generation 5: Best = 285238.51, Worst = 311674.73, Avg = 306960.82, Time: 0.18982625007629395
LS: BlockRelocate | Count: 0 | TotalTime:0.017s | Cost:285238.51
LS: mPDG | Count: 0 | TotalTime:0.004s | Cost:285240.28
LS: mPDG | Count: 0 | TotalTime:0.004s | Cost:285240.28
LS: mPDG | Count: 0 | TotalTime:0.005s | Cost:285240.28
LS: mPDG | Count: 0 | TotalTime:0.009s | Cost:285240.28
LS: BlockRelocate | Count: 0 | TotalTime:0.012s | Cost:291291.38
LS: BlockRelocate | Count: 0 | TotalTime:0.012s | Cost:305531.11
LS: PDPairExchange | Count: 0 | TotalTime:0.002s | Cost:306344.84
LS: PDPairExchange | Count: 0 | TotalTime:0.002s | Cost:306344.84
LS: PDPairExchange | Count: 0 | TotalTime:0.002s | Cost:306344.84
LS: BlockExchange | Count: 0 | TotalTime:0.002s | Cost:307238.62
Generation 6: Best = 285238.51, Worst = 311674.73, Avg = 306960.82, Time: 0.2186903953552246
Stopping early due to lack of improvement.
Total runtime: 4.80s (0.1 minutes)
Total GA runtime: 1.15s (0.0 minutes)

The solution initialized by Cheapest Insertion:
V_1:[p1_1411060053-1 d1_1411060053-1 d1_1450260059-1 p10_1550060062-1 p2_1510490061-1 d2_1510490061-2 p1_1553320064-1 d1_1553320064-1 d10_1550060062-10] V_2:[d1_1154340049-1 p1_1553070063-1 p3_1641430066-1 p1_1509410060-1 p1_1420180055-1 d1_1420180055-1 d1_1509410060-1 d3_1641430066-3 d1_1553070063-1 p1_1620510065-1 d1_1620510065-1] V_3:[d3_1434540057-18] V_4:[d4_1416140054-4 d1_1353340051-1 p1_1433060056-1 d1_1433060056-1] V_5:[d15_1434540057-15]
The fitness value before EA: 285631.7866666666
V_1:[p1_1411060053-1 d1_1411060053-1 d1_1450260059-1 p10_1550060062-1 p2_1510490061-1 d2_1510490061-2 p1_1553320064-1 d1_1553320064-1 d10_1550060062-10] V_2:[d1_1154340049-1 p1_1553070063-1 p3_1641430066-1 p1_1509410060-1 p1_1420180055-1 d1_1420180055-1 d1_1509410060-1 d3_1641430066-3 d1_1553070063-1] V_3:[d3_1434540057-18 p1_1620510065-1 d1_1620510065-1] V_4:[d4_1416140054-4 d1_1353340051-1 p1_1433060056-1 d1_1433060056-1] V_5:[d15_1434540057-15]
The fitness value after EA: 285238.50666666665

Thoi gian thuc hien thuat toan:  4.803939342498779
SUCCESS

2025-11-04 16:11:52,918 [simulate_environment.py | 256] INFO: 2025-11-04 16:50:00, Item 1411060053-1: state = 1 < 2, we can not finish the simulation
2025-11-04 16:11:52,919 [simulate_environment.py | 99] INFO: **************************************************
2025-11-04 16:11:52,919 [simulate_environment.py | 103] INFO: cur time: 2025-11-04 17:00:00, pre time: 2025-11-04 16:50:00
2025-11-04 16:11:52,919 [simulate_environment.py | 140] INFO: Start to update the input of 2025-11-04 17:00:00
2025-11-04 16:11:52,919 [simulate_environment.py | 167] INFO: Get 23 unallocated order items, 25 ongoing order items, 189 completed order items
2025-11-04 16:11:54,835 [simulate_environment.py | 234] INFO: 
LS: BlockExchange | Count: 0 | TotalTime:0.002s | Cost:286905.17
LS: PDPairExchange | Count: 0 | TotalTime:0.002s | Cost:314674.73
LS: mPDG | Count: 1 | TotalTime:0.006s | Cost:301246.76
LS: BlockExchange | Count: 1 | TotalTime:0.001s | Cost:312347.12
LS: mPDG | Count: 1 | TotalTime:0.007s | Cost:301246.76
LS: PDPairExchange | Count: 0 | TotalTime:0.002s | Cost:314674.73
LS: BlockRelocate | Count: 1 | TotalTime:0.001s | Cost:306532.89
LS: BlockExchange | Count: 0 | TotalTime:0.002s | Cost:314674.73
LS: PDPairExchange | Count: 0 | TotalTime:0.002s | Cost:314674.73
LS: BlockRelocate | Count: 1 | TotalTime:0.009s | Cost:314672.96
LS: PDPairExchange | Count: 0 | TotalTime:0.002s | Cost:314674.73
Generation 1: Best = 286905.17, Worst = 372971.76, Avg = 314504.74, Time: 0.1893024444580078
LS: BlockExchange | Count: 0 | TotalTime:0.002s | Cost:286905.17
LS: mPDG | Count: 1 | TotalTime:0.008s | Cost:286906.95
LS: mPDG | Count: 1 | TotalTime:0.008s | Cost:286906.95
LS: BlockRelocate | Count: 1 | TotalTime:0.007s | Cost:306531.11
LS: BlockExchange | Count: 1 | TotalTime:0.001s | Cost:308178.68
LS: mPDG | Count: 1 | TotalTime:0.006s | Cost:301246.76
LS: mPDG | Count: 1 | TotalTime:0.006s | Cost:301246.76
LS: BlockRelocate | Count: 1 | TotalTime:0.004s | Cost:306532.89
LS: BlockExchange | Count: 1 | TotalTime:0.001s | Cost:308178.68
LS: BlockRelocate | Count: 1 | TotalTime:0.001s | Cost:297280.69
LS: BlockRelocate | Count: 1 | TotalTime:0.004s | Cost:308691.30
Generation 2: Best = 286905.17, Worst = 314674.73, Avg = 310317.03, Time: 0.20020580291748047
LS: BlockRelocate | Count: 0 | TotalTime:0.013s | Cost:286905.17
LS: mPDG | Count: 0 | TotalTime:0.006s | Cost:286906.95
LS: mPDG | Count: 0 | TotalTime:0.007s | Cost:286906.95
LS: BlockRelocate | Count: 1 | TotalTime:0.004s | Cost:294351.49
LS: mPDG | Count: 1 | TotalTime:0.008s | Cost:286906.95
LS: mPDG | Count: 1 | TotalTime:0.007s | Cost:286906.95
LS: BlockRelocate | Count: 0 | TotalTime:0.015s | Cost:306531.11
LS: BlockRelocate | Count: 1 | TotalTime:0.007s | Cost:306531.11
LS: BlockExchange | Count: 1 | TotalTime:0.001s | Cost:307344.84
LS: BlockExchange | Count: 1 | TotalTime:0.001s | Cost:307344.84
LS: BlockRelocate | Count: 1 | TotalTime:0.003s | Cost:305797.36
Generation 3: Best = 286905.17, Worst = 314674.73, Avg = 308572.81, Time: 0.22293376922607422
LS: mPDG | Count: 0 | TotalTime:0.005s | Cost:286905.17
LS: mPDG | Count: 0 | TotalTime:0.006s | Cost:286906.95
LS: mPDG | Count: 0 | TotalTime:0.006s | Cost:286906.95
LS: mPDG | Count: 0 | TotalTime:0.006s | Cost:286906.95
LS: mPDG | Count: 0 | TotalTime:0.006s | Cost:286906.95
LS: BlockRelocate | Count: 1 | TotalTime:0.001s | Cost:291457.55
LS: BlockRelocate | Count: 1 | TotalTime:0.009s | Cost:291457.55
LS: BlockRelocate | Count: 0 | TotalTime:0.015s | Cost:306531.11
LS: BlockRelocate | Count: 0 | TotalTime:0.018s | Cost:306531.11
LS: BlockExchange | Count: 1 | TotalTime:0.001s | Cost:305219.66
LS: BlockExchange | Count: 0 | TotalTime:0.002s | Cost:307344.84
Generation 4: Best = 286905.17, Worst = 314674.73, Avg = 308088.84, Time: 0.21869373321533203
Stopping early due to lack of improvement.
Total runtime: 1.61s (0.0 minutes)
Total GA runtime: 0.83s (0.0 minutes)

The solution initialized by Cheapest Insertion:
V_1:[p1_1411060053-1 d1_1411060053-1 d1_1450260059-1 p10_1550060062-1 p2_1510490061-1 d2_1510490061-2 p1_1553320064-1 d1_1553320064-1 d10_1550060062-10] V_2:[d1_1154340049-1 p1_1553070063-1 p3_1641430066-1 p1_1509410060-1 p1_1651110067-1 p1_1420180055-1 d1_1420180055-1 d1_1651110067-1 d1_1509410060-1 d3_1641430066-3 d1_1553070063-1] V_3:[d3_1434540057-18 p1_1620510065-1 d1_1620510065-1] V_4:[d4_1416140054-4 d1_1353340051-1 p1_1433060056-1 d1_1433060056-1] V_5:[d15_1434540057-15]
The fitness value before EA: 286905.17333333334
V_1:[p1_1411060053-1 d1_1411060053-1 d1_1450260059-1 p10_1550060062-1 p2_1510490061-1 d2_1510490061-2 p1_1553320064-1 d1_1553320064-1 d10_1550060062-10] V_2:[d1_1154340049-1 p1_1553070063-1 p3_1641430066-1 p1_1509410060-1 p1_1651110067-1 p1_1420180055-1 d1_1420180055-1 d1_1651110067-1 d1_1509410060-1 d3_1641430066-3 d1_1553070063-1] V_3:[d3_1434540057-18 p1_1620510065-1 d1_1620510065-1] V_4:[d4_1416140054-4 d1_1353340051-1 p1_1433060056-1 d1_1433060056-1] V_5:[d15_1434540057-15]
The fitness value after EA: 286905.17333333334

Thoi gian thuc hien thuat toan:  1.6102240085601807
SUCCESS

2025-11-04 16:11:54,837 [simulate_environment.py | 256] INFO: 2025-11-04 17:00:00, Item 1411060053-1: state = 1 < 2, we can not finish the simulation
2025-11-04 16:11:54,837 [simulate_environment.py | 99] INFO: **************************************************
2025-11-04 16:11:54,837 [simulate_environment.py | 103] INFO: cur time: 2025-11-04 17:10:00, pre time: 2025-11-04 17:00:00
2025-11-04 16:11:54,837 [simulate_environment.py | 140] INFO: Start to update the input of 2025-11-04 17:10:00
2025-11-04 16:11:54,838 [simulate_environment.py | 167] INFO: Get 29 unallocated order items, 26 ongoing order items, 189 completed order items
2025-11-04 16:11:56,766 [simulate_environment.py | 234] INFO: 
LS: mPDG | Count: 0 | TotalTime:0.008s | Cost:295543.25
LS: BlockExchange | Count: 0 | TotalTime:0.002s | Cost:429884.17
LS: PDPairExchange | Count: 1 | TotalTime:0.001s | Cost:424123.28
LS: BlockRelocate | Count: 1 | TotalTime:0.001s | Cost:428137.48
LS: mPDG | Count: 1 | TotalTime:0.009s | Cost:369639.20
LS: BlockRelocate | Count: 1 | TotalTime:0.001s | Cost:427423.06
LS: BlockRelocate | Count: 1 | TotalTime:0.001s | Cost:385056.73
LS: BlockExchange | Count: 1 | TotalTime:0.000s | Cost:432492.34
LS: PDPairExchange | Count: 1 | TotalTime:0.001s | Cost:424123.28
LS: BlockExchange | Count: 1 | TotalTime:0.001s | Cost:424123.28
LS: PDPairExchange | Count: 1 | TotalTime:0.003s | Cost:424123.28
Generation 1: Best = 295543.25, Worst = 593473.86, Avg = 455124.16, Time: 0.20913219451904297
LS: mPDG | Count: 0 | TotalTime:0.008s | Cost:295543.25
LS: mPDG | Count: 1 | TotalTime:0.010s | Cost:360095.89
LS: BlockRelocate | Count: 1 | TotalTime:0.006s | Cost:374414.80
LS: PDPairExchange | Count: 1 | TotalTime:0.001s | Cost:354918.16
LS: PDPairExchange | Count: 1 | TotalTime:0.001s | Cost:405239.58
LS: PDPairExchange | Count: 1 | TotalTime:0.003s | Cost:410256.53
LS: PDPairExchange | Count: 1 | TotalTime:0.001s | Cost:413800.89
LS: BlockExchange | Count: 1 | TotalTime:0.000s | Cost:407192.56
LS: PDPairExchange | Count: 1 | TotalTime:0.001s | Cost:413800.89
LS: BlockRelocate | Count: 1 | TotalTime:0.007s | Cost:417951.01
LS: BlockRelocate | Count: 1 | TotalTime:0.001s | Cost:386446.32
Generation 2: Best = 295543.25, Worst = 433356.23, Avg = 420066.36, Time: 0.22184538841247559
LS: BlockExchange | Count: 0 | TotalTime:0.003s | Cost:295543.25
LS: PDPairExchange | Count: 1 | TotalTime:0.002s | Cost:353917.56
LS: mPDG | Count: 1 | TotalTime:0.009s | Cost:358638.72
LS: BlockRelocate | Count: 1 | TotalTime:0.002s | Cost:359163.94
LS: BlockRelocate | Count: 1 | TotalTime:0.001s | Cost:382626.87
LS: PDPairExchange | Count: 1 | TotalTime:0.001s | Cost:354751.39
LS: BlockExchange | Count: 1 | TotalTime:0.001s | Cost:1163414.96
LS: PDPairExchange | Count: 1 | TotalTime:0.002s | Cost:395167.54
LS: PDPairExchange | Count: 1 | TotalTime:0.003s | Cost:395167.54
LS: PDPairExchange | Count: 1 | TotalTime:0.002s | Cost:395167.54
LS: BlockRelocate | Count: 1 | TotalTime:0.002s | Cost:369651.51
Generation 3: Best = 295543.25, Worst = 1163414.96, Avg = 434655.14, Time: 0.22233128547668457
LS: mPDG | Count: 0 | TotalTime:0.008s | Cost:295543.25
LS: PDPairExchange | Count: 0 | TotalTime:0.003s | Cost:353917.56
LS: PDPairExchange | Count: 1 | TotalTime:0.001s | Cost:353917.56
LS: mPDG | Count: 0 | TotalTime:0.009s | Cost:358638.72
LS: BlockRelocate | Count: 1 | TotalTime:0.009s | Cost:349620.63
LS: BlockRelocate | Count: 1 | TotalTime:0.001s | Cost:348347.59
LS: BlockRelocate | Count: 1 | TotalTime:0.003s | Cost:380165.84
LS: PDPairExchange | Count: 1 | TotalTime:0.002s | Cost:388559.21
LS: PDPairExchange | Count: 1 | TotalTime:0.003s | Cost:388559.21
LS: PDPairExchange | Count: 1 | TotalTime:0.001s | Cost:388559.21
LS: BlockRelocate | Count: 1 | TotalTime:0.002s | Cost:414453.81
Generation 4: Best = 295543.25, Worst = 433356.23, Avg = 414668.73, Time: 0.24908924102783203
Stopping early due to lack of improvement.
Total runtime: 1.64s (0.0 minutes)
Total GA runtime: 0.90s (0.0 minutes)

The solution initialized by Cheapest Insertion:
V_1:[d1_1411060053-1 d1_1450260059-1 p10_1550060062-1 p2_1510490061-1 d2_1510490061-2 p1_1553320064-1 d1_1553320064-1 d10_1550060062-10] V_2:[d1_1154340049-1 p1_1553070063-1 p3_1641430066-1 p1_1509410060-1 p1_1651110067-1 p1_1420180055-1 d1_1420180055-1 d1_1651110067-1 d1_1509410060-1 d3_1641430066-3 d1_1553070063-1] V_3:[d3_1434540057-18 p1_1620510065-1 p1_1700300069-1 d1_1700300069-1 d1_1620510065-1] V_4:[d4_1416140054-4 d1_1353340051-1 p1_1433060056-1 p6_1700010068-1 d6_1700010068-6 d1_1433060056-1] V_5:[d15_1434540057-15]
The fitness value before EA: 295543.2533333333
V_1:[d1_1411060053-1 d1_1450260059-1 p10_1550060062-1 p2_1510490061-1 d2_1510490061-2 p1_1553320064-1 d1_1553320064-1 d10_1550060062-10] V_2:[d1_1154340049-1 p1_1553070063-1 p3_1641430066-1 p1_1509410060-1 p1_1651110067-1 p1_1420180055-1 d1_1420180055-1 d1_1651110067-1 d1_1509410060-1 d3_1641430066-3 d1_1553070063-1] V_3:[d3_1434540057-18 p1_1620510065-1 p1_1700300069-1 d1_1700300069-1 d1_1620510065-1] V_4:[d4_1416140054-4 d1_1353340051-1 p1_1433060056-1 p6_1700010068-1 d6_1700010068-6 d1_1433060056-1] V_5:[d15_1434540057-15]
The fitness value after EA: 295543.2533333333

Thoi gian thuc hien thuat toan:  1.645155906677246
SUCCESS

2025-11-04 16:11:56,768 [simulate_environment.py | 256] INFO: 2025-11-04 17:10:00, Item 1420180055-1: state = 1 < 2, we can not finish the simulation
2025-11-04 16:11:56,768 [simulate_environment.py | 99] INFO: **************************************************
2025-11-04 16:11:56,768 [simulate_environment.py | 103] INFO: cur time: 2025-11-04 17:20:00, pre time: 2025-11-04 17:10:00
2025-11-04 16:11:56,768 [simulate_environment.py | 140] INFO: Start to update the input of 2025-11-04 17:20:00
2025-11-04 16:11:56,769 [simulate_environment.py | 167] INFO: Get 29 unallocated order items, 26 ongoing order items, 189 completed order items
2025-11-04 16:11:59,079 [simulate_environment.py | 234] INFO: 
LS: BlockRelocate | Count: 1 | TotalTime:0.010s | Cost:292359.19
LS: mPDG | Count: 1 | TotalTime:0.009s | Cost:413751.01
LS: BlockExchange | Count: 1 | TotalTime:0.001s | Cost:397768.30
LS: BlockExchange | Count: 1 | TotalTime:0.000s | Cost:437479.45
LS: PDPairExchange | Count: 1 | TotalTime:0.001s | Cost:433351.29
LS: BlockRelocate | Count: 1 | TotalTime:0.003s | Cost:421656.46
LS: BlockRelocate | Count: 1 | TotalTime:0.001s | Cost:498331.14
LS: PDPairExchange | Count: 1 | TotalTime:0.000s | Cost:479362.38
LS: BlockRelocate | Count: 1 | TotalTime:0.007s | Cost:499601.75
LS: BlockRelocate | Count: 1 | TotalTime:0.003s | Cost:499601.75
LS: BlockExchange | Count: 1 | TotalTime:0.000s | Cost:477129.71
Generation 1: Best = 292359.19, Worst = 706754.89, Avg = 570347.31, Time: 0.2250983715057373
LS: BlockRelocate | Count: 0 | TotalTime:0.016s | Cost:292359.19
LS: BlockExchange | Count: 0 | TotalTime:0.005s | Cost:397768.30
LS: BlockExchange | Count: 1 | TotalTime:0.003s | Cost:361509.72
LS: mPDG | Count: 1 | TotalTime:0.009s | Cost:394984.52
LS: BlockRelocate | Count: 1 | TotalTime:0.006s | Cost:411409.38
LS: mPDG | Count: 1 | TotalTime:0.010s | Cost:401184.10
LS: BlockRelocate | Count: 1 | TotalTime:0.001s | Cost:410798.29
LS: PDPairExchange | Count: 1 | TotalTime:0.003s | Cost:433268.18
LS: mPDG | Count: 1 | TotalTime:0.010s | Cost:413751.01
LS: BlockRelocate | Count: 1 | TotalTime:0.001s | Cost:427418.12
LS: PDPairExchange | Count: 1 | TotalTime:0.001s | Cost:424118.34
Generation 2: Best = 292359.19, Worst = 446351.29, Avg = 427915.89, Time: 0.26009321212768555
LS: BlockRelocate | Count: 0 | TotalTime:0.017s | Cost:292359.19
LS: BlockExchange | Count: 0 | TotalTime:0.005s | Cost:361509.72
LS: mPDG | Count: 1 | TotalTime:0.008s | Cost:381556.54
LS: BlockExchange | Count: 0 | TotalTime:0.002s | Cost:397768.30
LS: mPDG | Count: 1 | TotalTime:0.009s | Cost:383651.19
LS: mPDG | Count: 1 | TotalTime:0.009s | Cost:383651.19
LS: mPDG | Count: 1 | TotalTime:0.009s | Cost:383651.19
LS: mPDG | Count: 0 | TotalTime:0.009s | Cost:401184.10
LS: mPDG | Count: 1 | TotalTime:0.009s | Cost:393275.95
LS: BlockRelocate | Count: 1 | TotalTime:0.001s | Cost:385038.28
LS: BlockRelocate | Count: 1 | TotalTime:0.004s | Cost:397069.57
Generation 3: Best = 292359.19, Worst = 433351.29, Avg = 415629.23, Time: 0.2703425884246826
LS: BlockRelocate | Count: 0 | TotalTime:0.017s | Cost:292359.19
LS: BlockExchange | Count: 0 | TotalTime:0.005s | Cost:361509.72
LS: mPDG | Count: 1 | TotalTime:0.009s | Cost:367216.73
LS: mPDG | Count: 1 | TotalTime:0.008s | Cost:370223.21
LS: mPDG | Count: 1 | TotalTime:0.009s | Cost:370223.21
LS: mPDG | Count: 1 | TotalTime:0.008s | Cost:370223.21
LS: BlockRelocate | Count: 1 | TotalTime:0.002s | Cost:371838.28
LS: mPDG | Count: 1 | TotalTime:0.008s | Cost:391589.74
LS: BlockRelocate | Count: 1 | TotalTime:0.003s | Cost:372233.18
LS: BlockExchange | Count: 0 | TotalTime:0.000s | Cost:397201.35
LS: PDPairExchange | Count: 1 | TotalTime:0.003s | Cost:390593.01
Generation 4: Best = 292359.19, Worst = 433351.29, Avg = 399520.34, Time: 0.27125048637390137
LS: BlockRelocate | Count: 0 | TotalTime:0.017s | Cost:292359.19
LS: BlockExchange | Count: 0 | TotalTime:0.005s | Cost:361509.72
LS: mPDG | Count: 0 | TotalTime:0.009s | Cost:367216.73
LS: mPDG | Count: 1 | TotalTime:0.011s | Cost:355883.40
LS: mPDG | Count: 1 | TotalTime:0.009s | Cost:355883.40
LS: mPDG | Count: 1 | TotalTime:0.009s | Cost:355883.40
LS: BlockRelocate | Count: 1 | TotalTime:0.003s | Cost:367601.95
LS: BlockRelocate | Count: 1 | TotalTime:0.003s | Cost:340573.41
LS: PDPairExchange | Count: 0 | TotalTime:0.004s | Cost:390593.01
LS: mPDG | Count: 1 | TotalTime:0.009s | Cost:377249.93
LS: BlockRelocate | Count: 1 | TotalTime:0.001s | Cost:395348.47
Generation 5: Best = 292359.19, Worst = 420784.38, Avg = 394527.46, Time: 0.27268052101135254
Stopping early due to lack of improvement.
Total runtime: 2.05s (0.0 minutes)
Total GA runtime: 1.30s (0.0 minutes)

The solution initialized by Cheapest Insertion:
V_1:[d1_1411060053-1 d1_1450260059-1 p10_1550060062-1 p2_1510490061-1 d2_1510490061-2 p1_1553320064-1 d1_1553320064-1 d10_1550060062-10] V_2:[d1_1154340049-1 p1_1553070063-1 p3_1641430066-1 p1_1509410060-1 p1_1651110067-1 p1_1420180055-1 d1_1420180055-1 d1_1651110067-1 d1_1509410060-1 d3_1641430066-3 d1_1553070063-1] V_3:[d3_1434540057-18 p1_1620510065-1 p1_1700300069-1 d1_1700300069-1 d1_1620510065-1] V_4:[d4_1416140054-4 d1_1353340051-1 p1_1433060056-1 p6_1700010068-1 d6_1700010068-6 d1_1433060056-1] V_5:[d15_1434540057-15]
The fitness value before EA: 295538.3133333333
V_1:[d1_1411060053-1 d1_1450260059-1 p10_1550060062-1 p2_1510490061-1 p1_1620510065-1 p1_1700300069-1 d1_1700300069-1 d1_1620510065-1 d2_1510490061-2 p1_1553320064-1 d1_1553320064-1 d10_1550060062-10] V_2:[d1_1154340049-1 p1_1553070063-1 p3_1641430066-1 p1_1509410060-1 p1_1651110067-1 p1_1420180055-1 d1_1420180055-1 d1_1651110067-1 d1_1509410060-1 d3_1641430066-3 d1_1553070063-1] V_3:[d3_1434540057-18] V_4:[d4_1416140054-4 d1_1353340051-1 p1_1433060056-1 p6_1700010068-1 d6_1700010068-6 d1_1433060056-1] V_5:[d15_1434540057-15]
The fitness value after EA: 292359.19111111114

Thoi gian thuc hien thuat toan:  2.0460658073425293
SUCCESS

2025-11-04 16:11:59,080 [simulate_environment.py | 256] INFO: 2025-11-04 17:20:00, Item 1420180055-1: state = 1 < 2, we can not finish the simulation
2025-11-04 16:11:59,080 [simulate_environment.py | 99] INFO: **************************************************
2025-11-04 16:11:59,080 [simulate_environment.py | 103] INFO: cur time: 2025-11-04 17:30:00, pre time: 2025-11-04 17:20:00
2025-11-04 16:11:59,080 [simulate_environment.py | 140] INFO: Start to update the input of 2025-11-04 17:30:00
2025-11-04 16:11:59,081 [simulate_environment.py | 167] INFO: Get 28 unallocated order items, 26 ongoing order items, 190 completed order items
2025-11-04 16:12:01,025 [simulate_environment.py | 234] INFO: 
LS: mPDG | Count: 0 | TotalTime:0.008s | Cost:276853.64
LS: BlockRelocate | Count: 1 | TotalTime:0.001s | Cost:362769.23
LS: BlockRelocate | Count: 1 | TotalTime:0.001s | Cost:349044.03
LS: BlockRelocate | Count: 1 | TotalTime:0.010s | Cost:391273.09
LS: BlockExchange | Count: 1 | TotalTime:0.000s | Cost:401140.12
LS: mPDG | Count: 1 | TotalTime:0.006s | Cost:346206.42
LS: mPDG | Count: 1 | TotalTime:0.006s | Cost:391273.09
LS: mPDG | Count: 1 | TotalTime:0.006s | Cost:391273.09
LS: mPDG | Count: 1 | TotalTime:0.007s | Cost:391273.09
LS: BlockRelocate | Count: 1 | TotalTime:0.001s | Cost:399006.99
LS: BlockExchange | Count: 1 | TotalTime:0.002s | Cost:401140.12
Generation 1: Best = 276853.64, Worst = 630049.12, Avg = 433047.72, Time: 0.22520685195922852
LS: mPDG | Count: 0 | TotalTime:0.008s | Cost:276853.64
LS: mPDG | Count: 0 | TotalTime:0.008s | Cost:346206.42
LS: BlockRelocate | Count: 1 | TotalTime:0.001s | Cost:344410.77
LS: BlockRelocate | Count: 1 | TotalTime:0.001s | Cost:329842.54
LS: BlockRelocate | Count: 1 | TotalTime:0.000s | Cost:351348.59
LS: mPDG | Count: 1 | TotalTime:0.006s | Cost:327383.06
LS: mPDG | Count: 1 | TotalTime:0.006s | Cost:327383.06
LS: mPDG | Count: 1 | TotalTime:0.006s | Cost:327383.06
LS: BlockRelocate | Count: 1 | TotalTime:0.002s | Cost:367359.68
LS: BlockExchange | Count: 1 | TotalTime:0.001s | Cost:371342.90
LS: BlockExchange | Count: 1 | TotalTime:0.001s | Cost:411140.12
Generation 2: Best = 276853.64, Worst = 411140.12, Avg = 391963.59, Time: 0.2294936180114746
LS: PDPairExchange | Count: 0 | TotalTime:0.002s | Cost:276853.64
LS: mPDG | Count: 1 | TotalTime:0.006s | Cost:316174.81
LS: mPDG | Count: 1 | TotalTime:0.006s | Cost:316174.81
LS: mPDG | Count: 1 | TotalTime:0.006s | Cost:316174.81
LS: BlockRelocate | Count: 1 | TotalTime:0.013s | Cost:309972.59
LS: BlockRelocate | Count: 1 | TotalTime:0.002s | Cost:340210.65
LS: mPDG | Count: 0 | TotalTime:0.007s | Cost:346206.42
LS: BlockRelocate | Count: 1 | TotalTime:0.003s | Cost:349281.54
LS: BlockRelocate | Count: 1 | TotalTime:0.008s | Cost:349330.26
LS: BlockExchange | Count: 1 | TotalTime:0.000s | Cost:355357.00
LS: BlockRelocate | Count: 1 | TotalTime:0.001s | Cost:390693.34
Generation 3: Best = 276853.64, Worst = 411140.12, Avg = 389273.20, Time: 0.22540783882141113
LS: BlockRelocate | Count: 0 | TotalTime:0.013s | Cost:276853.64
LS: BlockRelocate | Count: 1 | TotalTime:0.003s | Cost:303133.88
LS: mPDG | Count: 0 | TotalTime:0.005s | Cost:316174.81
LS: mPDG | Count: 0 | TotalTime:0.005s | Cost:316174.81
LS: mPDG | Count: 0 | TotalTime:0.005s | Cost:316174.81
LS: BlockRelocate | Count: 1 | TotalTime:0.002s | Cost:322667.21
LS: mPDG | Count: 0 | TotalTime:0.007s | Cost:346206.42
LS: BlockRelocate | Count: 1 | TotalTime:0.015s | Cost:320891.89
LS: BlockRelocate | Count: 1 | TotalTime:0.003s | Cost:338395.15
LS: BlockExchange | Count: 0 | TotalTime:0.003s | Cost:355357.00
LS: BlockRelocate | Count: 1 | TotalTime:0.001s | Cost:367579.19
Generation 4: Best = 276853.64, Worst = 411140.12, Avg = 387102.68, Time: 0.23853850364685059
Stopping early due to lack of improvement.
Total runtime: 1.64s (0.0 minutes)
Total GA runtime: 0.92s (0.0 minutes)

The solution initialized by Cheapest Insertion:
V_1:[d1_1411060053-1 d1_1450260059-1 p10_1550060062-1 p2_1510490061-1 p1_1620510065-1 p1_1700300069-1 d1_1700300069-1 d1_1620510065-1 d2_1510490061-2 p1_1553320064-1 d1_1553320064-1 d10_1550060062-10] V_2:[p3_1641430066-1 p1_1509410060-1 p1_1651110067-1 p1_1420180055-1 d1_1420180055-1 d1_1651110067-1 d1_1509410060-1 d3_1641430066-3 d1_1553070063-1] V_3:[d3_1434540057-18] V_4:[d4_1416140054-4 d1_1353340051-1 p1_1433060056-1 p6_1700010068-1 d6_1700010068-6 d1_1433060056-1] V_5:[d15_1434540057-15]
The fitness value before EA: 276853.6355555556
V_1:[d1_1411060053-1 d1_1450260059-1 p10_1550060062-1 p2_1510490061-1 p1_1620510065-1 p1_1700300069-1 d1_1700300069-1 d1_1620510065-1 d2_1510490061-2 p1_1553320064-1 d1_1553320064-1 d10_1550060062-10] V_2:[p3_1641430066-1 p1_1509410060-1 p1_1651110067-1 p1_1420180055-1 d1_1420180055-1 d1_1651110067-1 d1_1509410060-1 d3_1641430066-3 d1_1553070063-1] V_3:[d3_1434540057-18] V_4:[d4_1416140054-4 d1_1353340051-1 p1_1433060056-1 p6_1700010068-1 d6_1700010068-6 d1_1433060056-1] V_5:[d15_1434540057-15]
The fitness value after EA: 276853.6355555556

Thoi gian thuc hien thuat toan:  1.6380369663238525
SUCCESS

2025-11-04 16:12:01,026 [simulate_environment.py | 256] INFO: 2025-11-04 17:30:00, Item 1420180055-1: state = 1 < 2, we can not finish the simulation
2025-11-04 16:12:01,026 [simulate_environment.py | 99] INFO: **************************************************
2025-11-04 16:12:01,026 [simulate_environment.py | 103] INFO: cur time: 2025-11-04 17:40:00, pre time: 2025-11-04 17:30:00
2025-11-04 16:12:01,026 [simulate_environment.py | 140] INFO: Start to update the input of 2025-11-04 17:40:00
2025-11-04 16:12:01,027 [simulate_environment.py | 167] INFO: Get 29 unallocated order items, 26 ongoing order items, 190 completed order items
2025-11-04 16:12:02,985 [simulate_environment.py | 234] INFO: 
LS: BlockExchange | Count: 0 | TotalTime:0.002s | Cost:291773.09
LS: PDPairExchange | Count: 1 | TotalTime:0.003s | Cost:403764.39
LS: PDPairExchange | Count: 1 | TotalTime:0.002s | Cost:403764.39
LS: BlockExchange | Count: 1 | TotalTime:0.000s | Cost:403764.39
LS: BlockRelocate | Count: 1 | TotalTime:0.001s | Cost:423953.34
LS: BlockExchange | Count: 1 | TotalTime:0.001s | Cost:796302.26
LS: PDPairExchange | Count: 1 | TotalTime:0.001s | Cost:403764.39
LS: BlockRelocate | Count: 1 | TotalTime:0.010s | Cost:416219.44
LS: mPDG | Count: 0 | TotalTime:0.010s | Cost:436086.47
LS: PDPairExchange | Count: 1 | TotalTime:0.000s | Cost:403764.39
LS: BlockRelocate | Count: 1 | TotalTime:0.005s | Cost:423953.34
Generation 1: Best = 291773.09, Worst = 796302.26, Avg = 541628.57, Time: 0.22958827018737793
LS: mPDG | Count: 0 | TotalTime:0.007s | Cost:291773.09
LS: PDPairExchange | Count: 1 | TotalTime:0.001s | Cost:403330.80
LS: PDPairExchange | Count: 1 | TotalTime:0.001s | Cost:398914.37
LS: BlockExchange | Count: 1 | TotalTime:0.000s | Cost:387631.04
LS: PDPairExchange | Count: 1 | TotalTime:0.001s | Cost:403330.80
LS: PDPairExchange | Count: 1 | TotalTime:0.001s | Cost:403330.80
LS: BlockRelocate | Count: 1 | TotalTime:0.001s | Cost:376294.94
LS: BlockRelocate | Count: 1 | TotalTime:0.002s | Cost:406923.91
LS: BlockRelocate | Count: 1 | TotalTime:0.002s | Cost:392306.04
LS: mPDG | Count: 0 | TotalTime:0.010s | Cost:436086.47
LS: PDPairExchange | Count: 1 | TotalTime:0.003s | Cost:403764.39
Generation 2: Best = 291773.09, Worst = 436586.47, Avg = 423854.86, Time: 0.22719693183898926
LS: PDPairExchange | Count: 0 | TotalTime:0.003s | Cost:291773.09
LS: BlockRelocate | Count: 1 | TotalTime:0.010s | Cost:345838.24
LS: BlockExchange | Count: 1 | TotalTime:0.002s | Cost:377524.98
LS: BlockRelocate | Count: 1 | TotalTime:0.004s | Cost:386570.30
LS: PDPairExchange | Count: 1 | TotalTime:0.001s | Cost:388808.31
LS: PDPairExchange | Count: 1 | TotalTime:0.001s | Cost:396722.46
LS: PDPairExchange | Count: 1 | TotalTime:0.001s | Cost:396722.46
LS: PDPairExchange | Count: 1 | TotalTime:0.001s | Cost:397845.14
LS: PDPairExchange | Count: 1 | TotalTime:0.000s | Cost:403330.80
LS: BlockRelocate | Count: 1 | TotalTime:0.003s | Cost:395988.81
LS: mPDG | Count: 1 | TotalTime:0.007s | Cost:415552.96
Generation 3: Best = 291773.09, Worst = 436086.47, Avg = 421079.63, Time: 0.22015666961669922
LS: PDPairExchange | Count: 0 | TotalTime:0.002s | Cost:291773.09
LS: BlockRelocate | Count: 1 | TotalTime:0.005s | Cost:330471.54
LS: BlockExchange | Count: 1 | TotalTime:0.002s | Cost:370916.64
LS: BlockRelocate | Count: 1 | TotalTime:0.008s | Cost:371152.78
LS: PDPairExchange | Count: 1 | TotalTime:0.001s | Cost:382199.98
LS: BlockRelocate | Count: 1 | TotalTime:0.007s | Cost:363341.50
LS: PDPairExchange | Count: 1 | TotalTime:0.002s | Cost:382199.98
LS: PDPairExchange | Count: 1 | TotalTime:0.003s | Cost:382199.98
LS: PDPairExchange | Count: 1 | TotalTime:0.001s | Cost:396855.88
LS: PDPairExchange | Count: 1 | TotalTime:0.001s | Cost:396722.46
LS: mPDG | Count: 1 | TotalTime:0.008s | Cost:401213.15
Generation 4: Best = 291773.09, Worst = 436086.47, Avg = 417804.45, Time: 0.23377132415771484
Stopping early due to lack of improvement.
Total runtime: 1.66s (0.0 minutes)
Total GA runtime: 0.91s (0.0 minutes)

The solution initialized by Cheapest Insertion:
V_1:[d1_1411060053-1 d1_1450260059-1 p10_1550060062-1 p2_1510490061-1 p1_1620510065-1 p1_1700300069-1 d1_1700300069-1 d1_1620510065-1 d2_1510490061-2 p1_1553320064-1 d1_1553320064-1 d10_1550060062-10] V_2:[p3_1641430066-1 p1_1509410060-1 p1_1651110067-1 p1_1420180055-1 d1_1420180055-1 d1_1651110067-1 d1_1509410060-1 d3_1641430066-3 d1_1553070063-1] V_3:[d3_1434540057-18 p1_1735470070-1 d1_1735470070-1] V_4:[d4_1416140054-4 d1_1353340051-1 p1_1433060056-1 p6_1700010068-1 d6_1700010068-6 d1_1433060056-1] V_5:[d15_1434540057-15]
The fitness value before EA: 291773.0933333333
V_1:[d1_1411060053-1 d1_1450260059-1 p10_1550060062-1 p2_1510490061-1 p1_1620510065-1 p1_1700300069-1 d1_1700300069-1 d1_1620510065-1 d2_1510490061-2 p1_1553320064-1 d1_1553320064-1 d10_1550060062-10] V_2:[p3_1641430066-1 p1_1509410060-1 p1_1651110067-1 p1_1420180055-1 d1_1420180055-1 d1_1651110067-1 d1_1509410060-1 d3_1641430066-3 d1_1553070063-1] V_3:[d3_1434540057-18 p1_1735470070-1 d1_1735470070-1] V_4:[d4_1416140054-4 d1_1353340051-1 p1_1433060056-1 p6_1700010068-1 d6_1700010068-6 d1_1433060056-1] V_5:[d15_1434540057-15]
The fitness value after EA: 291773.0933333333

Thoi gian thuc hien thuat toan:  1.6589202880859375
SUCCESS

2025-11-04 16:12:02,987 [simulate_environment.py | 256] INFO: 2025-11-04 17:40:00, Item 1420180055-1: state = 1 < 2, we can not finish the simulation
2025-11-04 16:12:02,987 [simulate_environment.py | 99] INFO: **************************************************
2025-11-04 16:12:02,987 [simulate_environment.py | 103] INFO: cur time: 2025-11-04 17:50:00, pre time: 2025-11-04 17:40:00
2025-11-04 16:12:02,987 [simulate_environment.py | 140] INFO: Start to update the input of 2025-11-04 17:50:00
2025-11-04 16:12:02,988 [simulate_environment.py | 167] INFO: Get 30 unallocated order items, 25 ongoing order items, 191 completed order items
2025-11-04 16:12:05,056 [simulate_environment.py | 234] INFO: 
LS: BlockRelocate | Count: 0 | TotalTime:0.018s | Cost:291761.55
LS: mPDG | Count: 1 | TotalTime:0.009s | Cost:431540.98
LS: mPDG | Count: 1 | TotalTime:0.011s | Cost:431540.98
LS: PDPairExchange | Count: 1 | TotalTime:0.001s | Cost:418511.48
LS: mPDG | Count: 1 | TotalTime:0.010s | Cost:431540.98
LS: BlockExchange | Count: 1 | TotalTime:0.003s | Cost:419881.47
LS: BlockRelocate | Count: 1 | TotalTime:0.001s | Cost:427886.14
LS: BlockRelocate | Count: 1 | TotalTime:0.001s | Cost:438158.18
LS: mPDG | Count: 1 | TotalTime:0.010s | Cost:431674.39
LS: BlockRelocate | Count: 1 | TotalTime:0.001s | Cost:455303.37
LS: BlockExchange | Count: 1 | TotalTime:0.003s | Cost:446841.36
Generation 1: Best = 291761.55, Worst = 658237.17, Avg = 489607.92, Time: 0.26445674896240234
LS: BlockExchange | Count: 0 | TotalTime:0.003s | Cost:291761.55
LS: PDPairExchange | Count: 1 | TotalTime:0.001s | Cost:408378.19
LS: BlockExchange | Count: 1 | TotalTime:0.000s | Cost:416928.27
LS: BlockRelocate | Count: 1 | TotalTime:0.001s | Cost:421351.88
LS: mPDG | Count: 1 | TotalTime:0.010s | Cost:410474.73
LS: mPDG | Count: 1 | TotalTime:0.009s | Cost:410474.73
LS: mPDG | Count: 1 | TotalTime:0.010s | Cost:410474.73
LS: mPDG | Count: 1 | TotalTime:0.010s | Cost:409407.42
LS: BlockRelocate | Count: 1 | TotalTime:0.001s | Cost:428091.40
LS: mPDG | Count: 1 | TotalTime:0.013s | Cost:425774.39
LS: BlockExchange | Count: 1 | TotalTime:0.000s | Cost:406164.84
Generation 2: Best = 291761.55, Worst = 497008.02, Avg = 457660.00, Time: 0.26116204261779785
LS: PDPairExchange | Count: 0 | TotalTime:0.003s | Cost:291761.55
LS: BlockExchange | Count: 1 | TotalTime:0.003s | Cost:393620.08
LS: PDPairExchange | Count: 1 | TotalTime:0.002s | Cost:408244.78
LS: mPDG | Count: 0 | TotalTime:0.010s | Cost:409407.42
LS: mPDG | Count: 0 | TotalTime:0.010s | Cost:410474.73
LS: mPDG | Count: 0 | TotalTime:0.010s | Cost:410474.73
LS: mPDG | Count: 0 | TotalTime:0.010s | Cost:410474.73
LS: BlockExchange | Count: 1 | TotalTime:0.001s | Cost:410750.17
LS: BlockRelocate | Count: 1 | TotalTime:0.001s | Cost:406092.35
LS: mPDG | Count: 1 | TotalTime:0.010s | Cost:409132.42
LS: BlockRelocate | Count: 1 | TotalTime:0.002s | Cost:408886.40
Generation 3: Best = 291761.55, Worst = 497008.02, Avg = 434524.85, Time: 0.26551246643066406
LS: BlockRelocate | Count: 0 | TotalTime:0.018s | Cost:291761.55
LS: BlockExchange | Count: 1 | TotalTime:0.002s | Cost:393486.66
LS: BlockRelocate | Count: 1 | TotalTime:0.003s | Cost:361076.16
LS: PDPairExchange | Count: 1 | TotalTime:0.003s | Cost:403894.38
LS: BlockRelocate | Count: 1 | TotalTime:0.001s | Cost:395543.34
LS: mPDG | Count: 0 | TotalTime:0.011s | Cost:409132.42
LS: mPDG | Count: 0 | TotalTime:0.012s | Cost:409407.42
LS: mPDG | Count: 0 | TotalTime:0.012s | Cost:410474.73
LS: mPDG | Count: 0 | TotalTime:0.012s | Cost:410474.73
LS: mPDG | Count: 0 | TotalTime:0.012s | Cost:410474.73
LS: BlockExchange | Count: 1 | TotalTime:0.000s | Cost:404141.84
Generation 4: Best = 291761.55, Worst = 446841.36, Avg = 431319.51, Time: 0.2963221073150635
Stopping early due to lack of improvement.
Total runtime: 1.81s (0.0 minutes)
Total GA runtime: 1.09s (0.0 minutes)

The solution initialized by Cheapest Insertion:
V_1:[d1_1450260059-1 p10_1550060062-1 p2_1510490061-1 p1_1620510065-1 p1_1700300069-1 d1_1700300069-1 d1_1620510065-1 d2_1510490061-2 p1_1553320064-1 d1_1553320064-1 d10_1550060062-10] V_2:[p3_1641430066-1 p1_1509410060-1 p1_1651110067-1 p1_1420180055-1 d1_1420180055-1 d1_1651110067-1 d1_1509410060-1 d3_1641430066-3 d1_1553070063-1 p1_1742060071-1 d1_1742060071-1] V_3:[d3_1434540057-18 p1_1735470070-1 d1_1735470070-1] V_4:[d4_1416140054-4 d1_1353340051-1 p1_1433060056-1 p6_1700010068-1 d6_1700010068-6 d1_1433060056-1] V_5:[d15_1434540057-15]
The fitness value before EA: 291761.5533333333
V_1:[d1_1450260059-1 p10_1550060062-1 p2_1510490061-1 p1_1620510065-1 p1_1700300069-1 d1_1700300069-1 d1_1620510065-1 d2_1510490061-2 p1_1553320064-1 d1_1553320064-1 d10_1550060062-10] V_2:[p3_1641430066-1 p1_1509410060-1 p1_1651110067-1 p1_1420180055-1 d1_1420180055-1 d1_1651110067-1 d1_1509410060-1 d3_1641430066-3 d1_1553070063-1 p1_1742060071-1 d1_1742060071-1] V_3:[d3_1434540057-18 p1_1735470070-1 d1_1735470070-1] V_4:[d4_1416140054-4 d1_1353340051-1 p1_1433060056-1 p6_1700010068-1 d6_1700010068-6 d1_1433060056-1] V_5:[d15_1434540057-15]
The fitness value after EA: 291761.5533333333

Thoi gian thuc hien thuat toan:  1.8059337139129639
SUCCESS

2025-11-04 16:12:05,057 [simulate_environment.py | 256] INFO: 2025-11-04 17:50:00, Item 1420180055-1: state = 1 < 2, we can not finish the simulation
2025-11-04 16:12:05,057 [simulate_environment.py | 99] INFO: **************************************************
2025-11-04 16:12:05,057 [simulate_environment.py | 103] INFO: cur time: 2025-11-04 18:00:00, pre time: 2025-11-04 17:50:00
2025-11-04 16:12:05,057 [simulate_environment.py | 140] INFO: Start to update the input of 2025-11-04 18:00:00
2025-11-04 16:12:05,058 [simulate_environment.py | 167] INFO: Get 30 unallocated order items, 25 ongoing order items, 191 completed order items
2025-11-04 16:12:07,111 [simulate_environment.py | 234] INFO: 
LS: PDPairExchange | Count: 0 | TotalTime:0.003s | Cost:291761.55
LS: mPDG | Count: 1 | TotalTime:0.007s | Cost:404926.43
LS: mPDG | Count: 1 | TotalTime:0.007s | Cost:485925.35
LS: mPDG | Count: 1 | TotalTime:0.007s | Cost:474060.03
LS: PDPairExchange | Count: 1 | TotalTime:0.001s | Cost:560431.49
LS: PDPairExchange | Count: 1 | TotalTime:0.000s | Cost:570225.77
LS: PDPairExchange | Count: 1 | TotalTime:0.000s | Cost:652048.47
LS: mPDG | Count: 1 | TotalTime:0.009s | Cost:681468.69
LS: BlockExchange | Count: 1 | TotalTime:0.001s | Cost:659023.76
LS: mPDG | Count: 1 | TotalTime:0.010s | Cost:691914.64
LS: mPDG | Count: 1 | TotalTime:0.007s | Cost:610797.92
Generation 1: Best = 291761.55, Worst = 877597.43, Avg = 746402.63, Time: 0.2757761478424072
LS: BlockExchange | Count: 0 | TotalTime:0.003s | Cost:291761.55
LS: mPDG | Count: 1 | TotalTime:0.009s | Cost:355615.09
LS: mPDG | Count: 1 | TotalTime:0.008s | Cost:419053.13
LS: mPDG | Count: 1 | TotalTime:0.007s | Cost:460660.10
LS: PDPairExchange | Count: 1 | TotalTime:0.001s | Cost:555314.00
LS: PDPairExchange | Count: 1 | TotalTime:0.001s | Cost:561586.28
LS: mPDG | Count: 1 | TotalTime:0.007s | Cost:595331.57
LS: PDPairExchange | Count: 1 | TotalTime:0.000s | Cost:625832.19
LS: BlockExchange | Count: 1 | TotalTime:0.000s | Cost:654740.07
LS: BlockRelocate | Count: 1 | TotalTime:0.006s | Cost:591568.37
LS: mPDG | Count: 1 | TotalTime:0.009s | Cost:621151.78
Generation 2: Best = 291761.55, Worst = 810660.48, Avg = 700031.71, Time: 0.2655034065246582
LS: BlockExchange | Count: 0 | TotalTime:0.003s | Cost:291761.55
LS: mPDG | Count: 0 | TotalTime:0.010s | Cost:355615.09
LS: mPDG | Count: 1 | TotalTime:0.008s | Cost:407786.83
LS: mPDG | Count: 1 | TotalTime:0.008s | Cost:455393.59
LS: PDPairExchange | Count: 1 | TotalTime:0.001s | Cost:552897.26
LS: PDPairExchange | Count: 1 | TotalTime:0.003s | Cost:476015.98
LS: BlockRelocate | Count: 1 | TotalTime:0.001s | Cost:588276.78
LS: mPDG | Count: 0 | TotalTime:0.009s | Cost:595331.57
LS: mPDG | Count: 1 | TotalTime:0.010s | Cost:617777.12
LS: PDPairExchange | Count: 1 | TotalTime:0.001s | Cost:568153.65
LS: BlockExchange | Count: 1 | TotalTime:0.001s | Cost:644967.54
Generation 3: Best = 291761.55, Worst = 767390.84, Avg = 671400.24, Time: 0.26079225540161133
LS: BlockExchange | Count: 0 | TotalTime:0.003s | Cost:291761.55
LS: mPDG | Count: 0 | TotalTime:0.009s | Cost:355615.09
LS: mPDG | Count: 0 | TotalTime:0.008s | Cost:407786.83
LS: mPDG | Count: 1 | TotalTime:0.007s | Cost:363326.50
LS: PDPairExchange | Count: 0 | TotalTime:0.004s | Cost:476015.98
LS: PDPairExchange | Count: 1 | TotalTime:0.001s | Cost:546413.68
LS: PDPairExchange | Count: 1 | TotalTime:0.002s | Cost:550847.57
LS: BlockRelocate | Count: 1 | TotalTime:0.003s | Cost:586283.04
LS: mPDG | Count: 0 | TotalTime:0.009s | Cost:595331.57
LS: mPDG | Count: 1 | TotalTime:0.009s | Cost:570436.17
LS: BlockExchange | Count: 1 | TotalTime:0.002s | Cost:637441.03
Generation 4: Best = 291761.55, Worst = 767390.84, Avg = 664425.65, Time: 0.27263975143432617
Stopping early due to lack of improvement.
Total runtime: 1.77s (0.0 minutes)
Total GA runtime: 1.07s (0.0 minutes)

The solution initialized by Cheapest Insertion:
V_1:[d1_1450260059-1 p10_1550060062-1 p2_1510490061-1 p1_1620510065-1 p1_1700300069-1 d1_1700300069-1 d1_1620510065-1 d2_1510490061-2 p1_1553320064-1 d1_1553320064-1 d10_1550060062-10] V_2:[p3_1641430066-1 p1_1509410060-1 p1_1651110067-1 p1_1420180055-1 d1_1420180055-1 d1_1651110067-1 d1_1509410060-1 d3_1641430066-3 d1_1553070063-1 p1_1742060071-1 d1_1742060071-1] V_3:[d3_1434540057-18 p1_1735470070-1 d1_1735470070-1] V_4:[d4_1416140054-4 d1_1353340051-1 p1_1433060056-1 p6_1700010068-1 d6_1700010068-6 d1_1433060056-1] V_5:[d15_1434540057-15]
The fitness value before EA: 291761.5533333333
V_1:[d1_1450260059-1 p10_1550060062-1 p2_1510490061-1 p1_1620510065-1 p1_1700300069-1 d1_1700300069-1 d1_1620510065-1 d2_1510490061-2 p1_1553320064-1 d1_1553320064-1 d10_1550060062-10] V_2:[p3_1641430066-1 p1_1509410060-1 p1_1651110067-1 p1_1420180055-1 d1_1420180055-1 d1_1651110067-1 d1_1509410060-1 d3_1641430066-3 d1_1553070063-1 p1_1742060071-1 d1_1742060071-1] V_3:[d3_1434540057-18 p1_1735470070-1 d1_1735470070-1] V_4:[d4_1416140054-4 d1_1353340051-1 p1_1433060056-1 p6_1700010068-1 d6_1700010068-6 d1_1433060056-1] V_5:[d15_1434540057-15]
The fitness value after EA: 291761.5533333333

Thoi gian thuc hien thuat toan:  1.7686424255371094
SUCCESS

2025-11-04 16:12:07,112 [simulate_environment.py | 256] INFO: 2025-11-04 18:00:00, Item 1420180055-1: state = 1 < 2, we can not finish the simulation
2025-11-04 16:12:07,113 [simulate_environment.py | 99] INFO: **************************************************
2025-11-04 16:12:07,113 [simulate_environment.py | 103] INFO: cur time: 2025-11-04 18:10:00, pre time: 2025-11-04 18:00:00
2025-11-04 16:12:07,113 [simulate_environment.py | 140] INFO: Start to update the input of 2025-11-04 18:10:00
2025-11-04 16:12:07,114 [simulate_environment.py | 167] INFO: Get 30 unallocated order items, 21 ongoing order items, 195 completed order items
2025-11-04 16:12:08,989 [simulate_environment.py | 234] INFO: 
LS: BlockRelocate | Count: 0 | TotalTime:0.017s | Cost:291760.03
LS: BlockExchange | Count: 1 | TotalTime:0.001s | Cost:436439.84
LS: BlockRelocate | Count: 1 | TotalTime:0.003s | Cost:425306.14
LS: BlockExchange | Count: 1 | TotalTime:0.000s | Cost:414985.00
LS: BlockExchange | Count: 1 | TotalTime:0.001s | Cost:438222.39
LS: BlockRelocate | Count: 1 | TotalTime:0.001s | Cost:434492.95
LS: mPDG | Count: 1 | TotalTime:0.010s | Cost:425306.14
LS: PDPairExchange | Count: 1 | TotalTime:0.002s | Cost:414985.00
LS: BlockRelocate | Count: 1 | TotalTime:0.001s | Cost:444897.83
LS: BlockRelocate | Count: 1 | TotalTime:0.006s | Cost:427884.62
LS: BlockRelocate | Count: 1 | TotalTime:0.002s | Cost:427884.62
Generation 1: Best = 291760.03, Worst = 741407.51, Avg = 514714.81, Time: 0.22274565696716309
LS: mPDG | Count: 0 | TotalTime:0.009s | Cost:291760.03
LS: BlockExchange | Count: 1 | TotalTime:0.000s | Cost:413701.85
LS: PDPairExchange | Count: 1 | TotalTime:0.002s | Cost:408376.67
LS: BlockRelocate | Count: 1 | TotalTime:0.002s | Cost:352783.16
LS: mPDG | Count: 1 | TotalTime:0.009s | Cost:413081.56
LS: BlockRelocate | Count: 1 | TotalTime:0.002s | Cost:419124.43
LS: BlockRelocate | Count: 1 | TotalTime:0.004s | Cost:405381.48
LS: BlockRelocate | Count: 1 | TotalTime:0.002s | Cost:419467.85
LS: BlockExchange | Count: 1 | TotalTime:0.001s | Cost:499606.50
LS: BlockExchange | Count: 1 | TotalTime:0.001s | Cost:447720.15
LS: BlockRelocate | Count: 1 | TotalTime:0.001s | Cost:439297.47
Generation 2: Best = 291760.03, Worst = 499606.50, Avg = 462257.86, Time: 0.22608017921447754
LS: BlockExchange | Count: 0 | TotalTime:0.003s | Cost:291760.03
LS: BlockRelocate | Count: 1 | TotalTime:0.006s | Cost:351197.03
LS: BlockRelocate | Count: 1 | TotalTime:0.003s | Cost:399013.89
LS: PDPairExchange | Count: 1 | TotalTime:0.000s | Cost:406576.29
LS: mPDG | Count: 0 | TotalTime:0.009s | Cost:413081.56
LS: BlockExchange | Count: 1 | TotalTime:0.000s | Cost:404801.77
LS: BlockRelocate | Count: 1 | TotalTime:0.001s | Cost:405521.31
LS: BlockRelocate | Count: 1 | TotalTime:0.001s | Cost:397784.24
LS: BlockRelocate | Count: 1 | TotalTime:0.001s | Cost:422314.10
LS: mPDG | Count: 1 | TotalTime:0.008s | Cost:425306.14
LS: BlockExchange | Count: 1 | TotalTime:0.000s | Cost:436439.84
Generation 3: Best = 291760.03, Worst = 497006.50, Avg = 452180.54, Time: 0.21581697463989258
LS: BlockExchange | Count: 0 | TotalTime:0.002s | Cost:291760.03
LS: BlockRelocate | Count: 1 | TotalTime:0.004s | Cost:347749.80
LS: BlockRelocate | Count: 1 | TotalTime:0.002s | Cost:347260.87
LS: BlockRelocate | Count: 1 | TotalTime:0.003s | Cost:389644.07
LS: BlockExchange | Count: 1 | TotalTime:0.000s | Cost:404801.77
LS: BlockRelocate | Count: 1 | TotalTime:0.007s | Cost:399153.73
LS: PDPairExchange | Count: 1 | TotalTime:0.000s | Cost:404426.51
LS: mPDG | Count: 0 | TotalTime:0.010s | Cost:413081.56
LS: BlockRelocate | Count: 1 | TotalTime:0.004s | Cost:418192.41
LS: mPDG | Count: 1 | TotalTime:0.009s | Cost:413081.56
LS: BlockExchange | Count: 0 | TotalTime:0.001s | Cost:436439.84
Generation 4: Best = 291760.03, Worst = 495241.12, Avg = 433217.58, Time: 0.2238171100616455
Stopping early due to lack of improvement.
Total runtime: 1.61s (0.0 minutes)
Total GA runtime: 0.89s (0.0 minutes)

The solution initialized by Cheapest Insertion:
V_1:[d1_1450260059-1 p10_1550060062-1 p2_1510490061-1 p1_1620510065-1 p1_1700300069-1 d1_1700300069-1 d1_1620510065-1 d2_1510490061-2 p1_1553320064-1 d1_1553320064-1 d10_1550060062-10] V_2:[p3_1641430066-1 p1_1509410060-1 p1_1651110067-1 p1_1420180055-1 d1_1420180055-1 d1_1651110067-1 d1_1509410060-1 d3_1641430066-3 d1_1553070063-1 p1_1742060071-1 d1_1742060071-1] V_3:[d3_1434540057-18 p1_1735470070-1 d1_1735470070-1] V_4:[d1_1353340051-1 p1_1433060056-1 p6_1700010068-1 d6_1700010068-6 d1_1433060056-1] V_5:[d15_1434540057-15]
The fitness value before EA: 291760.0333333333
V_1:[d1_1450260059-1 p10_1550060062-1 p2_1510490061-1 p1_1620510065-1 p1_1700300069-1 d1_1700300069-1 d1_1620510065-1 d2_1510490061-2 p1_1553320064-1 d1_1553320064-1 d10_1550060062-10] V_2:[p3_1641430066-1 p1_1509410060-1 p1_1651110067-1 p1_1420180055-1 d1_1420180055-1 d1_1651110067-1 d1_1509410060-1 d3_1641430066-3 d1_1553070063-1 p1_1742060071-1 d1_1742060071-1] V_3:[d3_1434540057-18 p1_1735470070-1 d1_1735470070-1] V_4:[d1_1353340051-1 p1_1433060056-1 p6_1700010068-1 d6_1700010068-6 d1_1433060056-1] V_5:[d15_1434540057-15]
The fitness value after EA: 291760.0333333333

Thoi gian thuc hien thuat toan:  1.6149752140045166
SUCCESS

2025-11-04 16:12:08,990 [simulate_environment.py | 256] INFO: 2025-11-04 18:10:00, Item 1420180055-1: state = 1 < 2, we can not finish the simulation
2025-11-04 16:12:08,991 [simulate_environment.py | 99] INFO: **************************************************
2025-11-04 16:12:08,991 [simulate_environment.py | 103] INFO: cur time: 2025-11-04 18:20:00, pre time: 2025-11-04 18:10:00
2025-11-04 16:12:08,991 [simulate_environment.py | 140] INFO: Start to update the input of 2025-11-04 18:20:00
2025-11-04 16:12:08,991 [simulate_environment.py | 167] INFO: Get 12 unallocated order items, 38 ongoing order items, 196 completed order items
2025-11-04 16:12:10,598 [simulate_environment.py | 234] INFO: 
LS: BlockRelocate | Count: 0 | TotalTime:0.006s | Cost:291759.83
LS: PDPairExchange | Count: 1 | TotalTime:0.001s | Cost:308133.48
LS: BlockExchange | Count: 1 | TotalTime:0.000s | Cost:314253.25
LS: mPDG | Count: 0 | TotalTime:0.003s | Cost:333863.11
LS: BlockRelocate | Count: 1 | TotalTime:0.004s | Cost:315636.48
LS: mPDG | Count: 0 | TotalTime:0.002s | Cost:342523.51
LS: PDPairExchange | Count: 1 | TotalTime:0.000s | Cost:390766.43
LS: BlockExchange | Count: 1 | TotalTime:0.000s | Cost:445886.42
LS: PDPairExchange | Count: 0 | TotalTime:0.001s | Cost:457719.95
LS: PDPairExchange | Count: 1 | TotalTime:0.000s | Cost:467286.62
LS: mPDG | Count: 1 | TotalTime:0.002s | Cost:454600.43
Generation 1: Best = 291759.83, Worst = 541720.23, Avg = 478357.60, Time: 0.1647663116455078
LS: BlockRelocate | Count: 0 | TotalTime:0.006s | Cost:291759.83
LS: PDPairExchange | Count: 0 | TotalTime:0.001s | Cost:308133.48
LS: BlockExchange | Count: 0 | TotalTime:0.001s | Cost:314253.25
LS: BlockRelocate | Count: 1 | TotalTime:0.002s | Cost:308563.41
LS: BlockRelocate | Count: 1 | TotalTime:0.006s | Cost:312693.47
LS: BlockRelocate | Count: 1 | TotalTime:0.001s | Cost:341433.22
LS: PDPairExchange | Count: 1 | TotalTime:0.000s | Cost:384033.00
LS: BlockExchange | Count: 1 | TotalTime:0.000s | Cost:444503.19
LS: mPDG | Count: 0 | TotalTime:0.002s | Cost:454600.43
LS: BlockExchange | Count: 0 | TotalTime:0.001s | Cost:457719.95
LS: PDPairExchange | Count: 1 | TotalTime:0.000s | Cost:466123.13
Generation 2: Best = 291759.83, Worst = 517563.17, Avg = 475953.71, Time: 0.16005587577819824
LS: BlockRelocate | Count: 0 | TotalTime:0.005s | Cost:291759.83
LS: PDPairExchange | Count: 0 | TotalTime:0.001s | Cost:308133.48
LS: BlockRelocate | Count: 1 | TotalTime:0.000s | Cost:291759.83
LS: BlockRelocate | Count: 1 | TotalTime:0.003s | Cost:312193.51
LS: BlockExchange | Count: 0 | TotalTime:0.001s | Cost:314253.25
LS: BlockRelocate | Count: 1 | TotalTime:0.000s | Cost:324027.04
LS: PDPairExchange | Count: 1 | TotalTime:0.000s | Cost:324933.00
LS: BlockExchange | Count: 1 | TotalTime:0.000s | Cost:444436.48
LS: mPDG | Count: 0 | TotalTime:0.002s | Cost:454600.43
LS: PDPairExchange | Count: 0 | TotalTime:0.001s | Cost:457719.95
LS: PDPairExchange | Count: 1 | TotalTime:0.000s | Cost:456120.13
Generation 3: Best = 291759.83, Worst = 517563.17, Avg = 473356.73, Time: 0.1473076343536377
LS: BlockRelocate | Count: 0 | TotalTime:0.006s | Cost:291759.83
LS: BlockRelocate | Count: 0 | TotalTime:0.006s | Cost:291759.83
LS: PDPairExchange | Count: 0 | TotalTime:0.001s | Cost:308133.48
LS: BlockRelocate | Count: 1 | TotalTime:0.001s | Cost:308563.41
LS: BlockExchange | Count: 0 | TotalTime:0.001s | Cost:314253.25
LS: BlockRelocate | Count: 1 | TotalTime:0.000s | Cost:318160.37
LS: PDPairExchange | Count: 1 | TotalTime:0.000s | Cost:307876.66
LS: BlockExchange | Count: 0 | TotalTime:0.001s | Cost:444436.48
LS: mPDG | Count: 0 | TotalTime:0.002s | Cost:454600.43
LS: PDPairExchange | Count: 1 | TotalTime:0.000s | Cost:452069.77
LS: PDPairExchange | Count: 0 | TotalTime:0.001s | Cost:457719.95
Generation 4: Best = 291759.83, Worst = 517563.17, Avg = 472591.64, Time: 0.15490055084228516
Stopping early due to lack of improvement.
Total runtime: 1.34s (0.0 minutes)
Total GA runtime: 0.63s (0.0 minutes)

The solution initialized by Cheapest Insertion:
V_1:[p1_1620510065-1 p1_1700300069-1 d1_1700300069-1 d1_1620510065-1 d2_1510490061-2 p1_1553320064-1 d1_1553320064-1 d10_1550060062-10] V_2:[d1_1420180055-1 d1_1651110067-1 d1_1509410060-1 d3_1641430066-3 d1_1553070063-1 p1_1742060071-1 d1_1742060071-1] V_3:[d3_1434540057-18 p1_1735470070-1 d1_1735470070-1] V_4:[d1_1353340051-1 p1_1433060056-1 p6_1700010068-1 d6_1700010068-6 d1_1433060056-1] V_5:[d15_1434540057-15]
The fitness value before EA: 291759.8333333333
V_1:[p1_1620510065-1 p1_1700300069-1 d1_1700300069-1 d1_1620510065-1 d2_1510490061-2 p1_1553320064-1 d1_1553320064-1 d10_1550060062-10] V_2:[d1_1420180055-1 d1_1651110067-1 d1_1509410060-1 d3_1641430066-3 d1_1553070063-1 p1_1742060071-1 d1_1742060071-1] V_3:[d3_1434540057-18 p1_1735470070-1 d1_1735470070-1] V_4:[d1_1353340051-1 p1_1433060056-1 p6_1700010068-1 d6_1700010068-6 d1_1433060056-1] V_5:[d15_1434540057-15]
The fitness value after EA: 291759.8333333333

Thoi gian thuc hien thuat toan:  1.3424429893493652
SUCCESS

2025-11-04 16:12:10,600 [simulate_environment.py | 256] INFO: 2025-11-04 18:20:00, Item 1433060056-1: state = 1 < 2, we can not finish the simulation
2025-11-04 16:12:10,600 [simulate_environment.py | 99] INFO: **************************************************
2025-11-04 16:12:10,600 [simulate_environment.py | 103] INFO: cur time: 2025-11-04 18:30:00, pre time: 2025-11-04 18:20:00
2025-11-04 16:12:10,600 [simulate_environment.py | 140] INFO: Start to update the input of 2025-11-04 18:30:00
2025-11-04 16:12:10,601 [simulate_environment.py | 167] INFO: Get 12 unallocated order items, 38 ongoing order items, 196 completed order items
2025-11-04 16:12:12,188 [simulate_environment.py | 234] INFO: 
LS: BlockExchange | Count: 0 | TotalTime:0.001s | Cost:291759.83
LS: mPDG | Count: 1 | TotalTime:0.002s | Cost:324766.99
LS: BlockExchange | Count: 0 | TotalTime:0.001s | Cost:329076.80
LS: BlockExchange | Count: 0 | TotalTime:0.001s | Cost:339460.71
LS: BlockRelocate | Count: 1 | TotalTime:0.001s | Cost:318307.35
LS: BlockExchange | Count: 0 | TotalTime:0.001s | Cost:346456.91
LS: PDPairExchange | Count: 1 | TotalTime:0.000s | Cost:374127.14
LS: mPDG | Count: 1 | TotalTime:0.002s | Cost:360612.12
LS: mPDG | Count: 1 | TotalTime:0.002s | Cost:321776.60
LS: mPDG | Count: 1 | TotalTime:0.002s | Cost:338416.85
LS: BlockRelocate | Count: 1 | TotalTime:0.002s | Cost:417565.11
Generation 1: Best = 291759.83, Worst = 517563.17, Avg = 463181.70, Time: 0.14990997314453125
LS: PDPairExchange | Count: 0 | TotalTime:0.001s | Cost:291759.83
LS: BlockRelocate | Count: 1 | TotalTime:0.003s | Cost:297123.64
LS: mPDG | Count: 0 | TotalTime:0.002s | Cost:321776.60
LS: mPDG | Count: 0 | TotalTime:0.002s | Cost:324766.99
LS: PDPairExchange | Count: 0 | TotalTime:0.001s | Cost:329076.80
LS: mPDG | Count: 0 | TotalTime:0.003s | Cost:338416.85
LS: mPDG | Count: 1 | TotalTime:0.002s | Cost:337623.80
LS: BlockRelocate | Count: 1 | TotalTime:0.002s | Cost:335730.54
LS: mPDG | Count: 1 | TotalTime:0.002s | Cost:336735.47
LS: PDPairExchange | Count: 0 | TotalTime:0.001s | Cost:374127.14
LS: BlockRelocate | Count: 1 | TotalTime:0.002s | Cost:382523.24
Generation 2: Best = 291759.83, Worst = 517563.17, Avg = 460865.06, Time: 0.16697406768798828
LS: BlockExchange | Count: 0 | TotalTime:0.001s | Cost:291759.83
LS: BlockRelocate | Count: 1 | TotalTime:0.002s | Cost:297116.86
LS: mPDG | Count: 0 | TotalTime:0.003s | Cost:321776.60
LS: mPDG | Count: 0 | TotalTime:0.003s | Cost:324766.99
LS: BlockExchange | Count: 0 | TotalTime:0.001s | Cost:329076.80
LS: BlockRelocate | Count: 1 | TotalTime:0.002s | Cost:320666.95
LS: mPDG | Count: 0 | TotalTime:0.003s | Cost:336735.47
LS: mPDG | Count: 0 | TotalTime:0.003s | Cost:337623.80
LS: mPDG | Count: 0 | TotalTime:0.003s | Cost:338416.85
LS: PDPairExchange | Count: 0 | TotalTime:0.001s | Cost:374127.14
LS: BlockRelocate | Count: 1 | TotalTime:0.001s | Cost:381690.29
Generation 3: Best = 291759.83, Worst = 517563.17, Avg = 460467.48, Time: 0.1591348648071289
LS: PDPairExchange | Count: 0 | TotalTime:0.001s | Cost:291759.83
LS: BlockRelocate | Count: 1 | TotalTime:0.002s | Cost:291759.83
LS: BlockRelocate | Count: 1 | TotalTime:0.001s | Cost:320660.17
LS: mPDG | Count: 0 | TotalTime:0.002s | Cost:321776.60
LS: mPDG | Count: 0 | TotalTime:0.002s | Cost:324766.99
LS: BlockExchange | Count: 0 | TotalTime:0.001s | Cost:329076.80
LS: mPDG | Count: 0 | TotalTime:0.003s | Cost:336735.47
LS: mPDG | Count: 0 | TotalTime:0.002s | Cost:337623.80
LS: mPDG | Count: 0 | TotalTime:0.003s | Cost:338416.85
LS: PDPairExchange | Count: 0 | TotalTime:0.001s | Cost:374127.14
LS: BlockRelocate | Count: 1 | TotalTime:0.003s | Cost:381690.27
Generation 4: Best = 291759.83, Worst = 517563.17, Avg = 460333.38, Time: 0.15845513343811035
Stopping early due to lack of improvement.
Total runtime: 1.32s (0.0 minutes)
Total GA runtime: 0.63s (0.0 minutes)

The solution initialized by Cheapest Insertion:
V_1:[p1_1620510065-1 p1_1700300069-1 d1_1700300069-1 d1_1620510065-1 d2_1510490061-2 p1_1553320064-1 d1_1553320064-1 d10_1550060062-10] V_2:[d1_1420180055-1 d1_1651110067-1 d1_1509410060-1 d3_1641430066-3 d1_1553070063-1 p1_1742060071-1 d1_1742060071-1] V_3:[d3_1434540057-18 p1_1735470070-1 d1_1735470070-1] V_4:[d1_1353340051-1 p1_1433060056-1 p6_1700010068-1 d6_1700010068-6 d1_1433060056-1] V_5:[d15_1434540057-15]
The fitness value before EA: 291759.8333333333
V_1:[p1_1620510065-1 p1_1700300069-1 d1_1700300069-1 d1_1620510065-1 d2_1510490061-2 p1_1553320064-1 d1_1553320064-1 d10_1550060062-10] V_2:[d1_1420180055-1 d1_1651110067-1 d1_1509410060-1 d3_1641430066-3 d1_1553070063-1 p1_1742060071-1 d1_1742060071-1] V_3:[d3_1434540057-18 p1_1735470070-1 d1_1735470070-1] V_4:[d1_1353340051-1 p1_1433060056-1 p6_1700010068-1 d6_1700010068-6 d1_1433060056-1] V_5:[d15_1434540057-15]
The fitness value after EA: 291759.8333333333

Thoi gian thuc hien thuat toan:  1.3238201141357422
SUCCESS

2025-11-04 16:12:12,189 [simulate_environment.py | 256] INFO: 2025-11-04 18:30:00, Item 1433060056-1: state = 1 < 2, we can not finish the simulation
2025-11-04 16:12:12,190 [simulate_environment.py | 99] INFO: **************************************************
2025-11-04 16:12:12,190 [simulate_environment.py | 103] INFO: cur time: 2025-11-04 18:40:00, pre time: 2025-11-04 18:30:00
2025-11-04 16:12:12,190 [simulate_environment.py | 140] INFO: Start to update the input of 2025-11-04 18:40:00
2025-11-04 16:12:12,190 [simulate_environment.py | 167] INFO: Get 12 unallocated order items, 38 ongoing order items, 196 completed order items
2025-11-04 16:12:13,813 [simulate_environment.py | 234] INFO: 
LS: BlockExchange | Count: 0 | TotalTime:0.001s | Cost:291759.83
LS: BlockRelocate | Count: 1 | TotalTime:0.001s | Cost:303583.28
LS: BlockExchange | Count: 1 | TotalTime:0.000s | Cost:355037.22
LS: mPDG | Count: 1 | TotalTime:0.002s | Cost:315020.37
LS: BlockRelocate | Count: 1 | TotalTime:0.001s | Cost:378267.07
LS: BlockRelocate | Count: 1 | TotalTime:0.001s | Cost:404258.36
LS: BlockExchange | Count: 0 | TotalTime:0.001s | Cost:436910.11
LS: BlockRelocate | Count: 1 | TotalTime:0.001s | Cost:439234.92
LS: mPDG | Count: 1 | TotalTime:0.002s | Cost:303583.28
LS: BlockRelocate | Count: 1 | TotalTime:0.001s | Cost:380970.15
LS: BlockExchange | Count: 1 | TotalTime:0.001s | Cost:477635.82
Generation 1: Best = 291759.83, Worst = 535923.89, Avg = 476361.41, Time: 0.15278196334838867
LS: BlockRelocate | Count: 0 | TotalTime:0.006s | Cost:291759.83
LS: BlockRelocate | Count: 1 | TotalTime:0.004s | Cost:302456.88
LS: mPDG | Count: 0 | TotalTime:0.003s | Cost:303583.28
LS: mPDG | Count: 0 | TotalTime:0.002s | Cost:315020.37
LS: BlockExchange | Count: 1 | TotalTime:0.000s | Cost:354903.81
LS: BlockRelocate | Count: 1 | TotalTime:0.002s | Cost:349240.32
LS: BlockRelocate | Count: 1 | TotalTime:0.001s | Cost:376167.21
LS: BlockRelocate | Count: 1 | TotalTime:0.001s | Cost:384158.02
LS: BlockExchange | Count: 0 | TotalTime:0.001s | Cost:436910.11
LS: BlockRelocate | Count: 1 | TotalTime:0.001s | Cost:403084.62
LS: BlockExchange | Count: 1 | TotalTime:0.000s | Cost:473039.42
Generation 2: Best = 291759.83, Worst = 517563.17, Avg = 471854.54, Time: 0.16941070556640625
LS: BlockRelocate | Count: 0 | TotalTime:0.006s | Cost:291759.83
LS: BlockRelocate | Count: 1 | TotalTime:0.000s | Cost:299910.20
LS: mPDG | Count: 0 | TotalTime:0.003s | Cost:303583.28
LS: mPDG | Count: 0 | TotalTime:0.002s | Cost:315020.37
LS: BlockRelocate | Count: 1 | TotalTime:0.002s | Cost:335590.22
LS: BlockExchange | Count: 0 | TotalTime:0.001s | Cost:354903.81
LS: BlockRelocate | Count: 1 | TotalTime:0.001s | Cost:342833.68
LS: BlockRelocate | Count: 1 | TotalTime:0.000s | Cost:365338.09
LS: BlockRelocate | Count: 1 | TotalTime:0.002s | Cost:402428.14
LS: BlockExchange | Count: 0 | TotalTime:0.001s | Cost:436910.11
LS: BlockExchange | Count: 0 | TotalTime:0.001s | Cost:473039.42
Generation 3: Best = 291759.83, Worst = 517563.17, Avg = 470129.37, Time: 0.15904545783996582
LS: PDPairExchange | Count: 0 | TotalTime:0.001s | Cost:291759.83
LS: BlockRelocate | Count: 0 | TotalTime:0.006s | Cost:299910.20
LS: mPDG | Count: 0 | TotalTime:0.003s | Cost:303583.28
LS: mPDG | Count: 0 | TotalTime:0.002s | Cost:315020.37
LS: BlockRelocate | Count: 1 | TotalTime:0.001s | Cost:334933.74
LS: BlockRelocate | Count: 1 | TotalTime:0.001s | Cost:332747.03
LS: BlockExchange | Count: 0 | TotalTime:0.001s | Cost:354903.81
LS: BlockRelocate | Count: 1 | TotalTime:0.004s | Cost:302456.88
LS: BlockRelocate | Count: 1 | TotalTime:0.000s | Cost:326803.45
LS: BlockExchange | Count: 0 | TotalTime:0.001s | Cost:436910.11
LS: BlockExchange | Count: 1 | TotalTime:0.001s | Cost:472737.02
Generation 4: Best = 291759.83, Worst = 517563.17, Avg = 461983.94, Time: 0.1588280200958252
Stopping early due to lack of improvement.
Total runtime: 1.36s (0.0 minutes)
Total GA runtime: 0.64s (0.0 minutes)

The solution initialized by Cheapest Insertion:
V_1:[p1_1620510065-1 p1_1700300069-1 d1_1700300069-1 d1_1620510065-1 d2_1510490061-2 p1_1553320064-1 d1_1553320064-1 d10_1550060062-10] V_2:[d1_1420180055-1 d1_1651110067-1 d1_1509410060-1 d3_1641430066-3 d1_1553070063-1 p1_1742060071-1 d1_1742060071-1] V_3:[d3_1434540057-18 p1_1735470070-1 d1_1735470070-1] V_4:[d1_1353340051-1 p1_1433060056-1 p6_1700010068-1 d6_1700010068-6 d1_1433060056-1] V_5:[d15_1434540057-15]
The fitness value before EA: 291759.8333333333
V_1:[p1_1620510065-1 p1_1700300069-1 d1_1700300069-1 d1_1620510065-1 d2_1510490061-2 p1_1553320064-1 d1_1553320064-1 d10_1550060062-10] V_2:[d1_1420180055-1 d1_1651110067-1 d1_1509410060-1 d3_1641430066-3 d1_1553070063-1 p1_1742060071-1 d1_1742060071-1] V_3:[d3_1434540057-18 p1_1735470070-1 d1_1735470070-1] V_4:[d1_1353340051-1 p1_1433060056-1 p6_1700010068-1 d6_1700010068-6 d1_1433060056-1] V_5:[d15_1434540057-15]
The fitness value after EA: 291759.8333333333

Thoi gian thuc hien thuat toan:  1.3574230670928955
SUCCESS

2025-11-04 16:12:13,815 [simulate_environment.py | 256] INFO: 2025-11-04 18:40:00, Item 1433060056-1: state = 1 < 2, we can not finish the simulation
2025-11-04 16:12:13,816 [simulate_environment.py | 99] INFO: **************************************************
2025-11-04 16:12:13,816 [simulate_environment.py | 103] INFO: cur time: 2025-11-04 18:50:00, pre time: 2025-11-04 18:40:00
2025-11-04 16:12:13,816 [simulate_environment.py | 140] INFO: Start to update the input of 2025-11-04 18:50:00
2025-11-04 16:12:13,817 [simulate_environment.py | 167] INFO: Get 12 unallocated order items, 38 ongoing order items, 196 completed order items
2025-11-04 16:12:15,475 [simulate_environment.py | 234] INFO: 
LS: PDPairExchange | Count: 0 | TotalTime:0.001s | Cost:291759.83
LS: mPDG | Count: 1 | TotalTime:0.002s | Cost:331633.42
LS: BlockExchange | Count: 0 | TotalTime:0.001s | Cost:374358.50
LS: PDPairExchange | Count: 1 | TotalTime:0.001s | Cost:312693.47
LS: PDPairExchange | Count: 1 | TotalTime:0.000s | Cost:391920.05
LS: mPDG | Count: 1 | TotalTime:0.002s | Cost:333863.11
LS: mPDG | Count: 1 | TotalTime:0.003s | Cost:355990.43
LS: mPDG | Count: 0 | TotalTime:0.002s | Cost:445721.03
LS: PDPairExchange | Count: 1 | TotalTime:0.000s | Cost:413565.02
LS: PDPairExchange | Count: 1 | TotalTime:0.000s | Cost:399518.83
LS: BlockRelocate | Count: 1 | TotalTime:0.000s | Cost:405201.34
Generation 1: Best = 291759.83, Worst = 523283.88, Avg = 476864.73, Time: 0.1476273536682129
LS: PDPairExchange | Count: 0 | TotalTime:0.001s | Cost:291759.83
LS: PDPairExchange | Count: 0 | TotalTime:0.001s | Cost:312693.47
LS: mPDG | Count: 1 | TotalTime:0.002s | Cost:317300.09
LS: mPDG | Count: 0 | TotalTime:0.003s | Cost:333863.11
LS: mPDG | Count: 1 | TotalTime:0.002s | Cost:317300.09
LS: BlockRelocate | Count: 1 | TotalTime:0.002s | Cost:363921.93
LS: PDPairExchange | Count: 1 | TotalTime:0.000s | Cost:391556.53
LS: PDPairExchange | Count: 0 | TotalTime:0.001s | Cost:399518.83
LS: BlockRelocate | Count: 1 | TotalTime:0.002s | Cost:306099.95
LS: PDPairExchange | Count: 1 | TotalTime:0.000s | Cost:408306.78
LS: PDPairExchange | Count: 1 | TotalTime:0.000s | Cost:422244.33
Generation 2: Best = 291759.83, Worst = 517563.17, Avg = 471847.42, Time: 0.15122723579406738
LS: mPDG | Count: 0 | TotalTime:0.002s | Cost:291759.83
LS: BlockRelocate | Count: 1 | TotalTime:0.001s | Cost:292893.27
LS: PDPairExchange | Count: 0 | TotalTime:0.001s | Cost:312693.47
LS: mPDG | Count: 0 | TotalTime:0.002s | Cost:317300.09
LS: mPDG | Count: 0 | TotalTime:0.002s | Cost:317300.09
LS: mPDG | Count: 0 | TotalTime:0.003s | Cost:333863.11
LS: BlockRelocate | Count: 1 | TotalTime:0.003s | Cost:344118.81
LS: PDPairExchange | Count: 1 | TotalTime:0.000s | Cost:391489.82
LS: PDPairExchange | Count: 0 | TotalTime:0.001s | Cost:399518.83
LS: PDPairExchange | Count: 1 | TotalTime:0.000s | Cost:406692.87
LS: PDPairExchange | Count: 0 | TotalTime:0.001s | Cost:422244.33
Generation 3: Best = 291759.83, Worst = 517563.17, Avg = 470980.16, Time: 0.15156030654907227
LS: mPDG | Count: 0 | TotalTime:0.003s | Cost:291759.83
LS: BlockRelocate | Count: 0 | TotalTime:0.007s | Cost:292893.27
LS: PDPairExchange | Count: 0 | TotalTime:0.001s | Cost:312693.47
LS: mPDG | Count: 0 | TotalTime:0.003s | Cost:317300.09
LS: mPDG | Count: 0 | TotalTime:0.002s | Cost:317300.09
LS: mPDG | Count: 0 | TotalTime:0.003s | Cost:333863.11
LS: BlockRelocate | Count: 1 | TotalTime:0.006s | Cost:299910.20
LS: PDPairExchange | Count: 1 | TotalTime:0.000s | Cost:381483.82
LS: PDPairExchange | Count: 0 | TotalTime:0.001s | Cost:399518.83
LS: PDPairExchange | Count: 0 | TotalTime:0.001s | Cost:406692.87
LS: PDPairExchange | Count: 0 | TotalTime:0.001s | Cost:422244.33
Generation 4: Best = 291759.83, Worst = 517563.17, Avg = 469624.80, Time: 0.17275691032409668
Stopping early due to lack of improvement.
Total runtime: 1.33s (0.0 minutes)
Total GA runtime: 0.62s (0.0 minutes)

The solution initialized by Cheapest Insertion:
V_1:[p1_1620510065-1 p1_1700300069-1 d1_1700300069-1 d1_1620510065-1 d2_1510490061-2 p1_1553320064-1 d1_1553320064-1 d10_1550060062-10] V_2:[d1_1420180055-1 d1_1651110067-1 d1_1509410060-1 d3_1641430066-3 d1_1553070063-1 p1_1742060071-1 d1_1742060071-1] V_3:[d3_1434540057-18 p1_1735470070-1 d1_1735470070-1] V_4:[d1_1353340051-1 p1_1433060056-1 p6_1700010068-1 d6_1700010068-6 d1_1433060056-1] V_5:[d15_1434540057-15]
The fitness value before EA: 291759.8333333333
V_1:[p1_1620510065-1 p1_1700300069-1 d1_1700300069-1 d1_1620510065-1 d2_1510490061-2 p1_1553320064-1 d1_1553320064-1 d10_1550060062-10] V_2:[d1_1420180055-1 d1_1651110067-1 d1_1509410060-1 d3_1641430066-3 d1_1553070063-1 p1_1742060071-1 d1_1742060071-1] V_3:[d3_1434540057-18 p1_1735470070-1 d1_1735470070-1] V_4:[d1_1353340051-1 p1_1433060056-1 p6_1700010068-1 d6_1700010068-6 d1_1433060056-1] V_5:[d15_1434540057-15]
The fitness value after EA: 291759.8333333333

Thoi gian thuc hien thuat toan:  1.3267319202423096
SUCCESS

2025-11-04 16:12:15,477 [simulate_environment.py | 256] INFO: 2025-11-04 18:50:00, Item 1433060056-1: state = 1 < 2, we can not finish the simulation
2025-11-04 16:12:15,477 [simulate_environment.py | 99] INFO: **************************************************
2025-11-04 16:12:15,477 [simulate_environment.py | 103] INFO: cur time: 2025-11-04 19:00:00, pre time: 2025-11-04 18:50:00
2025-11-04 16:12:15,478 [simulate_environment.py | 140] INFO: Start to update the input of 2025-11-04 19:00:00
2025-11-04 16:12:15,478 [simulate_environment.py | 167] INFO: Get 12 unallocated order items, 37 ongoing order items, 197 completed order items
2025-11-04 16:12:17,338 [simulate_environment.py | 234] INFO: 
LS: BlockRelocate | Count: 0 | TotalTime:0.005s | Cost:281819.32
LS: BlockRelocate | Count: 1 | TotalTime:0.001s | Cost:288946.18
LS: BlockRelocate | Count: 1 | TotalTime:0.002s | Cost:296152.66
LS: BlockRelocate | Count: 1 | TotalTime:0.001s | Cost:292986.29
LS: PDPairExchange | Count: 1 | TotalTime:0.001s | Cost:305253.02
LS: BlockExchange | Count: 1 | TotalTime:0.001s | Cost:293642.77
LS: PDPairExchange | Count: 1 | TotalTime:0.000s | Cost:343192.35
LS: mPDG | Count: 1 | TotalTime:0.002s | Cost:315469.60
LS: BlockExchange | Count: 1 | TotalTime:0.000s | Cost:331786.31
LS: BlockRelocate | Count: 1 | TotalTime:0.004s | Cost:287176.35
LS: PDPairExchange | Count: 0 | TotalTime:0.000s | Cost:360519.88
Generation 1: Best = 281819.32, Worst = 544739.87, Avg = 430389.49, Time: 0.16115975379943848
LS: mPDG | Count: 0 | TotalTime:0.001s | Cost:281819.32
LS: BlockRelocate | Count: 1 | TotalTime:0.004s | Cost:281819.32
LS: BlockRelocate | Count: 1 | TotalTime:0.003s | Cost:282952.76
LS: BlockRelocate | Count: 1 | TotalTime:0.002s | Cost:282952.76
LS: BlockExchange | Count: 0 | TotalTime:0.001s | Cost:293642.77
LS: BlockRelocate | Count: 1 | TotalTime:0.001s | Cost:281819.32
LS: PDPairExchange | Count: 0 | TotalTime:0.001s | Cost:305253.02
LS: mPDG | Count: 1 | TotalTime:0.002s | Cost:281819.32
LS: BlockExchange | Count: 1 | TotalTime:0.001s | Cost:315653.14
LS: PDPairExchange | Count: 1 | TotalTime:0.000s | Cost:339886.47
LS: PDPairExchange | Count: 0 | TotalTime:0.000s | Cost:360519.88
Generation 2: Best = 281819.32, Worst = 544739.87, Avg = 428169.32, Time: 0.18761968612670898
LS: BlockExchange | Count: 0 | TotalTime:0.001s | Cost:281819.32
LS: BlockRelocate | Count: 0 | TotalTime:0.005s | Cost:281819.32
LS: BlockRelocate | Count: 0 | TotalTime:0.004s | Cost:281819.32
LS: mPDG | Count: 0 | TotalTime:0.001s | Cost:281819.32
LS: BlockRelocate | Count: 0 | TotalTime:0.004s | Cost:282952.76
LS: BlockRelocate | Count: 0 | TotalTime:0.004s | Cost:282952.76
LS: BlockExchange | Count: 0 | TotalTime:0.000s | Cost:293642.77
LS: PDPairExchange | Count: 0 | TotalTime:0.000s | Cost:305253.02
LS: BlockExchange | Count: 0 | TotalTime:0.000s | Cost:315653.14
LS: PDPairExchange | Count: 0 | TotalTime:0.000s | Cost:339886.47
LS: PDPairExchange | Count: 0 | TotalTime:0.000s | Cost:360519.88
Generation 3: Best = 281819.32, Worst = 544739.87, Avg = 428169.32, Time: 0.14391231536865234
LS: BlockRelocate | Count: 0 | TotalTime:0.005s | Cost:281819.32
LS: BlockRelocate | Count: 0 | TotalTime:0.004s | Cost:281819.32
LS: BlockRelocate | Count: 0 | TotalTime:0.004s | Cost:281819.32
LS: mPDG | Count: 0 | TotalTime:0.001s | Cost:281819.32
LS: BlockRelocate | Count: 0 | TotalTime:0.004s | Cost:282952.76
LS: BlockRelocate | Count: 0 | TotalTime:0.005s | Cost:282952.76
LS: BlockExchange | Count: 0 | TotalTime:0.001s | Cost:293642.77
LS: PDPairExchange | Count: 0 | TotalTime:0.001s | Cost:305253.02
LS: BlockExchange | Count: 0 | TotalTime:0.001s | Cost:315653.14
LS: PDPairExchange | Count: 0 | TotalTime:0.001s | Cost:339886.47
LS: PDPairExchange | Count: 0 | TotalTime:0.000s | Cost:360519.88
Generation 4: Best = 281819.32, Worst = 544739.87, Avg = 428169.32, Time: 0.14492344856262207
Stopping early due to lack of improvement.
Total runtime: 1.50s (0.0 minutes)
Total GA runtime: 0.64s (0.0 minutes)

The solution initialized by Cheapest Insertion:
V_1:[p1_1620510065-1 p1_1700300069-1 d1_1700300069-1 d1_1620510065-1 d2_1510490061-2 p1_1553320064-1 d1_1553320064-1 d10_1550060062-10] V_2:[d1_1420180055-1 d1_1651110067-1 d1_1509410060-1 d3_1641430066-3 d1_1553070063-1 p1_1742060071-1 d1_1742060071-1] V_3:[d3_1434540057-18 p1_1735470070-1 d1_1735470070-1] V_4:[p1_1433060056-1 p6_1700010068-1 d6_1700010068-6 d1_1433060056-1] V_5:[d15_1434540057-15]
The fitness value before EA: 281819.32444444444
V_1:[p1_1620510065-1 p1_1700300069-1 d1_1700300069-1 d1_1620510065-1 d2_1510490061-2 p1_1553320064-1 d1_1553320064-1 d10_1550060062-10] V_2:[d1_1420180055-1 d1_1651110067-1 d1_1509410060-1 d3_1641430066-3 d1_1553070063-1 p1_1742060071-1 d1_1742060071-1] V_3:[d3_1434540057-18 p1_1735470070-1 d1_1735470070-1] V_4:[p1_1433060056-1 p6_1700010068-1 d6_1700010068-6 d1_1433060056-1] V_5:[d15_1434540057-15]
The fitness value after EA: 281819.32444444444

Thoi gian thuc hien thuat toan:  1.4960439205169678
SUCCESS

2025-11-04 16:12:17,340 [simulate_environment.py | 256] INFO: 2025-11-04 19:00:00, Item 1433060056-1: state = 1 < 2, we can not finish the simulation
2025-11-04 16:12:17,340 [simulate_environment.py | 99] INFO: **************************************************
2025-11-04 16:12:17,341 [simulate_environment.py | 103] INFO: cur time: 2025-11-04 19:10:00, pre time: 2025-11-04 19:00:00
2025-11-04 16:12:17,341 [simulate_environment.py | 140] INFO: Start to update the input of 2025-11-04 19:10:00
2025-11-04 16:12:17,342 [simulate_environment.py | 167] INFO: Get 13 unallocated order items, 34 ongoing order items, 200 completed order items
2025-11-04 16:12:19,176 [simulate_environment.py | 234] INFO: 
LS: BlockExchange | Count: 0 | TotalTime:0.001s | Cost:267172.56
LS: BlockExchange | Count: 1 | TotalTime:0.001s | Cost:293015.11
LS: PDPairExchange | Count: 1 | TotalTime:0.000s | Cost:293704.24
LS: BlockExchange | Count: 1 | TotalTime:0.000s | Cost:300354.30
LS: BlockRelocate | Count: 1 | TotalTime:0.001s | Cost:302505.92
LS: BlockExchange | Count: 1 | TotalTime:0.001s | Cost:301672.58
LS: BlockRelocate | Count: 1 | TotalTime:0.004s | Cost:320230.54
LS: BlockRelocate | Count: 1 | TotalTime:0.003s | Cost:294842.29
LS: mPDG | Count: 1 | TotalTime:0.002s | Cost:298701.42
LS: mPDG | Count: 0 | TotalTime:0.003s | Cost:324239.43
LS: mPDG | Count: 1 | TotalTime:0.002s | Cost:303589.23
Generation 1: Best = 267172.56, Worst = 610580.65, Avg = 434136.78, Time: 0.16128826141357422
LS: BlockExchange | Count: 0 | TotalTime:0.001s | Cost:267172.56
LS: BlockExchange | Count: 0 | TotalTime:0.001s | Cost:293015.11
LS: PDPairExchange | Count: 0 | TotalTime:0.001s | Cost:293704.24
LS: BlockRelocate | Count: 1 | TotalTime:0.001s | Cost:293812.60
LS: mPDG | Count: 0 | TotalTime:0.002s | Cost:298701.42
LS: BlockExchange | Count: 1 | TotalTime:0.000s | Cost:298904.36
LS: BlockExchange | Count: 0 | TotalTime:0.001s | Cost:301672.58
LS: BlockRelocate | Count: 1 | TotalTime:0.002s | Cost:302406.96
LS: mPDG | Count: 0 | TotalTime:0.002s | Cost:303589.23
LS: BlockRelocate | Count: 1 | TotalTime:0.002s | Cost:302406.96
LS: BlockRelocate | Count: 1 | TotalTime:0.004s | Cost:300896.01
Generation 2: Best = 267172.56, Worst = 610580.65, Avg = 432523.76, Time: 0.16990327835083008
LS: PDPairExchange | Count: 0 | TotalTime:0.000s | Cost:267172.56
LS: BlockExchange | Count: 0 | TotalTime:0.001s | Cost:293015.11
LS: PDPairExchange | Count: 0 | TotalTime:0.001s | Cost:293704.24
LS: BlockRelocate | Count: 1 | TotalTime:0.001s | Cost:283738.74
LS: mPDG | Count: 0 | TotalTime:0.002s | Cost:298701.42
LS: BlockExchange | Count: 1 | TotalTime:0.001s | Cost:293704.24
LS: BlockRelocate | Count: 1 | TotalTime:0.002s | Cost:278995.83
LS: BlockExchange | Count: 0 | TotalTime:0.001s | Cost:301672.58
LS: BlockRelocate | Count: 1 | TotalTime:0.004s | Cost:279188.54
LS: BlockRelocate | Count: 1 | TotalTime:0.002s | Cost:279188.54
LS: mPDG | Count: 0 | TotalTime:0.003s | Cost:303589.23
Generation 3: Best = 267172.56, Worst = 610580.65, Avg = 429914.11, Time: 0.1595602035522461
LS: mPDG | Count: 0 | TotalTime:0.002s | Cost:267172.56
LS: BlockRelocate | Count: 1 | TotalTime:0.002s | Cost:267172.56
LS: BlockRelocate | Count: 1 | TotalTime:0.004s | Cost:267365.09
LS: BlockRelocate | Count: 1 | TotalTime:0.002s | Cost:267365.09
LS: BlockRelocate | Count: 1 | TotalTime:0.004s | Cost:279188.54
LS: BlockExchange | Count: 0 | TotalTime:0.001s | Cost:293015.11
LS: PDPairExchange | Count: 0 | TotalTime:0.001s | Cost:293704.24
LS: BlockExchange | Count: 0 | TotalTime:0.001s | Cost:293704.24
LS: mPDG | Count: 0 | TotalTime:0.002s | Cost:298701.42
LS: BlockExchange | Count: 0 | TotalTime:0.001s | Cost:301672.58
LS: mPDG | Count: 0 | TotalTime:0.003s | Cost:303589.23
Generation 4: Best = 267172.56, Worst = 610580.65, Avg = 428913.60, Time: 0.15309906005859375
Stopping early due to lack of improvement.
Total runtime: 1.47s (0.0 minutes)
Total GA runtime: 0.64s (0.0 minutes)

The solution initialized by Cheapest Insertion:
V_1:[p1_1620510065-1 p1_1700300069-1 d1_1700300069-1 d1_1620510065-1 d2_1510490061-2 p1_1553320064-1 d1_1553320064-1 d10_1550060062-10] V_2:[d1_1420180055-1 d1_1651110067-1 d1_1509410060-1 d3_1641430066-3 d1_1553070063-1 p1_1742060071-1 d1_1742060071-1 p1_1906390072-1 d1_1906390072-1] V_3:[p1_1735470070-1 d1_1735470070-1] V_4:[p1_1433060056-1 p6_1700010068-1 d6_1700010068-6 d1_1433060056-1] V_5:[d15_1434540057-15]
The fitness value before EA: 267172.56444444443
V_1:[p1_1620510065-1 p1_1700300069-1 d1_1700300069-1 d1_1620510065-1 d2_1510490061-2 p1_1553320064-1 d1_1553320064-1 d10_1550060062-10] V_2:[d1_1420180055-1 d1_1651110067-1 d1_1509410060-1 d3_1641430066-3 d1_1553070063-1 p1_1742060071-1 d1_1742060071-1 p1_1906390072-1 d1_1906390072-1] V_3:[p1_1735470070-1 d1_1735470070-1] V_4:[p1_1433060056-1 p6_1700010068-1 d6_1700010068-6 d1_1433060056-1] V_5:[d15_1434540057-15]
The fitness value after EA: 267172.56444444443

Thoi gian thuc hien thuat toan:  1.474900722503662
SUCCESS

2025-11-04 16:12:19,177 [simulate_environment.py | 256] INFO: 2025-11-04 19:10:00, Item 1433060056-1: state = 1 < 2, we can not finish the simulation
2025-11-04 16:12:19,178 [simulate_environment.py | 99] INFO: **************************************************
2025-11-04 16:12:19,178 [simulate_environment.py | 103] INFO: cur time: 2025-11-04 19:20:00, pre time: 2025-11-04 19:10:00
2025-11-04 16:12:19,178 [simulate_environment.py | 140] INFO: Start to update the input of 2025-11-04 19:20:00
2025-11-04 16:12:19,178 [simulate_environment.py | 167] INFO: Get 13 unallocated order items, 32 ongoing order items, 202 completed order items
2025-11-04 16:12:20,674 [simulate_environment.py | 234] INFO: 
LS: BlockRelocate | Count: 0 | TotalTime:0.004s | Cost:258622.56
LS: mPDG | Count: 0 | TotalTime:0.002s | Cost:270445.83
LS: BlockRelocate | Count: 1 | TotalTime:0.001s | Cost:273980.72
LS: BlockRelocate | Count: 1 | TotalTime:0.002s | Cost:278139.05
LS: BlockExchange | Count: 1 | TotalTime:0.000s | Cost:294796.11
LS: PDPairExchange | Count: 1 | TotalTime:0.000s | Cost:294737.58
LS: PDPairExchange | Count: 0 | TotalTime:0.000s | Cost:305872.76
LS: BlockRelocate | Count: 1 | TotalTime:0.001s | Cost:281750.70
LS: mPDG | Count: 1 | TotalTime:0.002s | Cost:270187.74
LS: BlockExchange | Count: 0 | TotalTime:0.000s | Cost:398352.10
LS: PDPairExchange | Count: 0 | TotalTime:0.001s | Cost:407907.42
Generation 1: Best = 258622.56, Worst = 602030.65, Avg = 447219.62, Time: 0.1278088092803955
LS: PDPairExchange | Count: 0 | TotalTime:0.001s | Cost:258622.56
LS: mPDG | Count: 0 | TotalTime:0.002s | Cost:270187.74
LS: BlockRelocate | Count: 1 | TotalTime:0.001s | Cost:258622.56
LS: BlockRelocate | Count: 1 | TotalTime:0.004s | Cost:261087.38
LS: BlockRelocate | Count: 1 | TotalTime:0.004s | Cost:270445.83
LS: BlockRelocate | Count: 1 | TotalTime:0.000s | Cost:270445.83
LS: PDPairExchange | Count: 0 | TotalTime:0.001s | Cost:294737.58
LS: BlockExchange | Count: 1 | TotalTime:0.000s | Cost:285437.66
LS: mPDG | Count: 0 | TotalTime:0.002s | Cost:305872.76
LS: mPDG | Count: 0 | TotalTime:0.002s | Cost:398352.10
LS: PDPairExchange | Count: 0 | TotalTime:0.001s | Cost:407907.42
Generation 2: Best = 258622.56, Worst = 602030.65, Avg = 445892.79, Time: 0.13607406616210938
LS: BlockExchange | Count: 0 | TotalTime:0.001s | Cost:258622.56
LS: BlockRelocate | Count: 0 | TotalTime:0.004s | Cost:258622.56
LS: BlockRelocate | Count: 1 | TotalTime:0.003s | Cost:258815.09
LS: mPDG | Count: 0 | TotalTime:0.002s | Cost:270187.74
LS: BlockRelocate | Count: 1 | TotalTime:0.001s | Cost:258622.56
LS: BlockRelocate | Count: 1 | TotalTime:0.006s | Cost:258622.56
LS: BlockExchange | Count: 0 | TotalTime:0.001s | Cost:285437.66
LS: PDPairExchange | Count: 0 | TotalTime:0.000s | Cost:294737.58
LS: PDPairExchange | Count: 0 | TotalTime:0.000s | Cost:305872.76
LS: PDPairExchange | Count: 0 | TotalTime:0.000s | Cost:398352.10
LS: PDPairExchange | Count: 0 | TotalTime:0.000s | Cost:407907.42
Generation 3: Best = 258622.56, Worst = 602030.65, Avg = 445244.82, Time: 0.13619422912597656
LS: mPDG | Count: 0 | TotalTime:0.002s | Cost:258622.56
LS: BlockRelocate | Count: 0 | TotalTime:0.004s | Cost:258622.56
LS: BlockRelocate | Count: 0 | TotalTime:0.004s | Cost:258622.56
LS: BlockRelocate | Count: 0 | TotalTime:0.004s | Cost:258622.56
LS: BlockRelocate | Count: 1 | TotalTime:0.002s | Cost:258622.56
LS: mPDG | Count: 0 | TotalTime:0.002s | Cost:270187.74
LS: BlockExchange | Count: 0 | TotalTime:0.000s | Cost:285437.66
LS: PDPairExchange | Count: 0 | TotalTime:0.001s | Cost:294737.58
LS: BlockRelocate | Count: 1 | TotalTime:0.000s | Cost:272920.91
LS: BlockExchange | Count: 0 | TotalTime:0.000s | Cost:398352.10
LS: BlockRelocate | Count: 1 | TotalTime:0.003s | Cost:261087.38
Generation 4: Best = 258622.56, Worst = 602030.65, Avg = 440745.71, Time: 0.1431121826171875
Stopping early due to lack of improvement.
Total runtime: 1.23s (0.0 minutes)
Total GA runtime: 0.54s (0.0 minutes)

The solution initialized by Cheapest Insertion:
V_1:[p1_1620510065-1 p1_1700300069-1 d1_1700300069-1 d1_1620510065-1 d2_1510490061-2 p1_1553320064-1 d1_1553320064-1 d10_1550060062-10] V_2:[d1_1509410060-1 d3_1641430066-3 d1_1553070063-1 p1_1742060071-1 d1_1742060071-1 p1_1906390072-1 d1_1906390072-1] V_3:[p1_1735470070-1 d1_1735470070-1] V_4:[p1_1433060056-1 p6_1700010068-1 d6_1700010068-6 d1_1433060056-1] V_5:[d15_1434540057-15]
The fitness value before EA: 258622.56444444443
V_1:[p1_1620510065-1 p1_1700300069-1 d1_1700300069-1 d1_1620510065-1 d2_1510490061-2 p1_1553320064-1 d1_1553320064-1 d10_1550060062-10] V_2:[d1_1509410060-1 d3_1641430066-3 d1_1553070063-1 p1_1742060071-1 d1_1742060071-1 p1_1906390072-1 d1_1906390072-1] V_3:[p1_1735470070-1 d1_1735470070-1] V_4:[p1_1433060056-1 p6_1700010068-1 d6_1700010068-6 d1_1433060056-1] V_5:[d15_1434540057-15]
The fitness value after EA: 258622.56444444443

Thoi gian thuc hien thuat toan:  1.2318615913391113
SUCCESS

2025-11-04 16:12:20,675 [simulate_environment.py | 256] INFO: 2025-11-04 19:20:00, Item 1433060056-1: state = 1 < 2, we can not finish the simulation
2025-11-04 16:12:20,676 [simulate_environment.py | 99] INFO: **************************************************
2025-11-04 16:12:20,676 [simulate_environment.py | 103] INFO: cur time: 2025-11-04 19:30:00, pre time: 2025-11-04 19:20:00
2025-11-04 16:12:20,676 [simulate_environment.py | 140] INFO: Start to update the input of 2025-11-04 19:30:00
2025-11-04 16:12:20,676 [simulate_environment.py | 167] INFO: Get 14 unallocated order items, 32 ongoing order items, 202 completed order items
2025-11-04 16:12:22,231 [simulate_environment.py | 234] INFO: 
LS: PDPairExchange | Count: 0 | TotalTime:0.001s | Cost:258622.44
LS: BlockExchange | Count: 1 | TotalTime:0.001s | Cost:261090.26
LS: BlockRelocate | Count: 1 | TotalTime:0.002s | Cost:279340.26
LS: PDPairExchange | Count: 1 | TotalTime:0.000s | Cost:294388.00
LS: BlockExchange | Count: 1 | TotalTime:0.000s | Cost:304623.08
LS: mPDG | Count: 0 | TotalTime:0.002s | Cost:325122.56
LS: PDPairExchange | Count: 1 | TotalTime:0.000s | Cost:340697.74
LS: BlockRelocate | Count: 1 | TotalTime:0.000s | Cost:321310.26
LS: PDPairExchange | Count: 1 | TotalTime:0.000s | Cost:340562.88
LS: PDPairExchange | Count: 1 | TotalTime:0.001s | Cost:348018.49
LS: PDPairExchange | Count: 1 | TotalTime:0.000s | Cost:399136.26
Generation 1: Best = 258622.44, Worst = 613064.10, Avg = 491797.11, Time: 0.13952279090881348
LS: BlockExchange | Count: 0 | TotalTime:0.001s | Cost:258622.44
LS: BlockExchange | Count: 0 | TotalTime:0.001s | Cost:261090.26
LS: BlockRelocate | Count: 1 | TotalTime:0.003s | Cost:272923.79
LS: PDPairExchange | Count: 1 | TotalTime:0.000s | Cost:291059.76
LS: BlockExchange | Count: 0 | TotalTime:0.001s | Cost:304623.08
LS: BlockRelocate | Count: 1 | TotalTime:0.000s | Cost:313943.70
LS: BlockRelocate | Count: 1 | TotalTime:0.003s | Cost:278138.93
LS: PDPairExchange | Count: 1 | TotalTime:0.000s | Cost:322629.64
LS: PDPairExchange | Count: 1 | TotalTime:0.000s | Cost:333686.63
LS: PDPairExchange | Count: 1 | TotalTime:0.000s | Cost:340276.03
LS: PDPairExchange | Count: 1 | TotalTime:0.000s | Cost:396435.96
Generation 2: Best = 258622.44, Worst = 613064.10, Avg = 489310.06, Time: 0.1418461799621582
LS: mPDG | Count: 0 | TotalTime:0.003s | Cost:258622.44
LS: BlockExchange | Count: 1 | TotalTime:0.000s | Cost:258821.87
LS: BlockRelocate | Count: 1 | TotalTime:0.002s | Cost:272920.97
LS: BlockRelocate | Count: 1 | TotalTime:0.004s | Cost:270445.71
LS: PDPairExchange | Count: 0 | TotalTime:0.001s | Cost:291059.76
LS: BlockExchange | Count: 0 | TotalTime:0.001s | Cost:304623.08
LS: BlockRelocate | Count: 1 | TotalTime:0.004s | Cost:306644.58
LS: PDPairExchange | Count: 1 | TotalTime:0.001s | Cost:311684.74
LS: PDPairExchange | Count: 1 | TotalTime:0.000s | Cost:278803.20
LS: PDPairExchange | Count: 0 | TotalTime:0.001s | Cost:340276.03
LS: PDPairExchange | Count: 1 | TotalTime:0.000s | Cost:387077.87
Generation 3: Best = 258622.44, Worst = 613064.10, Avg = 486998.81, Time: 0.15138483047485352
LS: BlockExchange | Count: 0 | TotalTime:0.001s | Cost:258622.44
LS: BlockExchange | Count: 0 | TotalTime:0.001s | Cost:258821.87
LS: BlockRelocate | Count: 1 | TotalTime:0.006s | Cost:258622.44
LS: BlockRelocate | Count: 1 | TotalTime:0.000s | Cost:270648.68
LS: PDPairExchange | Count: 0 | TotalTime:0.001s | Cost:278803.20
LS: PDPairExchange | Count: 0 | TotalTime:0.001s | Cost:291059.76
LS: BlockExchange | Count: 0 | TotalTime:0.001s | Cost:304623.08
LS: BlockRelocate | Count: 1 | TotalTime:0.000s | Cost:300318.52
LS: PDPairExchange | Count: 1 | TotalTime:0.000s | Cost:302326.29
LS: PDPairExchange | Count: 0 | TotalTime:0.001s | Cost:340276.03
LS: PDPairExchange | Count: 1 | TotalTime:0.000s | Cost:364286.05
Generation 4: Best = 258622.44, Worst = 613064.10, Avg = 485684.52, Time: 0.14166045188903809
Stopping early due to lack of improvement.
Total runtime: 1.28s (0.0 minutes)
Total GA runtime: 0.57s (0.0 minutes)

The solution initialized by Cheapest Insertion:
V_1:[p1_1620510065-1 p1_1700300069-1 d1_1700300069-1 d1_1620510065-1 d2_1510490061-2 p1_1553320064-1 d1_1553320064-1 d10_1550060062-10] V_2:[d1_1509410060-1 d3_1641430066-3 d1_1553070063-1 p1_1742060071-1 d1_1742060071-1 p1_1906390072-1 d1_1906390072-1 p1_1922280073-1 d1_1922280073-1] V_3:[p1_1735470070-1 d1_1735470070-1] V_4:[p1_1433060056-1 p6_1700010068-1 d6_1700010068-6 d1_1433060056-1] V_5:[d15_1434540057-15]
The fitness value before EA: 258622.44444444444
V_1:[p1_1620510065-1 p1_1700300069-1 d1_1700300069-1 d1_1620510065-1 d2_1510490061-2 p1_1553320064-1 d1_1553320064-1 d10_1550060062-10] V_2:[d1_1509410060-1 d3_1641430066-3 d1_1553070063-1 p1_1742060071-1 d1_1742060071-1 p1_1906390072-1 d1_1906390072-1 p1_1922280073-1 d1_1922280073-1] V_3:[p1_1735470070-1 d1_1735470070-1] V_4:[p1_1433060056-1 p6_1700010068-1 d6_1700010068-6 d1_1433060056-1] V_5:[d15_1434540057-15]
The fitness value after EA: 258622.44444444444

Thoi gian thuc hien thuat toan:  1.2802393436431885
SUCCESS

2025-11-04 16:12:22,232 [simulate_environment.py | 256] INFO: 2025-11-04 19:30:00, Item 1433060056-1: state = 1 < 2, we can not finish the simulation
2025-11-04 16:12:22,233 [simulate_environment.py | 99] INFO: **************************************************
2025-11-04 16:12:22,233 [simulate_environment.py | 103] INFO: cur time: 2025-11-04 19:40:00, pre time: 2025-11-04 19:30:00
2025-11-04 16:12:22,233 [simulate_environment.py | 140] INFO: Start to update the input of 2025-11-04 19:40:00
2025-11-04 16:12:22,233 [simulate_environment.py | 167] INFO: Get 6 unallocated order items, 41 ongoing order items, 202 completed order items
2025-11-04 16:12:23,927 [simulate_environment.py | 234] INFO: 
LS: PDPairExchange | Count: 0 | TotalTime:0.000s | Cost:258626.16
LS: BlockRelocate | Count: 1 | TotalTime:0.003s | Cost:258626.16
LS: mPDG | Count: 0 | TotalTime:0.002s | Cost:266940.36
LS: BlockRelocate | Count: 1 | TotalTime:0.001s | Cost:269145.85
LS: BlockRelocate | Count: 1 | TotalTime:0.001s | Cost:258626.16
LS: BlockExchange | Count: 1 | TotalTime:0.000s | Cost:261091.34
LS: BlockRelocate | Count: 1 | TotalTime:0.001s | Cost:270001.27
LS: BlockRelocate | Count: 1 | TotalTime:0.003s | Cost:276421.27
LS: mPDG | Count: 1 | TotalTime:0.002s | Cost:273984.68
LS: mPDG | Count: 1 | TotalTime:0.002s | Cost:273984.68
LS: BlockExchange | Count: 1 | TotalTime:0.000s | Cost:286432.15
Generation 1: Best = 258626.16, Worst = 423227.87, Avg = 350146.03, Time: 0.1356830596923828
LS: PDPairExchange | Count: 0 | TotalTime:0.000s | Cost:258626.16
LS: BlockRelocate | Count: 0 | TotalTime:0.005s | Cost:258626.16
LS: BlockRelocate | Count: 0 | TotalTime:0.005s | Cost:258626.16
LS: BlockExchange | Count: 1 | TotalTime:0.001s | Cost:258824.67
LS: PDPairExchange | Count: 0 | TotalTime:0.001s | Cost:266940.36
LS: BlockRelocate | Count: 1 | TotalTime:0.002s | Cost:266873.57
LS: BlockRelocate | Count: 1 | TotalTime:0.001s | Cost:267536.46
LS: mPDG | Count: 0 | TotalTime:0.002s | Cost:273984.68
LS: mPDG | Count: 0 | TotalTime:0.002s | Cost:273984.68
LS: BlockRelocate | Count: 1 | TotalTime:0.000s | Cost:273990.30
LS: BlockExchange | Count: 1 | TotalTime:0.000s | Cost:265474.49
Generation 2: Best = 258626.16, Worst = 423227.87, Avg = 349386.22, Time: 0.18371200561523438
LS: BlockExchange | Count: 0 | TotalTime:0.001s | Cost:258626.16
LS: BlockRelocate | Count: 0 | TotalTime:0.006s | Cost:258626.16
LS: BlockRelocate | Count: 0 | TotalTime:0.006s | Cost:258626.16
LS: BlockExchange | Count: 1 | TotalTime:0.001s | Cost:258634.78
LS: BlockExchange | Count: 1 | TotalTime:0.001s | Cost:263207.82
LS: BlockRelocate | Count: 1 | TotalTime:0.004s | Cost:258824.73
LS: BlockExchange | Count: 0 | TotalTime:0.001s | Cost:266940.36
LS: BlockRelocate | Count: 1 | TotalTime:0.003s | Cost:258633.06
LS: mPDG | Count: 0 | TotalTime:0.004s | Cost:273984.68
LS: mPDG | Count: 0 | TotalTime:0.002s | Cost:273984.68
LS: BlockRelocate | Count: 1 | TotalTime:0.000s | Cost:264362.34
Generation 3: Best = 258626.16, Worst = 423227.87, Avg = 348660.30, Time: 0.20855474472045898
LS: PDPairExchange | Count: 0 | TotalTime:0.001s | Cost:258626.16
LS: BlockRelocate | Count: 0 | TotalTime:0.005s | Cost:258626.16
LS: BlockRelocate | Count: 0 | TotalTime:0.005s | Cost:258626.16
LS: BlockRelocate | Count: 1 | TotalTime:0.002s | Cost:258626.16
LS: BlockExchange | Count: 1 | TotalTime:0.000s | Cost:258633.06
LS: BlockRelocate | Count: 1 | TotalTime:0.004s | Cost:258629.06
LS: BlockExchange | Count: 0 | TotalTime:0.001s | Cost:263207.82
LS: BlockRelocate | Count: 1 | TotalTime:0.002s | Cost:259823.38
LS: BlockExchange | Count: 0 | TotalTime:0.001s | Cost:266940.36
LS: mPDG | Count: 0 | TotalTime:0.002s | Cost:273984.68
LS: mPDG | Count: 0 | TotalTime:0.002s | Cost:273984.68
Generation 4: Best = 258626.16, Worst = 423227.87, Avg = 348296.98, Time: 0.17800664901733398
Stopping early due to lack of improvement.
Total runtime: 1.40s (0.0 minutes)
Total GA runtime: 0.71s (0.0 minutes)

The solution initialized by Cheapest Insertion:
V_1:[d1_1700300069-1 d1_1620510065-1 d2_1510490061-2 p1_1553320064-1 d1_1553320064-1 d10_1550060062-10] V_2:[d1_1509410060-1 d3_1641430066-3 d1_1553070063-1 p1_1742060071-1 d1_1742060071-1 p1_1906390072-1 d1_1906390072-1 p1_1922280073-1 d1_1922280073-1] V_3:[p1_1735470070-1 d1_1735470070-1] V_4:[d6_1700010068-6 d1_1433060056-1 p1_1936210074-1 d1_1936210074-1] V_5:[d15_1434540057-15]
The fitness value before EA: 258626.16444444444
V_1:[d1_1700300069-1 d1_1620510065-1 d2_1510490061-2 p1_1553320064-1 d1_1553320064-1 d10_1550060062-10] V_2:[d1_1509410060-1 d3_1641430066-3 d1_1553070063-1 p1_1742060071-1 d1_1742060071-1 p1_1906390072-1 d1_1906390072-1 p1_1922280073-1 d1_1922280073-1] V_3:[p1_1735470070-1 d1_1735470070-1] V_4:[d6_1700010068-6 d1_1433060056-1 p1_1936210074-1 d1_1936210074-1] V_5:[d15_1434540057-15]
The fitness value after EA: 258626.16444444444

Thoi gian thuc hien thuat toan:  1.40501070022583
SUCCESS

2025-11-04 16:12:23,930 [simulate_environment.py | 256] INFO: 2025-11-04 19:40:00, Item 1553320064-1: state = 1 < 2, we can not finish the simulation
2025-11-04 16:12:23,931 [simulate_environment.py | 99] INFO: **************************************************
2025-11-04 16:12:23,931 [simulate_environment.py | 103] INFO: cur time: 2025-11-04 19:50:00, pre time: 2025-11-04 19:40:00
2025-11-04 16:12:23,931 [simulate_environment.py | 140] INFO: Start to update the input of 2025-11-04 19:50:00
2025-11-04 16:12:23,932 [simulate_environment.py | 167] INFO: Get 7 unallocated order items, 25 ongoing order items, 218 completed order items
2025-11-04 16:12:25,658 [simulate_environment.py | 234] INFO: 
LS: PDPairExchange | Count: 0 | TotalTime:0.001s | Cost:83748.08
LS: mPDG | Count: 1 | TotalTime:0.002s | Cost:83946.65
LS: BlockRelocate | Count: 1 | TotalTime:0.003s | Cost:92821.76
LS: mPDG | Count: 0 | TotalTime:0.002s | Cost:103261.39
LS: BlockExchange | Count: 1 | TotalTime:0.001s | Cost:103365.73
LS: mPDG | Count: 1 | TotalTime:0.002s | Cost:99112.21
LS: PDPairExchange | Count: 1 | TotalTime:0.000s | Cost:96498.08
LS: BlockRelocate | Count: 1 | TotalTime:0.000s | Cost:91340.71
LS: BlockExchange | Count: 1 | TotalTime:0.000s | Cost:103351.76
LS: mPDG | Count: 1 | TotalTime:0.003s | Cost:117460.37
LS: BlockExchange | Count: 1 | TotalTime:0.000s | Cost:119782.54
Generation 1: Best = 83748.08, Worst = 251116.45, Avg = 188904.67, Time: 0.1309983730316162
LS: BlockExchange | Count: 0 | TotalTime:0.001s | Cost:83748.08
LS: mPDG | Count: 1 | TotalTime:0.002s | Cost:83943.47
LS: BlockRelocate | Count: 1 | TotalTime:0.003s | Cost:91333.81
LS: BlockRelocate | Count: 1 | TotalTime:0.000s | Cost:88157.91
LS: PDPairExchange | Count: 0 | TotalTime:0.001s | Cost:96498.08
LS: mPDG | Count: 1 | TotalTime:0.002s | Cost:99106.59
LS: BlockExchange | Count: 1 | TotalTime:0.000s | Cost:117017.30
LS: BlockExchange | Count: 1 | TotalTime:0.000s | Cost:91534.98
LS: BlockExchange | Count: 1 | TotalTime:0.001s | Cost:103365.67
LS: mPDG | Count: 1 | TotalTime:0.003s | Cost:88157.93
LS: BlockExchange | Count: 1 | TotalTime:0.000s | Cost:119426.92
Generation 2: Best = 83748.08, Worst = 251116.45, Avg = 187764.13, Time: 0.13742327690124512
LS: BlockRelocate | Count: 0 | TotalTime:0.005s | Cost:83748.08
LS: mPDG | Count: 0 | TotalTime:0.002s | Cost:83943.47
LS: BlockRelocate | Count: 1 | TotalTime:0.002s | Cost:83753.68
LS: mPDG | Count: 1 | TotalTime:0.003s | Cost:83748.08
LS: BlockRelocate | Count: 1 | TotalTime:0.003s | Cost:83751.96
LS: BlockExchange | Count: 0 | TotalTime:0.001s | Cost:91534.98
LS: PDPairExchange | Count: 0 | TotalTime:0.001s | Cost:96498.08
LS: mPDG | Count: 1 | TotalTime:0.002s | Cost:83748.08
LS: BlockExchange | Count: 0 | TotalTime:0.001s | Cost:103365.67
LS: BlockExchange | Count: 0 | TotalTime:0.000s | Cost:117017.30
LS: BlockExchange | Count: 1 | TotalTime:0.000s | Cost:99926.72
Generation 3: Best = 83748.08, Worst = 247810.67, Avg = 186317.47, Time: 0.14505910873413086
LS: PDPairExchange | Count: 0 | TotalTime:0.001s | Cost:83748.08
LS: mPDG | Count: 0 | TotalTime:0.003s | Cost:83748.08
LS: mPDG | Count: 0 | TotalTime:0.003s | Cost:83748.08
LS: BlockRelocate | Count: 0 | TotalTime:0.006s | Cost:83751.96
LS: BlockRelocate | Count: 1 | TotalTime:0.001s | Cost:83753.52
LS: mPDG | Count: 0 | TotalTime:0.002s | Cost:83943.47
LS: BlockExchange | Count: 0 | TotalTime:0.001s | Cost:91534.98
LS: PDPairExchange | Count: 0 | TotalTime:0.001s | Cost:96498.08
LS: BlockExchange | Count: 0 | TotalTime:0.001s | Cost:99926.72
LS: BlockExchange | Count: 0 | TotalTime:0.001s | Cost:103365.67
LS: BlockExchange | Count: 1 | TotalTime:0.000s | Cost:115352.54
Generation 4: Best = 83748.08, Worst = 247810.67, Avg = 186275.85, Time: 0.13795208930969238
Stopping early due to lack of improvement.
Total runtime: 1.35s (0.0 minutes)
Total GA runtime: 0.55s (0.0 minutes)

The solution initialized by Cheapest Insertion:
V_1:[d1_1700300069-1 d1_1620510065-1 d2_1510490061-2 p1_1553320064-1 d1_1553320064-1 d10_1550060062-10 p1_1948360075-1 d1_1948360075-1] V_2:[d3_1641430066-3 d1_1553070063-1 p1_1742060071-1 d1_1742060071-1 p1_1906390072-1 d1_1906390072-1 p1_1922280073-1 d1_1922280073-1] V_3:[p1_1735470070-1 d1_1735470070-1] V_4:[d6_1700010068-6 d1_1433060056-1 p1_1936210074-1 d1_1936210074-1] V_5:[]
The fitness value before EA: 83748.08
V_1:[d1_1700300069-1 d1_1620510065-1 d2_1510490061-2 p1_1553320064-1 d1_1553320064-1 d10_1550060062-10 p1_1948360075-1 d1_1948360075-1] V_2:[d3_1641430066-3 d1_1553070063-1 p1_1742060071-1 d1_1742060071-1 p1_1906390072-1 d1_1906390072-1 p1_1922280073-1 d1_1922280073-1] V_3:[p1_1735470070-1 d1_1735470070-1] V_4:[d6_1700010068-6 d1_1433060056-1 p1_1936210074-1 d1_1936210074-1] V_5:[]
The fitness value after EA: 83748.08

Thoi gian thuc hien thuat toan:  1.3530247211456299
SUCCESS

2025-11-04 16:12:25,659 [simulate_environment.py | 256] INFO: 2025-11-04 19:50:00, Item 1553320064-1: state = 1 < 2, we can not finish the simulation
2025-11-04 16:12:25,659 [simulate_environment.py | 99] INFO: **************************************************
2025-11-04 16:12:25,659 [simulate_environment.py | 103] INFO: cur time: 2025-11-04 20:00:00, pre time: 2025-11-04 19:50:00
2025-11-04 16:12:25,660 [simulate_environment.py | 140] INFO: Start to update the input of 2025-11-04 20:00:00
2025-11-04 16:12:25,660 [simulate_environment.py | 167] INFO: Get 9 unallocated order items, 25 ongoing order items, 218 completed order items
2025-11-04 16:12:27,501 [simulate_environment.py | 234] INFO: 
LS: PDPairExchange | Count: 0 | TotalTime:0.001s | Cost:84088.39
LS: mPDG | Count: 1 | TotalTime:0.003s | Cost:92969.91
LS: BlockExchange | Count: 1 | TotalTime:0.000s | Cost:105252.02
LS: BlockRelocate | Count: 1 | TotalTime:0.000s | Cost:107830.68
LS: mPDG | Count: 1 | TotalTime:0.004s | Cost:88032.17
LS: BlockRelocate | Count: 1 | TotalTime:0.000s | Cost:131381.06
LS: BlockExchange | Count: 1 | TotalTime:0.000s | Cost:144632.16
LS: BlockRelocate | Count: 1 | TotalTime:0.001s | Cost:141987.54
LS: PDPairExchange | Count: 1 | TotalTime:0.000s | Cost:163377.00
LS: mPDG | Count: 1 | TotalTime:0.004s | Cost:152761.52
LS: BlockRelocate | Count: 1 | TotalTime:0.000s | Cost:119760.09
Generation 1: Best = 84088.39, Worst = 274216.38, Avg = 214740.48, Time: 0.1642763614654541
LS: BlockExchange | Count: 0 | TotalTime:0.002s | Cost:84088.39
LS: mPDG | Count: 0 | TotalTime:0.004s | Cost:88032.17
LS: mPDG | Count: 1 | TotalTime:0.003s | Cost:90414.07
LS: BlockExchange | Count: 1 | TotalTime:0.001s | Cost:102527.02
LS: BlockRelocate | Count: 1 | TotalTime:0.002s | Cost:98380.70
LS: BlockRelocate | Count: 1 | TotalTime:0.004s | Cost:117207.48
LS: BlockRelocate | Count: 1 | TotalTime:0.002s | Cost:112787.00
LS: BlockRelocate | Count: 1 | TotalTime:0.001s | Cost:137601.67
LS: BlockExchange | Count: 1 | TotalTime:0.001s | Cost:141249.20
LS: mPDG | Count: 1 | TotalTime:0.004s | Cost:146950.25
LS: PDPairExchange | Count: 1 | TotalTime:0.001s | Cost:160918.73
Generation 2: Best = 84088.39, Worst = 274216.38, Avg = 213442.58, Time: 0.17942595481872559
LS: BlockExchange | Count: 0 | TotalTime:0.002s | Cost:84088.39
LS: mPDG | Count: 0 | TotalTime:0.005s | Cost:88032.17
LS: mPDG | Count: 0 | TotalTime:0.004s | Cost:90414.07
LS: BlockRelocate | Count: 1 | TotalTime:0.005s | Cost:97112.75
LS: BlockExchange | Count: 1 | TotalTime:0.001s | Cost:95887.97
LS: BlockRelocate | Count: 1 | TotalTime:0.001s | Cost:101790.46
LS: BlockRelocate | Count: 1 | TotalTime:0.001s | Cost:116881.30
LS: BlockRelocate | Count: 1 | TotalTime:0.001s | Cost:120283.20
LS: BlockExchange | Count: 1 | TotalTime:0.001s | Cost:138026.92
LS: mPDG | Count: 1 | TotalTime:0.004s | Cost:92806.78
LS: PDPairExchange | Count: 1 | TotalTime:0.001s | Cost:150024.50
Generation 3: Best = 84088.39, Worst = 274216.38, Avg = 210468.62, Time: 0.19310712814331055
LS: PDPairExchange | Count: 0 | TotalTime:0.001s | Cost:84088.39
LS: mPDG | Count: 0 | TotalTime:0.004s | Cost:88032.17
LS: mPDG | Count: 0 | TotalTime:0.003s | Cost:90414.07
LS: mPDG | Count: 0 | TotalTime:0.003s | Cost:92806.78
LS: BlockExchange | Count: 0 | TotalTime:0.001s | Cost:95887.97
LS: BlockRelocate | Count: 1 | TotalTime:0.006s | Cost:85279.03
LS: BlockRelocate | Count: 1 | TotalTime:0.001s | Cost:96084.90
LS: BlockRelocate | Count: 1 | TotalTime:0.001s | Cost:98373.45
LS: BlockRelocate | Count: 1 | TotalTime:0.004s | Cost:119765.45
LS: BlockExchange | Count: 1 | TotalTime:0.001s | Cost:131715.85
LS: PDPairExchange | Count: 1 | TotalTime:0.000s | Cost:139213.77
Generation 4: Best = 84088.39, Worst = 272889.68, Avg = 208162.32, Time: 0.17286276817321777
Stopping early due to lack of improvement.
Total runtime: 1.49s (0.0 minutes)
Total GA runtime: 0.71s (0.0 minutes)

The solution initialized by Cheapest Insertion:
V_1:[d1_1700300069-1 d1_1620510065-1 d2_1510490061-2 p1_1553320064-1 d1_1553320064-1 d10_1550060062-10 p1_1948360075-1 d1_1948360075-1] V_2:[d3_1641430066-3 d1_1553070063-1 p1_1742060071-1 d1_1742060071-1 p1_1906390072-1 d1_1906390072-1 p1_1922280073-1 d1_1922280073-1] V_3:[p1_1735470070-1 p1_1958280077-1 d1_1958280077-1 d1_1735470070-1] V_4:[d6_1700010068-6 d1_1433060056-1 p1_1936210074-1 d1_1936210074-1] V_5:[p1_1955060076-1 d1_1955060076-1]
The fitness value before EA: 84088.39333333333
V_1:[d1_1700300069-1 d1_1620510065-1 d2_1510490061-2 p1_1553320064-1 d1_1553320064-1 d10_1550060062-10 p1_1948360075-1 d1_1948360075-1] V_2:[d3_1641430066-3 d1_1553070063-1 p1_1742060071-1 d1_1742060071-1 p1_1906390072-1 d1_1906390072-1 p1_1922280073-1 d1_1922280073-1] V_3:[p1_1735470070-1 p1_1958280077-1 d1_1958280077-1 d1_1735470070-1] V_4:[d6_1700010068-6 d1_1433060056-1 p1_1936210074-1 d1_1936210074-1] V_5:[p1_1955060076-1 d1_1955060076-1]
The fitness value after EA: 84088.39333333333

Thoi gian thuc hien thuat toan:  1.4896342754364014
SUCCESS

2025-11-04 16:12:27,502 [simulate_environment.py | 256] INFO: 2025-11-04 20:00:00, Item 1553320064-1: state = 1 < 2, we can not finish the simulation
2025-11-04 16:12:27,503 [simulate_environment.py | 99] INFO: **************************************************
2025-11-04 16:12:27,503 [simulate_environment.py | 103] INFO: cur time: 2025-11-04 20:10:00, pre time: 2025-11-04 20:00:00
2025-11-04 16:12:27,503 [simulate_environment.py | 140] INFO: Start to update the input of 2025-11-04 20:10:00
2025-11-04 16:12:27,504 [simulate_environment.py | 167] INFO: Get 9 unallocated order items, 22 ongoing order items, 222 completed order items
2025-11-04 16:12:29,960 [simulate_environment.py | 234] INFO: 
LS: mPDG | Count: 0 | TotalTime:0.005s | Cost:74357.70
LS: mPDG | Count: 1 | TotalTime:0.003s | Cost:87087.22
LS: mPDG | Count: 1 | TotalTime:0.003s | Cost:87087.22
LS: BlockExchange | Count: 1 | TotalTime:0.001s | Cost:90041.39
LS: mPDG | Count: 1 | TotalTime:0.003s | Cost:94204.56
LS: PDPairExchange | Count: 1 | TotalTime:0.000s | Cost:103099.49
LS: BlockExchange | Count: 1 | TotalTime:0.001s | Cost:103099.49
LS: mPDG | Count: 1 | TotalTime:0.004s | Cost:85067.27
LS: PDPairExchange | Count: 1 | TotalTime:0.000s | Cost:103099.49
LS: PDPairExchange | Count: 1 | TotalTime:0.000s | Cost:96562.16
LS: BlockExchange | Count: 0 | TotalTime:0.000s | Cost:103232.83
Generation 1: Best = 74357.70, Worst = 103232.83, Avg = 100517.27, Time: 0.17222881317138672
LS: mPDG | Count: 0 | TotalTime:0.003s | Cost:74357.70
LS: mPDG | Count: 1 | TotalTime:0.003s | Cost:85064.07
LS: mPDG | Count: 0 | TotalTime:0.003s | Cost:87087.22
LS: mPDG | Count: 0 | TotalTime:0.005s | Cost:87087.22
LS: BlockExchange | Count: 1 | TotalTime:0.002s | Cost:86831.10
LS: BlockRelocate | Count: 1 | TotalTime:0.001s | Cost:87292.53
LS: mPDG | Count: 0 | TotalTime:0.005s | Cost:94204.56
LS: PDPairExchange | Count: 1 | TotalTime:0.000s | Cost:92301.05
LS: PDPairExchange | Count: 1 | TotalTime:0.001s | Cost:92301.05
LS: BlockExchange | Count: 1 | TotalTime:0.000s | Cost:92301.05
LS: PDPairExchange | Count: 1 | TotalTime:0.001s | Cost:92301.05
Generation 2: Best = 74357.70, Worst = 103232.83, Avg = 99122.01, Time: 0.16662001609802246
LS: BlockRelocate | Count: 1 | TotalTime:0.004s | Cost:74354.68
LS: mPDG | Count: 1 | TotalTime:0.004s | Cost:80680.92
LS: BlockExchange | Count: 1 | TotalTime:0.001s | Cost:89881.04
LS: mPDG | Count: 0 | TotalTime:0.005s | Cost:87087.22
LS: mPDG | Count: 0 | TotalTime:0.003s | Cost:87087.22
LS: BlockRelocate | Count: 1 | TotalTime:0.002s | Cost:84306.10
LS: PDPairExchange | Count: 1 | TotalTime:0.001s | Cost:87209.44
LS: BlockRelocate | Count: 1 | TotalTime:0.000s | Cost:91175.77
LS: PDPairExchange | Count: 1 | TotalTime:0.000s | Cost:87776.09
LS: PDPairExchange | Count: 1 | TotalTime:0.000s | Cost:87776.09
LS: BlockExchange | Count: 1 | TotalTime:0.001s | Cost:87917.72
Generation 3: Best = 74354.68, Worst = 103232.83, Avg = 97976.11, Time: 0.17597317695617676
LS: BlockRelocate | Count: 0 | TotalTime:0.007s | Cost:74354.68
LS: mPDG | Count: 1 | TotalTime:0.002s | Cost:80680.76
LS: BlockRelocate | Count: 1 | TotalTime:0.001s | Cost:82909.20
LS: mPDG | Count: 0 | TotalTime:0.003s | Cost:87087.22
LS: mPDG | Count: 0 | TotalTime:0.003s | Cost:87087.22
LS: PDPairExchange | Count: 0 | TotalTime:0.001s | Cost:87209.44
LS: PDPairExchange | Count: 1 | TotalTime:0.001s | Cost:85142.76
LS: PDPairExchange | Count: 1 | TotalTime:0.001s | Cost:85142.76
LS: BlockExchange | Count: 1 | TotalTime:0.000s | Cost:81725.87
LS: BlockExchange | Count: 1 | TotalTime:0.000s | Cost:88739.37
LS: BlockRelocate | Count: 1 | TotalTime:0.000s | Cost:90456.46
Generation 4: Best = 74354.68, Worst = 103232.83, Avg = 96468.49, Time: 0.15897727012634277
LS: BlockRelocate | Count: 0 | TotalTime:0.006s | Cost:74354.68
LS: mPDG | Count: 1 | TotalTime:0.003s | Cost:74754.52
LS: BlockExchange | Count: 0 | TotalTime:0.001s | Cost:81725.87
LS: BlockRelocate | Count: 1 | TotalTime:0.005s | Cost:80546.52
LS: PDPairExchange | Count: 0 | TotalTime:0.001s | Cost:85142.76
LS: PDPairExchange | Count: 0 | TotalTime:0.001s | Cost:85142.76
LS: mPDG | Count: 0 | TotalTime:0.003s | Cost:87087.22
LS: mPDG | Count: 0 | TotalTime:0.004s | Cost:87087.22
LS: PDPairExchange | Count: 0 | TotalTime:0.001s | Cost:87209.44
LS: BlockExchange | Count: 0 | TotalTime:0.001s | Cost:88739.37
LS: BlockRelocate | Count: 1 | TotalTime:0.002s | Cost:89723.29
Generation 5: Best = 74354.68, Worst = 103232.83, Avg = 95948.88, Time: 0.16684389114379883
LS: BlockRelocate | Count: 0 | TotalTime:0.007s | Cost:74354.68
LS: mPDG | Count: 0 | TotalTime:0.004s | Cost:74754.52
LS: BlockRelocate | Count: 1 | TotalTime:0.001s | Cost:78443.41
LS: BlockExchange | Count: 0 | TotalTime:0.002s | Cost:81725.87
LS: PDPairExchange | Count: 0 | TotalTime:0.001s | Cost:85142.76
LS: PDPairExchange | Count: 0 | TotalTime:0.001s | Cost:85142.76
LS: mPDG | Count: 0 | TotalTime:0.004s | Cost:87087.22
LS: mPDG | Count: 0 | TotalTime:0.004s | Cost:87087.22
LS: PDPairExchange | Count: 0 | TotalTime:0.001s | Cost:87209.44
LS: BlockExchange | Count: 0 | TotalTime:0.001s | Cost:88739.37
LS: BlockRelocate | Count: 1 | TotalTime:0.005s | Cost:80339.76
Generation 6: Best = 74354.68, Worst = 103232.83, Avg = 93639.85, Time: 0.18486857414245605
LS: BlockRelocate | Count: 0 | TotalTime:0.007s | Cost:74354.68
LS: mPDG | Count: 0 | TotalTime:0.004s | Cost:74754.52
LS: BlockRelocate | Count: 1 | TotalTime:0.000s | Cost:76346.59
LS: BlockRelocate | Count: 1 | TotalTime:0.002s | Cost:77977.08
LS: BlockExchange | Count: 0 | TotalTime:0.001s | Cost:81725.87
LS: PDPairExchange | Count: 0 | TotalTime:0.001s | Cost:85142.76
LS: PDPairExchange | Count: 0 | TotalTime:0.001s | Cost:85142.76
LS: mPDG | Count: 0 | TotalTime:0.004s | Cost:87087.22
LS: mPDG | Count: 0 | TotalTime:0.004s | Cost:87087.22
LS: PDPairExchange | Count: 0 | TotalTime:0.001s | Cost:87209.44
LS: BlockExchange | Count: 0 | TotalTime:0.001s | Cost:88739.37
Generation 7: Best = 74354.68, Worst = 103232.83, Avg = 91818.81, Time: 0.1737048625946045
Stopping early due to lack of improvement.
Total runtime: 2.08s (0.0 minutes)
Total GA runtime: 1.20s (0.0 minutes)

The solution initialized by Cheapest Insertion:
V_1:[d1_1553320064-1 d10_1550060062-10 p1_1948360075-1 d1_1948360075-1] V_2:[d3_1641430066-3 d1_1553070063-1 p1_1742060071-1 d1_1742060071-1 p1_1906390072-1 d1_1906390072-1 p1_1922280073-1 d1_1922280073-1] V_3:[p1_1735470070-1 p1_1958280077-1 d1_1958280077-1 d1_1735470070-1] V_4:[d6_1700010068-6 d1_1433060056-1 p1_1936210074-1 p1_2007580078-1 d1_2007580078-1 d1_1936210074-1] V_5:[p1_1955060076-1 d1_1955060076-1]
The fitness value before EA: 74357.69777777778
V_1:[d1_1553320064-1 d10_1550060062-10] V_2:[d3_1641430066-3 d1_1553070063-1 p1_1742060071-1 d1_1742060071-1 p1_1906390072-1 d1_1906390072-1 p1_1922280073-1 d1_1922280073-1] V_3:[p1_1735470070-1 p1_1958280077-1 d1_1958280077-1 d1_1735470070-1] V_4:[d6_1700010068-6 d1_1433060056-1 p1_1936210074-1 p1_2007580078-1 d1_2007580078-1 d1_1936210074-1] V_5:[p1_1955060076-1 d1_1955060076-1 p1_1948360075-1 d1_1948360075-1]
The fitness value after EA: 74354.67777777778

Thoi gian thuc hien thuat toan:  2.0848212242126465
SUCCESS

2025-11-04 16:12:29,961 [simulate_environment.py | 256] INFO: 2025-11-04 20:10:00, Item 1735470070-1: state = 1 < 2, we can not finish the simulation
2025-11-04 16:12:29,962 [simulate_environment.py | 99] INFO: **************************************************
2025-11-04 16:12:29,962 [simulate_environment.py | 103] INFO: cur time: 2025-11-04 20:20:00, pre time: 2025-11-04 20:10:00
2025-11-04 16:12:29,962 [simulate_environment.py | 140] INFO: Start to update the input of 2025-11-04 20:20:00
2025-11-04 16:12:29,963 [simulate_environment.py | 167] INFO: Get 15 unallocated order items, 22 ongoing order items, 222 completed order items
2025-11-04 16:12:30,281 [simulate_environment.py | 234] INFO: 
2025-11-04 16:12:30,281 [simulate_environment.py | 248] ERROR: 
2025-11-04 16:12:30,281 [simulate_environment.py | 249] ERROR: Can not catch the 'SUCCESS' from the algorithm. 未寻获算法输出成功标识'SUCCESS'。
