2025-11-04 16:07:32,240 [main.py         | 48] INFO: Start to run instance_10
2025-11-04 16:07:32,240 [simulate_api.py | 60] INFO: Start time of the simulator: 2025-11-04 00:00:00, time interval:  600.00
2025-11-04 16:07:32,246 [input_utils.py  | 48] INFO: Get 154 factories
2025-11-04 16:07:32,876 [input_utils.py  | 52] INFO: Get 23562 routes
2025-11-04 16:07:32,885 [input_utils.py  | 57] INFO: Get 5 vehicles
2025-11-04 16:07:32,893 [input_utils.py  | 61] INFO: Get 100 orders
2025-11-04 16:07:32,894 [simulate_api.py | 87] INFO: Initial position of V_1 is e2d5093fbe36431f8986ddb0e1c586be
2025-11-04 16:07:32,894 [simulate_api.py | 87] INFO: Initial position of V_2 is 7fe14b93f0f04ee7a994ef5b2c1fdb72
2025-11-04 16:07:32,894 [simulate_api.py | 87] INFO: Initial position of V_3 is fa366fc87a124d32926daa5bb093129f
2025-11-04 16:07:32,894 [simulate_api.py | 87] INFO: Initial position of V_4 is e47399648fa842b2b8f80094343d8091
2025-11-04 16:07:32,894 [simulate_api.py | 87] INFO: Initial position of V_5 is becb4f85393540b287e7329758b8d832
2025-11-04 16:07:32,894 [simulate_environment.py | 99] INFO: **************************************************
2025-11-04 16:07:32,894 [simulate_environment.py | 103] INFO: cur time: 2025-11-04 00:10:00, pre time: 2025-11-04 00:00:00
2025-11-04 16:07:32,894 [simulate_environment.py | 140] INFO: Start to update the input of 2025-11-04 00:10:00
2025-11-04 16:07:32,895 [simulate_environment.py | 167] INFO: Get 0 unallocated order items, 0 ongoing order items, 0 completed order items
2025-11-04 16:07:33,808 [simulate_environment.py | 234] INFO: 
Cant initialize the population

The solution initialized by Cheapest Insertion:
V_1:[] V_2:[] V_3:[] V_4:[] V_5:[]
The fitness value before EA: 0.0
V_1:[] V_2:[] V_3:[] V_4:[] V_5:[]
The fitness value after EA: 0.0

Thoi gian thuc hien thuat toan:  0.639432430267334
SUCCESS

2025-11-04 16:07:33,808 [simulate_environment.py | 256] INFO: 2025-11-04 00:10:00, Item 0010370001-1: state = 0 < 2, we can not finish the simulation
2025-11-04 16:07:33,808 [simulate_environment.py | 99] INFO: **************************************************
2025-11-04 16:07:33,808 [simulate_environment.py | 103] INFO: cur time: 2025-11-04 00:20:00, pre time: 2025-11-04 00:10:00
2025-11-04 16:07:33,808 [simulate_environment.py | 140] INFO: Start to update the input of 2025-11-04 00:20:00
2025-11-04 16:07:33,809 [simulate_environment.py | 167] INFO: Get 4 unallocated order items, 0 ongoing order items, 0 completed order items
2025-11-04 16:07:34,765 [simulate_environment.py | 234] INFO: 
LS: PDPairExchange | Count: 0 | TotalTime:0.000s | Cost:0.88
LS: BlockExchange | Count: 0 | TotalTime:0.000s | Cost:0.88
LS: PDPairExchange | Count: 0 | TotalTime:0.000s | Cost:0.88
LS: mPDG | Count: 0 | TotalTime:0.000s | Cost:0.88
LS: PDPairExchange | Count: 0 | TotalTime:0.000s | Cost:0.88
LS: BlockRelocate | Count: 0 | TotalTime:0.000s | Cost:0.88
LS: PDPairExchange | Count: 0 | TotalTime:0.000s | Cost:0.88
LS: BlockExchange | Count: 0 | TotalTime:0.000s | Cost:0.88
LS: BlockRelocate | Count: 0 | TotalTime:0.000s | Cost:0.88
LS: BlockExchange | Count: 0 | TotalTime:0.000s | Cost:0.88
LS: BlockExchange | Count: 0 | TotalTime:0.000s | Cost:0.88
Generation 1: Best = 0.88, Worst = 0.88, Avg = 0.88, Time: 0.01956343650817871
Stopping early due to lack of improvement.
Total runtime: 0.71s (0.0 minutes)
Total GA runtime: 0.02s (0.0 minutes)

The solution initialized by Cheapest Insertion:
V_1:[] V_2:[] V_3:[p1_0010370001-1 d1_0010370001-1] V_4:[] V_5:[p3_0012530002-1 d3_0012530002-3]
The fitness value before EA: 0.8800000000000001
V_1:[] V_2:[] V_3:[p1_0010370001-1 d1_0010370001-1] V_4:[] V_5:[p3_0012530002-1 d3_0012530002-3]
The fitness value after EA: 0.8800000000000001

Thoi gian thuc hien thuat toan:  0.7075521945953369
SUCCESS

2025-11-04 16:07:34,765 [simulate_environment.py | 256] INFO: 2025-11-04 00:20:00, Item 0010370001-1: state = 1 < 2, we can not finish the simulation
2025-11-04 16:07:34,765 [simulate_environment.py | 99] INFO: **************************************************
2025-11-04 16:07:34,765 [simulate_environment.py | 103] INFO: cur time: 2025-11-04 00:30:00, pre time: 2025-11-04 00:20:00
2025-11-04 16:07:34,765 [simulate_environment.py | 140] INFO: Start to update the input of 2025-11-04 00:30:00
2025-11-04 16:07:34,766 [simulate_environment.py | 167] INFO: Get 0 unallocated order items, 4 ongoing order items, 0 completed order items
2025-11-04 16:07:35,654 [simulate_environment.py | 234] INFO: 
Cant initialize the population

The solution initialized by Cheapest Insertion:
V_1:[] V_2:[] V_3:[d1_0010370001-1] V_4:[] V_5:[d3_0012530002-3]
The fitness value before EA: 0.6599999999999999
V_1:[] V_2:[] V_3:[d1_0010370001-1] V_4:[] V_5:[d3_0012530002-3]
The fitness value after EA: 0.6599999999999999

Thoi gian thuc hien thuat toan:  0.6169102191925049
SUCCESS

2025-11-04 16:07:35,654 [simulate_environment.py | 256] INFO: 2025-11-04 00:30:00, Item 0221280003-1: state = 0 < 2, we can not finish the simulation
2025-11-04 16:07:35,655 [simulate_environment.py | 99] INFO: **************************************************
2025-11-04 16:07:35,655 [simulate_environment.py | 103] INFO: cur time: 2025-11-04 00:40:00, pre time: 2025-11-04 00:30:00
2025-11-04 16:07:35,655 [simulate_environment.py | 140] INFO: Start to update the input of 2025-11-04 00:40:00
2025-11-04 16:07:35,655 [simulate_environment.py | 167] INFO: Get 0 unallocated order items, 4 ongoing order items, 0 completed order items
2025-11-04 16:07:36,497 [simulate_environment.py | 234] INFO: 
Cant initialize the population

The solution initialized by Cheapest Insertion:
V_1:[] V_2:[] V_3:[d1_0010370001-1] V_4:[] V_5:[d3_0012530002-3]
The fitness value before EA: 0.6599999999999999
V_1:[] V_2:[] V_3:[d1_0010370001-1] V_4:[] V_5:[d3_0012530002-3]
The fitness value after EA: 0.6599999999999999

Thoi gian thuc hien thuat toan:  0.5934276580810547
SUCCESS

2025-11-04 16:07:36,498 [simulate_environment.py | 256] INFO: 2025-11-04 00:40:00, Item 0221280003-1: state = 0 < 2, we can not finish the simulation
2025-11-04 16:07:36,498 [simulate_environment.py | 99] INFO: **************************************************
2025-11-04 16:07:36,498 [simulate_environment.py | 103] INFO: cur time: 2025-11-04 00:50:00, pre time: 2025-11-04 00:40:00
2025-11-04 16:07:36,498 [simulate_environment.py | 140] INFO: Start to update the input of 2025-11-04 00:50:00
2025-11-04 16:07:36,499 [simulate_environment.py | 167] INFO: Get 0 unallocated order items, 4 ongoing order items, 0 completed order items
2025-11-04 16:07:37,373 [simulate_environment.py | 234] INFO: 
Cant initialize the population

The solution initialized by Cheapest Insertion:
V_1:[] V_2:[] V_3:[d1_0010370001-1] V_4:[] V_5:[d3_0012530002-3]
The fitness value before EA: 0.6599999999999999
V_1:[] V_2:[] V_3:[d1_0010370001-1] V_4:[] V_5:[d3_0012530002-3]
The fitness value after EA: 0.6599999999999999

Thoi gian thuc hien thuat toan:  0.6010923385620117
SUCCESS

2025-11-04 16:07:37,374 [simulate_environment.py | 256] INFO: 2025-11-04 00:50:00, Item 0221280003-1: state = 0 < 2, we can not finish the simulation
2025-11-04 16:07:37,374 [simulate_environment.py | 99] INFO: **************************************************
2025-11-04 16:07:37,374 [simulate_environment.py | 103] INFO: cur time: 2025-11-04 01:00:00, pre time: 2025-11-04 00:50:00
2025-11-04 16:07:37,374 [simulate_environment.py | 140] INFO: Start to update the input of 2025-11-04 01:00:00
2025-11-04 16:07:37,375 [simulate_environment.py | 167] INFO: Get 0 unallocated order items, 3 ongoing order items, 1 completed order items
2025-11-04 16:07:38,227 [simulate_environment.py | 234] INFO: 
Cant initialize the population

The solution initialized by Cheapest Insertion:
V_1:[] V_2:[] V_3:[] V_4:[] V_5:[d3_0012530002-3]
The fitness value before EA: 0.0
V_1:[] V_2:[] V_3:[] V_4:[] V_5:[d3_0012530002-3]
The fitness value after EA: 0.0

Thoi gian thuc hien thuat toan:  0.6012899875640869
SUCCESS

2025-11-04 16:07:38,228 [simulate_environment.py | 256] INFO: 2025-11-04 01:00:00, Item 0221280003-1: state = 0 < 2, we can not finish the simulation
2025-11-04 16:07:38,228 [simulate_environment.py | 99] INFO: **************************************************
2025-11-04 16:07:38,228 [simulate_environment.py | 103] INFO: cur time: 2025-11-04 01:10:00, pre time: 2025-11-04 01:00:00
2025-11-04 16:07:38,228 [simulate_environment.py | 140] INFO: Start to update the input of 2025-11-04 01:10:00
2025-11-04 16:07:38,228 [simulate_environment.py | 167] INFO: Get 0 unallocated order items, 0 ongoing order items, 4 completed order items
2025-11-04 16:07:39,102 [simulate_environment.py | 234] INFO: 
Cant initialize the population

The solution initialized by Cheapest Insertion:
V_1:[] V_2:[] V_3:[] V_4:[] V_5:[]
The fitness value before EA: 0.0
V_1:[] V_2:[] V_3:[] V_4:[] V_5:[]
The fitness value after EA: 0.0

Thoi gian thuc hien thuat toan:  0.6183598041534424
SUCCESS

2025-11-04 16:07:39,102 [simulate_environment.py | 256] INFO: 2025-11-04 01:10:00, Item 0221280003-1: state = 0 < 2, we can not finish the simulation
2025-11-04 16:07:39,102 [simulate_environment.py | 99] INFO: **************************************************
2025-11-04 16:07:39,102 [simulate_environment.py | 103] INFO: cur time: 2025-11-04 01:20:00, pre time: 2025-11-04 01:10:00
2025-11-04 16:07:39,102 [simulate_environment.py | 140] INFO: Start to update the input of 2025-11-04 01:20:00
2025-11-04 16:07:39,102 [simulate_environment.py | 167] INFO: Get 0 unallocated order items, 0 ongoing order items, 4 completed order items
2025-11-04 16:07:39,950 [simulate_environment.py | 234] INFO: 
Cant initialize the population

The solution initialized by Cheapest Insertion:
V_1:[] V_2:[] V_3:[] V_4:[] V_5:[]
The fitness value before EA: 0.0
V_1:[] V_2:[] V_3:[] V_4:[] V_5:[]
The fitness value after EA: 0.0

Thoi gian thuc hien thuat toan:  0.5913031101226807
SUCCESS

2025-11-04 16:07:39,951 [simulate_environment.py | 256] INFO: 2025-11-04 01:20:00, Item 0221280003-1: state = 0 < 2, we can not finish the simulation
2025-11-04 16:07:39,951 [simulate_environment.py | 99] INFO: **************************************************
2025-11-04 16:07:39,951 [simulate_environment.py | 103] INFO: cur time: 2025-11-04 01:30:00, pre time: 2025-11-04 01:20:00
2025-11-04 16:07:39,951 [simulate_environment.py | 140] INFO: Start to update the input of 2025-11-04 01:30:00
2025-11-04 16:07:39,951 [simulate_environment.py | 167] INFO: Get 0 unallocated order items, 0 ongoing order items, 4 completed order items
2025-11-04 16:07:40,800 [simulate_environment.py | 234] INFO: 
Cant initialize the population

The solution initialized by Cheapest Insertion:
V_1:[] V_2:[] V_3:[] V_4:[] V_5:[]
The fitness value before EA: 0.0
V_1:[] V_2:[] V_3:[] V_4:[] V_5:[]
The fitness value after EA: 0.0

Thoi gian thuc hien thuat toan:  0.592871904373169
SUCCESS

2025-11-04 16:07:40,800 [simulate_environment.py | 256] INFO: 2025-11-04 01:30:00, Item 0221280003-1: state = 0 < 2, we can not finish the simulation
2025-11-04 16:07:40,800 [simulate_environment.py | 99] INFO: **************************************************
2025-11-04 16:07:40,800 [simulate_environment.py | 103] INFO: cur time: 2025-11-04 01:40:00, pre time: 2025-11-04 01:30:00
2025-11-04 16:07:40,800 [simulate_environment.py | 140] INFO: Start to update the input of 2025-11-04 01:40:00
2025-11-04 16:07:40,801 [simulate_environment.py | 167] INFO: Get 0 unallocated order items, 0 ongoing order items, 4 completed order items
2025-11-04 16:07:41,689 [simulate_environment.py | 234] INFO: 
Cant initialize the population

The solution initialized by Cheapest Insertion:
V_1:[] V_2:[] V_3:[] V_4:[] V_5:[]
The fitness value before EA: 0.0
V_1:[] V_2:[] V_3:[] V_4:[] V_5:[]
The fitness value after EA: 0.0

Thoi gian thuc hien thuat toan:  0.6384768486022949
SUCCESS

2025-11-04 16:07:41,689 [simulate_environment.py | 256] INFO: 2025-11-04 01:40:00, Item 0221280003-1: state = 0 < 2, we can not finish the simulation
2025-11-04 16:07:41,689 [simulate_environment.py | 99] INFO: **************************************************
2025-11-04 16:07:41,689 [simulate_environment.py | 103] INFO: cur time: 2025-11-04 01:50:00, pre time: 2025-11-04 01:40:00
2025-11-04 16:07:41,689 [simulate_environment.py | 140] INFO: Start to update the input of 2025-11-04 01:50:00
2025-11-04 16:07:41,690 [simulate_environment.py | 167] INFO: Get 0 unallocated order items, 0 ongoing order items, 4 completed order items
2025-11-04 16:07:45,419 [simulate_environment.py | 234] INFO: 
Cant initialize the population

The solution initialized by Cheapest Insertion:
V_1:[] V_2:[] V_3:[] V_4:[] V_5:[]
The fitness value before EA: 0.0
V_1:[] V_2:[] V_3:[] V_4:[] V_5:[]
The fitness value after EA: 0.0

Thoi gian thuc hien thuat toan:  0.6172528266906738
SUCCESS

2025-11-04 16:07:45,420 [simulate_environment.py | 256] INFO: 2025-11-04 01:50:00, Item 0221280003-1: state = 0 < 2, we can not finish the simulation
2025-11-04 16:07:45,420 [simulate_environment.py | 99] INFO: **************************************************
2025-11-04 16:07:45,420 [simulate_environment.py | 103] INFO: cur time: 2025-11-04 02:00:00, pre time: 2025-11-04 01:50:00
2025-11-04 16:07:45,420 [simulate_environment.py | 140] INFO: Start to update the input of 2025-11-04 02:00:00
2025-11-04 16:07:45,420 [simulate_environment.py | 167] INFO: Get 0 unallocated order items, 0 ongoing order items, 4 completed order items
2025-11-04 16:07:46,273 [simulate_environment.py | 234] INFO: 
Cant initialize the population

The solution initialized by Cheapest Insertion:
V_1:[] V_2:[] V_3:[] V_4:[] V_5:[]
The fitness value before EA: 0.0
V_1:[] V_2:[] V_3:[] V_4:[] V_5:[]
The fitness value after EA: 0.0

Thoi gian thuc hien thuat toan:  0.6048803329467773
SUCCESS

2025-11-04 16:07:46,273 [simulate_environment.py | 256] INFO: 2025-11-04 02:00:00, Item 0221280003-1: state = 0 < 2, we can not finish the simulation
2025-11-04 16:07:46,273 [simulate_environment.py | 99] INFO: **************************************************
2025-11-04 16:07:46,273 [simulate_environment.py | 103] INFO: cur time: 2025-11-04 02:10:00, pre time: 2025-11-04 02:00:00
2025-11-04 16:07:46,273 [simulate_environment.py | 140] INFO: Start to update the input of 2025-11-04 02:10:00
2025-11-04 16:07:46,274 [simulate_environment.py | 167] INFO: Get 0 unallocated order items, 0 ongoing order items, 4 completed order items
2025-11-04 16:07:47,115 [simulate_environment.py | 234] INFO: 
Cant initialize the population

The solution initialized by Cheapest Insertion:
V_1:[] V_2:[] V_3:[] V_4:[] V_5:[]
The fitness value before EA: 0.0
V_1:[] V_2:[] V_3:[] V_4:[] V_5:[]
The fitness value after EA: 0.0

Thoi gian thuc hien thuat toan:  0.5919921398162842
SUCCESS

2025-11-04 16:07:47,116 [simulate_environment.py | 256] INFO: 2025-11-04 02:10:00, Item 0221280003-1: state = 0 < 2, we can not finish the simulation
2025-11-04 16:07:47,116 [simulate_environment.py | 99] INFO: **************************************************
2025-11-04 16:07:47,116 [simulate_environment.py | 103] INFO: cur time: 2025-11-04 02:20:00, pre time: 2025-11-04 02:10:00
2025-11-04 16:07:47,116 [simulate_environment.py | 140] INFO: Start to update the input of 2025-11-04 02:20:00
2025-11-04 16:07:47,116 [simulate_environment.py | 167] INFO: Get 0 unallocated order items, 0 ongoing order items, 4 completed order items
2025-11-04 16:07:47,960 [simulate_environment.py | 234] INFO: 
Cant initialize the population

The solution initialized by Cheapest Insertion:
V_1:[] V_2:[] V_3:[] V_4:[] V_5:[]
The fitness value before EA: 0.0
V_1:[] V_2:[] V_3:[] V_4:[] V_5:[]
The fitness value after EA: 0.0

Thoi gian thuc hien thuat toan:  0.5850048065185547
SUCCESS

2025-11-04 16:07:47,960 [simulate_environment.py | 256] INFO: 2025-11-04 02:20:00, Item 0221280003-1: state = 0 < 2, we can not finish the simulation
2025-11-04 16:07:47,961 [simulate_environment.py | 99] INFO: **************************************************
2025-11-04 16:07:47,961 [simulate_environment.py | 103] INFO: cur time: 2025-11-04 02:30:00, pre time: 2025-11-04 02:20:00
2025-11-04 16:07:47,961 [simulate_environment.py | 140] INFO: Start to update the input of 2025-11-04 02:30:00
2025-11-04 16:07:47,961 [simulate_environment.py | 167] INFO: Get 1 unallocated order items, 0 ongoing order items, 4 completed order items
2025-11-04 16:07:48,812 [simulate_environment.py | 234] INFO: 
Cant initialize the population

The solution initialized by Cheapest Insertion:
V_1:[] V_2:[] V_3:[p1_0221280003-1 d1_0221280003-1] V_4:[] V_5:[]
The fitness value before EA: 6.5
V_1:[] V_2:[] V_3:[p1_0221280003-1 d1_0221280003-1] V_4:[] V_5:[]
The fitness value after EA: 6.5

Thoi gian thuc hien thuat toan:  0.6006696224212646
SUCCESS

2025-11-04 16:07:48,812 [simulate_environment.py | 256] INFO: 2025-11-04 02:30:00, Item 0221280003-1: state = 1 < 2, we can not finish the simulation
2025-11-04 16:07:48,812 [simulate_environment.py | 99] INFO: **************************************************
2025-11-04 16:07:48,812 [simulate_environment.py | 103] INFO: cur time: 2025-11-04 02:40:00, pre time: 2025-11-04 02:30:00
2025-11-04 16:07:48,812 [simulate_environment.py | 140] INFO: Start to update the input of 2025-11-04 02:40:00
2025-11-04 16:07:48,813 [simulate_environment.py | 167] INFO: Get 1 unallocated order items, 0 ongoing order items, 4 completed order items
2025-11-04 16:07:49,664 [simulate_environment.py | 234] INFO: 
Cant initialize the population

The solution initialized by Cheapest Insertion:
V_1:[] V_2:[] V_3:[p1_0221280003-1 d1_0221280003-1] V_4:[] V_5:[]
The fitness value before EA: 3.4799999999999995
V_1:[] V_2:[] V_3:[p1_0221280003-1 d1_0221280003-1] V_4:[] V_5:[]
The fitness value after EA: 3.4799999999999995

Thoi gian thuc hien thuat toan:  0.5986967086791992
SUCCESS

2025-11-04 16:07:49,665 [simulate_environment.py | 256] INFO: 2025-11-04 02:40:00, Item 0221280003-1: state = 1 < 2, we can not finish the simulation
2025-11-04 16:07:49,665 [simulate_environment.py | 99] INFO: **************************************************
2025-11-04 16:07:49,665 [simulate_environment.py | 103] INFO: cur time: 2025-11-04 02:50:00, pre time: 2025-11-04 02:40:00
2025-11-04 16:07:49,665 [simulate_environment.py | 140] INFO: Start to update the input of 2025-11-04 02:50:00
2025-11-04 16:07:49,665 [simulate_environment.py | 167] INFO: Get 1 unallocated order items, 0 ongoing order items, 4 completed order items
2025-11-04 16:07:50,576 [simulate_environment.py | 234] INFO: 
Cant initialize the population

The solution initialized by Cheapest Insertion:
V_1:[] V_2:[] V_3:[p1_0221280003-1 d1_0221280003-1] V_4:[] V_5:[]
The fitness value before EA: 3.4799999999999995
V_1:[] V_2:[] V_3:[p1_0221280003-1 d1_0221280003-1] V_4:[] V_5:[]
The fitness value after EA: 3.4799999999999995

Thoi gian thuc hien thuat toan:  0.6405248641967773
SUCCESS

2025-11-04 16:07:50,576 [simulate_environment.py | 256] INFO: 2025-11-04 02:50:00, Item 0221280003-1: state = 1 < 2, we can not finish the simulation
2025-11-04 16:07:50,577 [simulate_environment.py | 99] INFO: **************************************************
2025-11-04 16:07:50,577 [simulate_environment.py | 103] INFO: cur time: 2025-11-04 03:00:00, pre time: 2025-11-04 02:50:00
2025-11-04 16:07:50,577 [simulate_environment.py | 140] INFO: Start to update the input of 2025-11-04 03:00:00
2025-11-04 16:07:50,577 [simulate_environment.py | 167] INFO: Get 1 unallocated order items, 0 ongoing order items, 4 completed order items
2025-11-04 16:07:51,478 [simulate_environment.py | 234] INFO: 
Cant initialize the population

The solution initialized by Cheapest Insertion:
V_1:[] V_2:[] V_3:[p1_0221280003-1 d1_0221280003-1] V_4:[] V_5:[]
The fitness value before EA: 3.4799999999999995
V_1:[] V_2:[] V_3:[p1_0221280003-1 d1_0221280003-1] V_4:[] V_5:[]
The fitness value after EA: 3.4799999999999995

Thoi gian thuc hien thuat toan:  0.6099402904510498
SUCCESS

2025-11-04 16:07:51,478 [simulate_environment.py | 256] INFO: 2025-11-04 03:00:00, Item 0221280003-1: state = 1 < 2, we can not finish the simulation
2025-11-04 16:07:51,479 [simulate_environment.py | 99] INFO: **************************************************
2025-11-04 16:07:51,479 [simulate_environment.py | 103] INFO: cur time: 2025-11-04 03:10:00, pre time: 2025-11-04 03:00:00
2025-11-04 16:07:51,479 [simulate_environment.py | 140] INFO: Start to update the input of 2025-11-04 03:10:00
2025-11-04 16:07:51,496 [simulate_environment.py | 167] INFO: Get 23 unallocated order items, 1 ongoing order items, 4 completed order items
2025-11-04 16:07:52,518 [simulate_environment.py | 234] INFO: 
LS: BlockExchange | Count: 0 | TotalTime:0.000s | Cost:9.98
LS: PDPairExchange | Count: 0 | TotalTime:0.000s | Cost:9.98
LS: mPDG | Count: 0 | TotalTime:0.000s | Cost:9.98
LS: PDPairExchange | Count: 0 | TotalTime:0.000s | Cost:9.98
LS: BlockRelocate | Count: 0 | TotalTime:0.001s | Cost:9.98
LS: PDPairExchange | Count: 0 | TotalTime:0.000s | Cost:9.98
LS: PDPairExchange | Count: 0 | TotalTime:0.000s | Cost:9.98
LS: PDPairExchange | Count: 0 | TotalTime:0.000s | Cost:9.98
LS: mPDG | Count: 0 | TotalTime:0.000s | Cost:9.98
LS: mPDG | Count: 0 | TotalTime:0.000s | Cost:9.98
LS: BlockRelocate | Count: 0 | TotalTime:0.001s | Cost:9.98
Generation 1: Best = 9.98, Worst = 9.98, Avg = 9.98, Time: 0.038574934005737305
Stopping early due to lack of improvement.
Total runtime: 0.73s (0.0 minutes)
Total GA runtime: 0.04s (0.0 minutes)

The solution initialized by Cheapest Insertion:
V_1:[] V_2:[p15_0302310004-1 d15_0302310004-15] V_3:[d1_0221280003-1] V_4:[] V_5:[p2_0304490005-1 p6_0302310004-16 d6_0302310004-21 d2_0304490005-2]
The fitness value before EA: 9.98
V_1:[] V_2:[p15_0302310004-1 d15_0302310004-15] V_3:[d1_0221280003-1] V_4:[] V_5:[p2_0304490005-1 p6_0302310004-16 d6_0302310004-21 d2_0304490005-2]
The fitness value after EA: 9.98

Thoi gian thuc hien thuat toan:  0.733372688293457
SUCCESS

2025-11-04 16:07:52,519 [simulate_environment.py | 256] INFO: 2025-11-04 03:10:00, Item 0302310004-1: state = 1 < 2, we can not finish the simulation
2025-11-04 16:07:52,519 [simulate_environment.py | 99] INFO: **************************************************
2025-11-04 16:07:52,519 [simulate_environment.py | 103] INFO: cur time: 2025-11-04 03:20:00, pre time: 2025-11-04 03:10:00
2025-11-04 16:07:52,519 [simulate_environment.py | 140] INFO: Start to update the input of 2025-11-04 03:20:00
2025-11-04 16:07:52,519 [simulate_environment.py | 167] INFO: Get 39 unallocated order items, 1 ongoing order items, 4 completed order items
2025-11-04 16:07:53,758 [simulate_environment.py | 234] INFO: 
LS: BlockRelocate | Count: 0 | TotalTime:0.001s | Cost:10.04
LS: BlockExchange | Count: 0 | TotalTime:0.000s | Cost:10.04
LS: PDPairExchange | Count: 0 | TotalTime:0.000s | Cost:10.04
LS: BlockExchange | Count: 0 | TotalTime:0.000s | Cost:10.04
LS: PDPairExchange | Count: 0 | TotalTime:0.000s | Cost:10.04
LS: mPDG | Count: 0 | TotalTime:0.000s | Cost:10.04
LS: PDPairExchange | Count: 0 | TotalTime:0.000s | Cost:10.04
LS: BlockRelocate | Count: 1 | TotalTime:0.000s | Cost:10.04
LS: mPDG | Count: 1 | TotalTime:0.001s | Cost:10.04
LS: PDPairExchange | Count: 0 | TotalTime:0.000s | Cost:12.26
LS: BlockRelocate | Count: 1 | TotalTime:0.000s | Cost:10.04
Generation 1: Best = 10.04, Worst = 12.98, Avg = 12.23, Time: 0.06317615509033203
LS: BlockRelocate | Count: 0 | TotalTime:0.001s | Cost:10.04
LS: BlockRelocate | Count: 0 | TotalTime:0.001s | Cost:10.04
LS: BlockRelocate | Count: 0 | TotalTime:0.001s | Cost:10.04
LS: mPDG | Count: 0 | TotalTime:0.000s | Cost:10.04
LS: mPDG | Count: 0 | TotalTime:0.000s | Cost:10.04
LS: BlockRelocate | Count: 0 | TotalTime:0.001s | Cost:10.04
LS: PDPairExchange | Count: 0 | TotalTime:0.000s | Cost:10.04
LS: BlockRelocate | Count: 0 | TotalTime:0.001s | Cost:10.04
LS: mPDG | Count: 0 | TotalTime:0.000s | Cost:10.04
LS: BlockRelocate | Count: 0 | TotalTime:0.001s | Cost:10.04
LS: BlockExchange | Count: 0 | TotalTime:0.000s | Cost:12.26
Generation 2: Best = 10.04, Worst = 12.98, Avg = 12.23, Time: 0.05920863151550293
LS: BlockRelocate | Count: 0 | TotalTime:0.001s | Cost:10.04
LS: PDPairExchange | Count: 0 | TotalTime:0.000s | Cost:10.04
LS: PDPairExchange | Count: 0 | TotalTime:0.000s | Cost:10.04
LS: PDPairExchange | Count: 0 | TotalTime:0.000s | Cost:10.04
LS: PDPairExchange | Count: 0 | TotalTime:0.000s | Cost:10.04
LS: PDPairExchange | Count: 0 | TotalTime:0.000s | Cost:10.04
LS: BlockRelocate | Count: 0 | TotalTime:0.001s | Cost:10.04
LS: BlockRelocate | Count: 0 | TotalTime:0.001s | Cost:10.04
LS: mPDG | Count: 0 | TotalTime:0.000s | Cost:10.04
LS: BlockRelocate | Count: 0 | TotalTime:0.001s | Cost:10.04
LS: BlockRelocate | Count: 1 | TotalTime:0.001s | Cost:10.04
Generation 3: Best = 10.04, Worst = 12.98, Avg = 12.17, Time: 0.0601353645324707
LS: BlockRelocate | Count: 0 | TotalTime:0.001s | Cost:10.04
LS: BlockRelocate | Count: 0 | TotalTime:0.001s | Cost:10.04
LS: BlockRelocate | Count: 0 | TotalTime:0.001s | Cost:10.04
LS: BlockExchange | Count: 0 | TotalTime:0.000s | Cost:10.04
LS: PDPairExchange | Count: 0 | TotalTime:0.000s | Cost:10.04
LS: PDPairExchange | Count: 0 | TotalTime:0.000s | Cost:10.04
LS: BlockExchange | Count: 0 | TotalTime:0.000s | Cost:10.04
LS: BlockRelocate | Count: 0 | TotalTime:0.001s | Cost:10.04
LS: mPDG | Count: 0 | TotalTime:0.000s | Cost:10.04
LS: BlockRelocate | Count: 0 | TotalTime:0.001s | Cost:10.04
LS: BlockRelocate | Count: 0 | TotalTime:0.001s | Cost:10.04
Generation 4: Best = 10.04, Worst = 12.98, Avg = 12.17, Time: 0.0635676383972168
Stopping early due to lack of improvement.
Total runtime: 0.95s (0.0 minutes)
Total GA runtime: 0.25s (0.0 minutes)

The solution initialized by Cheapest Insertion:
V_1:[] V_2:[p15_0302310004-1 d15_0302310004-15] V_3:[d1_0221280003-1 p16_0312080006-1 d16_0312080006-16] V_4:[] V_5:[p2_0304490005-1 p6_0302310004-16 d6_0302310004-21 d2_0304490005-2]
The fitness value before EA: 10.040000000000001
V_1:[] V_2:[p15_0302310004-1 d15_0302310004-15] V_3:[d1_0221280003-1 p16_0312080006-1 d16_0312080006-16] V_4:[] V_5:[p2_0304490005-1 p6_0302310004-16 d6_0302310004-21 d2_0304490005-2]
The fitness value after EA: 10.040000000000001

Thoi gian thuc hien thuat toan:  0.9484920501708984
SUCCESS

2025-11-04 16:07:53,759 [simulate_environment.py | 256] INFO: 2025-11-04 03:20:00, Item 0302310004-1: state = 1 < 2, we can not finish the simulation
2025-11-04 16:07:53,759 [simulate_environment.py | 99] INFO: **************************************************
2025-11-04 16:07:53,759 [simulate_environment.py | 103] INFO: cur time: 2025-11-04 03:30:00, pre time: 2025-11-04 03:20:00
2025-11-04 16:07:53,759 [simulate_environment.py | 140] INFO: Start to update the input of 2025-11-04 03:30:00
2025-11-04 16:07:53,759 [simulate_environment.py | 167] INFO: Get 19 unallocated order items, 24 ongoing order items, 4 completed order items
2025-11-04 16:07:55,097 [simulate_environment.py | 234] INFO: 
LS: BlockExchange | Count: 0 | TotalTime:0.000s | Cost:10.66
LS: BlockRelocate | Count: 0 | TotalTime:0.001s | Cost:10.66
LS: BlockExchange | Count: 0 | TotalTime:0.000s | Cost:10.66
LS: BlockRelocate | Count: 0 | TotalTime:0.001s | Cost:10.66
LS: BlockRelocate | Count: 0 | TotalTime:0.001s | Cost:10.66
LS: BlockExchange | Count: 0 | TotalTime:0.000s | Cost:10.66
LS: mPDG | Count: 0 | TotalTime:0.002s | Cost:10.66
LS: BlockRelocate | Count: 1 | TotalTime:0.000s | Cost:10.66
LS: BlockRelocate | Count: 1 | TotalTime:0.001s | Cost:10.66
LS: BlockExchange | Count: 0 | TotalTime:0.000s | Cost:10.74
LS: PDPairExchange | Count: 0 | TotalTime:0.000s | Cost:10.78
Generation 1: Best = 10.66, Worst = 10.92, Avg = 10.85, Time: 0.07222366333007812
LS: mPDG | Count: 0 | TotalTime:0.001s | Cost:10.66
LS: mPDG | Count: 0 | TotalTime:0.001s | Cost:10.66
LS: BlockExchange | Count: 0 | TotalTime:0.000s | Cost:10.66
LS: PDPairExchange | Count: 0 | TotalTime:0.000s | Cost:10.66
LS: BlockExchange | Count: 0 | TotalTime:0.000s | Cost:10.66
LS: PDPairExchange | Count: 0 | TotalTime:0.000s | Cost:10.66
LS: BlockRelocate | Count: 0 | TotalTime:0.001s | Cost:10.66
LS: BlockRelocate | Count: 0 | TotalTime:0.001s | Cost:10.66
LS: BlockRelocate | Count: 0 | TotalTime:0.001s | Cost:10.66
LS: BlockExchange | Count: 0 | TotalTime:0.000s | Cost:10.74
LS: BlockRelocate | Count: 1 | TotalTime:0.000s | Cost:10.70
Generation 2: Best = 10.66, Worst = 10.92, Avg = 10.85, Time: 0.0728456974029541
LS: mPDG | Count: 0 | TotalTime:0.001s | Cost:10.66
LS: BlockRelocate | Count: 0 | TotalTime:0.001s | Cost:10.66
LS: mPDG | Count: 0 | TotalTime:0.001s | Cost:10.66
LS: PDPairExchange | Count: 0 | TotalTime:0.000s | Cost:10.66
LS: PDPairExchange | Count: 0 | TotalTime:0.000s | Cost:10.66
LS: mPDG | Count: 0 | TotalTime:0.001s | Cost:10.66
LS: mPDG | Count: 0 | TotalTime:0.001s | Cost:10.66
LS: BlockRelocate | Count: 0 | TotalTime:0.002s | Cost:10.66
LS: BlockRelocate | Count: 0 | TotalTime:0.002s | Cost:10.66
LS: BlockRelocate | Count: 0 | TotalTime:0.002s | Cost:10.70
LS: mPDG | Count: 1 | TotalTime:0.001s | Cost:10.72
Generation 3: Best = 10.66, Worst = 10.92, Avg = 10.85, Time: 0.07918715476989746
LS: mPDG | Count: 0 | TotalTime:0.001s | Cost:10.66
LS: mPDG | Count: 0 | TotalTime:0.001s | Cost:10.66
LS: PDPairExchange | Count: 0 | TotalTime:0.000s | Cost:10.66
LS: BlockExchange | Count: 0 | TotalTime:0.000s | Cost:10.66
LS: mPDG | Count: 0 | TotalTime:0.001s | Cost:10.66
LS: PDPairExchange | Count: 0 | TotalTime:0.000s | Cost:10.66
LS: BlockExchange | Count: 0 | TotalTime:0.000s | Cost:10.66
LS: BlockRelocate | Count: 0 | TotalTime:0.001s | Cost:10.66
LS: BlockRelocate | Count: 0 | TotalTime:0.001s | Cost:10.66
LS: BlockRelocate | Count: 0 | TotalTime:0.001s | Cost:10.70
LS: mPDG | Count: 0 | TotalTime:0.001s | Cost:10.72
Generation 4: Best = 10.66, Worst = 10.92, Avg = 10.85, Time: 0.07981538772583008
Stopping early due to lack of improvement.
Total runtime: 1.00s (0.0 minutes)
Total GA runtime: 0.30s (0.0 minutes)

The solution initialized by Cheapest Insertion:
V_1:[] V_2:[d15_0302310004-15 p1_0321200008-1 d1_0321200008-1] V_3:[d1_0221280003-1 p16_0312080006-1 d16_0312080006-16] V_4:[] V_5:[d6_0302310004-21 p2_0320140007-1 d2_0320140007-2 d2_0304490005-2]
The fitness value before EA: 10.659999999999998
V_1:[] V_2:[d15_0302310004-15 p1_0321200008-1 d1_0321200008-1] V_3:[d1_0221280003-1 p16_0312080006-1 d16_0312080006-16] V_4:[] V_5:[d6_0302310004-21 p2_0320140007-1 d2_0320140007-2 d2_0304490005-2]
The fitness value after EA: 10.659999999999998

Thoi gian thuc hien thuat toan:  0.9957642555236816
SUCCESS

2025-11-04 16:07:55,098 [simulate_environment.py | 256] INFO: 2025-11-04 03:30:00, Item 0312080006-1: state = 1 < 2, we can not finish the simulation
2025-11-04 16:07:55,099 [simulate_environment.py | 99] INFO: **************************************************
2025-11-04 16:07:55,099 [simulate_environment.py | 103] INFO: cur time: 2025-11-04 03:40:00, pre time: 2025-11-04 03:30:00
2025-11-04 16:07:55,099 [simulate_environment.py | 140] INFO: Start to update the input of 2025-11-04 03:40:00
2025-11-04 16:07:55,099 [simulate_environment.py | 167] INFO: Get 19 unallocated order items, 24 ongoing order items, 4 completed order items
2025-11-04 16:07:56,372 [simulate_environment.py | 234] INFO: 
LS: mPDG | Count: 0 | TotalTime:0.001s | Cost:7.18
LS: PDPairExchange | Count: 0 | TotalTime:0.000s | Cost:7.18
LS: PDPairExchange | Count: 0 | TotalTime:0.000s | Cost:7.18
LS: PDPairExchange | Count: 0 | TotalTime:0.000s | Cost:7.18
LS: PDPairExchange | Count: 0 | TotalTime:0.000s | Cost:7.18
LS: BlockRelocate | Count: 0 | TotalTime:0.001s | Cost:7.18
LS: BlockRelocate | Count: 0 | TotalTime:0.001s | Cost:7.18
LS: PDPairExchange | Count: 0 | TotalTime:0.000s | Cost:7.18
LS: PDPairExchange | Count: 0 | TotalTime:0.000s | Cost:7.18
LS: BlockExchange | Count: 0 | TotalTime:0.000s | Cost:7.18
LS: BlockRelocate | Count: 1 | TotalTime:0.001s | Cost:7.18
Generation 1: Best = 7.18, Worst = 7.44, Avg = 7.36, Time: 0.06521892547607422
LS: mPDG | Count: 0 | TotalTime:0.001s | Cost:7.18
LS: BlockRelocate | Count: 0 | TotalTime:0.001s | Cost:7.18
LS: mPDG | Count: 0 | TotalTime:0.001s | Cost:7.18
LS: mPDG | Count: 0 | TotalTime:0.001s | Cost:7.18
LS: mPDG | Count: 0 | TotalTime:0.001s | Cost:7.18
LS: PDPairExchange | Count: 0 | TotalTime:0.000s | Cost:7.18
LS: BlockRelocate | Count: 0 | TotalTime:0.001s | Cost:7.18
LS: PDPairExchange | Count: 0 | TotalTime:0.000s | Cost:7.18
LS: BlockRelocate | Count: 0 | TotalTime:0.001s | Cost:7.18
LS: BlockExchange | Count: 0 | TotalTime:0.000s | Cost:7.18
LS: BlockRelocate | Count: 0 | TotalTime:0.001s | Cost:7.18
Generation 2: Best = 7.18, Worst = 7.44, Avg = 7.36, Time: 0.06910085678100586
LS: BlockExchange | Count: 0 | TotalTime:0.000s | Cost:7.18
LS: BlockRelocate | Count: 0 | TotalTime:0.001s | Cost:7.18
LS: BlockExchange | Count: 0 | TotalTime:0.000s | Cost:7.18
LS: BlockRelocate | Count: 0 | TotalTime:0.001s | Cost:7.18
LS: BlockRelocate | Count: 0 | TotalTime:0.001s | Cost:7.18
LS: BlockExchange | Count: 0 | TotalTime:0.000s | Cost:7.18
LS: BlockRelocate | Count: 0 | TotalTime:0.001s | Cost:7.18
LS: BlockExchange | Count: 0 | TotalTime:0.000s | Cost:7.18
LS: BlockExchange | Count: 0 | TotalTime:0.000s | Cost:7.18
LS: BlockExchange | Count: 0 | TotalTime:0.000s | Cost:7.18
LS: BlockRelocate | Count: 0 | TotalTime:0.001s | Cost:7.18
Generation 3: Best = 7.18, Worst = 7.44, Avg = 7.36, Time: 0.07266116142272949
LS: mPDG | Count: 0 | TotalTime:0.001s | Cost:7.18
LS: mPDG | Count: 0 | TotalTime:0.001s | Cost:7.18
LS: PDPairExchange | Count: 0 | TotalTime:0.000s | Cost:7.18
LS: mPDG | Count: 0 | TotalTime:0.001s | Cost:7.18
LS: PDPairExchange | Count: 0 | TotalTime:0.000s | Cost:7.18
LS: BlockRelocate | Count: 0 | TotalTime:0.001s | Cost:7.18
LS: mPDG | Count: 0 | TotalTime:0.001s | Cost:7.18
LS: BlockRelocate | Count: 0 | TotalTime:0.001s | Cost:7.18
LS: BlockExchange | Count: 0 | TotalTime:0.000s | Cost:7.18
LS: BlockRelocate | Count: 0 | TotalTime:0.001s | Cost:7.18
LS: BlockRelocate | Count: 0 | TotalTime:0.001s | Cost:7.18
Generation 4: Best = 7.18, Worst = 7.44, Avg = 7.36, Time: 0.07114672660827637
Stopping early due to lack of improvement.
Total runtime: 0.97s (0.0 minutes)
Total GA runtime: 0.28s (0.0 minutes)

The solution initialized by Cheapest Insertion:
V_1:[] V_2:[d15_0302310004-15 p1_0321200008-1 d1_0321200008-1] V_3:[d1_0221280003-1 p16_0312080006-1 d16_0312080006-16] V_4:[] V_5:[d6_0302310004-21 p2_0320140007-1 d2_0320140007-2 d2_0304490005-2]
The fitness value before EA: 7.179999999999998
V_1:[] V_2:[d15_0302310004-15 p1_0321200008-1 d1_0321200008-1] V_3:[d1_0221280003-1 p16_0312080006-1 d16_0312080006-16] V_4:[] V_5:[d6_0302310004-21 p2_0320140007-1 d2_0320140007-2 d2_0304490005-2]
The fitness value after EA: 7.179999999999998

Thoi gian thuc hien thuat toan:  0.9729421138763428
SUCCESS

2025-11-04 16:07:56,373 [simulate_environment.py | 256] INFO: 2025-11-04 03:40:00, Item 0312080006-1: state = 1 < 2, we can not finish the simulation
2025-11-04 16:07:56,373 [simulate_environment.py | 99] INFO: **************************************************
2025-11-04 16:07:56,373 [simulate_environment.py | 103] INFO: cur time: 2025-11-04 03:50:00, pre time: 2025-11-04 03:40:00
2025-11-04 16:07:56,373 [simulate_environment.py | 140] INFO: Start to update the input of 2025-11-04 03:50:00
2025-11-04 16:07:56,374 [simulate_environment.py | 167] INFO: Get 20 unallocated order items, 24 ongoing order items, 4 completed order items
2025-11-04 16:07:57,643 [simulate_environment.py | 234] INFO: 
LS: BlockExchange | Count: 0 | TotalTime:0.000s | Cost:7.18
LS: PDPairExchange | Count: 0 | TotalTime:0.000s | Cost:7.18
LS: mPDG | Count: 0 | TotalTime:0.002s | Cost:7.24
LS: PDPairExchange | Count: 0 | TotalTime:0.000s | Cost:7.50
LS: BlockExchange | Count: 0 | TotalTime:0.000s | Cost:7.54
LS: BlockExchange | Count: 0 | TotalTime:0.000s | Cost:7.54
LS: PDPairExchange | Count: 1 | TotalTime:0.000s | Cost:7.44
LS: mPDG | Count: 0 | TotalTime:0.001s | Cost:7.74
LS: BlockRelocate | Count: 1 | TotalTime:0.000s | Cost:7.82
LS: BlockRelocate | Count: 1 | TotalTime:0.000s | Cost:7.84
LS: BlockExchange | Count: 0 | TotalTime:0.000s | Cost:8.08
Generation 1: Best = 7.18, Worst = 10.10, Avg = 8.18, Time: 0.08057522773742676
LS: mPDG | Count: 0 | TotalTime:0.001s | Cost:7.18
LS: PDPairExchange | Count: 0 | TotalTime:0.000s | Cost:7.18
LS: BlockExchange | Count: 0 | TotalTime:0.000s | Cost:7.24
LS: PDPairExchange | Count: 0 | TotalTime:0.000s | Cost:7.44
LS: mPDG | Count: 1 | TotalTime:0.001s | Cost:7.18
LS: mPDG | Count: 1 | TotalTime:0.001s | Cost:7.44
LS: PDPairExchange | Count: 0 | TotalTime:0.000s | Cost:7.54
LS: BlockRelocate | Count: 1 | TotalTime:0.002s | Cost:7.48
LS: BlockExchange | Count: 1 | TotalTime:0.000s | Cost:7.44
LS: mPDG | Count: 0 | TotalTime:0.002s | Cost:7.74
LS: BlockRelocate | Count: 1 | TotalTime:0.001s | Cost:7.82
Generation 2: Best = 7.18, Worst = 8.08, Avg = 7.89, Time: 0.08819794654846191
LS: PDPairExchange | Count: 0 | TotalTime:0.000s | Cost:7.18
LS: BlockRelocate | Count: 0 | TotalTime:0.002s | Cost:7.18
LS: mPDG | Count: 0 | TotalTime:0.001s | Cost:7.18
LS: mPDG | Count: 0 | TotalTime:0.002s | Cost:7.24
LS: PDPairExchange | Count: 0 | TotalTime:0.000s | Cost:7.44
LS: mPDG | Count: 0 | TotalTime:0.001s | Cost:7.44
LS: BlockExchange | Count: 0 | TotalTime:0.000s | Cost:7.44
LS: BlockRelocate | Count: 0 | TotalTime:0.002s | Cost:7.48
LS: BlockExchange | Count: 0 | TotalTime:0.000s | Cost:7.54
LS: mPDG | Count: 0 | TotalTime:0.001s | Cost:7.74
LS: PDPairExchange | Count: 1 | TotalTime:0.000s | Cost:7.44
Generation 3: Best = 7.18, Worst = 8.08, Avg = 7.85, Time: 0.08353471755981445
LS: PDPairExchange | Count: 0 | TotalTime:0.000s | Cost:7.18
LS: BlockExchange | Count: 0 | TotalTime:0.000s | Cost:7.18
LS: mPDG | Count: 0 | TotalTime:0.001s | Cost:7.18
LS: mPDG | Count: 0 | TotalTime:0.002s | Cost:7.24
LS: PDPairExchange | Count: 0 | TotalTime:0.000s | Cost:7.44
LS: mPDG | Count: 0 | TotalTime:0.002s | Cost:7.44
LS: BlockExchange | Count: 0 | TotalTime:0.000s | Cost:7.44
LS: PDPairExchange | Count: 0 | TotalTime:0.000s | Cost:7.44
LS: BlockRelocate | Count: 0 | TotalTime:0.002s | Cost:7.48
LS: BlockRelocate | Count: 1 | TotalTime:0.001s | Cost:7.48
LS: BlockExchange | Count: 1 | TotalTime:0.000s | Cost:7.44
Generation 4: Best = 7.18, Worst = 8.08, Avg = 7.79, Time: 0.0911245346069336
Stopping early due to lack of improvement.
Total runtime: 1.02s (0.0 minutes)
Total GA runtime: 0.34s (0.0 minutes)

The solution initialized by Cheapest Insertion:
V_1:[] V_2:[d15_0302310004-15 p1_0321200008-1 d1_0321200008-1] V_3:[d1_0221280003-1 p16_0312080006-1 d16_0312080006-16] V_4:[] V_5:[d6_0302310004-21 p2_0320140007-1 p1_0341360009-1 d1_0341360009-1 d2_0320140007-2 d2_0304490005-2]
The fitness value before EA: 7.179999999999998
V_1:[] V_2:[d15_0302310004-15 p1_0321200008-1 d1_0321200008-1] V_3:[d1_0221280003-1 p16_0312080006-1 d16_0312080006-16] V_4:[] V_5:[d6_0302310004-21 p2_0320140007-1 p1_0341360009-1 d1_0341360009-1 d2_0320140007-2 d2_0304490005-2]
The fitness value after EA: 7.179999999999998

Thoi gian thuc hien thuat toan:  1.0166666507720947
SUCCESS

2025-11-04 16:07:57,644 [simulate_environment.py | 256] INFO: 2025-11-04 03:50:00, Item 0312080006-1: state = 1 < 2, we can not finish the simulation
2025-11-04 16:07:57,644 [simulate_environment.py | 99] INFO: **************************************************
2025-11-04 16:07:57,644 [simulate_environment.py | 103] INFO: cur time: 2025-11-04 04:00:00, pre time: 2025-11-04 03:50:00
2025-11-04 16:07:57,644 [simulate_environment.py | 140] INFO: Start to update the input of 2025-11-04 04:00:00
2025-11-04 16:07:57,645 [simulate_environment.py | 167] INFO: Get 20 unallocated order items, 24 ongoing order items, 4 completed order items
2025-11-04 16:07:58,959 [simulate_environment.py | 234] INFO: 
LS: BlockRelocate | Count: 0 | TotalTime:0.002s | Cost:7.18
LS: BlockRelocate | Count: 0 | TotalTime:0.002s | Cost:7.18
LS: BlockRelocate | Count: 1 | TotalTime:0.001s | Cost:7.40
LS: BlockExchange | Count: 0 | TotalTime:0.000s | Cost:7.54
LS: PDPairExchange | Count: 0 | TotalTime:0.000s | Cost:7.54
LS: mPDG | Count: 0 | TotalTime:0.001s | Cost:7.56
LS: mPDG | Count: 1 | TotalTime:0.001s | Cost:7.84
LS: mPDG | Count: 1 | TotalTime:0.001s | Cost:7.84
LS: mPDG | Count: 1 | TotalTime:0.001s | Cost:7.84
LS: PDPairExchange | Count: 0 | TotalTime:0.000s | Cost:8.08
LS: mPDG | Count: 1 | TotalTime:0.001s | Cost:7.84
Generation 1: Best = 7.18, Worst = 9.76, Avg = 8.00, Time: 0.08698773384094238
LS: mPDG | Count: 0 | TotalTime:0.001s | Cost:7.18
LS: PDPairExchange | Count: 0 | TotalTime:0.000s | Cost:7.18
LS: BlockRelocate | Count: 1 | TotalTime:0.001s | Cost:7.18
LS: mPDG | Count: 1 | TotalTime:0.001s | Cost:7.18
LS: BlockRelocate | Count: 1 | TotalTime:0.001s | Cost:7.18
LS: mPDG | Count: 0 | TotalTime:0.001s | Cost:7.56
LS: BlockExchange | Count: 1 | TotalTime:0.000s | Cost:7.44
LS: BlockRelocate | Count: 1 | TotalTime:0.001s | Cost:7.48
LS: BlockRelocate | Count: 1 | TotalTime:0.002s | Cost:7.48
LS: BlockRelocate | Count: 1 | TotalTime:0.000s | Cost:7.48
LS: mPDG | Count: 0 | TotalTime:0.002s | Cost:7.74
Generation 2: Best = 7.18, Worst = 8.08, Avg = 7.85, Time: 0.08527731895446777
LS: PDPairExchange | Count: 0 | TotalTime:0.000s | Cost:7.18
LS: mPDG | Count: 0 | TotalTime:0.001s | Cost:7.18
LS: BlockRelocate | Count: 0 | TotalTime:0.002s | Cost:7.18
LS: mPDG | Count: 0 | TotalTime:0.001s | Cost:7.18
LS: BlockRelocate | Count: 0 | TotalTime:0.002s | Cost:7.18
LS: BlockExchange | Count: 0 | TotalTime:0.001s | Cost:7.44
LS: BlockRelocate | Count: 0 | TotalTime:0.002s | Cost:7.48
LS: BlockRelocate | Count: 0 | TotalTime:0.002s | Cost:7.48
LS: BlockRelocate | Count: 0 | TotalTime:0.002s | Cost:7.48
LS: PDPairExchange | Count: 0 | TotalTime:0.000s | Cost:7.56
LS: BlockExchange | Count: 1 | TotalTime:0.000s | Cost:7.44
Generation 3: Best = 7.18, Worst = 8.08, Avg = 7.76, Time: 0.1113433837890625
LS: BlockExchange | Count: 0 | TotalTime:0.000s | Cost:7.18
LS: BlockExchange | Count: 0 | TotalTime:0.000s | Cost:7.18
LS: BlockRelocate | Count: 0 | TotalTime:0.002s | Cost:7.18
LS: mPDG | Count: 0 | TotalTime:0.001s | Cost:7.18
LS: BlockRelocate | Count: 0 | TotalTime:0.002s | Cost:7.18
LS: BlockExchange | Count: 0 | TotalTime:0.000s | Cost:7.44
LS: BlockExchange | Count: 0 | TotalTime:0.000s | Cost:7.44
LS: BlockRelocate | Count: 0 | TotalTime:0.002s | Cost:7.48
LS: BlockRelocate | Count: 0 | TotalTime:0.002s | Cost:7.48
LS: BlockRelocate | Count: 0 | TotalTime:0.002s | Cost:7.48
LS: mPDG | Count: 0 | TotalTime:0.001s | Cost:7.56
Generation 4: Best = 7.18, Worst = 8.08, Avg = 7.71, Time: 0.08892321586608887
Stopping early due to lack of improvement.
Total runtime: 1.06s (0.0 minutes)
Total GA runtime: 0.37s (0.0 minutes)

The solution initialized by Cheapest Insertion:
V_1:[] V_2:[d15_0302310004-15 p1_0321200008-1 d1_0321200008-1] V_3:[d1_0221280003-1 p16_0312080006-1 d16_0312080006-16] V_4:[] V_5:[d6_0302310004-21 p2_0320140007-1 p1_0341360009-1 d1_0341360009-1 d2_0320140007-2 d2_0304490005-2]
The fitness value before EA: 7.179999999999998
V_1:[] V_2:[d15_0302310004-15 p1_0321200008-1 d1_0321200008-1] V_3:[d1_0221280003-1 p16_0312080006-1 d16_0312080006-16] V_4:[] V_5:[d6_0302310004-21 p2_0320140007-1 p1_0341360009-1 d1_0341360009-1 d2_0320140007-2 d2_0304490005-2]
The fitness value after EA: 7.179999999999998

Thoi gian thuc hien thuat toan:  1.0621085166931152
SUCCESS

2025-11-04 16:07:58,961 [simulate_environment.py | 256] INFO: 2025-11-04 04:00:00, Item 0312080006-1: state = 1 < 2, we can not finish the simulation
2025-11-04 16:07:58,961 [simulate_environment.py | 99] INFO: **************************************************
2025-11-04 16:07:58,961 [simulate_environment.py | 103] INFO: cur time: 2025-11-04 04:10:00, pre time: 2025-11-04 04:00:00
2025-11-04 16:07:58,961 [simulate_environment.py | 140] INFO: Start to update the input of 2025-11-04 04:10:00
2025-11-04 16:07:58,961 [simulate_environment.py | 167] INFO: Get 5 unallocated order items, 39 ongoing order items, 5 completed order items
2025-11-04 16:08:00,304 [simulate_environment.py | 234] INFO: 
LS: BlockExchange | Count: 0 | TotalTime:0.000s | Cost:10.64
LS: PDPairExchange | Count: 0 | TotalTime:0.000s | Cost:10.64
LS: mPDG | Count: 0 | TotalTime:0.001s | Cost:13.06
LS: PDPairExchange | Count: 0 | TotalTime:0.000s | Cost:13.30
LS: PDPairExchange | Count: 0 | TotalTime:0.000s | Cost:13.30
LS: mPDG | Count: 0 | TotalTime:0.001s | Cost:13.42
LS: mPDG | Count: 1 | TotalTime:0.001s | Cost:13.32
LS: BlockRelocate | Count: 1 | TotalTime:0.001s | Cost:11.00
LS: BlockRelocate | Count: 1 | TotalTime:0.000s | Cost:13.42
LS: BlockRelocate | Count: 1 | TotalTime:0.000s | Cost:11.00
LS: PDPairExchange | Count: 0 | TotalTime:0.000s | Cost:13.56
Generation 1: Best = 10.64, Worst = 13.56, Avg = 13.25, Time: 0.09049391746520996
LS: mPDG | Count: 0 | TotalTime:0.001s | Cost:10.64
LS: BlockExchange | Count: 0 | TotalTime:0.000s | Cost:10.64
LS: BlockRelocate | Count: 1 | TotalTime:0.001s | Cost:10.92
LS: BlockRelocate | Count: 1 | TotalTime:0.001s | Cost:10.92
LS: BlockExchange | Count: 0 | TotalTime:0.000s | Cost:13.06
LS: BlockExchange | Count: 0 | TotalTime:0.000s | Cost:13.30
LS: PDPairExchange | Count: 0 | TotalTime:0.000s | Cost:13.30
LS: mPDG | Count: 0 | TotalTime:0.001s | Cost:13.32
LS: BlockRelocate | Count: 1 | TotalTime:0.001s | Cost:13.34
LS: PDPairExchange | Count: 0 | TotalTime:0.000s | Cost:13.42
LS: BlockExchange | Count: 0 | TotalTime:0.000s | Cost:13.56
Generation 2: Best = 10.64, Worst = 13.56, Avg = 13.24, Time: 0.09636640548706055
LS: mPDG | Count: 0 | TotalTime:0.001s | Cost:10.64
LS: BlockExchange | Count: 0 | TotalTime:0.000s | Cost:10.64
LS: BlockRelocate | Count: 1 | TotalTime:0.001s | Cost:10.68
LS: BlockRelocate | Count: 1 | TotalTime:0.002s | Cost:10.68
LS: mPDG | Count: 0 | TotalTime:0.001s | Cost:13.06
LS: mPDG | Count: 1 | TotalTime:0.001s | Cost:10.64
LS: BlockRelocate | Count: 1 | TotalTime:0.001s | Cost:11.00
LS: mPDG | Count: 0 | TotalTime:0.001s | Cost:13.32
LS: BlockRelocate | Count: 1 | TotalTime:0.000s | Cost:13.28
LS: PDPairExchange | Count: 0 | TotalTime:0.000s | Cost:13.42
LS: mPDG | Count: 1 | TotalTime:0.001s | Cost:13.32
Generation 3: Best = 10.64, Worst = 13.56, Avg = 13.10, Time: 0.09404397010803223
LS: BlockExchange | Count: 0 | TotalTime:0.000s | Cost:10.64
LS: PDPairExchange | Count: 0 | TotalTime:0.000s | Cost:10.64
LS: mPDG | Count: 0 | TotalTime:0.001s | Cost:10.64
LS: BlockRelocate | Count: 0 | TotalTime:0.002s | Cost:10.68
LS: BlockRelocate | Count: 0 | TotalTime:0.002s | Cost:10.68
LS: BlockRelocate | Count: 1 | TotalTime:0.001s | Cost:10.64
LS: BlockExchange | Count: 0 | TotalTime:0.000s | Cost:13.06
LS: BlockRelocate | Count: 0 | TotalTime:0.002s | Cost:13.28
LS: mPDG | Count: 0 | TotalTime:0.001s | Cost:13.32
LS: mPDG | Count: 0 | TotalTime:0.001s | Cost:13.32
LS: PDPairExchange | Count: 0 | TotalTime:0.000s | Cost:13.42
Generation 4: Best = 10.64, Worst = 13.56, Avg = 13.09, Time: 0.09292769432067871
Stopping early due to lack of improvement.
Total runtime: 1.09s (0.0 minutes)
Total GA runtime: 0.37s (0.0 minutes)

The solution initialized by Cheapest Insertion:
V_1:[] V_2:[d15_0302310004-15 p1_0321200008-1 d1_0321200008-1] V_3:[d16_0312080006-16 p1_0405380010-1 d1_0405380010-1] V_4:[] V_5:[d6_0302310004-21 p2_0320140007-1 p1_0341360009-1 d1_0341360009-1 d2_0320140007-2 d2_0304490005-2]
The fitness value before EA: 10.639999999999997
V_1:[] V_2:[d15_0302310004-15 p1_0321200008-1 d1_0321200008-1] V_3:[d16_0312080006-16 p1_0405380010-1 d1_0405380010-1] V_4:[] V_5:[d6_0302310004-21 p2_0320140007-1 p1_0341360009-1 d1_0341360009-1 d2_0320140007-2 d2_0304490005-2]
The fitness value after EA: 10.639999999999997

Thoi gian thuc hien thuat toan:  1.0859551429748535
SUCCESS

2025-11-04 16:08:00,306 [simulate_environment.py | 256] INFO: 2025-11-04 04:10:00, Item 0320140007-1: state = 1 < 2, we can not finish the simulation
2025-11-04 16:08:00,307 [simulate_environment.py | 99] INFO: **************************************************
2025-11-04 16:08:00,307 [simulate_environment.py | 103] INFO: cur time: 2025-11-04 04:20:00, pre time: 2025-11-04 04:10:00
2025-11-04 16:08:00,307 [simulate_environment.py | 140] INFO: Start to update the input of 2025-11-04 04:20:00
2025-11-04 16:08:00,308 [simulate_environment.py | 167] INFO: Get 6 unallocated order items, 39 ongoing order items, 5 completed order items
2025-11-04 16:08:01,724 [simulate_environment.py | 234] INFO: 
LS: mPDG | Count: 0 | TotalTime:0.002s | Cost:9.36
LS: BlockRelocate | Count: 0 | TotalTime:0.003s | Cost:9.36
LS: BlockRelocate | Count: 0 | TotalTime:0.003s | Cost:9.36
LS: BlockExchange | Count: 0 | TotalTime:0.000s | Cost:11.70
LS: mPDG | Count: 1 | TotalTime:0.001s | Cost:9.36
LS: BlockRelocate | Count: 1 | TotalTime:0.001s | Cost:11.98
LS: BlockRelocate | Count: 1 | TotalTime:0.000s | Cost:9.44
LS: BlockExchange | Count: 0 | TotalTime:0.001s | Cost:12.10
LS: mPDG | Count: 1 | TotalTime:0.002s | Cost:9.44
LS: mPDG | Count: 1 | TotalTime:0.001s | Cost:9.44
LS: mPDG | Count: 1 | TotalTime:0.001s | Cost:9.44
Generation 1: Best = 9.36, Worst = 12.10, Avg = 11.55, Time: 0.11638402938842773
LS: mPDG | Count: 0 | TotalTime:0.002s | Cost:9.36
LS: BlockRelocate | Count: 0 | TotalTime:0.003s | Cost:9.36
LS: BlockExchange | Count: 0 | TotalTime:0.000s | Cost:9.36
LS: mPDG | Count: 0 | TotalTime:0.002s | Cost:9.36
LS: BlockRelocate | Count: 1 | TotalTime:0.002s | Cost:9.36
LS: mPDG | Count: 0 | TotalTime:0.001s | Cost:9.44
LS: mPDG | Count: 0 | TotalTime:0.001s | Cost:9.44
LS: mPDG | Count: 0 | TotalTime:0.001s | Cost:9.44
LS: mPDG | Count: 1 | TotalTime:0.001s | Cost:9.36
LS: BlockRelocate | Count: 1 | TotalTime:0.000s | Cost:11.84
LS: BlockRelocate | Count: 1 | TotalTime:0.001s | Cost:9.44
Generation 2: Best = 9.36, Worst = 12.10, Avg = 11.42, Time: 0.11669707298278809
LS: mPDG | Count: 0 | TotalTime:0.002s | Cost:9.36
LS: mPDG | Count: 0 | TotalTime:0.002s | Cost:9.36
LS: BlockRelocate | Count: 0 | TotalTime:0.003s | Cost:9.36
LS: mPDG | Count: 0 | TotalTime:0.002s | Cost:9.36
LS: BlockRelocate | Count: 1 | TotalTime:0.000s | Cost:9.36
LS: mPDG | Count: 0 | TotalTime:0.001s | Cost:9.36
LS: mPDG | Count: 0 | TotalTime:0.001s | Cost:9.44
LS: mPDG | Count: 0 | TotalTime:0.001s | Cost:9.44
LS: mPDG | Count: 0 | TotalTime:0.001s | Cost:9.44
LS: BlockRelocate | Count: 1 | TotalTime:0.002s | Cost:9.36
LS: BlockRelocate | Count: 1 | TotalTime:0.001s | Cost:11.78
Generation 3: Best = 9.36, Worst = 12.10, Avg = 11.41, Time: 0.11728763580322266
LS: BlockExchange | Count: 0 | TotalTime:0.001s | Cost:9.36
LS: BlockExchange | Count: 0 | TotalTime:0.001s | Cost:9.36
LS: BlockExchange | Count: 0 | TotalTime:0.001s | Cost:9.36
LS: mPDG | Count: 0 | TotalTime:0.003s | Cost:9.36
LS: BlockRelocate | Count: 0 | TotalTime:0.004s | Cost:9.36
LS: BlockRelocate | Count: 0 | TotalTime:0.003s | Cost:9.36
LS: mPDG | Count: 0 | TotalTime:0.002s | Cost:9.36
LS: mPDG | Count: 0 | TotalTime:0.002s | Cost:9.44
LS: mPDG | Count: 0 | TotalTime:0.001s | Cost:9.44
LS: mPDG | Count: 0 | TotalTime:0.001s | Cost:9.44
LS: BlockRelocate | Count: 1 | TotalTime:0.001s | Cost:11.70
Generation 4: Best = 9.36, Worst = 12.10, Avg = 11.41, Time: 0.11829805374145508
Stopping early due to lack of improvement.
Total runtime: 1.15s (0.0 minutes)
Total GA runtime: 0.47s (0.0 minutes)

The solution initialized by Cheapest Insertion:
V_1:[] V_2:[d15_0302310004-15 p1_0321200008-1 d1_0321200008-1] V_3:[d16_0312080006-16 p1_0405380010-1 d1_0405380010-1] V_4:[] V_5:[d6_0302310004-21 p2_0320140007-1 p1_0341360009-1 d1_0341360009-1 d2_0320140007-2 d2_0304490005-2 p1_0417500011-1 d1_0417500011-1]
The fitness value before EA: 9.36
V_1:[] V_2:[d15_0302310004-15 p1_0321200008-1 d1_0321200008-1] V_3:[d16_0312080006-16 p1_0405380010-1 d1_0405380010-1] V_4:[] V_5:[d6_0302310004-21 p2_0320140007-1 p1_0341360009-1 d1_0341360009-1 d2_0320140007-2 d2_0304490005-2 p1_0417500011-1 d1_0417500011-1]
The fitness value after EA: 9.36

Thoi gian thuc hien thuat toan:  1.1538279056549072
SUCCESS

2025-11-04 16:08:01,726 [simulate_environment.py | 256] INFO: 2025-11-04 04:20:00, Item 0320140007-1: state = 1 < 2, we can not finish the simulation
2025-11-04 16:08:01,727 [simulate_environment.py | 99] INFO: **************************************************
2025-11-04 16:08:01,727 [simulate_environment.py | 103] INFO: cur time: 2025-11-04 04:30:00, pre time: 2025-11-04 04:20:00
2025-11-04 16:08:01,727 [simulate_environment.py | 140] INFO: Start to update the input of 2025-11-04 04:30:00
2025-11-04 16:08:01,727 [simulate_environment.py | 167] INFO: Get 7 unallocated order items, 39 ongoing order items, 5 completed order items
2025-11-04 16:08:03,267 [simulate_environment.py | 234] INFO: 
LS: BlockRelocate | Count: 0 | TotalTime:0.004s | Cost:13.08
LS: BlockRelocate | Count: 1 | TotalTime:0.003s | Cost:13.16
LS: BlockRelocate | Count: 1 | TotalTime:0.002s | Cost:13.32
LS: BlockRelocate | Count: 1 | TotalTime:0.001s | Cost:13.32
LS: BlockRelocate | Count: 1 | TotalTime:0.002s | Cost:13.16
LS: PDPairExchange | Count: 0 | TotalTime:0.001s | Cost:13.40
LS: BlockExchange | Count: 1 | TotalTime:0.000s | Cost:13.40
LS: BlockExchange | Count: 0 | TotalTime:0.001s | Cost:13.54
LS: BlockRelocate | Count: 1 | TotalTime:0.000s | Cost:13.08
LS: BlockRelocate | Count: 1 | TotalTime:0.001s | Cost:15.02
LS: BlockExchange | Count: 1 | TotalTime:0.000s | Cost:15.12
Generation 1: Best = 13.08, Worst = 15.34, Avg = 14.86, Time: 0.12761521339416504
LS: mPDG | Count: 0 | TotalTime:0.002s | Cost:13.08
LS: BlockRelocate | Count: 0 | TotalTime:0.004s | Cost:13.08
LS: BlockRelocate | Count: 1 | TotalTime:0.004s | Cost:13.08
LS: BlockRelocate | Count: 1 | TotalTime:0.003s | Cost:13.08
LS: BlockRelocate | Count: 1 | TotalTime:0.002s | Cost:13.08
LS: BlockRelocate | Count: 1 | TotalTime:0.002s | Cost:13.08
LS: BlockRelocate | Count: 1 | TotalTime:0.001s | Cost:13.16
LS: BlockExchange | Count: 0 | TotalTime:0.001s | Cost:13.40
LS: PDPairExchange | Count: 0 | TotalTime:0.001s | Cost:13.40
LS: BlockExchange | Count: 0 | TotalTime:0.001s | Cost:13.40
LS: BlockRelocate | Count: 1 | TotalTime:0.002s | Cost:13.16
Generation 2: Best = 13.08, Worst = 15.34, Avg = 14.35, Time: 0.13982295989990234
LS: mPDG | Count: 0 | TotalTime:0.002s | Cost:13.08
LS: BlockRelocate | Count: 0 | TotalTime:0.004s | Cost:13.08
LS: BlockRelocate | Count: 0 | TotalTime:0.004s | Cost:13.08
LS: BlockRelocate | Count: 0 | TotalTime:0.005s | Cost:13.08
LS: BlockRelocate | Count: 0 | TotalTime:0.005s | Cost:13.08
LS: BlockRelocate | Count: 0 | TotalTime:0.004s | Cost:13.08
LS: BlockRelocate | Count: 1 | TotalTime:0.003s | Cost:13.08
LS: BlockRelocate | Count: 1 | TotalTime:0.001s | Cost:13.08
LS: BlockExchange | Count: 0 | TotalTime:0.001s | Cost:13.40
LS: mPDG | Count: 1 | TotalTime:0.002s | Cost:13.16
LS: mPDG | Count: 1 | TotalTime:0.002s | Cost:13.16
Generation 3: Best = 13.08, Worst = 15.34, Avg = 13.51, Time: 0.15007591247558594
LS: mPDG | Count: 0 | TotalTime:0.002s | Cost:13.08
LS: BlockRelocate | Count: 0 | TotalTime:0.004s | Cost:13.08
LS: BlockRelocate | Count: 0 | TotalTime:0.004s | Cost:13.08
LS: BlockRelocate | Count: 0 | TotalTime:0.004s | Cost:13.08
LS: BlockRelocate | Count: 0 | TotalTime:0.004s | Cost:13.08
LS: BlockRelocate | Count: 0 | TotalTime:0.005s | Cost:13.08
LS: BlockRelocate | Count: 0 | TotalTime:0.004s | Cost:13.08
LS: BlockRelocate | Count: 0 | TotalTime:0.004s | Cost:13.08
LS: mPDG | Count: 0 | TotalTime:0.002s | Cost:13.16
LS: mPDG | Count: 0 | TotalTime:0.002s | Cost:13.16
LS: BlockExchange | Count: 0 | TotalTime:0.001s | Cost:13.40
Generation 4: Best = 13.08, Worst = 13.40, Avg = 13.32, Time: 0.14920997619628906
Stopping early due to lack of improvement.
Total runtime: 1.28s (0.0 minutes)
Total GA runtime: 0.57s (0.0 minutes)

The solution initialized by Cheapest Insertion:
V_1:[] V_2:[d15_0302310004-15 p1_0321200008-1 d1_0321200008-1] V_3:[d16_0312080006-16 p1_0405380010-1 d1_0405380010-1] V_4:[p1_0423290012-1 d1_0423290012-1] V_5:[d6_0302310004-21 p2_0320140007-1 p1_0341360009-1 d1_0341360009-1 d2_0320140007-2 d2_0304490005-2 p1_0417500011-1 d1_0417500011-1]
The fitness value before EA: 13.079999999999998
V_1:[] V_2:[d15_0302310004-15 p1_0321200008-1 d1_0321200008-1] V_3:[d16_0312080006-16 p1_0405380010-1 d1_0405380010-1] V_4:[p1_0423290012-1 d1_0423290012-1] V_5:[d6_0302310004-21 p2_0320140007-1 p1_0341360009-1 d1_0341360009-1 d2_0320140007-2 d2_0304490005-2 p1_0417500011-1 d1_0417500011-1]
The fitness value after EA: 13.079999999999998

Thoi gian thuc hien thuat toan:  1.2784700393676758
SUCCESS

2025-11-04 16:08:03,269 [simulate_environment.py | 256] INFO: 2025-11-04 04:30:00, Item 0320140007-1: state = 1 < 2, we can not finish the simulation
2025-11-04 16:08:03,270 [simulate_environment.py | 99] INFO: **************************************************
2025-11-04 16:08:03,270 [simulate_environment.py | 103] INFO: cur time: 2025-11-04 04:40:00, pre time: 2025-11-04 04:30:00
2025-11-04 16:08:03,270 [simulate_environment.py | 140] INFO: Start to update the input of 2025-11-04 04:40:00
2025-11-04 16:08:03,270 [simulate_environment.py | 167] INFO: Get 11 unallocated order items, 33 ongoing order items, 11 completed order items
2025-11-04 16:08:04,711 [simulate_environment.py | 234] INFO: 
LS: PDPairExchange | Count: 0 | TotalTime:0.000s | Cost:10.88
LS: PDPairExchange | Count: 0 | TotalTime:0.000s | Cost:11.06
LS: BlockRelocate | Count: 1 | TotalTime:0.000s | Cost:10.88
LS: BlockExchange | Count: 0 | TotalTime:0.000s | Cost:11.12
LS: BlockRelocate | Count: 1 | TotalTime:0.003s | Cost:10.88
LS: mPDG | Count: 0 | TotalTime:0.002s | Cost:11.12
LS: BlockRelocate | Count: 1 | TotalTime:0.003s | Cost:10.88
LS: mPDG | Count: 0 | TotalTime:0.002s | Cost:11.12
LS: PDPairExchange | Count: 0 | TotalTime:0.000s | Cost:11.12
LS: mPDG | Count: 0 | TotalTime:0.002s | Cost:11.12
LS: BlockExchange | Count: 0 | TotalTime:0.000s | Cost:11.12
Generation 1: Best = 10.88, Worst = 11.24, Avg = 11.10, Time: 0.10483074188232422
LS: PDPairExchange | Count: 0 | TotalTime:0.000s | Cost:10.88
LS: BlockRelocate | Count: 0 | TotalTime:0.003s | Cost:10.88
LS: BlockRelocate | Count: 0 | TotalTime:0.003s | Cost:10.88
LS: BlockRelocate | Count: 0 | TotalTime:0.003s | Cost:10.88
LS: mPDG | Count: 1 | TotalTime:0.001s | Cost:10.90
LS: BlockRelocate | Count: 1 | TotalTime:0.000s | Cost:10.88
LS: mPDG | Count: 0 | TotalTime:0.002s | Cost:11.12
LS: PDPairExchange | Count: 0 | TotalTime:0.001s | Cost:11.12
LS: BlockExchange | Count: 0 | TotalTime:0.001s | Cost:11.12
LS: BlockExchange | Count: 0 | TotalTime:0.001s | Cost:11.12
LS: BlockRelocate | Count: 1 | TotalTime:0.001s | Cost:10.88
Generation 2: Best = 10.88, Worst = 11.12, Avg = 11.08, Time: 0.10962891578674316
LS: mPDG | Count: 0 | TotalTime:0.002s | Cost:10.88
LS: BlockRelocate | Count: 0 | TotalTime:0.003s | Cost:10.88
LS: BlockRelocate | Count: 0 | TotalTime:0.003s | Cost:10.88
LS: BlockRelocate | Count: 0 | TotalTime:0.003s | Cost:10.88
LS: BlockRelocate | Count: 0 | TotalTime:0.004s | Cost:10.88
LS: BlockRelocate | Count: 0 | TotalTime:0.003s | Cost:10.88
LS: mPDG | Count: 0 | TotalTime:0.001s | Cost:10.90
LS: PDPairExchange | Count: 0 | TotalTime:0.001s | Cost:11.12
LS: PDPairExchange | Count: 0 | TotalTime:0.001s | Cost:11.12
LS: mPDG | Count: 0 | TotalTime:0.002s | Cost:11.12
LS: mPDG | Count: 0 | TotalTime:0.002s | Cost:11.12
Generation 3: Best = 10.88, Worst = 11.12, Avg = 11.08, Time: 0.12081480026245117
LS: BlockRelocate | Count: 0 | TotalTime:0.003s | Cost:10.88
LS: BlockRelocate | Count: 0 | TotalTime:0.003s | Cost:10.88
LS: BlockRelocate | Count: 0 | TotalTime:0.003s | Cost:10.88
LS: BlockRelocate | Count: 0 | TotalTime:0.004s | Cost:10.88
LS: BlockRelocate | Count: 0 | TotalTime:0.004s | Cost:10.88
LS: BlockRelocate | Count: 0 | TotalTime:0.004s | Cost:10.88
LS: mPDG | Count: 0 | TotalTime:0.001s | Cost:10.90
LS: mPDG | Count: 0 | TotalTime:0.002s | Cost:11.12
LS: BlockExchange | Count: 0 | TotalTime:0.001s | Cost:11.12
LS: BlockExchange | Count: 0 | TotalTime:0.001s | Cost:11.12
LS: PDPairExchange | Count: 0 | TotalTime:0.001s | Cost:11.12
Generation 4: Best = 10.88, Worst = 11.12, Avg = 11.08, Time: 0.12182378768920898
Stopping early due to lack of improvement.
Total runtime: 1.18s (0.0 minutes)
Total GA runtime: 0.46s (0.0 minutes)

The solution initialized by Cheapest Insertion:
V_1:[] V_2:[d15_0302310004-15 p1_0321200008-1 d1_0321200008-1] V_3:[d16_0312080006-16 p1_0405380010-1 d1_0405380010-1] V_4:[p1_0423290012-1 d1_0423290012-1] V_5:[p2_0320140007-1 p1_0341360009-1 d1_0341360009-1 d2_0320140007-2 d2_0304490005-2 p1_0417500011-1 p4_0436090013-1 d4_0436090013-4 d1_0417500011-1]
The fitness value before EA: 10.879999999999999
V_1:[] V_2:[d15_0302310004-15 p1_0321200008-1 d1_0321200008-1] V_3:[d16_0312080006-16 p1_0405380010-1 d1_0405380010-1] V_4:[p1_0423290012-1 d1_0423290012-1] V_5:[p2_0320140007-1 p1_0341360009-1 d1_0341360009-1 d2_0320140007-2 d2_0304490005-2 p1_0417500011-1 p4_0436090013-1 d4_0436090013-4 d1_0417500011-1]
The fitness value after EA: 10.879999999999999

Thoi gian thuc hien thuat toan:  1.1792795658111572
SUCCESS

2025-11-04 16:08:04,712 [simulate_environment.py | 256] INFO: 2025-11-04 04:40:00, Item 0320140007-1: state = 1 < 2, we can not finish the simulation
2025-11-04 16:08:04,713 [simulate_environment.py | 99] INFO: **************************************************
2025-11-04 16:08:04,713 [simulate_environment.py | 103] INFO: cur time: 2025-11-04 04:50:00, pre time: 2025-11-04 04:40:00
2025-11-04 16:08:04,713 [simulate_environment.py | 140] INFO: Start to update the input of 2025-11-04 04:50:00
2025-11-04 16:08:04,713 [simulate_environment.py | 167] INFO: Get 11 unallocated order items, 33 ongoing order items, 11 completed order items
2025-11-04 16:08:06,200 [simulate_environment.py | 234] INFO: 
LS: BlockExchange | Count: 0 | TotalTime:0.001s | Cost:10.88
LS: mPDG | Count: 0 | TotalTime:0.004s | Cost:10.88
LS: BlockExchange | Count: 0 | TotalTime:0.001s | Cost:11.06
LS: mPDG | Count: 0 | TotalTime:0.003s | Cost:11.12
LS: BlockRelocate | Count: 1 | TotalTime:0.001s | Cost:10.88
LS: PDPairExchange | Count: 0 | TotalTime:0.001s | Cost:11.12
LS: mPDG | Count: 0 | TotalTime:0.002s | Cost:11.12
LS: BlockExchange | Count: 0 | TotalTime:0.001s | Cost:11.12
LS: PDPairExchange | Count: 0 | TotalTime:0.001s | Cost:11.12
LS: BlockRelocate | Count: 1 | TotalTime:0.002s | Cost:10.88
LS: mPDG | Count: 0 | TotalTime:0.002s | Cost:11.12
Generation 1: Best = 10.88, Worst = 11.34, Avg = 11.10, Time: 0.11824870109558105
LS: BlockRelocate | Count: 0 | TotalTime:0.003s | Cost:10.88
LS: PDPairExchange | Count: 0 | TotalTime:0.000s | Cost:10.88
LS: BlockRelocate | Count: 0 | TotalTime:0.003s | Cost:10.88
LS: BlockRelocate | Count: 0 | TotalTime:0.003s | Cost:10.88
LS: PDPairExchange | Count: 0 | TotalTime:0.000s | Cost:11.06
LS: BlockExchange | Count: 0 | TotalTime:0.000s | Cost:11.12
LS: mPDG | Count: 0 | TotalTime:0.002s | Cost:11.12
LS: BlockRelocate | Count: 1 | TotalTime:0.002s | Cost:10.88
LS: BlockRelocate | Count: 1 | TotalTime:0.002s | Cost:10.88
LS: PDPairExchange | Count: 0 | TotalTime:0.001s | Cost:11.12
LS: BlockRelocate | Count: 1 | TotalTime:0.002s | Cost:10.88
Generation 2: Best = 10.88, Worst = 11.12, Avg = 11.08, Time: 0.12372398376464844
LS: BlockRelocate | Count: 0 | TotalTime:0.004s | Cost:10.88
LS: BlockRelocate | Count: 0 | TotalTime:0.004s | Cost:10.88
LS: BlockRelocate | Count: 0 | TotalTime:0.004s | Cost:10.88
LS: BlockRelocate | Count: 0 | TotalTime:0.004s | Cost:10.88
LS: BlockRelocate | Count: 0 | TotalTime:0.004s | Cost:10.88
LS: BlockRelocate | Count: 0 | TotalTime:0.004s | Cost:10.88
LS: BlockRelocate | Count: 0 | TotalTime:0.004s | Cost:10.88
LS: PDPairExchange | Count: 0 | TotalTime:0.001s | Cost:11.06
LS: BlockExchange | Count: 0 | TotalTime:0.001s | Cost:11.12
LS: BlockRelocate | Count: 1 | TotalTime:0.000s | Cost:10.88
LS: BlockRelocate | Count: 1 | TotalTime:0.003s | Cost:10.88
Generation 3: Best = 10.88, Worst = 11.12, Avg = 11.06, Time: 0.1305370330810547
LS: mPDG | Count: 0 | TotalTime:0.003s | Cost:10.88
LS: mPDG | Count: 0 | TotalTime:0.003s | Cost:10.88
LS: BlockRelocate | Count: 0 | TotalTime:0.004s | Cost:10.88
LS: BlockRelocate | Count: 0 | TotalTime:0.004s | Cost:10.88
LS: BlockRelocate | Count: 0 | TotalTime:0.004s | Cost:10.88
LS: BlockRelocate | Count: 0 | TotalTime:0.004s | Cost:10.88
LS: BlockRelocate | Count: 0 | TotalTime:0.004s | Cost:10.88
LS: BlockRelocate | Count: 0 | TotalTime:0.004s | Cost:10.88
LS: BlockRelocate | Count: 0 | TotalTime:0.004s | Cost:10.88
LS: BlockRelocate | Count: 1 | TotalTime:0.002s | Cost:10.88
LS: BlockExchange | Count: 0 | TotalTime:0.001s | Cost:11.12
Generation 4: Best = 10.88, Worst = 11.12, Avg = 11.06, Time: 0.13698840141296387
Stopping early due to lack of improvement.
Total runtime: 1.22s (0.0 minutes)
Total GA runtime: 0.51s (0.0 minutes)

The solution initialized by Cheapest Insertion:
V_1:[] V_2:[d15_0302310004-15 p1_0321200008-1 d1_0321200008-1] V_3:[d16_0312080006-16 p1_0405380010-1 d1_0405380010-1] V_4:[p1_0423290012-1 d1_0423290012-1] V_5:[p2_0320140007-1 p1_0341360009-1 d1_0341360009-1 d2_0320140007-2 d2_0304490005-2 p1_0417500011-1 p4_0436090013-1 d4_0436090013-4 d1_0417500011-1]
The fitness value before EA: 10.879999999999999
V_1:[] V_2:[d15_0302310004-15 p1_0321200008-1 d1_0321200008-1] V_3:[d16_0312080006-16 p1_0405380010-1 d1_0405380010-1] V_4:[p1_0423290012-1 d1_0423290012-1] V_5:[p2_0320140007-1 p1_0341360009-1 d1_0341360009-1 d2_0320140007-2 d2_0304490005-2 p1_0417500011-1 p4_0436090013-1 d4_0436090013-4 d1_0417500011-1]
The fitness value after EA: 10.879999999999999

Thoi gian thuc hien thuat toan:  1.2225165367126465
SUCCESS

2025-11-04 16:08:06,201 [simulate_environment.py | 256] INFO: 2025-11-04 04:50:00, Item 0320140007-1: state = 1 < 2, we can not finish the simulation
2025-11-04 16:08:06,202 [simulate_environment.py | 99] INFO: **************************************************
2025-11-04 16:08:06,202 [simulate_environment.py | 103] INFO: cur time: 2025-11-04 05:00:00, pre time: 2025-11-04 04:50:00
2025-11-04 16:08:06,202 [simulate_environment.py | 140] INFO: Start to update the input of 2025-11-04 05:00:00
2025-11-04 16:08:06,202 [simulate_environment.py | 167] INFO: Get 10 unallocated order items, 34 ongoing order items, 11 completed order items
2025-11-04 16:08:07,633 [simulate_environment.py | 234] INFO: 
LS: mPDG | Count: 0 | TotalTime:0.002s | Cost:9.40
LS: BlockRelocate | Count: 1 | TotalTime:0.001s | Cost:9.40
LS: mPDG | Count: 0 | TotalTime:0.002s | Cost:9.64
LS: BlockExchange | Count: 0 | TotalTime:0.000s | Cost:9.64
LS: BlockExchange | Count: 0 | TotalTime:0.000s | Cost:9.64
LS: mPDG | Count: 0 | TotalTime:0.002s | Cost:9.64
LS: PDPairExchange | Count: 0 | TotalTime:0.001s | Cost:9.64
LS: PDPairExchange | Count: 0 | TotalTime:0.000s | Cost:9.64
LS: BlockExchange | Count: 0 | TotalTime:0.000s | Cost:9.64
LS: BlockExchange | Count: 0 | TotalTime:0.000s | Cost:9.64
LS: PDPairExchange | Count: 0 | TotalTime:0.000s | Cost:9.64
Generation 1: Best = 9.40, Worst = 9.64, Avg = 9.63, Time: 0.09886455535888672
LS: BlockRelocate | Count: 0 | TotalTime:0.003s | Cost:9.40
LS: BlockRelocate | Count: 0 | TotalTime:0.003s | Cost:9.40
LS: PDPairExchange | Count: 0 | TotalTime:0.000s | Cost:9.64
LS: mPDG | Count: 0 | TotalTime:0.002s | Cost:9.64
LS: PDPairExchange | Count: 0 | TotalTime:0.000s | Cost:9.64
LS: mPDG | Count: 0 | TotalTime:0.002s | Cost:9.64
LS: BlockRelocate | Count: 1 | TotalTime:0.002s | Cost:9.40
LS: BlockRelocate | Count: 1 | TotalTime:0.002s | Cost:9.40
LS: PDPairExchange | Count: 0 | TotalTime:0.000s | Cost:9.64
LS: BlockRelocate | Count: 1 | TotalTime:0.003s | Cost:9.40
LS: mPDG | Count: 0 | TotalTime:0.002s | Cost:9.64
Generation 2: Best = 9.40, Worst = 9.64, Avg = 9.61, Time: 0.11406445503234863
LS: mPDG | Count: 0 | TotalTime:0.002s | Cost:9.40
LS: BlockRelocate | Count: 0 | TotalTime:0.004s | Cost:9.40
LS: BlockRelocate | Count: 0 | TotalTime:0.006s | Cost:9.40
LS: BlockRelocate | Count: 0 | TotalTime:0.003s | Cost:9.40
LS: BlockRelocate | Count: 0 | TotalTime:0.003s | Cost:9.40
LS: BlockRelocate | Count: 1 | TotalTime:0.002s | Cost:9.40
LS: BlockRelocate | Count: 1 | TotalTime:0.000s | Cost:9.40
LS: BlockExchange | Count: 0 | TotalTime:0.000s | Cost:9.64
LS: BlockRelocate | Count: 1 | TotalTime:0.002s | Cost:9.40
LS: BlockExchange | Count: 0 | TotalTime:0.000s | Cost:9.64
LS: BlockRelocate | Count: 1 | TotalTime:0.002s | Cost:9.40
Generation 3: Best = 9.40, Worst = 9.64, Avg = 9.59, Time: 0.11405205726623535
LS: mPDG | Count: 0 | TotalTime:0.002s | Cost:9.40
LS: BlockRelocate | Count: 0 | TotalTime:0.003s | Cost:9.40
LS: BlockRelocate | Count: 0 | TotalTime:0.003s | Cost:9.40
LS: BlockRelocate | Count: 0 | TotalTime:0.003s | Cost:9.40
LS: BlockRelocate | Count: 0 | TotalTime:0.003s | Cost:9.40
LS: BlockRelocate | Count: 0 | TotalTime:0.003s | Cost:9.40
LS: BlockRelocate | Count: 0 | TotalTime:0.003s | Cost:9.40
LS: BlockRelocate | Count: 0 | TotalTime:0.003s | Cost:9.40
LS: BlockRelocate | Count: 0 | TotalTime:0.005s | Cost:9.40
LS: BlockExchange | Count: 0 | TotalTime:0.001s | Cost:9.64
LS: PDPairExchange | Count: 0 | TotalTime:0.001s | Cost:9.64
Generation 4: Best = 9.40, Worst = 9.64, Avg = 9.59, Time: 0.12200403213500977
Stopping early due to lack of improvement.
Total runtime: 1.15s (0.0 minutes)
Total GA runtime: 0.45s (0.0 minutes)

The solution initialized by Cheapest Insertion:
V_1:[] V_2:[d15_0302310004-15 p1_0321200008-1 d1_0321200008-1] V_3:[d16_0312080006-16 p1_0405380010-1 d1_0405380010-1] V_4:[d1_0423290012-1] V_5:[p2_0320140007-1 p1_0341360009-1 d1_0341360009-1 d2_0320140007-2 d2_0304490005-2 p1_0417500011-1 p4_0436090013-1 d4_0436090013-4 d1_0417500011-1]
The fitness value before EA: 9.399999999999999
V_1:[] V_2:[d15_0302310004-15 p1_0321200008-1 d1_0321200008-1] V_3:[d16_0312080006-16 p1_0405380010-1 d1_0405380010-1] V_4:[d1_0423290012-1] V_5:[p2_0320140007-1 p1_0341360009-1 d1_0341360009-1 d2_0320140007-2 d2_0304490005-2 p1_0417500011-1 p4_0436090013-1 d4_0436090013-4 d1_0417500011-1]
The fitness value after EA: 9.399999999999999

Thoi gian thuc hien thuat toan:  1.1486942768096924
SUCCESS

2025-11-04 16:08:07,634 [simulate_environment.py | 256] INFO: 2025-11-04 05:00:00, Item 0320140007-1: state = 1 < 2, we can not finish the simulation
2025-11-04 16:08:07,635 [simulate_environment.py | 99] INFO: **************************************************
2025-11-04 16:08:07,635 [simulate_environment.py | 103] INFO: cur time: 2025-11-04 05:10:00, pre time: 2025-11-04 05:00:00
2025-11-04 16:08:07,635 [simulate_environment.py | 140] INFO: Start to update the input of 2025-11-04 05:10:00
2025-11-04 16:08:07,635 [simulate_environment.py | 167] INFO: Get 10 unallocated order items, 34 ongoing order items, 11 completed order items
2025-11-04 16:08:09,077 [simulate_environment.py | 234] INFO: 
LS: BlockRelocate | Count: 0 | TotalTime:0.003s | Cost:5.94
LS: BlockExchange | Count: 0 | TotalTime:0.000s | Cost:5.94
LS: BlockRelocate | Count: 0 | TotalTime:0.003s | Cost:5.94
LS: PDPairExchange | Count: 1 | TotalTime:0.000s | Cost:6.14
LS: BlockRelocate | Count: 1 | TotalTime:0.002s | Cost:5.94
LS: mPDG | Count: 0 | TotalTime:0.002s | Cost:6.18
LS: BlockExchange | Count: 0 | TotalTime:0.000s | Cost:6.18
LS: BlockExchange | Count: 0 | TotalTime:0.000s | Cost:6.18
LS: BlockRelocate | Count: 1 | TotalTime:0.003s | Cost:5.94
LS: BlockRelocate | Count: 1 | TotalTime:0.003s | Cost:5.94
LS: mPDG | Count: 0 | TotalTime:0.002s | Cost:6.18
Generation 1: Best = 5.94, Worst = 6.18, Avg = 6.14, Time: 0.10690927505493164
LS: BlockExchange | Count: 0 | TotalTime:0.001s | Cost:5.94
LS: mPDG | Count: 0 | TotalTime:0.002s | Cost:5.94
LS: mPDG | Count: 0 | TotalTime:0.002s | Cost:5.94
LS: BlockRelocate | Count: 0 | TotalTime:0.003s | Cost:5.94
LS: BlockRelocate | Count: 0 | TotalTime:0.003s | Cost:5.94
LS: BlockRelocate | Count: 0 | TotalTime:0.003s | Cost:5.94
LS: PDPairExchange | Count: 0 | TotalTime:0.000s | Cost:6.14
LS: mPDG | Count: 0 | TotalTime:0.002s | Cost:6.18
LS: BlockExchange | Count: 0 | TotalTime:0.001s | Cost:6.18
LS: BlockRelocate | Count: 1 | TotalTime:0.002s | Cost:5.94
LS: mPDG | Count: 0 | TotalTime:0.003s | Cost:6.18
Generation 2: Best = 5.94, Worst = 6.18, Avg = 6.14, Time: 0.11183881759643555
LS: BlockExchange | Count: 0 | TotalTime:0.001s | Cost:5.94
LS: mPDG | Count: 0 | TotalTime:0.002s | Cost:5.94
LS: BlockExchange | Count: 0 | TotalTime:0.000s | Cost:5.94
LS: BlockRelocate | Count: 0 | TotalTime:0.003s | Cost:5.94
LS: BlockRelocate | Count: 0 | TotalTime:0.003s | Cost:5.94
LS: BlockRelocate | Count: 0 | TotalTime:0.003s | Cost:5.94
LS: BlockRelocate | Count: 0 | TotalTime:0.003s | Cost:5.94
LS: PDPairExchange | Count: 0 | TotalTime:0.000s | Cost:6.14
LS: PDPairExchange | Count: 0 | TotalTime:0.000s | Cost:6.18
LS: mPDG | Count: 0 | TotalTime:0.002s | Cost:6.18
LS: mPDG | Count: 0 | TotalTime:0.002s | Cost:6.18
Generation 3: Best = 5.94, Worst = 6.18, Avg = 6.14, Time: 0.11346149444580078
LS: PDPairExchange | Count: 0 | TotalTime:0.000s | Cost:5.94
LS: BlockExchange | Count: 0 | TotalTime:0.001s | Cost:5.94
LS: BlockRelocate | Count: 0 | TotalTime:0.003s | Cost:5.94
LS: BlockRelocate | Count: 0 | TotalTime:0.003s | Cost:5.94
LS: BlockRelocate | Count: 0 | TotalTime:0.003s | Cost:5.94
LS: BlockRelocate | Count: 0 | TotalTime:0.003s | Cost:5.94
LS: BlockRelocate | Count: 0 | TotalTime:0.003s | Cost:5.94
LS: PDPairExchange | Count: 0 | TotalTime:0.000s | Cost:6.14
LS: BlockRelocate | Count: 1 | TotalTime:0.003s | Cost:5.94
LS: PDPairExchange | Count: 0 | TotalTime:0.000s | Cost:6.18
LS: mPDG | Count: 0 | TotalTime:0.002s | Cost:6.18
Generation 4: Best = 5.94, Worst = 6.18, Avg = 6.13, Time: 0.11443734169006348
Stopping early due to lack of improvement.
Total runtime: 1.18s (0.0 minutes)
Total GA runtime: 0.45s (0.0 minutes)

The solution initialized by Cheapest Insertion:
V_1:[] V_2:[d15_0302310004-15 p1_0321200008-1 d1_0321200008-1] V_3:[d16_0312080006-16 p1_0405380010-1 d1_0405380010-1] V_4:[d1_0423290012-1] V_5:[p2_0320140007-1 p1_0341360009-1 d1_0341360009-1 d2_0320140007-2 d2_0304490005-2 p1_0417500011-1 p4_0436090013-1 d4_0436090013-4 d1_0417500011-1]
The fitness value before EA: 5.940000000000001
V_1:[] V_2:[d15_0302310004-15 p1_0321200008-1 d1_0321200008-1] V_3:[d16_0312080006-16 p1_0405380010-1 d1_0405380010-1] V_4:[d1_0423290012-1] V_5:[p2_0320140007-1 p1_0341360009-1 d1_0341360009-1 d2_0320140007-2 d2_0304490005-2 p1_0417500011-1 p4_0436090013-1 d4_0436090013-4 d1_0417500011-1]
The fitness value after EA: 5.940000000000001

Thoi gian thuc hien thuat toan:  1.1766843795776367
SUCCESS

2025-11-04 16:08:09,078 [simulate_environment.py | 256] INFO: 2025-11-04 05:10:00, Item 0320140007-1: state = 1 < 2, we can not finish the simulation
2025-11-04 16:08:09,079 [simulate_environment.py | 99] INFO: **************************************************
2025-11-04 16:08:09,079 [simulate_environment.py | 103] INFO: cur time: 2025-11-04 05:20:00, pre time: 2025-11-04 05:10:00
2025-11-04 16:08:09,079 [simulate_environment.py | 140] INFO: Start to update the input of 2025-11-04 05:20:00
2025-11-04 16:08:09,080 [simulate_environment.py | 167] INFO: Get 7 unallocated order items, 22 ongoing order items, 26 completed order items
2025-11-04 16:08:10,078 [simulate_environment.py | 234] INFO: 
LS: BlockExchange | Count: 0 | TotalTime:0.000s | Cost:5.88
LS: PDPairExchange | Count: 0 | TotalTime:0.000s | Cost:5.88
LS: PDPairExchange | Count: 0 | TotalTime:0.000s | Cost:5.88
LS: BlockExchange | Count: 0 | TotalTime:0.000s | Cost:5.88
LS: PDPairExchange | Count: 0 | TotalTime:0.000s | Cost:5.88
LS: BlockRelocate | Count: 0 | TotalTime:0.001s | Cost:5.88
LS: mPDG | Count: 0 | TotalTime:0.001s | Cost:5.88
LS: BlockExchange | Count: 0 | TotalTime:0.000s | Cost:5.88
LS: PDPairExchange | Count: 0 | TotalTime:0.000s | Cost:5.88
LS: PDPairExchange | Count: 0 | TotalTime:0.000s | Cost:5.88
LS: BlockRelocate | Count: 0 | TotalTime:0.001s | Cost:5.88
Generation 1: Best = 5.88, Worst = 5.88, Avg = 5.88, Time: 0.0603945255279541
Stopping early due to lack of improvement.
Total runtime: 0.74s (0.0 minutes)
Total GA runtime: 0.06s (0.0 minutes)

The solution initialized by Cheapest Insertion:
V_1:[] V_2:[p1_0321200008-1 d1_0321200008-1] V_3:[d16_0312080006-16 p1_0405380010-1 d1_0405380010-1] V_4:[d1_0423290012-1] V_5:[d1_0341360009-1 d2_0320140007-2 d2_0304490005-2 p1_0417500011-1 p4_0436090013-1 d4_0436090013-4 d1_0417500011-1]
The fitness value before EA: 5.880000000000001
V_1:[] V_2:[p1_0321200008-1 d1_0321200008-1] V_3:[d16_0312080006-16 p1_0405380010-1 d1_0405380010-1] V_4:[d1_0423290012-1] V_5:[d1_0341360009-1 d2_0320140007-2 d2_0304490005-2 p1_0417500011-1 p4_0436090013-1 d4_0436090013-4 d1_0417500011-1]
The fitness value after EA: 5.880000000000001

Thoi gian thuc hien thuat toan:  0.7392148971557617
SUCCESS

2025-11-04 16:08:10,079 [simulate_environment.py | 256] INFO: 2025-11-04 05:20:00, Item 0321200008-1: state = 1 < 2, we can not finish the simulation
2025-11-04 16:08:10,079 [simulate_environment.py | 99] INFO: **************************************************
2025-11-04 16:08:10,080 [simulate_environment.py | 103] INFO: cur time: 2025-11-04 05:30:00, pre time: 2025-11-04 05:20:00
2025-11-04 16:08:10,080 [simulate_environment.py | 140] INFO: Start to update the input of 2025-11-04 05:30:00
2025-11-04 16:08:10,080 [simulate_environment.py | 167] INFO: Get 7 unallocated order items, 22 ongoing order items, 26 completed order items
2025-11-04 16:08:11,113 [simulate_environment.py | 234] INFO: 
LS: PDPairExchange | Count: 0 | TotalTime:0.000s | Cost:4.40
LS: BlockExchange | Count: 0 | TotalTime:0.000s | Cost:4.40
LS: mPDG | Count: 0 | TotalTime:0.001s | Cost:4.40
LS: BlockRelocate | Count: 0 | TotalTime:0.001s | Cost:4.40
LS: mPDG | Count: 0 | TotalTime:0.001s | Cost:4.40
LS: BlockExchange | Count: 0 | TotalTime:0.000s | Cost:4.40
LS: PDPairExchange | Count: 0 | TotalTime:0.000s | Cost:4.40
LS: BlockExchange | Count: 0 | TotalTime:0.000s | Cost:4.40
LS: PDPairExchange | Count: 0 | TotalTime:0.000s | Cost:4.40
LS: mPDG | Count: 0 | TotalTime:0.001s | Cost:4.40
LS: BlockRelocate | Count: 0 | TotalTime:0.001s | Cost:4.40
Generation 1: Best = 4.40, Worst = 4.40, Avg = 4.40, Time: 0.0628058910369873
Stopping early due to lack of improvement.
Total runtime: 0.77s (0.0 minutes)
Total GA runtime: 0.06s (0.0 minutes)

The solution initialized by Cheapest Insertion:
V_1:[] V_2:[p1_0321200008-1 d1_0321200008-1] V_3:[d16_0312080006-16 p1_0405380010-1 d1_0405380010-1] V_4:[d1_0423290012-1] V_5:[d1_0341360009-1 d2_0320140007-2 d2_0304490005-2 p1_0417500011-1 p4_0436090013-1 d4_0436090013-4 d1_0417500011-1]
The fitness value before EA: 4.4
V_1:[] V_2:[p1_0321200008-1 d1_0321200008-1] V_3:[d16_0312080006-16 p1_0405380010-1 d1_0405380010-1] V_4:[d1_0423290012-1] V_5:[d1_0341360009-1 d2_0320140007-2 d2_0304490005-2 p1_0417500011-1 p4_0436090013-1 d4_0436090013-4 d1_0417500011-1]
The fitness value after EA: 4.4

Thoi gian thuc hien thuat toan:  0.7694480419158936
SUCCESS

2025-11-04 16:08:11,115 [simulate_environment.py | 256] INFO: 2025-11-04 05:30:00, Item 0321200008-1: state = 1 < 2, we can not finish the simulation
2025-11-04 16:08:11,115 [simulate_environment.py | 99] INFO: **************************************************
2025-11-04 16:08:11,115 [simulate_environment.py | 103] INFO: cur time: 2025-11-04 05:40:00, pre time: 2025-11-04 05:30:00
2025-11-04 16:08:11,115 [simulate_environment.py | 140] INFO: Start to update the input of 2025-11-04 05:40:00
2025-11-04 16:08:11,115 [simulate_environment.py | 167] INFO: Get 10 unallocated order items, 22 ongoing order items, 26 completed order items
2025-11-04 16:08:12,158 [simulate_environment.py | 234] INFO: 
LS: BlockExchange | Count: 0 | TotalTime:0.000s | Cost:4.40
LS: mPDG | Count: 0 | TotalTime:0.001s | Cost:4.40
LS: mPDG | Count: 0 | TotalTime:0.001s | Cost:4.40
LS: PDPairExchange | Count: 0 | TotalTime:0.000s | Cost:4.40
LS: mPDG | Count: 0 | TotalTime:0.001s | Cost:4.40
LS: PDPairExchange | Count: 0 | TotalTime:0.000s | Cost:4.40
LS: BlockRelocate | Count: 0 | TotalTime:0.002s | Cost:4.40
LS: PDPairExchange | Count: 0 | TotalTime:0.000s | Cost:4.40
LS: BlockRelocate | Count: 0 | TotalTime:0.001s | Cost:4.40
LS: BlockExchange | Count: 0 | TotalTime:0.000s | Cost:4.40
LS: BlockRelocate | Count: 0 | TotalTime:0.001s | Cost:4.40
Generation 1: Best = 4.40, Worst = 4.40, Avg = 4.40, Time: 0.07724404335021973
Stopping early due to lack of improvement.
Total runtime: 0.75s (0.0 minutes)
Total GA runtime: 0.08s (0.0 minutes)

The solution initialized by Cheapest Insertion:
V_1:[] V_2:[p1_0321200008-1 d1_0321200008-1] V_3:[d16_0312080006-16 p1_0405380010-1 d1_0405380010-1] V_4:[d1_0423290012-1] V_5:[d1_0341360009-1 d2_0320140007-2 d2_0304490005-2 p1_0417500011-1 p4_0436090013-1 d4_0436090013-4 d1_0417500011-1]
The fitness value before EA: 4.4
V_1:[] V_2:[p1_0321200008-1 d1_0321200008-1] V_3:[d16_0312080006-16 p1_0405380010-1 d1_0405380010-1] V_4:[d1_0423290012-1] V_5:[d1_0341360009-1 d2_0320140007-2 d2_0304490005-2 p1_0417500011-1 p4_0436090013-1 d4_0436090013-4 d1_0417500011-1]
The fitness value after EA: 4.4

Thoi gian thuc hien thuat toan:  0.7482926845550537
SUCCESS

2025-11-04 16:08:12,159 [simulate_environment.py | 256] INFO: 2025-11-04 05:40:00, Item 0321200008-1: state = 1 < 2, we can not finish the simulation
2025-11-04 16:08:12,160 [simulate_environment.py | 99] INFO: **************************************************
2025-11-04 16:08:12,160 [simulate_environment.py | 103] INFO: cur time: 2025-11-04 05:50:00, pre time: 2025-11-04 05:40:00
2025-11-04 16:08:12,160 [simulate_environment.py | 140] INFO: Start to update the input of 2025-11-04 05:50:00
2025-11-04 16:08:12,160 [simulate_environment.py | 167] INFO: Get 32 unallocated order items, 6 ongoing order items, 43 completed order items
2025-11-04 16:08:13,221 [simulate_environment.py | 234] INFO: 
LS: mPDG | Count: 0 | TotalTime:0.001s | Cost:4.40
LS: mPDG | Count: 0 | TotalTime:0.001s | Cost:4.40
LS: PDPairExchange | Count: 0 | TotalTime:0.000s | Cost:4.40
LS: BlockExchange | Count: 0 | TotalTime:0.000s | Cost:4.40
LS: mPDG | Count: 0 | TotalTime:0.001s | Cost:4.40
LS: BlockExchange | Count: 0 | TotalTime:0.000s | Cost:4.40
LS: BlockRelocate | Count: 0 | TotalTime:0.001s | Cost:4.40
LS: BlockRelocate | Count: 0 | TotalTime:0.001s | Cost:4.40
LS: mPDG | Count: 0 | TotalTime:0.001s | Cost:4.40
LS: mPDG | Count: 0 | TotalTime:0.001s | Cost:4.40
LS: PDPairExchange | Count: 0 | TotalTime:0.000s | Cost:4.40
Generation 1: Best = 4.40, Worst = 4.40, Avg = 4.40, Time: 0.040853261947631836
Stopping early due to lack of improvement.
Total runtime: 0.75s (0.0 minutes)
Total GA runtime: 0.04s (0.0 minutes)

The solution initialized by Cheapest Insertion:
V_1:[] V_2:[p1_0321200008-1 d1_0321200008-1] V_3:[d1_0405380010-1] V_4:[] V_5:[d1_0341360009-1 d2_0320140007-2 d2_0304490005-2 p1_0417500011-1 p4_0436090013-1 d4_0436090013-4 d1_0417500011-1]
The fitness value before EA: 4.4
V_1:[] V_2:[p1_0321200008-1 d1_0321200008-1] V_3:[d1_0405380010-1] V_4:[] V_5:[d1_0341360009-1 d2_0320140007-2 d2_0304490005-2 p1_0417500011-1 p4_0436090013-1 d4_0436090013-4 d1_0417500011-1]
The fitness value after EA: 4.4

Thoi gian thuc hien thuat toan:  0.7459142208099365
SUCCESS

2025-11-04 16:08:13,221 [simulate_environment.py | 256] INFO: 2025-11-04 05:50:00, Item 0321200008-1: state = 1 < 2, we can not finish the simulation
2025-11-04 16:08:13,222 [simulate_environment.py | 99] INFO: **************************************************
2025-11-04 16:08:13,222 [simulate_environment.py | 103] INFO: cur time: 2025-11-04 06:00:00, pre time: 2025-11-04 05:50:00
2025-11-04 16:08:13,222 [simulate_environment.py | 140] INFO: Start to update the input of 2025-11-04 06:00:00
2025-11-04 16:08:13,222 [simulate_environment.py | 167] INFO: Get 33 unallocated order items, 1 ongoing order items, 48 completed order items
2025-11-04 16:08:14,108 [simulate_environment.py | 234] INFO: 
Cant initialize the population

The solution initialized by Cheapest Insertion:
V_1:[] V_2:[p1_0321200008-1 d1_0321200008-1] V_3:[d1_0405380010-1] V_4:[] V_5:[p1_0417500011-1 p4_0436090013-1 d4_0436090013-4 d1_0417500011-1]
The fitness value before EA: 4.220000000000001
V_1:[] V_2:[p1_0321200008-1 d1_0321200008-1] V_3:[d1_0405380010-1] V_4:[] V_5:[p1_0417500011-1 p4_0436090013-1 d4_0436090013-4 d1_0417500011-1]
The fitness value after EA: 4.220000000000001

Thoi gian thuc hien thuat toan:  0.6210229396820068
SUCCESS

2025-11-04 16:08:14,109 [simulate_environment.py | 256] INFO: 2025-11-04 06:00:00, Item 0321200008-1: state = 1 < 2, we can not finish the simulation
2025-11-04 16:08:14,109 [simulate_environment.py | 99] INFO: **************************************************
2025-11-04 16:08:14,109 [simulate_environment.py | 103] INFO: cur time: 2025-11-04 06:10:00, pre time: 2025-11-04 06:00:00
2025-11-04 16:08:14,109 [simulate_environment.py | 140] INFO: Start to update the input of 2025-11-04 06:10:00
2025-11-04 16:08:14,109 [simulate_environment.py | 167] INFO: Get 37 unallocated order items, 1 ongoing order items, 48 completed order items
2025-11-04 16:08:15,047 [simulate_environment.py | 234] INFO: 
Cant initialize the population

The solution initialized by Cheapest Insertion:
V_1:[] V_2:[p1_0321200008-1 d1_0321200008-1] V_3:[d1_0405380010-1] V_4:[] V_5:[p1_0417500011-1 p4_0436090013-1 d4_0436090013-4 d1_0417500011-1]
The fitness value before EA: 4.220000000000001
V_1:[] V_2:[p1_0321200008-1 d1_0321200008-1] V_3:[d1_0405380010-1] V_4:[] V_5:[p1_0417500011-1 p4_0436090013-1 d4_0436090013-4 d1_0417500011-1]
The fitness value after EA: 4.220000000000001

Thoi gian thuc hien thuat toan:  0.6500606536865234
SUCCESS

2025-11-04 16:08:15,047 [simulate_environment.py | 256] INFO: 2025-11-04 06:10:00, Item 0321200008-1: state = 1 < 2, we can not finish the simulation
2025-11-04 16:08:15,047 [simulate_environment.py | 99] INFO: **************************************************
2025-11-04 16:08:15,047 [simulate_environment.py | 103] INFO: cur time: 2025-11-04 06:20:00, pre time: 2025-11-04 06:10:00
2025-11-04 16:08:15,047 [simulate_environment.py | 140] INFO: Start to update the input of 2025-11-04 06:20:00
2025-11-04 16:08:15,048 [simulate_environment.py | 167] INFO: Get 37 unallocated order items, 1 ongoing order items, 48 completed order items
2025-11-04 16:08:15,932 [simulate_environment.py | 234] INFO: 
Cant initialize the population

The solution initialized by Cheapest Insertion:
V_1:[] V_2:[p1_0321200008-1 d1_0321200008-1] V_3:[d1_0405380010-1] V_4:[] V_5:[p1_0417500011-1 p4_0436090013-1 d4_0436090013-4 d1_0417500011-1]
The fitness value before EA: 4.220000000000001
V_1:[] V_2:[p1_0321200008-1 d1_0321200008-1] V_3:[d1_0405380010-1] V_4:[] V_5:[p1_0417500011-1 p4_0436090013-1 d4_0436090013-4 d1_0417500011-1]
The fitness value after EA: 4.220000000000001

Thoi gian thuc hien thuat toan:  0.6298389434814453
SUCCESS

2025-11-04 16:08:15,932 [simulate_environment.py | 256] INFO: 2025-11-04 06:20:00, Item 0321200008-1: state = 1 < 2, we can not finish the simulation
2025-11-04 16:08:15,932 [simulate_environment.py | 99] INFO: **************************************************
2025-11-04 16:08:15,932 [simulate_environment.py | 103] INFO: cur time: 2025-11-04 06:30:00, pre time: 2025-11-04 06:20:00
2025-11-04 16:08:15,932 [simulate_environment.py | 140] INFO: Start to update the input of 2025-11-04 06:30:00
2025-11-04 16:08:15,933 [simulate_environment.py | 167] INFO: Get 38 unallocated order items, 1 ongoing order items, 48 completed order items
2025-11-04 16:08:16,801 [simulate_environment.py | 234] INFO: 
Cant initialize the population

The solution initialized by Cheapest Insertion:
V_1:[] V_2:[p1_0321200008-1 d1_0321200008-1] V_3:[d1_0405380010-1] V_4:[] V_5:[p1_0417500011-1 p4_0436090013-1 d4_0436090013-4 d1_0417500011-1]
The fitness value before EA: 4.220000000000001
V_1:[] V_2:[p1_0321200008-1 d1_0321200008-1] V_3:[d1_0405380010-1] V_4:[] V_5:[p1_0417500011-1 p4_0436090013-1 d4_0436090013-4 d1_0417500011-1]
The fitness value after EA: 4.220000000000001

Thoi gian thuc hien thuat toan:  0.6063098907470703
SUCCESS

2025-11-04 16:08:16,802 [simulate_environment.py | 256] INFO: 2025-11-04 06:30:00, Item 0321200008-1: state = 1 < 2, we can not finish the simulation
2025-11-04 16:08:16,802 [simulate_environment.py | 99] INFO: **************************************************
2025-11-04 16:08:16,802 [simulate_environment.py | 103] INFO: cur time: 2025-11-04 06:40:00, pre time: 2025-11-04 06:30:00
2025-11-04 16:08:16,802 [simulate_environment.py | 140] INFO: Start to update the input of 2025-11-04 06:40:00
2025-11-04 16:08:16,803 [simulate_environment.py | 167] INFO: Get 44 unallocated order items, 1 ongoing order items, 48 completed order items
2025-11-04 16:08:20,956 [simulate_environment.py | 234] INFO: 
LS: BlockRelocate | Count: 0 | TotalTime:0.002s | Cost:18.30
LS: BlockRelocate | Count: 0 | TotalTime:0.001s | Cost:18.30
LS: mPDG | Count: 1 | TotalTime:0.001s | Cost:18.30
LS: mPDG | Count: 1 | TotalTime:0.001s | Cost:18.30
LS: BlockRelocate | Count: 1 | TotalTime:0.000s | Cost:20.66
LS: BlockRelocate | Count: 1 | TotalTime:0.000s | Cost:20.80
LS: BlockExchange | Count: 0 | TotalTime:0.000s | Cost:20.82
LS: BlockRelocate | Count: 1 | TotalTime:0.001s | Cost:20.80
LS: PDPairExchange | Count: 0 | TotalTime:0.000s | Cost:20.82
LS: PDPairExchange | Count: 0 | TotalTime:0.000s | Cost:20.82
LS: BlockExchange | Count: 0 | TotalTime:0.000s | Cost:20.82
Generation 1: Best = 18.30, Worst = 20.82, Avg = 20.56, Time: 0.06334733963012695
LS: BlockRelocate | Count: 0 | TotalTime:0.002s | Cost:18.30
LS: BlockRelocate | Count: 0 | TotalTime:0.002s | Cost:18.30
LS: mPDG | Count: 0 | TotalTime:0.001s | Cost:18.30
LS: mPDG | Count: 0 | TotalTime:0.001s | Cost:18.30
LS: BlockRelocate | Count: 0 | TotalTime:0.002s | Cost:20.66
LS: BlockRelocate | Count: 0 | TotalTime:0.002s | Cost:20.80
LS: BlockRelocate | Count: 0 | TotalTime:0.002s | Cost:20.80
LS: mPDG | Count: 0 | TotalTime:0.001s | Cost:20.82
LS: mPDG | Count: 0 | TotalTime:0.001s | Cost:20.82
LS: mPDG | Count: 0 | TotalTime:0.001s | Cost:20.82
LS: mPDG | Count: 0 | TotalTime:0.001s | Cost:20.82
Generation 2: Best = 18.30, Worst = 20.82, Avg = 20.56, Time: 0.07334160804748535
LS: BlockRelocate | Count: 0 | TotalTime:0.002s | Cost:18.30
LS: BlockRelocate | Count: 0 | TotalTime:0.002s | Cost:18.30
LS: mPDG | Count: 0 | TotalTime:0.001s | Cost:18.30
LS: mPDG | Count: 0 | TotalTime:0.001s | Cost:18.30
LS: BlockRelocate | Count: 0 | TotalTime:0.002s | Cost:20.66
LS: BlockRelocate | Count: 0 | TotalTime:0.002s | Cost:20.80
LS: BlockRelocate | Count: 0 | TotalTime:0.002s | Cost:20.80
LS: PDPairExchange | Count: 0 | TotalTime:0.000s | Cost:20.82
LS: mPDG | Count: 0 | TotalTime:0.001s | Cost:20.82
LS: BlockRelocate | Count: 1 | TotalTime:0.000s | Cost:20.66
LS: mPDG | Count: 0 | TotalTime:0.001s | Cost:20.82
Generation 3: Best = 18.30, Worst = 20.82, Avg = 20.56, Time: 0.07289361953735352
LS: PDPairExchange | Count: 0 | TotalTime:0.000s | Cost:18.30
LS: mPDG | Count: 0 | TotalTime:0.001s | Cost:18.30
LS: mPDG | Count: 0 | TotalTime:0.001s | Cost:18.30
LS: mPDG | Count: 0 | TotalTime:0.001s | Cost:18.30
LS: BlockRelocate | Count: 0 | TotalTime:0.002s | Cost:20.66
LS: BlockRelocate | Count: 0 | TotalTime:0.002s | Cost:20.66
LS: BlockRelocate | Count: 0 | TotalTime:0.002s | Cost:20.80
LS: BlockRelocate | Count: 0 | TotalTime:0.002s | Cost:20.80
LS: PDPairExchange | Count: 0 | TotalTime:0.000s | Cost:20.82
LS: BlockRelocate | Count: 1 | TotalTime:0.000s | Cost:20.66
LS: mPDG | Count: 0 | TotalTime:0.001s | Cost:20.82
Generation 4: Best = 18.30, Worst = 20.82, Avg = 20.55, Time: 0.07233929634094238
Stopping early due to lack of improvement.
Total runtime: 0.94s (0.0 minutes)
Total GA runtime: 0.28s (0.0 minutes)

The solution initialized by Cheapest Insertion:
V_1:[] V_2:[p1_0321200008-1 d1_0321200008-1 p4_0632150023-1 d4_0632150023-4] V_3:[d1_0405380010-1] V_4:[p1_0634010024-1 p1_0630410022-1 d1_0630410022-1 d1_0634010024-1] V_5:[p1_0417500011-1 p4_0436090013-1 d4_0436090013-4 d1_0417500011-1]
The fitness value before EA: 18.3
V_1:[] V_2:[p1_0321200008-1 d1_0321200008-1 p4_0632150023-1 d4_0632150023-4] V_3:[d1_0405380010-1] V_4:[p1_0634010024-1 p1_0630410022-1 d1_0630410022-1 d1_0634010024-1] V_5:[p1_0417500011-1 p4_0436090013-1 d4_0436090013-4 d1_0417500011-1]
The fitness value after EA: 18.3

Thoi gian thuc hien thuat toan:  0.9375309944152832
SUCCESS

2025-11-04 16:08:20,957 [simulate_environment.py | 256] INFO: 2025-11-04 06:40:00, Item 0321200008-1: state = 1 < 2, we can not finish the simulation
2025-11-04 16:08:20,957 [simulate_environment.py | 99] INFO: **************************************************
2025-11-04 16:08:20,957 [simulate_environment.py | 103] INFO: cur time: 2025-11-04 06:50:00, pre time: 2025-11-04 06:40:00
2025-11-04 16:08:20,957 [simulate_environment.py | 140] INFO: Start to update the input of 2025-11-04 06:50:00
2025-11-04 16:08:20,957 [simulate_environment.py | 167] INFO: Get 40 unallocated order items, 7 ongoing order items, 48 completed order items
2025-11-04 16:08:22,203 [simulate_environment.py | 234] INFO: 
LS: BlockRelocate | Count: 0 | TotalTime:0.002s | Cost:9.78
LS: mPDG | Count: 0 | TotalTime:0.001s | Cost:9.78
LS: BlockRelocate | Count: 1 | TotalTime:0.001s | Cost:9.78
LS: BlockExchange | Count: 0 | TotalTime:0.000s | Cost:12.78
LS: BlockExchange | Count: 0 | TotalTime:0.000s | Cost:12.78
LS: BlockRelocate | Count: 1 | TotalTime:0.001s | Cost:12.40
LS: PDPairExchange | Count: 0 | TotalTime:0.000s | Cost:13.02
LS: BlockExchange | Count: 0 | TotalTime:0.000s | Cost:13.02
LS: PDPairExchange | Count: 0 | TotalTime:0.000s | Cost:13.02
LS: mPDG | Count: 1 | TotalTime:0.001s | Cost:10.24
LS: PDPairExchange | Count: 1 | TotalTime:0.000s | Cost:13.02
Generation 1: Best = 9.78, Worst = 18.42, Avg = 16.56, Time: 0.074920654296875
LS: BlockRelocate | Count: 0 | TotalTime:0.002s | Cost:9.78
LS: PDPairExchange | Count: 0 | TotalTime:0.000s | Cost:9.78
LS: BlockRelocate | Count: 0 | TotalTime:0.001s | Cost:9.78
LS: mPDG | Count: 0 | TotalTime:0.001s | Cost:10.24
LS: BlockRelocate | Count: 1 | TotalTime:0.001s | Cost:9.78
LS: mPDG | Count: 0 | TotalTime:0.001s | Cost:12.78
LS: mPDG | Count: 1 | TotalTime:0.001s | Cost:9.78
LS: BlockExchange | Count: 0 | TotalTime:0.000s | Cost:13.02
LS: PDPairExchange | Count: 0 | TotalTime:0.000s | Cost:13.02
LS: BlockRelocate | Count: 1 | TotalTime:0.001s | Cost:12.40
LS: PDPairExchange | Count: 0 | TotalTime:0.000s | Cost:13.02
Generation 2: Best = 9.78, Worst = 18.42, Avg = 16.40, Time: 0.07690191268920898
LS: BlockRelocate | Count: 0 | TotalTime:0.001s | Cost:9.78
LS: BlockExchange | Count: 0 | TotalTime:0.000s | Cost:9.78
LS: BlockRelocate | Count: 0 | TotalTime:0.001s | Cost:9.78
LS: BlockRelocate | Count: 0 | TotalTime:0.001s | Cost:9.78
LS: mPDG | Count: 0 | TotalTime:0.001s | Cost:9.78
LS: mPDG | Count: 0 | TotalTime:0.001s | Cost:10.24
LS: BlockRelocate | Count: 1 | TotalTime:0.000s | Cost:9.78
LS: BlockExchange | Count: 0 | TotalTime:0.000s | Cost:12.78
LS: mPDG | Count: 1 | TotalTime:0.001s | Cost:9.78
LS: PDPairExchange | Count: 0 | TotalTime:0.000s | Cost:13.02
LS: PDPairExchange | Count: 0 | TotalTime:0.000s | Cost:13.02
Generation 3: Best = 9.78, Worst = 18.42, Avg = 16.25, Time: 0.07468557357788086
LS: PDPairExchange | Count: 0 | TotalTime:0.000s | Cost:9.78
LS: mPDG | Count: 0 | TotalTime:0.001s | Cost:9.78
LS: BlockRelocate | Count: 0 | TotalTime:0.002s | Cost:9.78
LS: BlockRelocate | Count: 0 | TotalTime:0.001s | Cost:9.78
LS: mPDG | Count: 0 | TotalTime:0.001s | Cost:9.78
LS: BlockRelocate | Count: 0 | TotalTime:0.001s | Cost:9.78
LS: mPDG | Count: 0 | TotalTime:0.001s | Cost:9.78
LS: mPDG | Count: 0 | TotalTime:0.001s | Cost:10.24
LS: BlockExchange | Count: 0 | TotalTime:0.000s | Cost:12.78
LS: BlockRelocate | Count: 1 | TotalTime:0.001s | Cost:12.40
LS: PDPairExchange | Count: 0 | TotalTime:0.000s | Cost:13.02
Generation 4: Best = 9.78, Worst = 18.42, Avg = 16.24, Time: 0.07809662818908691
Stopping early due to lack of improvement.
Total runtime: 0.99s (0.0 minutes)
Total GA runtime: 0.30s (0.0 minutes)

The solution initialized by Cheapest Insertion:
V_1:[] V_2:[d1_0321200008-1 p4_0632150023-1 d4_0632150023-4] V_3:[d1_0405380010-1] V_4:[p1_0634010024-1 p1_0630410022-1 p1_0644040025-1 p1_0644260026-1 d1_0644260026-1 d1_0644040025-1 d1_0630410022-1 d1_0634010024-1] V_5:[d4_0436090013-4 d1_0417500011-1]
The fitness value before EA: 9.78
V_1:[] V_2:[d1_0321200008-1 p4_0632150023-1 d4_0632150023-4] V_3:[d1_0405380010-1] V_4:[p1_0634010024-1 p1_0644040025-1 p1_0630410022-1 p1_0644260026-1 d1_0644260026-1 d1_0630410022-1 d1_0644040025-1 d1_0634010024-1] V_5:[d4_0436090013-4 d1_0417500011-1]
The fitness value after EA: 9.78

Thoi gian thuc hien thuat toan:  0.9904263019561768
SUCCESS

2025-11-04 16:08:22,204 [simulate_environment.py | 256] INFO: 2025-11-04 06:50:00, Item 0531500014-1: state = 1 < 2, we can not finish the simulation
2025-11-04 16:08:22,204 [simulate_environment.py | 99] INFO: **************************************************
2025-11-04 16:08:22,204 [simulate_environment.py | 103] INFO: cur time: 2025-11-04 07:00:00, pre time: 2025-11-04 06:50:00
2025-11-04 16:08:22,204 [simulate_environment.py | 140] INFO: Start to update the input of 2025-11-04 07:00:00
2025-11-04 16:08:22,206 [simulate_environment.py | 167] INFO: Get 41 unallocated order items, 7 ongoing order items, 48 completed order items
2025-11-04 16:08:23,356 [simulate_environment.py | 234] INFO: 
LS: BlockExchange | Count: 0 | TotalTime:0.000s | Cost:13.04
LS: BlockExchange | Count: 0 | TotalTime:0.000s | Cost:14.10
LS: PDPairExchange | Count: 1 | TotalTime:0.000s | Cost:13.86
LS: BlockRelocate | Count: 1 | TotalTime:0.000s | Cost:15.66
LS: BlockRelocate | Count: 1 | TotalTime:0.000s | Cost:16.04
LS: BlockExchange | Count: 0 | TotalTime:0.000s | Cost:18.80
LS: BlockExchange | Count: 0 | TotalTime:0.000s | Cost:18.80
LS: BlockRelocate | Count: 1 | TotalTime:0.000s | Cost:15.56
LS: BlockExchange | Count: 0 | TotalTime:0.000s | Cost:18.80
LS: mPDG | Count: 1 | TotalTime:0.001s | Cost:15.56
LS: BlockRelocate | Count: 1 | TotalTime:0.000s | Cost:18.68
Generation 1: Best = 13.04, Worst = 21.64, Avg = 19.13, Time: 0.0764622688293457
LS: BlockExchange | Count: 0 | TotalTime:0.000s | Cost:13.04
LS: PDPairExchange | Count: 0 | TotalTime:0.000s | Cost:13.86
LS: PDPairExchange | Count: 0 | TotalTime:0.000s | Cost:14.10
LS: BlockRelocate | Count: 1 | TotalTime:0.001s | Cost:15.44
LS: mPDG | Count: 1 | TotalTime:0.001s | Cost:15.44
LS: PDPairExchange | Count: 1 | TotalTime:0.000s | Cost:15.44
LS: mPDG | Count: 1 | TotalTime:0.001s | Cost:13.16
LS: BlockRelocate | Count: 1 | TotalTime:0.002s | Cost:13.16
LS: BlockRelocate | Count: 1 | TotalTime:0.001s | Cost:15.44
LS: mPDG | Count: 1 | TotalTime:0.001s | Cost:13.16
LS: BlockRelocate | Count: 1 | TotalTime:0.000s | Cost:12.54
Generation 2: Best = 12.54, Worst = 18.80, Avg = 16.13, Time: 0.07646775245666504
LS: BlockRelocate | Count: 0 | TotalTime:0.002s | Cost:12.54
LS: BlockExchange | Count: 0 | TotalTime:0.000s | Cost:12.54
LS: PDPairExchange | Count: 0 | TotalTime:0.000s | Cost:12.54
LS: BlockExchange | Count: 0 | TotalTime:0.000s | Cost:12.54
LS: PDPairExchange | Count: 0 | TotalTime:0.001s | Cost:12.54
LS: mPDG | Count: 0 | TotalTime:0.003s | Cost:12.54
LS: BlockExchange | Count: 0 | TotalTime:0.000s | Cost:12.54
LS: BlockExchange | Count: 0 | TotalTime:0.000s | Cost:12.54
LS: PDPairExchange | Count: 0 | TotalTime:0.000s | Cost:12.54
LS: mPDG | Count: 0 | TotalTime:0.002s | Cost:12.54
LS: BlockExchange | Count: 0 | TotalTime:0.000s | Cost:12.54
Generation 3: Best = 12.54, Worst = 12.54, Avg = 12.54, Time: 0.06246137619018555
Stopping early due to lack of improvement.
Total runtime: 0.88s (0.0 minutes)
Total GA runtime: 0.22s (0.0 minutes)

The solution initialized by Cheapest Insertion:
V_1:[] V_2:[d1_0321200008-1 p4_0632150023-1 d4_0632150023-4] V_3:[d1_0405380010-1] V_4:[p1_0634010024-1 p1_0644040025-1 p1_0630410022-1 p1_0644260026-1 d1_0644260026-1 d1_0630410022-1 d1_0644040025-1 d1_0634010024-1] V_5:[d4_0436090013-4 d1_0417500011-1 p1_0656120027-1 d1_0656120027-1]
The fitness value before EA: 13.040000000000001
V_1:[] V_2:[d1_0321200008-1 p4_0632150023-1 d4_0632150023-4] V_3:[d1_0405380010-1] V_4:[p1_0634010024-1 d1_0634010024-1] V_5:[d4_0436090013-4 d1_0417500011-1 p1_0656120027-1 p1_0644260026-1 p1_0630410022-1 p1_0644040025-1 d1_0644040025-1 d1_0630410022-1 d1_0644260026-1 d1_0656120027-1]
The fitness value after EA: 12.54

Thoi gian thuc hien thuat toan:  0.8766319751739502
SUCCESS

2025-11-04 16:08:23,356 [simulate_environment.py | 256] INFO: 2025-11-04 07:00:00, Item 0531500014-1: state = 1 < 2, we can not finish the simulation
2025-11-04 16:08:23,357 [simulate_environment.py | 99] INFO: **************************************************
2025-11-04 16:08:23,357 [simulate_environment.py | 103] INFO: cur time: 2025-11-04 07:10:00, pre time: 2025-11-04 07:00:00
2025-11-04 16:08:23,357 [simulate_environment.py | 140] INFO: Start to update the input of 2025-11-04 07:10:00
2025-11-04 16:08:23,357 [simulate_environment.py | 167] INFO: Get 41 unallocated order items, 7 ongoing order items, 48 completed order items
2025-11-04 16:08:24,474 [simulate_environment.py | 234] INFO: 
LS: BlockExchange | Count: 0 | TotalTime:0.000s | Cost:12.54
LS: BlockExchange | Count: 0 | TotalTime:0.000s | Cost:12.54
LS: BlockExchange | Count: 0 | TotalTime:0.000s | Cost:12.54
LS: BlockRelocate | Count: 0 | TotalTime:0.002s | Cost:12.54
LS: PDPairExchange | Count: 0 | TotalTime:0.000s | Cost:12.54
LS: PDPairExchange | Count: 0 | TotalTime:0.000s | Cost:12.54
LS: BlockExchange | Count: 0 | TotalTime:0.000s | Cost:12.54
LS: mPDG | Count: 0 | TotalTime:0.002s | Cost:12.54
LS: mPDG | Count: 0 | TotalTime:0.002s | Cost:12.54
LS: mPDG | Count: 0 | TotalTime:0.002s | Cost:12.54
LS: mPDG | Count: 0 | TotalTime:0.002s | Cost:12.54
Generation 1: Best = 12.54, Worst = 15.56, Avg = 12.69, Time: 0.06637907028198242
LS: PDPairExchange | Count: 0 | TotalTime:0.000s | Cost:12.54
LS: PDPairExchange | Count: 0 | TotalTime:0.000s | Cost:12.54
LS: BlockRelocate | Count: 0 | TotalTime:0.002s | Cost:12.54
LS: mPDG | Count: 0 | TotalTime:0.002s | Cost:12.54
LS: PDPairExchange | Count: 0 | TotalTime:0.000s | Cost:12.54
LS: mPDG | Count: 0 | TotalTime:0.002s | Cost:12.54
LS: BlockExchange | Count: 0 | TotalTime:0.000s | Cost:12.54
LS: BlockExchange | Count: 0 | TotalTime:0.000s | Cost:12.54
LS: BlockRelocate | Count: 0 | TotalTime:0.002s | Cost:12.54
LS: BlockExchange | Count: 0 | TotalTime:0.000s | Cost:12.54
LS: BlockExchange | Count: 0 | TotalTime:0.000s | Cost:12.54
Generation 2: Best = 12.54, Worst = 12.54, Avg = 12.54, Time: 0.060402631759643555
Stopping early due to lack of improvement.
Total runtime: 0.83s (0.0 minutes)
Total GA runtime: 0.13s (0.0 minutes)

The solution initialized by Cheapest Insertion:
V_1:[] V_2:[d1_0321200008-1 p4_0632150023-1 d4_0632150023-4] V_3:[d1_0405380010-1] V_4:[p1_0634010024-1 d1_0634010024-1] V_5:[d4_0436090013-4 d1_0417500011-1 p1_0656120027-1 p1_0644260026-1 p1_0630410022-1 p1_0644040025-1 d1_0644040025-1 d1_0630410022-1 d1_0644260026-1 d1_0656120027-1]
The fitness value before EA: 12.54
V_1:[] V_2:[d1_0321200008-1 p4_0632150023-1 d4_0632150023-4] V_3:[d1_0405380010-1] V_4:[p1_0634010024-1 d1_0634010024-1] V_5:[d4_0436090013-4 d1_0417500011-1 p1_0656120027-1 p1_0644260026-1 p1_0630410022-1 p1_0644040025-1 d1_0644040025-1 d1_0630410022-1 d1_0644260026-1 d1_0656120027-1]
The fitness value after EA: 12.54

Thoi gian thuc hien thuat toan:  0.833519697189331
SUCCESS

2025-11-04 16:08:24,475 [simulate_environment.py | 256] INFO: 2025-11-04 07:10:00, Item 0531500014-1: state = 1 < 2, we can not finish the simulation
2025-11-04 16:08:24,475 [simulate_environment.py | 99] INFO: **************************************************
2025-11-04 16:08:24,475 [simulate_environment.py | 103] INFO: cur time: 2025-11-04 07:20:00, pre time: 2025-11-04 07:10:00
2025-11-04 16:08:24,475 [simulate_environment.py | 140] INFO: Start to update the input of 2025-11-04 07:20:00
2025-11-04 16:08:24,476 [simulate_environment.py | 167] INFO: Get 37 unallocated order items, 10 ongoing order items, 49 completed order items
2025-11-04 16:08:25,497 [simulate_environment.py | 234] INFO: 
LS: BlockRelocate | Count: 0 | TotalTime:0.001s | Cost:12.08
LS: BlockRelocate | Count: 0 | TotalTime:0.001s | Cost:12.08
LS: mPDG | Count: 0 | TotalTime:0.002s | Cost:12.08
LS: BlockRelocate | Count: 0 | TotalTime:0.001s | Cost:12.08
LS: PDPairExchange | Count: 0 | TotalTime:0.000s | Cost:12.08
LS: PDPairExchange | Count: 0 | TotalTime:0.000s | Cost:12.08
LS: BlockExchange | Count: 0 | TotalTime:0.000s | Cost:12.08
LS: PDPairExchange | Count: 0 | TotalTime:0.000s | Cost:12.08
LS: mPDG | Count: 0 | TotalTime:0.002s | Cost:12.08
LS: mPDG | Count: 0 | TotalTime:0.001s | Cost:12.08
LS: BlockRelocate | Count: 0 | TotalTime:0.001s | Cost:12.08
Generation 1: Best = 12.08, Worst = 15.10, Avg = 12.38, Time: 0.05858802795410156
LS: PDPairExchange | Count: 0 | TotalTime:0.000s | Cost:12.08
LS: BlockExchange | Count: 0 | TotalTime:0.000s | Cost:12.08
LS: BlockExchange | Count: 0 | TotalTime:0.000s | Cost:12.08
LS: BlockExchange | Count: 0 | TotalTime:0.000s | Cost:12.08
LS: BlockExchange | Count: 0 | TotalTime:0.000s | Cost:12.08
LS: mPDG | Count: 0 | TotalTime:0.001s | Cost:12.08
LS: PDPairExchange | Count: 0 | TotalTime:0.000s | Cost:12.08
LS: PDPairExchange | Count: 0 | TotalTime:0.000s | Cost:12.08
LS: BlockRelocate | Count: 0 | TotalTime:0.001s | Cost:12.08
LS: PDPairExchange | Count: 0 | TotalTime:0.000s | Cost:12.08
LS: BlockExchange | Count: 0 | TotalTime:0.000s | Cost:12.08
Generation 2: Best = 12.08, Worst = 12.08, Avg = 12.08, Time: 0.04036760330200195
Stopping early due to lack of improvement.
Total runtime: 0.76s (0.0 minutes)
Total GA runtime: 0.10s (0.0 minutes)

The solution initialized by Cheapest Insertion:
V_1:[] V_2:[d4_0632150023-4] V_3:[d1_0405380010-1] V_4:[p1_0634010024-1 d1_0634010024-1] V_5:[d4_0436090013-4 d1_0417500011-1 p1_0656120027-1 p1_0644260026-1 p1_0630410022-1 p1_0644040025-1 d1_0644040025-1 d1_0630410022-1 d1_0644260026-1 d1_0656120027-1]
The fitness value before EA: 12.08
V_1:[] V_2:[d4_0632150023-4] V_3:[d1_0405380010-1] V_4:[p1_0634010024-1 d1_0634010024-1] V_5:[d4_0436090013-4 d1_0417500011-1 p1_0656120027-1 p1_0644260026-1 p1_0630410022-1 p1_0644040025-1 d1_0644040025-1 d1_0630410022-1 d1_0644260026-1 d1_0656120027-1]
The fitness value after EA: 12.08

Thoi gian thuc hien thuat toan:  0.7633593082427979
SUCCESS

2025-11-04 16:08:25,497 [simulate_environment.py | 256] INFO: 2025-11-04 07:20:00, Item 0531500014-1: state = 1 < 2, we can not finish the simulation
2025-11-04 16:08:25,498 [simulate_environment.py | 99] INFO: **************************************************
2025-11-04 16:08:25,498 [simulate_environment.py | 103] INFO: cur time: 2025-11-04 07:30:00, pre time: 2025-11-04 07:20:00
2025-11-04 16:08:25,498 [simulate_environment.py | 140] INFO: Start to update the input of 2025-11-04 07:30:00
2025-11-04 16:08:25,498 [simulate_environment.py | 167] INFO: Get 36 unallocated order items, 6 ongoing order items, 54 completed order items
2025-11-04 16:08:26,488 [simulate_environment.py | 234] INFO: 
LS: BlockExchange | Count: 0 | TotalTime:0.000s | Cost:11.96
LS: BlockRelocate | Count: 0 | TotalTime:0.001s | Cost:11.96
LS: mPDG | Count: 0 | TotalTime:0.001s | Cost:11.96
LS: BlockExchange | Count: 0 | TotalTime:0.000s | Cost:11.96
LS: BlockRelocate | Count: 0 | TotalTime:0.001s | Cost:11.96
LS: PDPairExchange | Count: 0 | TotalTime:0.000s | Cost:11.96
LS: BlockRelocate | Count: 0 | TotalTime:0.001s | Cost:11.96
LS: BlockExchange | Count: 0 | TotalTime:0.000s | Cost:11.96
LS: BlockExchange | Count: 0 | TotalTime:0.000s | Cost:11.96
LS: PDPairExchange | Count: 0 | TotalTime:0.000s | Cost:11.96
LS: mPDG | Count: 0 | TotalTime:0.001s | Cost:11.96
Generation 1: Best = 11.96, Worst = 14.98, Avg = 12.71, Time: 0.042385101318359375
LS: BlockExchange | Count: 0 | TotalTime:0.000s | Cost:11.96
LS: PDPairExchange | Count: 0 | TotalTime:0.000s | Cost:11.96
LS: mPDG | Count: 0 | TotalTime:0.001s | Cost:11.96
LS: mPDG | Count: 0 | TotalTime:0.001s | Cost:11.96
LS: BlockRelocate | Count: 0 | TotalTime:0.001s | Cost:11.96
LS: mPDG | Count: 0 | TotalTime:0.001s | Cost:11.96
LS: mPDG | Count: 0 | TotalTime:0.001s | Cost:11.96
LS: PDPairExchange | Count: 0 | TotalTime:0.000s | Cost:11.96
LS: BlockRelocate | Count: 0 | TotalTime:0.001s | Cost:11.96
LS: mPDG | Count: 0 | TotalTime:0.001s | Cost:11.96
LS: BlockRelocate | Count: 0 | TotalTime:0.001s | Cost:11.96
Generation 2: Best = 11.96, Worst = 11.96, Avg = 11.96, Time: 0.03931617736816406
Stopping early due to lack of improvement.
Total runtime: 0.73s (0.0 minutes)
Total GA runtime: 0.08s (0.0 minutes)

The solution initialized by Cheapest Insertion:
V_1:[] V_2:[d4_0632150023-4] V_3:[] V_4:[d1_0634010024-1] V_5:[d1_0417500011-1 p1_0656120027-1 p1_0644260026-1 p1_0630410022-1 p1_0644040025-1 d1_0644040025-1 d1_0630410022-1 d1_0644260026-1 d1_0656120027-1]
The fitness value before EA: 11.959999999999999
V_1:[] V_2:[d4_0632150023-4] V_3:[] V_4:[d1_0634010024-1] V_5:[d1_0417500011-1 p1_0656120027-1 p1_0644260026-1 p1_0630410022-1 p1_0644040025-1 d1_0644040025-1 d1_0630410022-1 d1_0644260026-1 d1_0656120027-1]
The fitness value after EA: 11.959999999999999

Thoi gian thuc hien thuat toan:  0.7339506149291992
SUCCESS

2025-11-04 16:08:26,488 [simulate_environment.py | 256] INFO: 2025-11-04 07:30:00, Item 0531500014-1: state = 1 < 2, we can not finish the simulation
2025-11-04 16:08:26,488 [simulate_environment.py | 99] INFO: **************************************************
2025-11-04 16:08:26,488 [simulate_environment.py | 103] INFO: cur time: 2025-11-04 07:40:00, pre time: 2025-11-04 07:30:00
2025-11-04 16:08:26,488 [simulate_environment.py | 140] INFO: Start to update the input of 2025-11-04 07:40:00
2025-11-04 16:08:26,489 [simulate_environment.py | 167] INFO: Get 36 unallocated order items, 6 ongoing order items, 54 completed order items
2025-11-04 16:08:27,525 [simulate_environment.py | 234] INFO: 
LS: mPDG | Count: 0 | TotalTime:0.001s | Cost:11.96
LS: BlockRelocate | Count: 0 | TotalTime:0.001s | Cost:11.96
LS: mPDG | Count: 0 | TotalTime:0.001s | Cost:11.96
LS: BlockExchange | Count: 0 | TotalTime:0.000s | Cost:11.96
LS: PDPairExchange | Count: 0 | TotalTime:0.000s | Cost:11.96
LS: BlockRelocate | Count: 0 | TotalTime:0.001s | Cost:11.96
LS: BlockRelocate | Count: 0 | TotalTime:0.001s | Cost:11.96
LS: mPDG | Count: 0 | TotalTime:0.001s | Cost:11.96
LS: PDPairExchange | Count: 0 | TotalTime:0.000s | Cost:11.96
LS: BlockRelocate | Count: 0 | TotalTime:0.001s | Cost:11.96
LS: BlockExchange | Count: 0 | TotalTime:0.000s | Cost:11.96
Generation 1: Best = 11.96, Worst = 14.86, Avg = 12.03, Time: 0.04263734817504883
LS: PDPairExchange | Count: 0 | TotalTime:0.000s | Cost:11.96
LS: mPDG | Count: 0 | TotalTime:0.001s | Cost:11.96
LS: PDPairExchange | Count: 0 | TotalTime:0.000s | Cost:11.96
LS: BlockExchange | Count: 0 | TotalTime:0.000s | Cost:11.96
LS: mPDG | Count: 0 | TotalTime:0.001s | Cost:11.96
LS: BlockRelocate | Count: 0 | TotalTime:0.001s | Cost:11.96
LS: BlockExchange | Count: 0 | TotalTime:0.000s | Cost:11.96
LS: BlockRelocate | Count: 0 | TotalTime:0.001s | Cost:11.96
LS: BlockRelocate | Count: 0 | TotalTime:0.001s | Cost:11.96
LS: BlockRelocate | Count: 0 | TotalTime:0.001s | Cost:11.96
LS: mPDG | Count: 0 | TotalTime:0.001s | Cost:11.96
Generation 2: Best = 11.96, Worst = 11.96, Avg = 11.96, Time: 0.03724527359008789
Stopping early due to lack of improvement.
Total runtime: 0.77s (0.0 minutes)
Total GA runtime: 0.08s (0.0 minutes)

The solution initialized by Cheapest Insertion:
V_1:[] V_2:[d4_0632150023-4] V_3:[] V_4:[d1_0634010024-1] V_5:[d1_0417500011-1 p1_0656120027-1 p1_0644260026-1 p1_0630410022-1 p1_0644040025-1 d1_0644040025-1 d1_0630410022-1 d1_0644260026-1 d1_0656120027-1]
The fitness value before EA: 11.959999999999999
V_1:[] V_2:[d4_0632150023-4] V_3:[] V_4:[d1_0634010024-1] V_5:[d1_0417500011-1 p1_0656120027-1 p1_0644260026-1 p1_0630410022-1 p1_0644040025-1 d1_0644040025-1 d1_0630410022-1 d1_0644260026-1 d1_0656120027-1]
The fitness value after EA: 11.959999999999999

Thoi gian thuc hien thuat toan:  0.7685472965240479
SUCCESS

2025-11-04 16:08:27,526 [simulate_environment.py | 256] INFO: 2025-11-04 07:40:00, Item 0531500014-1: state = 1 < 2, we can not finish the simulation
2025-11-04 16:08:27,526 [simulate_environment.py | 99] INFO: **************************************************
2025-11-04 16:08:27,526 [simulate_environment.py | 103] INFO: cur time: 2025-11-04 07:50:00, pre time: 2025-11-04 07:40:00
2025-11-04 16:08:27,526 [simulate_environment.py | 140] INFO: Start to update the input of 2025-11-04 07:50:00
2025-11-04 16:08:27,527 [simulate_environment.py | 167] INFO: Get 44 unallocated order items, 6 ongoing order items, 54 completed order items
2025-11-04 16:08:28,581 [simulate_environment.py | 234] INFO: 
LS: mPDG | Count: 0 | TotalTime:0.002s | Cost:15.42
LS: mPDG | Count: 0 | TotalTime:0.002s | Cost:15.42
LS: BlockExchange | Count: 0 | TotalTime:0.000s | Cost:15.42
LS: PDPairExchange | Count: 0 | TotalTime:0.000s | Cost:15.42
LS: BlockExchange | Count: 0 | TotalTime:0.000s | Cost:15.42
LS: BlockExchange | Count: 0 | TotalTime:0.000s | Cost:15.42
LS: mPDG | Count: 0 | TotalTime:0.002s | Cost:15.42
LS: PDPairExchange | Count: 0 | TotalTime:0.000s | Cost:15.42
LS: PDPairExchange | Count: 0 | TotalTime:0.000s | Cost:15.42
LS: BlockRelocate | Count: 0 | TotalTime:0.002s | Cost:15.42
LS: BlockRelocate | Count: 0 | TotalTime:0.002s | Cost:15.42
Generation 1: Best = 15.42, Worst = 18.44, Avg = 15.50, Time: 0.05937337875366211
LS: BlockExchange | Count: 0 | TotalTime:0.000s | Cost:15.42
LS: PDPairExchange | Count: 0 | TotalTime:0.000s | Cost:15.42
LS: BlockExchange | Count: 0 | TotalTime:0.000s | Cost:15.42
LS: PDPairExchange | Count: 0 | TotalTime:0.000s | Cost:15.42
LS: PDPairExchange | Count: 0 | TotalTime:0.000s | Cost:15.42
LS: BlockRelocate | Count: 0 | TotalTime:0.002s | Cost:15.42
LS: mPDG | Count: 0 | TotalTime:0.002s | Cost:15.42
LS: BlockRelocate | Count: 0 | TotalTime:0.002s | Cost:15.42
LS: BlockRelocate | Count: 0 | TotalTime:0.002s | Cost:15.42
LS: BlockRelocate | Count: 0 | TotalTime:0.002s | Cost:15.42
LS: BlockRelocate | Count: 0 | TotalTime:0.002s | Cost:15.42
Generation 2: Best = 15.42, Worst = 15.42, Avg = 15.42, Time: 0.05753612518310547
Stopping early due to lack of improvement.
Total runtime: 0.78s (0.0 minutes)
Total GA runtime: 0.12s (0.0 minutes)

The solution initialized by Cheapest Insertion:
V_1:[] V_2:[d4_0632150023-4] V_3:[p8_0747110028-1 d8_0747110028-8] V_4:[d1_0634010024-1] V_5:[d1_0417500011-1 p1_0656120027-1 p1_0644260026-1 p1_0630410022-1 p1_0644040025-1 d1_0644040025-1 d1_0630410022-1 d1_0644260026-1 d1_0656120027-1]
The fitness value before EA: 15.420000000000002
V_1:[] V_2:[d4_0632150023-4] V_3:[p8_0747110028-1 d8_0747110028-8] V_4:[d1_0634010024-1] V_5:[d1_0417500011-1 p1_0656120027-1 p1_0644260026-1 p1_0630410022-1 p1_0644040025-1 d1_0644040025-1 d1_0630410022-1 d1_0644260026-1 d1_0656120027-1]
The fitness value after EA: 15.420000000000002

Thoi gian thuc hien thuat toan:  0.7821640968322754
SUCCESS

2025-11-04 16:08:28,582 [simulate_environment.py | 256] INFO: 2025-11-04 07:50:00, Item 0531500014-1: state = 1 < 2, we can not finish the simulation
2025-11-04 16:08:28,582 [simulate_environment.py | 99] INFO: **************************************************
2025-11-04 16:08:28,582 [simulate_environment.py | 103] INFO: cur time: 2025-11-04 08:00:00, pre time: 2025-11-04 07:50:00
2025-11-04 16:08:28,582 [simulate_environment.py | 140] INFO: Start to update the input of 2025-11-04 08:00:00
2025-11-04 16:08:28,583 [simulate_environment.py | 167] INFO: Get 36 unallocated order items, 14 ongoing order items, 54 completed order items
2025-11-04 16:08:29,602 [simulate_environment.py | 234] INFO: 
LS: mPDG | Count: 0 | TotalTime:0.001s | Cost:15.42
LS: mPDG | Count: 0 | TotalTime:0.001s | Cost:15.42
LS: mPDG | Count: 0 | TotalTime:0.001s | Cost:15.42
LS: mPDG | Count: 0 | TotalTime:0.001s | Cost:15.42
LS: mPDG | Count: 0 | TotalTime:0.001s | Cost:15.42
LS: BlockRelocate | Count: 0 | TotalTime:0.001s | Cost:15.42
LS: BlockRelocate | Count: 0 | TotalTime:0.001s | Cost:15.42
LS: mPDG | Count: 0 | TotalTime:0.001s | Cost:15.42
LS: BlockExchange | Count: 0 | TotalTime:0.000s | Cost:15.42
LS: BlockRelocate | Count: 0 | TotalTime:0.001s | Cost:15.42
LS: PDPairExchange | Count: 0 | TotalTime:0.000s | Cost:15.42
Generation 1: Best = 15.42, Worst = 25.66, Avg = 16.48, Time: 0.05549740791320801
LS: PDPairExchange | Count: 0 | TotalTime:0.000s | Cost:15.42
LS: PDPairExchange | Count: 0 | TotalTime:0.000s | Cost:15.42
LS: BlockExchange | Count: 0 | TotalTime:0.000s | Cost:15.42
LS: PDPairExchange | Count: 0 | TotalTime:0.000s | Cost:15.42
LS: BlockRelocate | Count: 0 | TotalTime:0.001s | Cost:15.42
LS: mPDG | Count: 0 | TotalTime:0.001s | Cost:15.42
LS: BlockRelocate | Count: 0 | TotalTime:0.001s | Cost:15.42
LS: BlockExchange | Count: 0 | TotalTime:0.000s | Cost:15.42
LS: BlockRelocate | Count: 0 | TotalTime:0.001s | Cost:15.42
LS: PDPairExchange | Count: 0 | TotalTime:0.000s | Cost:15.42
LS: PDPairExchange | Count: 0 | TotalTime:0.000s | Cost:15.42
Generation 2: Best = 15.42, Worst = 15.42, Avg = 15.42, Time: 0.04318714141845703
Stopping early due to lack of improvement.
Total runtime: 0.76s (0.0 minutes)
Total GA runtime: 0.10s (0.0 minutes)

The solution initialized by Cheapest Insertion:
V_1:[] V_2:[d4_0632150023-4] V_3:[d8_0747110028-8] V_4:[d1_0634010024-1] V_5:[d1_0417500011-1 p1_0656120027-1 p1_0644260026-1 p1_0630410022-1 p1_0644040025-1 d1_0644040025-1 d1_0630410022-1 d1_0644260026-1 d1_0656120027-1]
The fitness value before EA: 15.420000000000002
V_1:[] V_2:[d4_0632150023-4] V_3:[d8_0747110028-8] V_4:[d1_0634010024-1] V_5:[d1_0417500011-1 p1_0656120027-1 p1_0644260026-1 p1_0630410022-1 p1_0644040025-1 d1_0644040025-1 d1_0630410022-1 d1_0644260026-1 d1_0656120027-1]
The fitness value after EA: 15.420000000000002

Thoi gian thuc hien thuat toan:  0.7616724967956543
SUCCESS

2025-11-04 16:08:29,603 [simulate_environment.py | 256] INFO: 2025-11-04 08:00:00, Item 0531500014-1: state = 1 < 2, we can not finish the simulation
2025-11-04 16:08:29,603 [simulate_environment.py | 99] INFO: **************************************************
2025-11-04 16:08:29,603 [simulate_environment.py | 103] INFO: cur time: 2025-11-04 08:10:00, pre time: 2025-11-04 08:00:00
2025-11-04 16:08:29,604 [simulate_environment.py | 140] INFO: Start to update the input of 2025-11-04 08:10:00
2025-11-04 16:08:29,604 [simulate_environment.py | 167] INFO: Get 36 unallocated order items, 14 ongoing order items, 54 completed order items
2025-11-04 16:08:30,671 [simulate_environment.py | 234] INFO: 
LS: BlockExchange | Count: 0 | TotalTime:0.000s | Cost:6.90
LS: mPDG | Count: 0 | TotalTime:0.002s | Cost:6.90
LS: BlockRelocate | Count: 0 | TotalTime:0.001s | Cost:6.90
LS: mPDG | Count: 0 | TotalTime:0.001s | Cost:6.90
LS: PDPairExchange | Count: 0 | TotalTime:0.000s | Cost:6.90
LS: PDPairExchange | Count: 0 | TotalTime:0.000s | Cost:6.90
LS: BlockExchange | Count: 0 | TotalTime:0.000s | Cost:6.90
LS: BlockExchange | Count: 0 | TotalTime:0.000s | Cost:6.90
LS: PDPairExchange | Count: 0 | TotalTime:0.000s | Cost:6.90
LS: BlockExchange | Count: 0 | TotalTime:0.000s | Cost:6.90
LS: mPDG | Count: 0 | TotalTime:0.001s | Cost:6.90
Generation 1: Best = 6.90, Worst = 9.80, Avg = 6.97, Time: 0.04987382888793945
LS: BlockExchange | Count: 0 | TotalTime:0.000s | Cost:6.90
LS: mPDG | Count: 0 | TotalTime:0.001s | Cost:6.90
LS: mPDG | Count: 0 | TotalTime:0.001s | Cost:6.90
LS: PDPairExchange | Count: 0 | TotalTime:0.000s | Cost:6.90
LS: mPDG | Count: 0 | TotalTime:0.001s | Cost:6.90
LS: BlockExchange | Count: 0 | TotalTime:0.000s | Cost:6.90
LS: PDPairExchange | Count: 0 | TotalTime:0.000s | Cost:6.90
LS: BlockRelocate | Count: 0 | TotalTime:0.001s | Cost:6.90
LS: PDPairExchange | Count: 0 | TotalTime:0.000s | Cost:6.90
LS: BlockRelocate | Count: 0 | TotalTime:0.001s | Cost:6.90
LS: mPDG | Count: 0 | TotalTime:0.001s | Cost:6.90
Generation 2: Best = 6.90, Worst = 6.90, Avg = 6.90, Time: 0.043457746505737305
Stopping early due to lack of improvement.
Total runtime: 0.80s (0.0 minutes)
Total GA runtime: 0.09s (0.0 minutes)

The solution initialized by Cheapest Insertion:
V_1:[] V_2:[d4_0632150023-4] V_3:[d8_0747110028-8] V_4:[d1_0634010024-1] V_5:[d1_0417500011-1 p1_0656120027-1 p1_0644260026-1 p1_0630410022-1 p1_0644040025-1 d1_0644040025-1 d1_0630410022-1 d1_0644260026-1 d1_0656120027-1]
The fitness value before EA: 6.9
V_1:[] V_2:[d4_0632150023-4] V_3:[d8_0747110028-8] V_4:[d1_0634010024-1] V_5:[d1_0417500011-1 p1_0656120027-1 p1_0644260026-1 p1_0630410022-1 p1_0644040025-1 d1_0644040025-1 d1_0630410022-1 d1_0644260026-1 d1_0656120027-1]
The fitness value after EA: 6.9

Thoi gian thuc hien thuat toan:  0.802436113357544
SUCCESS

2025-11-04 16:08:30,674 [simulate_environment.py | 256] INFO: 2025-11-04 08:10:00, Item 0531500014-1: state = 1 < 2, we can not finish the simulation
2025-11-04 16:08:30,675 [simulate_environment.py | 99] INFO: **************************************************
2025-11-04 16:08:30,675 [simulate_environment.py | 103] INFO: cur time: 2025-11-04 08:20:00, pre time: 2025-11-04 08:10:00
2025-11-04 16:08:30,675 [simulate_environment.py | 140] INFO: Start to update the input of 2025-11-04 08:20:00
2025-11-04 16:08:30,676 [simulate_environment.py | 167] INFO: Get 36 unallocated order items, 13 ongoing order items, 55 completed order items
2025-11-04 16:08:31,894 [simulate_environment.py | 234] INFO: 
LS: mPDG | Count: 0 | TotalTime:0.001s | Cost:6.84
LS: BlockExchange | Count: 0 | TotalTime:0.000s | Cost:6.84
LS: BlockRelocate | Count: 0 | TotalTime:0.001s | Cost:6.84
LS: BlockRelocate | Count: 0 | TotalTime:0.001s | Cost:6.84
LS: BlockExchange | Count: 0 | TotalTime:0.000s | Cost:9.86
LS: mPDG | Count: 0 | TotalTime:0.001s | Cost:9.86
LS: PDPairExchange | Count: 0 | TotalTime:0.000s | Cost:9.86
LS: mPDG | Count: 0 | TotalTime:0.001s | Cost:9.86
LS: BlockRelocate | Count: 1 | TotalTime:0.001s | Cost:6.84
LS: PDPairExchange | Count: 0 | TotalTime:0.000s | Cost:9.86
LS: BlockRelocate | Count: 1 | TotalTime:0.000s | Cost:9.74
Generation 1: Best = 6.84, Worst = 843.60, Avg = 57.77, Time: 0.0582578182220459
LS: BlockRelocate | Count: 0 | TotalTime:0.001s | Cost:6.84
LS: BlockExchange | Count: 0 | TotalTime:0.000s | Cost:6.84
LS: BlockExchange | Count: 0 | TotalTime:0.000s | Cost:6.84
LS: BlockRelocate | Count: 0 | TotalTime:0.001s | Cost:6.84
LS: BlockRelocate | Count: 0 | TotalTime:0.001s | Cost:6.84
LS: BlockRelocate | Count: 1 | TotalTime:0.001s | Cost:6.84
LS: mPDG | Count: 0 | TotalTime:0.001s | Cost:9.86
LS: BlockRelocate | Count: 1 | TotalTime:0.000s | Cost:9.74
LS: BlockRelocate | Count: 1 | TotalTime:0.000s | Cost:6.84
LS: mPDG | Count: 0 | TotalTime:0.001s | Cost:9.86
LS: BlockRelocate | Count: 1 | TotalTime:0.000s | Cost:6.84
Generation 2: Best = 6.84, Worst = 24.16, Avg = 16.75, Time: 0.059892892837524414
LS: BlockRelocate | Count: 0 | TotalTime:0.001s | Cost:6.84
LS: BlockExchange | Count: 0 | TotalTime:0.000s | Cost:6.84
LS: BlockExchange | Count: 0 | TotalTime:0.000s | Cost:6.84
LS: mPDG | Count: 0 | TotalTime:0.001s | Cost:6.84
LS: BlockRelocate | Count: 0 | TotalTime:0.001s | Cost:6.84
LS: BlockRelocate | Count: 0 | TotalTime:0.001s | Cost:6.84
LS: BlockRelocate | Count: 0 | TotalTime:0.001s | Cost:6.84
LS: BlockRelocate | Count: 0 | TotalTime:0.001s | Cost:6.84
LS: BlockRelocate | Count: 1 | TotalTime:0.000s | Cost:6.84
LS: BlockRelocate | Count: 1 | TotalTime:0.001s | Cost:6.84
LS: BlockRelocate | Count: 1 | TotalTime:0.000s | Cost:9.74
Generation 3: Best = 6.84, Worst = 24.16, Avg = 16.59, Time: 0.05939817428588867
LS: BlockExchange | Count: 0 | TotalTime:0.000s | Cost:6.84
LS: mPDG | Count: 0 | TotalTime:0.001s | Cost:6.84
LS: mPDG | Count: 0 | TotalTime:0.001s | Cost:6.84
LS: PDPairExchange | Count: 0 | TotalTime:0.000s | Cost:6.84
LS: BlockRelocate | Count: 0 | TotalTime:0.001s | Cost:6.84
LS: BlockRelocate | Count: 0 | TotalTime:0.001s | Cost:6.84
LS: BlockRelocate | Count: 0 | TotalTime:0.001s | Cost:6.84
LS: BlockRelocate | Count: 0 | TotalTime:0.001s | Cost:6.84
LS: BlockRelocate | Count: 0 | TotalTime:0.001s | Cost:6.84
LS: BlockRelocate | Count: 0 | TotalTime:0.001s | Cost:6.84
LS: BlockRelocate | Count: 1 | TotalTime:0.001s | Cost:6.84
Generation 4: Best = 6.84, Worst = 24.16, Avg = 16.52, Time: 0.0645289421081543
Stopping early due to lack of improvement.
Total runtime: 0.95s (0.0 minutes)
Total GA runtime: 0.24s (0.0 minutes)

The solution initialized by Cheapest Insertion:
V_1:[] V_2:[d4_0632150023-4] V_3:[d8_0747110028-8] V_4:[d1_0634010024-1] V_5:[p1_0656120027-1 p1_0644260026-1 p1_0630410022-1 p1_0644040025-1 d1_0644040025-1 d1_0630410022-1 d1_0644260026-1 d1_0656120027-1]
The fitness value before EA: 6.839999999999999
V_1:[] V_2:[d4_0632150023-4] V_3:[d8_0747110028-8] V_4:[d1_0634010024-1] V_5:[p1_0656120027-1 p1_0630410022-1 p1_0644260026-1 p1_0644040025-1 d1_0644040025-1 d1_0644260026-1 d1_0630410022-1 d1_0656120027-1]
The fitness value after EA: 6.839999999999999

Thoi gian thuc hien thuat toan:  0.9488134384155273
SUCCESS

2025-11-04 16:08:31,896 [simulate_environment.py | 256] INFO: 2025-11-04 08:20:00, Item 0531500014-1: state = 1 < 2, we can not finish the simulation
2025-11-04 16:08:31,896 [simulate_environment.py | 99] INFO: **************************************************
2025-11-04 16:08:31,896 [simulate_environment.py | 103] INFO: cur time: 2025-11-04 08:30:00, pre time: 2025-11-04 08:20:00
2025-11-04 16:08:31,896 [simulate_environment.py | 140] INFO: Start to update the input of 2025-11-04 08:30:00
2025-11-04 16:08:31,897 [simulate_environment.py | 167] INFO: Get 36 unallocated order items, 13 ongoing order items, 55 completed order items
2025-11-04 16:08:33,145 [simulate_environment.py | 234] INFO: 
LS: BlockRelocate | Count: 0 | TotalTime:0.001s | Cost:6.84
LS: BlockRelocate | Count: 0 | TotalTime:0.001s | Cost:6.84
LS: mPDG | Count: 0 | TotalTime:0.001s | Cost:6.84
LS: PDPairExchange | Count: 0 | TotalTime:0.000s | Cost:6.84
LS: PDPairExchange | Count: 0 | TotalTime:0.000s | Cost:9.86
LS: PDPairExchange | Count: 0 | TotalTime:0.000s | Cost:9.86
LS: BlockExchange | Count: 0 | TotalTime:0.000s | Cost:9.86
LS: mPDG | Count: 0 | TotalTime:0.001s | Cost:9.86
LS: PDPairExchange | Count: 0 | TotalTime:0.000s | Cost:9.86
LS: mPDG | Count: 0 | TotalTime:0.001s | Cost:9.86
LS: BlockExchange | Count: 0 | TotalTime:0.000s | Cost:9.86
Generation 1: Best = 6.84, Worst = 2510.27, Avg = 862.90, Time: 0.06128358840942383
LS: PDPairExchange | Count: 0 | TotalTime:0.000s | Cost:6.84
LS: BlockRelocate | Count: 0 | TotalTime:0.001s | Cost:6.84
LS: PDPairExchange | Count: 0 | TotalTime:0.000s | Cost:6.84
LS: BlockRelocate | Count: 0 | TotalTime:0.001s | Cost:6.84
LS: BlockRelocate | Count: 1 | TotalTime:0.000s | Cost:6.84
LS: BlockRelocate | Count: 1 | TotalTime:0.000s | Cost:9.74
LS: mPDG | Count: 0 | TotalTime:0.001s | Cost:9.86
LS: mPDG | Count: 0 | TotalTime:0.001s | Cost:9.86
LS: mPDG | Count: 0 | TotalTime:0.001s | Cost:9.86
LS: mPDG | Count: 0 | TotalTime:0.001s | Cost:9.86
LS: PDPairExchange | Count: 0 | TotalTime:0.000s | Cost:9.86
Generation 2: Best = 6.84, Worst = 2510.27, Avg = 633.65, Time: 0.060662031173706055
LS: PDPairExchange | Count: 0 | TotalTime:0.000s | Cost:6.84
LS: BlockRelocate | Count: 0 | TotalTime:0.001s | Cost:6.84
LS: PDPairExchange | Count: 0 | TotalTime:0.000s | Cost:6.84
LS: mPDG | Count: 0 | TotalTime:0.001s | Cost:6.84
LS: BlockRelocate | Count: 0 | TotalTime:0.001s | Cost:6.84
LS: BlockRelocate | Count: 1 | TotalTime:0.000s | Cost:6.84
LS: BlockExchange | Count: 0 | TotalTime:0.000s | Cost:9.86
LS: BlockRelocate | Count: 1 | TotalTime:0.000s | Cost:6.84
LS: PDPairExchange | Count: 0 | TotalTime:0.000s | Cost:9.86
LS: PDPairExchange | Count: 0 | TotalTime:0.000s | Cost:9.86
LS: BlockExchange | Count: 0 | TotalTime:0.000s | Cost:9.86
Generation 3: Best = 6.84, Worst = 1438.05, Avg = 290.63, Time: 0.05485868453979492
LS: PDPairExchange | Count: 0 | TotalTime:0.000s | Cost:6.84
LS: mPDG | Count: 0 | TotalTime:0.001s | Cost:6.84
LS: PDPairExchange | Count: 0 | TotalTime:0.000s | Cost:6.84
LS: mPDG | Count: 0 | TotalTime:0.001s | Cost:6.84
LS: BlockRelocate | Count: 0 | TotalTime:0.001s | Cost:6.84
LS: BlockRelocate | Count: 0 | TotalTime:0.001s | Cost:6.84
LS: BlockRelocate | Count: 0 | TotalTime:0.001s | Cost:6.84
LS: BlockRelocate | Count: 1 | TotalTime:0.001s | Cost:6.84
LS: mPDG | Count: 0 | TotalTime:0.001s | Cost:9.86
LS: mPDG | Count: 0 | TotalTime:0.001s | Cost:9.86
LS: PDPairExchange | Count: 0 | TotalTime:0.000s | Cost:9.86
Generation 4: Best = 6.84, Worst = 1230.34, Avg = 158.28, Time: 0.0608067512512207
Stopping early due to lack of improvement.
Total runtime: 0.93s (0.0 minutes)
Total GA runtime: 0.24s (0.0 minutes)

The solution initialized by Cheapest Insertion:
V_1:[] V_2:[d4_0632150023-4] V_3:[d8_0747110028-8] V_4:[d1_0634010024-1] V_5:[p1_0656120027-1 p1_0630410022-1 p1_0644260026-1 p1_0644040025-1 d1_0644040025-1 d1_0644260026-1 d1_0630410022-1 d1_0656120027-1]
The fitness value before EA: 6.839999999999999
V_1:[] V_2:[d4_0632150023-4] V_3:[d8_0747110028-8] V_4:[d1_0634010024-1] V_5:[p1_0656120027-1 p1_0630410022-1 p1_0644260026-1 p1_0644040025-1 d1_0644040025-1 d1_0644260026-1 d1_0630410022-1 d1_0656120027-1]
The fitness value after EA: 6.839999999999999

Thoi gian thuc hien thuat toan:  0.9330735206604004
SUCCESS

2025-11-04 16:08:33,146 [simulate_environment.py | 256] INFO: 2025-11-04 08:30:00, Item 0531500014-1: state = 1 < 2, we can not finish the simulation
2025-11-04 16:08:33,147 [simulate_environment.py | 99] INFO: **************************************************
2025-11-04 16:08:33,147 [simulate_environment.py | 103] INFO: cur time: 2025-11-04 08:40:00, pre time: 2025-11-04 08:30:00
2025-11-04 16:08:33,147 [simulate_environment.py | 140] INFO: Start to update the input of 2025-11-04 08:40:00
2025-11-04 16:08:33,147 [simulate_environment.py | 167] INFO: Get 36 unallocated order items, 9 ongoing order items, 59 completed order items
2025-11-04 16:08:34,395 [simulate_environment.py | 234] INFO: 
LS: BlockRelocate | Count: 0 | TotalTime:0.001s | Cost:6.84
LS: BlockExchange | Count: 0 | TotalTime:0.000s | Cost:6.84
LS: mPDG | Count: 0 | TotalTime:0.001s | Cost:6.84
LS: BlockExchange | Count: 0 | TotalTime:0.000s | Cost:9.86
LS: BlockRelocate | Count: 1 | TotalTime:0.001s | Cost:9.74
LS: BlockRelocate | Count: 1 | TotalTime:0.000s | Cost:6.84
LS: BlockRelocate | Count: 1 | TotalTime:0.000s | Cost:9.74
LS: BlockRelocate | Count: 1 | TotalTime:0.000s | Cost:9.74
LS: BlockExchange | Count: 0 | TotalTime:0.000s | Cost:9.86
LS: mPDG | Count: 0 | TotalTime:0.001s | Cost:9.86
LS: BlockExchange | Count: 0 | TotalTime:0.000s | Cost:9.86
Generation 1: Best = 6.84, Worst = 4169.98, Avg = 1270.43, Time: 0.05101490020751953
LS: BlockExchange | Count: 0 | TotalTime:0.000s | Cost:6.84
LS: PDPairExchange | Count: 0 | TotalTime:0.000s | Cost:6.84
LS: BlockRelocate | Count: 0 | TotalTime:0.001s | Cost:6.84
LS: BlockRelocate | Count: 0 | TotalTime:0.001s | Cost:6.84
LS: BlockRelocate | Count: 1 | TotalTime:0.000s | Cost:6.84
LS: BlockRelocate | Count: 1 | TotalTime:0.000s | Cost:6.84
LS: BlockRelocate | Count: 1 | TotalTime:0.000s | Cost:6.84
LS: mPDG | Count: 0 | TotalTime:0.001s | Cost:9.86
LS: PDPairExchange | Count: 0 | TotalTime:0.000s | Cost:9.86
LS: BlockExchange | Count: 0 | TotalTime:0.000s | Cost:9.86
LS: PDPairExchange | Count: 0 | TotalTime:0.000s | Cost:9.86
Generation 2: Best = 6.84, Worst = 3104.72, Avg = 1133.21, Time: 0.05316352844238281
LS: mPDG | Count: 0 | TotalTime:0.001s | Cost:6.84
LS: PDPairExchange | Count: 0 | TotalTime:0.000s | Cost:6.84
LS: BlockRelocate | Count: 0 | TotalTime:0.001s | Cost:6.84
LS: BlockRelocate | Count: 0 | TotalTime:0.001s | Cost:6.84
LS: BlockRelocate | Count: 0 | TotalTime:0.001s | Cost:6.84
LS: BlockRelocate | Count: 0 | TotalTime:0.001s | Cost:6.84
LS: BlockRelocate | Count: 0 | TotalTime:0.001s | Cost:6.84
LS: PDPairExchange | Count: 0 | TotalTime:0.000s | Cost:9.86
LS: BlockRelocate | Count: 1 | TotalTime:0.000s | Cost:9.74
LS: BlockExchange | Count: 0 | TotalTime:0.000s | Cost:9.86
LS: BlockRelocate | Count: 1 | TotalTime:0.000s | Cost:9.74
Generation 3: Best = 6.84, Worst = 3104.72, Avg = 1072.23, Time: 0.05936598777770996
LS: mPDG | Count: 0 | TotalTime:0.001s | Cost:6.84
LS: BlockRelocate | Count: 0 | TotalTime:0.001s | Cost:6.84
LS: PDPairExchange | Count: 0 | TotalTime:0.000s | Cost:6.84
LS: BlockRelocate | Count: 0 | TotalTime:0.001s | Cost:6.84
LS: BlockRelocate | Count: 0 | TotalTime:0.001s | Cost:6.84
LS: BlockRelocate | Count: 0 | TotalTime:0.001s | Cost:6.84
LS: BlockRelocate | Count: 0 | TotalTime:0.001s | Cost:6.84
LS: BlockRelocate | Count: 1 | TotalTime:0.001s | Cost:6.84
LS: BlockRelocate | Count: 1 | TotalTime:0.000s | Cost:6.84
LS: BlockRelocate | Count: 1 | TotalTime:0.000s | Cost:6.84
LS: PDPairExchange | Count: 0 | TotalTime:0.000s | Cost:9.86
Generation 4: Best = 6.84, Worst = 1939.42, Avg = 1011.03, Time: 0.053427934646606445
Stopping early due to lack of improvement.
Total runtime: 0.94s (0.0 minutes)
Total GA runtime: 0.22s (0.0 minutes)

The solution initialized by Cheapest Insertion:
V_1:[] V_2:[] V_3:[d8_0747110028-8] V_4:[d1_0634010024-1] V_5:[p1_0656120027-1 p1_0630410022-1 p1_0644260026-1 p1_0644040025-1 d1_0644040025-1 d1_0644260026-1 d1_0630410022-1 d1_0656120027-1]
The fitness value before EA: 6.839999999999999
V_1:[] V_2:[] V_3:[d8_0747110028-8] V_4:[d1_0634010024-1] V_5:[p1_0656120027-1 p1_0630410022-1 p1_0644260026-1 p1_0644040025-1 d1_0644040025-1 d1_0644260026-1 d1_0630410022-1 d1_0656120027-1]
The fitness value after EA: 6.839999999999999

Thoi gian thuc hien thuat toan:  0.9431610107421875
SUCCESS

2025-11-04 16:08:34,396 [simulate_environment.py | 256] INFO: 2025-11-04 08:40:00, Item 0531500014-1: state = 1 < 2, we can not finish the simulation
2025-11-04 16:08:34,396 [simulate_environment.py | 99] INFO: **************************************************
2025-11-04 16:08:34,396 [simulate_environment.py | 103] INFO: cur time: 2025-11-04 08:50:00, pre time: 2025-11-04 08:40:00
2025-11-04 16:08:34,396 [simulate_environment.py | 140] INFO: Start to update the input of 2025-11-04 08:50:00
2025-11-04 16:08:34,396 [simulate_environment.py | 167] INFO: Get 36 unallocated order items, 9 ongoing order items, 59 completed order items
2025-11-04 16:08:35,535 [simulate_environment.py | 234] INFO: 
LS: BlockExchange | Count: 0 | TotalTime:0.000s | Cost:5.32
LS: BlockRelocate | Count: 0 | TotalTime:0.001s | Cost:5.32
LS: mPDG | Count: 0 | TotalTime:0.000s | Cost:5.32
LS: mPDG | Count: 1 | TotalTime:0.000s | Cost:5.32
LS: BlockRelocate | Count: 1 | TotalTime:0.000s | Cost:5.32
LS: BlockExchange | Count: 0 | TotalTime:0.000s | Cost:8.34
LS: BlockRelocate | Count: 1 | TotalTime:0.000s | Cost:5.32
LS: mPDG | Count: 1 | TotalTime:0.000s | Cost:5.32
LS: mPDG | Count: 1 | TotalTime:0.000s | Cost:5.32
LS: PDPairExchange | Count: 0 | TotalTime:0.000s | Cost:8.34
LS: mPDG | Count: 1 | TotalTime:0.000s | Cost:5.32
Generation 1: Best = 5.32, Worst = 5842.08, Avg = 2474.57, Time: 0.04590463638305664
LS: mPDG | Count: 0 | TotalTime:0.000s | Cost:5.32
LS: BlockExchange | Count: 0 | TotalTime:0.000s | Cost:5.32
LS: BlockExchange | Count: 0 | TotalTime:0.000s | Cost:5.32
LS: mPDG | Count: 0 | TotalTime:0.000s | Cost:5.32
LS: BlockRelocate | Count: 0 | TotalTime:0.001s | Cost:5.32
LS: BlockRelocate | Count: 0 | TotalTime:0.001s | Cost:5.32
LS: mPDG | Count: 0 | TotalTime:0.000s | Cost:5.32
LS: mPDG | Count: 0 | TotalTime:0.000s | Cost:5.32
LS: mPDG | Count: 0 | TotalTime:0.000s | Cost:5.32
LS: BlockRelocate | Count: 1 | TotalTime:0.000s | Cost:5.32
LS: PDPairExchange | Count: 0 | TotalTime:0.000s | Cost:8.34
Generation 2: Best = 5.32, Worst = 4769.86, Avg = 1932.59, Time: 0.04889369010925293
LS: BlockExchange | Count: 0 | TotalTime:0.000s | Cost:5.32
LS: PDPairExchange | Count: 0 | TotalTime:0.000s | Cost:5.32
LS: mPDG | Count: 0 | TotalTime:0.001s | Cost:5.32
LS: mPDG | Count: 0 | TotalTime:0.001s | Cost:5.32
LS: BlockRelocate | Count: 0 | TotalTime:0.001s | Cost:5.32
LS: BlockRelocate | Count: 0 | TotalTime:0.001s | Cost:5.32
LS: mPDG | Count: 0 | TotalTime:0.001s | Cost:5.32
LS: mPDG | Count: 0 | TotalTime:0.000s | Cost:5.32
LS: mPDG | Count: 0 | TotalTime:0.000s | Cost:5.32
LS: BlockRelocate | Count: 0 | TotalTime:0.001s | Cost:5.32
LS: mPDG | Count: 1 | TotalTime:0.000s | Cost:5.32
Generation 3: Best = 5.32, Worst = 3550.42, Avg = 1839.70, Time: 0.05550384521484375
LS: BlockExchange | Count: 0 | TotalTime:0.000s | Cost:5.32
LS: BlockExchange | Count: 0 | TotalTime:0.000s | Cost:5.32
LS: PDPairExchange | Count: 0 | TotalTime:0.000s | Cost:5.32
LS: mPDG | Count: 0 | TotalTime:0.000s | Cost:5.32
LS: BlockRelocate | Count: 0 | TotalTime:0.001s | Cost:5.32
LS: BlockRelocate | Count: 0 | TotalTime:0.001s | Cost:5.32
LS: mPDG | Count: 0 | TotalTime:0.000s | Cost:5.32
LS: mPDG | Count: 0 | TotalTime:0.000s | Cost:5.32
LS: mPDG | Count: 0 | TotalTime:0.000s | Cost:5.32
LS: BlockRelocate | Count: 0 | TotalTime:0.001s | Cost:5.32
LS: mPDG | Count: 0 | TotalTime:0.000s | Cost:5.32
Generation 4: Best = 5.32, Worst = 3550.42, Avg = 1839.70, Time: 0.0515286922454834
Stopping early due to lack of improvement.
Total runtime: 0.88s (0.0 minutes)
Total GA runtime: 0.20s (0.0 minutes)

The solution initialized by Cheapest Insertion:
V_1:[] V_2:[] V_3:[d8_0747110028-8] V_4:[d1_0634010024-1] V_5:[p1_0656120027-1 p1_0630410022-1 p1_0644260026-1 p1_0644040025-1 d1_0644040025-1 d1_0644260026-1 d1_0630410022-1 d1_0656120027-1]
The fitness value before EA: 5.32
V_1:[] V_2:[] V_3:[d8_0747110028-8] V_4:[d1_0634010024-1] V_5:[p1_0656120027-1 p1_0630410022-1 p1_0644260026-1 p1_0644040025-1 d1_0644040025-1 d1_0644260026-1 d1_0630410022-1 d1_0656120027-1]
The fitness value after EA: 5.32

Thoi gian thuc hien thuat toan:  0.8762960433959961
SUCCESS

2025-11-04 16:08:35,536 [simulate_environment.py | 256] INFO: 2025-11-04 08:50:00, Item 0531500014-1: state = 1 < 2, we can not finish the simulation
2025-11-04 16:08:35,536 [simulate_environment.py | 99] INFO: **************************************************
2025-11-04 16:08:35,536 [simulate_environment.py | 103] INFO: cur time: 2025-11-04 09:00:00, pre time: 2025-11-04 08:50:00
2025-11-04 16:08:35,536 [simulate_environment.py | 140] INFO: Start to update the input of 2025-11-04 09:00:00
2025-11-04 16:08:35,537 [simulate_environment.py | 167] INFO: Get 36 unallocated order items, 8 ongoing order items, 60 completed order items
2025-11-04 16:08:36,650 [simulate_environment.py | 234] INFO: 
LS: mPDG | Count: 0 | TotalTime:0.000s | Cost:1.86
LS: BlockExchange | Count: 0 | TotalTime:0.000s | Cost:1.86
LS: mPDG | Count: 1 | TotalTime:0.000s | Cost:1.86
LS: mPDG | Count: 1 | TotalTime:0.001s | Cost:1.86
LS: mPDG | Count: 1 | TotalTime:0.000s | Cost:1.86
LS: BlockRelocate | Count: 1 | TotalTime:0.000s | Cost:4.76
LS: PDPairExchange | Count: 0 | TotalTime:0.000s | Cost:4.88
LS: BlockRelocate | Count: 1 | TotalTime:0.000s | Cost:1.86
LS: mPDG | Count: 1 | TotalTime:0.000s | Cost:1.86
LS: PDPairExchange | Count: 0 | TotalTime:0.000s | Cost:4.88
LS: PDPairExchange | Count: 0 | TotalTime:0.000s | Cost:4.88
Generation 1: Best = 1.86, Worst = 5267.78, Avg = 2831.24, Time: 0.041240692138671875
LS: PDPairExchange | Count: 0 | TotalTime:0.000s | Cost:1.86
LS: PDPairExchange | Count: 0 | TotalTime:0.000s | Cost:1.86
LS: mPDG | Count: 0 | TotalTime:0.001s | Cost:1.86
LS: mPDG | Count: 0 | TotalTime:0.000s | Cost:1.86
LS: mPDG | Count: 0 | TotalTime:0.000s | Cost:1.86
LS: BlockRelocate | Count: 0 | TotalTime:0.001s | Cost:1.86
LS: mPDG | Count: 0 | TotalTime:0.000s | Cost:1.86
LS: BlockRelocate | Count: 1 | TotalTime:0.000s | Cost:1.86
LS: mPDG | Count: 1 | TotalTime:0.000s | Cost:1.86
LS: BlockRelocate | Count: 1 | TotalTime:0.000s | Cost:1.86
LS: mPDG | Count: 1 | TotalTime:0.000s | Cost:1.86
Generation 2: Best = 1.86, Worst = 5213.62, Avg = 2829.58, Time: 0.04558157920837402
LS: PDPairExchange | Count: 0 | TotalTime:0.000s | Cost:1.86
LS: BlockExchange | Count: 0 | TotalTime:0.000s | Cost:1.86
LS: mPDG | Count: 0 | TotalTime:0.000s | Cost:1.86
LS: mPDG | Count: 0 | TotalTime:0.000s | Cost:1.86
LS: mPDG | Count: 0 | TotalTime:0.000s | Cost:1.86
LS: BlockRelocate | Count: 0 | TotalTime:0.001s | Cost:1.86
LS: mPDG | Count: 0 | TotalTime:0.000s | Cost:1.86
LS: BlockRelocate | Count: 0 | TotalTime:0.001s | Cost:1.86
LS: mPDG | Count: 0 | TotalTime:0.000s | Cost:1.86
LS: BlockRelocate | Count: 0 | TotalTime:0.001s | Cost:1.86
LS: mPDG | Count: 0 | TotalTime:0.000s | Cost:1.86
Generation 3: Best = 1.86, Worst = 5213.62, Avg = 2829.58, Time: 0.0457613468170166
LS: PDPairExchange | Count: 0 | TotalTime:0.000s | Cost:1.86
LS: mPDG | Count: 0 | TotalTime:0.000s | Cost:1.86
LS: mPDG | Count: 0 | TotalTime:0.000s | Cost:1.86
LS: mPDG | Count: 0 | TotalTime:0.000s | Cost:1.86
LS: mPDG | Count: 0 | TotalTime:0.000s | Cost:1.86
LS: BlockRelocate | Count: 0 | TotalTime:0.001s | Cost:1.86
LS: mPDG | Count: 0 | TotalTime:0.000s | Cost:1.86
LS: BlockRelocate | Count: 0 | TotalTime:0.000s | Cost:1.86
LS: mPDG | Count: 0 | TotalTime:0.000s | Cost:1.86
LS: BlockRelocate | Count: 0 | TotalTime:0.000s | Cost:1.86
LS: mPDG | Count: 0 | TotalTime:0.000s | Cost:1.86
Generation 4: Best = 1.86, Worst = 5213.62, Avg = 2829.58, Time: 0.04790687561035156
Stopping early due to lack of improvement.
Total runtime: 0.85s (0.0 minutes)
Total GA runtime: 0.18s (0.0 minutes)

The solution initialized by Cheapest Insertion:
V_1:[] V_2:[] V_3:[d8_0747110028-8] V_4:[] V_5:[p1_0656120027-1 p1_0630410022-1 p1_0644260026-1 p1_0644040025-1 d1_0644040025-1 d1_0644260026-1 d1_0630410022-1 d1_0656120027-1]
The fitness value before EA: 1.86
V_1:[] V_2:[] V_3:[d8_0747110028-8] V_4:[] V_5:[p1_0656120027-1 p1_0644260026-1 p1_0644040025-1 p1_0630410022-1 d1_0630410022-1 d1_0644040025-1 d1_0644260026-1 d1_0656120027-1]
The fitness value after EA: 1.86

Thoi gian thuc hien thuat toan:  0.8490579128265381
SUCCESS

2025-11-04 16:08:36,651 [simulate_environment.py | 256] INFO: 2025-11-04 09:00:00, Item 0531500014-1: state = 1 < 2, we can not finish the simulation
2025-11-04 16:08:36,651 [simulate_environment.py | 99] INFO: **************************************************
2025-11-04 16:08:36,651 [simulate_environment.py | 103] INFO: cur time: 2025-11-04 09:10:00, pre time: 2025-11-04 09:00:00
2025-11-04 16:08:36,651 [simulate_environment.py | 140] INFO: Start to update the input of 2025-11-04 09:10:00
2025-11-04 16:08:36,651 [simulate_environment.py | 167] INFO: Get 34 unallocated order items, 12 ongoing order items, 60 completed order items
2025-11-04 16:08:37,593 [simulate_environment.py | 234] INFO: 
Cant initialize the population

The solution initialized by Cheapest Insertion:
V_1:[] V_2:[p2_0906050029-1 d2_0906050029-2] V_3:[d8_0747110028-8] V_4:[] V_5:[d1_0630410022-1 d1_0644040025-1 d1_0644260026-1 d1_0656120027-1]
The fitness value before EA: 5.32
V_1:[] V_2:[p2_0906050029-1 d2_0906050029-2] V_3:[d8_0747110028-8] V_4:[] V_5:[d1_0630410022-1 d1_0644040025-1 d1_0644260026-1 d1_0656120027-1]
The fitness value after EA: 5.32

Thoi gian thuc hien thuat toan:  0.6627845764160156
SUCCESS

2025-11-04 16:08:37,594 [simulate_environment.py | 256] INFO: 2025-11-04 09:10:00, Item 0531500014-1: state = 1 < 2, we can not finish the simulation
2025-11-04 16:08:37,594 [simulate_environment.py | 99] INFO: **************************************************
2025-11-04 16:08:37,594 [simulate_environment.py | 103] INFO: cur time: 2025-11-04 09:20:00, pre time: 2025-11-04 09:10:00
2025-11-04 16:08:37,594 [simulate_environment.py | 140] INFO: Start to update the input of 2025-11-04 09:20:00
2025-11-04 16:08:37,595 [simulate_environment.py | 167] INFO: Get 34 unallocated order items, 12 ongoing order items, 60 completed order items
2025-11-04 16:08:38,600 [simulate_environment.py | 234] INFO: 
Cant initialize the population

The solution initialized by Cheapest Insertion:
V_1:[] V_2:[p2_0906050029-1 d2_0906050029-2] V_3:[d8_0747110028-8] V_4:[] V_5:[d1_0630410022-1 d1_0644040025-1 d1_0644260026-1 d1_0656120027-1]
The fitness value before EA: 5.32
V_1:[] V_2:[p2_0906050029-1 d2_0906050029-2] V_3:[d8_0747110028-8] V_4:[] V_5:[d1_0630410022-1 d1_0644040025-1 d1_0644260026-1 d1_0656120027-1]
The fitness value after EA: 5.32

Thoi gian thuc hien thuat toan:  0.6560134887695312
SUCCESS

2025-11-04 16:08:38,601 [simulate_environment.py | 256] INFO: 2025-11-04 09:20:00, Item 0531500014-1: state = 1 < 2, we can not finish the simulation
2025-11-04 16:08:38,601 [simulate_environment.py | 99] INFO: **************************************************
2025-11-04 16:08:38,601 [simulate_environment.py | 103] INFO: cur time: 2025-11-04 09:30:00, pre time: 2025-11-04 09:20:00
2025-11-04 16:08:38,601 [simulate_environment.py | 140] INFO: Start to update the input of 2025-11-04 09:30:00
2025-11-04 16:08:38,602 [simulate_environment.py | 167] INFO: Get 32 unallocated order items, 14 ongoing order items, 60 completed order items
2025-11-04 16:08:39,519 [simulate_environment.py | 234] INFO: 
Cant initialize the population

The solution initialized by Cheapest Insertion:
V_1:[] V_2:[d2_0906050029-2] V_3:[d8_0747110028-8] V_4:[] V_5:[d1_0630410022-1 d1_0644040025-1 d1_0644260026-1 d1_0656120027-1]
The fitness value before EA: 5.32
V_1:[] V_2:[d2_0906050029-2] V_3:[d8_0747110028-8] V_4:[] V_5:[d1_0630410022-1 d1_0644040025-1 d1_0644260026-1 d1_0656120027-1]
The fitness value after EA: 5.32

Thoi gian thuc hien thuat toan:  0.6251399517059326
SUCCESS

2025-11-04 16:08:39,520 [simulate_environment.py | 256] INFO: 2025-11-04 09:30:00, Item 0531500014-1: state = 1 < 2, we can not finish the simulation
2025-11-04 16:08:39,520 [simulate_environment.py | 99] INFO: **************************************************
2025-11-04 16:08:39,521 [simulate_environment.py | 103] INFO: cur time: 2025-11-04 09:40:00, pre time: 2025-11-04 09:30:00
2025-11-04 16:08:39,521 [simulate_environment.py | 140] INFO: Start to update the input of 2025-11-04 09:40:00
2025-11-04 16:08:39,521 [simulate_environment.py | 167] INFO: Get 45 unallocated order items, 6 ongoing order items, 68 completed order items
2025-11-04 16:08:40,971 [simulate_environment.py | 234] INFO: 
LS: BlockRelocate | Count: 0 | TotalTime:0.001s | Cost:7.36
LS: BlockRelocate | Count: 1 | TotalTime:0.000s | Cost:7.36
LS: BlockRelocate | Count: 1 | TotalTime:0.001s | Cost:7.36
LS: PDPairExchange | Count: 0 | TotalTime:0.000s | Cost:7.46
LS: mPDG | Count: 0 | TotalTime:0.000s | Cost:7.46
LS: BlockRelocate | Count: 1 | TotalTime:0.000s | Cost:7.36
LS: PDPairExchange | Count: 0 | TotalTime:0.000s | Cost:7.46
LS: PDPairExchange | Count: 0 | TotalTime:0.000s | Cost:7.46
LS: BlockRelocate | Count: 1 | TotalTime:0.000s | Cost:7.36
LS: BlockExchange | Count: 0 | TotalTime:0.000s | Cost:7.46
LS: BlockRelocate | Count: 1 | TotalTime:0.001s | Cost:7.36
Generation 1: Best = 7.36, Worst = 7.46, Avg = 7.44, Time: 0.04798555374145508
LS: mPDG | Count: 0 | TotalTime:0.001s | Cost:7.36
LS: BlockRelocate | Count: 0 | TotalTime:0.001s | Cost:7.36
LS: BlockRelocate | Count: 0 | TotalTime:0.001s | Cost:7.36
LS: BlockRelocate | Count: 0 | TotalTime:0.001s | Cost:7.36
LS: BlockRelocate | Count: 0 | TotalTime:0.001s | Cost:7.36
LS: BlockRelocate | Count: 0 | TotalTime:0.001s | Cost:7.36
LS: mPDG | Count: 0 | TotalTime:0.000s | Cost:7.46
LS: mPDG | Count: 0 | TotalTime:0.000s | Cost:7.46
LS: mPDG | Count: 0 | TotalTime:0.000s | Cost:7.46
LS: PDPairExchange | Count: 0 | TotalTime:0.000s | Cost:7.46
LS: PDPairExchange | Count: 0 | TotalTime:0.000s | Cost:7.46
Generation 2: Best = 7.36, Worst = 7.46, Avg = 7.44, Time: 0.04670548439025879
LS: BlockExchange | Count: 0 | TotalTime:0.000s | Cost:7.36
LS: BlockRelocate | Count: 0 | TotalTime:0.001s | Cost:7.36
LS: BlockRelocate | Count: 0 | TotalTime:0.001s | Cost:7.36
LS: BlockRelocate | Count: 0 | TotalTime:0.001s | Cost:7.36
LS: BlockRelocate | Count: 0 | TotalTime:0.001s | Cost:7.36
LS: BlockRelocate | Count: 0 | TotalTime:0.001s | Cost:7.36
LS: mPDG | Count: 0 | TotalTime:0.000s | Cost:7.46
LS: BlockRelocate | Count: 1 | TotalTime:0.000s | Cost:7.36
LS: PDPairExchange | Count: 0 | TotalTime:0.000s | Cost:7.46
LS: mPDG | Count: 0 | TotalTime:0.000s | Cost:7.46
LS: PDPairExchange | Count: 0 | TotalTime:0.000s | Cost:7.46
Generation 3: Best = 7.36, Worst = 7.46, Avg = 7.44, Time: 0.04487943649291992
LS: PDPairExchange | Count: 0 | TotalTime:0.000s | Cost:7.36
LS: BlockRelocate | Count: 0 | TotalTime:0.001s | Cost:7.36
LS: BlockRelocate | Count: 0 | TotalTime:0.001s | Cost:7.36
LS: BlockRelocate | Count: 0 | TotalTime:0.001s | Cost:7.36
LS: BlockRelocate | Count: 0 | TotalTime:0.001s | Cost:7.36
LS: BlockRelocate | Count: 0 | TotalTime:0.001s | Cost:7.36
LS: BlockRelocate | Count: 0 | TotalTime:0.001s | Cost:7.36
LS: PDPairExchange | Count: 0 | TotalTime:0.000s | Cost:7.46
LS: BlockRelocate | Count: 1 | TotalTime:0.001s | Cost:7.36
LS: BlockRelocate | Count: 1 | TotalTime:0.000s | Cost:7.36
LS: mPDG | Count: 0 | TotalTime:0.000s | Cost:7.46
Generation 4: Best = 7.36, Worst = 7.46, Avg = 7.44, Time: 0.04430675506591797
Stopping early due to lack of improvement.
Total runtime: 1.17s (0.0 minutes)
Total GA runtime: 0.18s (0.0 minutes)

The solution initialized by Cheapest Insertion:
V_1:[] V_2:[d2_0906050029-2] V_3:[p1_0930440031-1 d1_0930440031-1] V_4:[] V_5:[d1_0630410022-1 d1_0644040025-1 d1_0644260026-1 d1_0656120027-1 p12_0930180030-1 d12_0930180030-12]
The fitness value before EA: 7.459999999999999
V_1:[] V_2:[d2_0906050029-2] V_3:[p1_0930440031-1 p12_0930180030-1 d12_0930180030-12 d1_0930440031-1] V_4:[] V_5:[d1_0630410022-1 d1_0644040025-1 d1_0644260026-1 d1_0656120027-1]
The fitness value after EA: 7.359999999999999

Thoi gian thuc hien thuat toan:  1.1737511157989502
SUCCESS

2025-11-04 16:08:40,972 [simulate_environment.py | 256] INFO: 2025-11-04 09:40:00, Item 0531500014-1: state = 1 < 2, we can not finish the simulation
2025-11-04 16:08:40,972 [simulate_environment.py | 300] ERROR: 2025-11-04 09:40:00, Item 0531500014-1's committed_completion_time is 2025-11-04 09:31:50 which has timed out, however it is still ignored in the dispatch result.
2025-11-04 16:08:40,972 [simulate_environment.py | 129] ERROR: Simulator terminated
