2025-10-04 08:42:39,381 [main.py         | 48] INFO: Start to run instance_10
2025-10-04 08:42:39,381 [simulate_api.py | 60] INFO: Start time of the simulator: 2025-10-04 00:00:00, time interval:  600.00
2025-10-04 08:42:39,396 [input_utils.py  | 48] INFO: Get 154 factories
2025-10-04 08:42:40,848 [input_utils.py  | 52] INFO: Get 23562 routes
2025-10-04 08:42:40,868 [input_utils.py  | 57] INFO: Get 5 vehicles
2025-10-04 08:42:40,886 [input_utils.py  | 61] INFO: Get 100 orders
2025-10-04 08:42:40,886 [simulate_api.py | 87] INFO: Initial position of V_1 is e2d5093fbe36431f8986ddb0e1c586be
2025-10-04 08:42:40,886 [simulate_api.py | 87] INFO: Initial position of V_2 is 7fe14b93f0f04ee7a994ef5b2c1fdb72
2025-10-04 08:42:40,887 [simulate_api.py | 87] INFO: Initial position of V_3 is fa366fc87a124d32926daa5bb093129f
2025-10-04 08:42:40,887 [simulate_api.py | 87] INFO: Initial position of V_4 is e47399648fa842b2b8f80094343d8091
2025-10-04 08:42:40,887 [simulate_api.py | 87] INFO: Initial position of V_5 is becb4f85393540b287e7329758b8d832
2025-10-04 08:42:40,887 [simulate_environment.py | 99] INFO: **************************************************
2025-10-04 08:42:40,887 [simulate_environment.py | 103] INFO: cur time: 2025-10-04 00:10:00, pre time: 2025-10-04 00:00:00
2025-10-04 08:42:40,888 [simulate_environment.py | 140] INFO: Start to update the input of 2025-10-04 00:10:00
2025-10-04 08:42:40,888 [simulate_environment.py | 167] INFO: Get 0 unallocated order items, 0 ongoing order items, 0 completed order items
2025-10-04 08:42:42,772 [simulate_environment.py | 234] INFO: 
Adaptive config applied: {'num_orders': 0, 'num_vehicles': 5, 'time_budget_sec': None, 'POPULATION_SIZE': 40, 'NUMBER_OF_GENERATION': 20, 'MUTATION_RATE': 0.1, 'LS_MAX': 20, 'LS_MAX_TIME_PER_OP': 3, 'LS_MAX_TIME_IN_SINGLE': 1}
Cant initialize the population

The solution initialized by Cheapest Insertion:
V_1:[] V_2:[] V_3:[] V_4:[] V_5:[]
The fitness value before EA: 0.0
V_1:[] V_2:[] V_3:[] V_4:[] V_5:[]
The fitness value after EA: 0.0

Thoi gian thuc hien thuat toan:  1.3349871635437012
SUCCESS

2025-10-04 08:42:42,772 [simulate_environment.py | 256] INFO: 2025-10-04 00:10:00, Item 0010370001-1: state = 0 < 2, we can not finish the simulation
2025-10-04 08:42:42,773 [simulate_environment.py | 99] INFO: **************************************************
2025-10-04 08:42:42,773 [simulate_environment.py | 103] INFO: cur time: 2025-10-04 00:20:00, pre time: 2025-10-04 00:10:00
2025-10-04 08:42:42,773 [simulate_environment.py | 140] INFO: Start to update the input of 2025-10-04 00:20:00
2025-10-04 08:42:42,773 [simulate_environment.py | 167] INFO: Get 4 unallocated order items, 0 ongoing order items, 0 completed order items
2025-10-04 08:42:44,207 [simulate_environment.py | 234] INFO: 
Adaptive config applied: {'num_orders': 2, 'num_vehicles': 5, 'time_budget_sec': None, 'POPULATION_SIZE': 40, 'NUMBER_OF_GENERATION': 20, 'MUTATION_RATE': 0.1, 'LS_MAX': 20, 'LS_MAX_TIME_PER_OP': 3, 'LS_MAX_TIME_IN_SINGLE': 1}
True
True
True
True
True
True
True
True
True
True
True
True
True
True
True
True
True
True
True
True
True
True
True
True
True
True
True
True
True
True
True
True
True
True
True
True
True
True
True
True
LS: BlockRelocate | Count: 0 | TotalTime:0.000s | Cost:0.88
True
LS: mPDG | Count: 0 | TotalTime:0.000s | Cost:0.88
True
LS: BlockExchange | Count: 0 | TotalTime:0.000s | Cost:0.88
True
LS: BlockRelocate | Count: 0 | TotalTime:0.000s | Cost:0.88
True
LS: BlockExchange | Count: 0 | TotalTime:0.000s | Cost:0.88
True
LS: BlockExchange | Count: 0 | TotalTime:0.000s | Cost:0.88
True
LS: BlockExchange | Count: 0 | TotalTime:0.000s | Cost:0.88
True
LS: PDPairExchange | Count: 0 | TotalTime:0.000s | Cost:0.88
True
LS: BlockExchange | Count: 0 | TotalTime:0.000s | Cost:0.88
True
LS: BlockExchange | Count: 0 | TotalTime:0.000s | Cost:0.88
True
LS: BlockRelocate | Count: 0 | TotalTime:0.000s | Cost:0.88
True
Generation 1: Best = 0.88, Worst = 0.90, Avg = 0.88, Time: 0.017342805862426758
True
True
True
True
True
True
True
True
True
True
True
True
True
True
True
True
True
True
True
True
True
True
True
True
True
True
True
True
True
True
True
True
LS: BlockExchange | Count: 0 | TotalTime:0.000s | Cost:0.88
True
LS: BlockRelocate | Count: 0 | TotalTime:0.000s | Cost:0.88
True
LS: mPDG | Count: 0 | TotalTime:0.000s | Cost:0.88
True
LS: PDPairExchange | Count: 0 | TotalTime:0.000s | Cost:0.88
True
LS: PDPairExchange | Count: 0 | TotalTime:0.000s | Cost:0.88
True
LS: PDPairExchange | Count: 0 | TotalTime:0.000s | Cost:0.88
True
LS: mPDG | Count: 0 | TotalTime:0.000s | Cost:0.88
True
LS: BlockExchange | Count: 0 | TotalTime:0.000s | Cost:0.88
True
LS: BlockRelocate | Count: 0 | TotalTime:0.000s | Cost:0.88
True
LS: mPDG | Count: 0 | TotalTime:0.000s | Cost:0.88
True
LS: mPDG | Count: 0 | TotalTime:0.000s | Cost:0.88
True
Generation 2: Best = 0.88, Worst = 0.88, Avg = 0.88, Time: 0.0196530818939209
Stopping early due to lack of improvement.
Total runtime: 0.97s (0.0 minutes)
True
LS: PDPairExchange:0(0.000s) | mPDG:0(0.000s) | BlockRelocate:0(0.000s) | BlockExchange:0(0.000s) | TotalTime:0.001s | Cost:0.88
True
True
LS: PDPairExchange:0(0.000s) | BlockRelocate:0(0.000s) | mPDG:0(0.000s) | BlockExchange:0(0.000s) | TotalTime:0.000s | Cost:0.88
True
True
LS: mPDG:0(0.000s) | PDPairExchange:0(0.000s) | BlockExchange:0(0.000s) | BlockRelocate:0(0.000s) | TotalTime:0.000s | Cost:0.88
True
True
LS: BlockRelocate:0(0.000s) | PDPairExchange:0(0.000s) | mPDG:0(0.000s) | BlockExchange:0(0.000s) | TotalTime:0.000s | Cost:0.88
True
True
LS: mPDG:0(0.000s) | BlockExchange:0(0.000s) | PDPairExchange:0(0.000s) | BlockRelocate:0(0.000s) | TotalTime:0.000s | Cost:0.88
True

The solution initialized by Cheapest Insertion:
V_1:[] V_2:[] V_3:[p1_0010370001-1 d1_0010370001-1] V_4:[] V_5:[p3_0012530002-1 d3_0012530002-3]
The fitness value before EA: 0.8800000000000001
V_1:[] V_2:[] V_3:[p1_0010370001-1 d1_0010370001-1] V_4:[] V_5:[p3_0012530002-1 d3_0012530002-3]
The fitness value after EA: 0.8800000000000001

Thoi gian thuc hien thuat toan:  0.9779961109161377
SUCCESS

2025-10-04 08:42:44,208 [simulate_environment.py | 256] INFO: 2025-10-04 00:20:00, Item 0010370001-1: state = 1 < 2, we can not finish the simulation
2025-10-04 08:42:44,208 [simulate_environment.py | 99] INFO: **************************************************
2025-10-04 08:42:44,208 [simulate_environment.py | 103] INFO: cur time: 2025-10-04 00:30:00, pre time: 2025-10-04 00:20:00
2025-10-04 08:42:44,209 [simulate_environment.py | 140] INFO: Start to update the input of 2025-10-04 00:30:00
2025-10-04 08:42:44,210 [simulate_environment.py | 167] INFO: Get 0 unallocated order items, 4 ongoing order items, 0 completed order items
2025-10-04 08:42:45,492 [simulate_environment.py | 234] INFO: 
Adaptive config applied: {'num_orders': 0, 'num_vehicles': 5, 'time_budget_sec': None, 'POPULATION_SIZE': 40, 'NUMBER_OF_GENERATION': 20, 'MUTATION_RATE': 0.1, 'LS_MAX': 20, 'LS_MAX_TIME_PER_OP': 3, 'LS_MAX_TIME_IN_SINGLE': 1}
Cant initialize the population

The solution initialized by Cheapest Insertion:
V_1:[] V_2:[] V_3:[d1_0010370001-1] V_4:[] V_5:[d3_0012530002-3]
The fitness value before EA: 0.6599999999999999
V_1:[] V_2:[] V_3:[d1_0010370001-1] V_4:[] V_5:[d3_0012530002-3]
The fitness value after EA: 0.6599999999999999

Thoi gian thuc hien thuat toan:  0.8433334827423096
SUCCESS

2025-10-04 08:42:45,493 [simulate_environment.py | 256] INFO: 2025-10-04 00:30:00, Item 0221280003-1: state = 0 < 2, we can not finish the simulation
2025-10-04 08:42:45,493 [simulate_environment.py | 99] INFO: **************************************************
2025-10-04 08:42:45,493 [simulate_environment.py | 103] INFO: cur time: 2025-10-04 00:40:00, pre time: 2025-10-04 00:30:00
2025-10-04 08:42:45,493 [simulate_environment.py | 140] INFO: Start to update the input of 2025-10-04 00:40:00
2025-10-04 08:42:45,494 [simulate_environment.py | 167] INFO: Get 0 unallocated order items, 4 ongoing order items, 0 completed order items
2025-10-04 08:42:46,776 [simulate_environment.py | 234] INFO: 
Adaptive config applied: {'num_orders': 0, 'num_vehicles': 5, 'time_budget_sec': None, 'POPULATION_SIZE': 40, 'NUMBER_OF_GENERATION': 20, 'MUTATION_RATE': 0.1, 'LS_MAX': 20, 'LS_MAX_TIME_PER_OP': 3, 'LS_MAX_TIME_IN_SINGLE': 1}
Cant initialize the population

The solution initialized by Cheapest Insertion:
V_1:[] V_2:[] V_3:[d1_0010370001-1] V_4:[] V_5:[d3_0012530002-3]
The fitness value before EA: 0.6599999999999999
V_1:[] V_2:[] V_3:[d1_0010370001-1] V_4:[] V_5:[d3_0012530002-3]
The fitness value after EA: 0.6599999999999999

Thoi gian thuc hien thuat toan:  0.8893463611602783
SUCCESS

2025-10-04 08:42:46,777 [simulate_environment.py | 256] INFO: 2025-10-04 00:40:00, Item 0221280003-1: state = 0 < 2, we can not finish the simulation
2025-10-04 08:42:46,777 [simulate_environment.py | 99] INFO: **************************************************
2025-10-04 08:42:46,777 [simulate_environment.py | 103] INFO: cur time: 2025-10-04 00:50:00, pre time: 2025-10-04 00:40:00
2025-10-04 08:42:46,777 [simulate_environment.py | 140] INFO: Start to update the input of 2025-10-04 00:50:00
2025-10-04 08:42:46,778 [simulate_environment.py | 167] INFO: Get 0 unallocated order items, 4 ongoing order items, 0 completed order items
2025-10-04 08:42:48,125 [simulate_environment.py | 234] INFO: 
Adaptive config applied: {'num_orders': 0, 'num_vehicles': 5, 'time_budget_sec': None, 'POPULATION_SIZE': 40, 'NUMBER_OF_GENERATION': 20, 'MUTATION_RATE': 0.1, 'LS_MAX': 20, 'LS_MAX_TIME_PER_OP': 3, 'LS_MAX_TIME_IN_SINGLE': 1}
Cant initialize the population

The solution initialized by Cheapest Insertion:
V_1:[] V_2:[] V_3:[d1_0010370001-1] V_4:[] V_5:[d3_0012530002-3]
The fitness value before EA: 0.6599999999999999
V_1:[] V_2:[] V_3:[d1_0010370001-1] V_4:[] V_5:[d3_0012530002-3]
The fitness value after EA: 0.6599999999999999

Thoi gian thuc hien thuat toan:  0.9617414474487305
SUCCESS

2025-10-04 08:42:48,126 [simulate_environment.py | 256] INFO: 2025-10-04 00:50:00, Item 0221280003-1: state = 0 < 2, we can not finish the simulation
2025-10-04 08:42:48,126 [simulate_environment.py | 99] INFO: **************************************************
2025-10-04 08:42:48,127 [simulate_environment.py | 103] INFO: cur time: 2025-10-04 01:00:00, pre time: 2025-10-04 00:50:00
2025-10-04 08:42:48,127 [simulate_environment.py | 140] INFO: Start to update the input of 2025-10-04 01:00:00
2025-10-04 08:42:48,128 [simulate_environment.py | 167] INFO: Get 0 unallocated order items, 3 ongoing order items, 1 completed order items
2025-10-04 08:42:49,462 [simulate_environment.py | 234] INFO: 
Adaptive config applied: {'num_orders': 0, 'num_vehicles': 5, 'time_budget_sec': None, 'POPULATION_SIZE': 40, 'NUMBER_OF_GENERATION': 20, 'MUTATION_RATE': 0.1, 'LS_MAX': 20, 'LS_MAX_TIME_PER_OP': 3, 'LS_MAX_TIME_IN_SINGLE': 1}
Cant initialize the population

The solution initialized by Cheapest Insertion:
V_1:[] V_2:[] V_3:[] V_4:[] V_5:[d3_0012530002-3]
The fitness value before EA: 0.0
V_1:[] V_2:[] V_3:[] V_4:[] V_5:[d3_0012530002-3]
The fitness value after EA: 0.0

Thoi gian thuc hien thuat toan:  0.928666353225708
SUCCESS

2025-10-04 08:42:49,463 [simulate_environment.py | 256] INFO: 2025-10-04 01:00:00, Item 0221280003-1: state = 0 < 2, we can not finish the simulation
2025-10-04 08:42:49,463 [simulate_environment.py | 99] INFO: **************************************************
2025-10-04 08:42:49,463 [simulate_environment.py | 103] INFO: cur time: 2025-10-04 01:10:00, pre time: 2025-10-04 01:00:00
2025-10-04 08:42:49,463 [simulate_environment.py | 140] INFO: Start to update the input of 2025-10-04 01:10:00
2025-10-04 08:42:49,464 [simulate_environment.py | 167] INFO: Get 0 unallocated order items, 0 ongoing order items, 4 completed order items
2025-10-04 08:42:50,695 [simulate_environment.py | 234] INFO: 
Adaptive config applied: {'num_orders': 0, 'num_vehicles': 5, 'time_budget_sec': None, 'POPULATION_SIZE': 40, 'NUMBER_OF_GENERATION': 20, 'MUTATION_RATE': 0.1, 'LS_MAX': 20, 'LS_MAX_TIME_PER_OP': 3, 'LS_MAX_TIME_IN_SINGLE': 1}
Cant initialize the population

The solution initialized by Cheapest Insertion:
V_1:[] V_2:[] V_3:[] V_4:[] V_5:[]
The fitness value before EA: 0.0
V_1:[] V_2:[] V_3:[] V_4:[] V_5:[]
The fitness value after EA: 0.0

Thoi gian thuc hien thuat toan:  0.8625540733337402
SUCCESS

2025-10-04 08:42:50,695 [simulate_environment.py | 256] INFO: 2025-10-04 01:10:00, Item 0221280003-1: state = 0 < 2, we can not finish the simulation
2025-10-04 08:42:50,695 [simulate_environment.py | 99] INFO: **************************************************
2025-10-04 08:42:50,695 [simulate_environment.py | 103] INFO: cur time: 2025-10-04 01:20:00, pre time: 2025-10-04 01:10:00
2025-10-04 08:42:50,695 [simulate_environment.py | 140] INFO: Start to update the input of 2025-10-04 01:20:00
2025-10-04 08:42:50,696 [simulate_environment.py | 167] INFO: Get 0 unallocated order items, 0 ongoing order items, 4 completed order items
2025-10-04 08:42:52,027 [simulate_environment.py | 234] INFO: 
Adaptive config applied: {'num_orders': 0, 'num_vehicles': 5, 'time_budget_sec': None, 'POPULATION_SIZE': 40, 'NUMBER_OF_GENERATION': 20, 'MUTATION_RATE': 0.1, 'LS_MAX': 20, 'LS_MAX_TIME_PER_OP': 3, 'LS_MAX_TIME_IN_SINGLE': 1}
Cant initialize the population

The solution initialized by Cheapest Insertion:
V_1:[] V_2:[] V_3:[] V_4:[] V_5:[]
The fitness value before EA: 0.0
V_1:[] V_2:[] V_3:[] V_4:[] V_5:[]
The fitness value after EA: 0.0

Thoi gian thuc hien thuat toan:  0.960594892501831
SUCCESS

2025-10-04 08:42:52,028 [simulate_environment.py | 256] INFO: 2025-10-04 01:20:00, Item 0221280003-1: state = 0 < 2, we can not finish the simulation
2025-10-04 08:42:52,028 [simulate_environment.py | 99] INFO: **************************************************
2025-10-04 08:42:52,028 [simulate_environment.py | 103] INFO: cur time: 2025-10-04 01:30:00, pre time: 2025-10-04 01:20:00
2025-10-04 08:42:52,028 [simulate_environment.py | 140] INFO: Start to update the input of 2025-10-04 01:30:00
2025-10-04 08:42:52,029 [simulate_environment.py | 167] INFO: Get 0 unallocated order items, 0 ongoing order items, 4 completed order items
2025-10-04 08:42:53,291 [simulate_environment.py | 234] INFO: 
Adaptive config applied: {'num_orders': 0, 'num_vehicles': 5, 'time_budget_sec': None, 'POPULATION_SIZE': 40, 'NUMBER_OF_GENERATION': 20, 'MUTATION_RATE': 0.1, 'LS_MAX': 20, 'LS_MAX_TIME_PER_OP': 3, 'LS_MAX_TIME_IN_SINGLE': 1}
Cant initialize the population

The solution initialized by Cheapest Insertion:
V_1:[] V_2:[] V_3:[] V_4:[] V_5:[]
The fitness value before EA: 0.0
V_1:[] V_2:[] V_3:[] V_4:[] V_5:[]
The fitness value after EA: 0.0

Thoi gian thuc hien thuat toan:  0.8991031646728516
SUCCESS

2025-10-04 08:42:53,291 [simulate_environment.py | 256] INFO: 2025-10-04 01:30:00, Item 0221280003-1: state = 0 < 2, we can not finish the simulation
2025-10-04 08:42:53,292 [simulate_environment.py | 99] INFO: **************************************************
2025-10-04 08:42:53,292 [simulate_environment.py | 103] INFO: cur time: 2025-10-04 01:40:00, pre time: 2025-10-04 01:30:00
2025-10-04 08:42:53,292 [simulate_environment.py | 140] INFO: Start to update the input of 2025-10-04 01:40:00
2025-10-04 08:42:53,293 [simulate_environment.py | 167] INFO: Get 0 unallocated order items, 0 ongoing order items, 4 completed order items
2025-10-04 08:42:54,551 [simulate_environment.py | 234] INFO: 
Adaptive config applied: {'num_orders': 0, 'num_vehicles': 5, 'time_budget_sec': None, 'POPULATION_SIZE': 40, 'NUMBER_OF_GENERATION': 20, 'MUTATION_RATE': 0.1, 'LS_MAX': 20, 'LS_MAX_TIME_PER_OP': 3, 'LS_MAX_TIME_IN_SINGLE': 1}
Cant initialize the population

The solution initialized by Cheapest Insertion:
V_1:[] V_2:[] V_3:[] V_4:[] V_5:[]
The fitness value before EA: 0.0
V_1:[] V_2:[] V_3:[] V_4:[] V_5:[]
The fitness value after EA: 0.0

Thoi gian thuc hien thuat toan:  0.8599503040313721
SUCCESS

2025-10-04 08:42:54,552 [simulate_environment.py | 256] INFO: 2025-10-04 01:40:00, Item 0221280003-1: state = 0 < 2, we can not finish the simulation
2025-10-04 08:42:54,552 [simulate_environment.py | 99] INFO: **************************************************
2025-10-04 08:42:54,552 [simulate_environment.py | 103] INFO: cur time: 2025-10-04 01:50:00, pre time: 2025-10-04 01:40:00
2025-10-04 08:42:54,552 [simulate_environment.py | 140] INFO: Start to update the input of 2025-10-04 01:50:00
2025-10-04 08:42:54,552 [simulate_environment.py | 167] INFO: Get 0 unallocated order items, 0 ongoing order items, 4 completed order items
2025-10-04 08:42:55,780 [simulate_environment.py | 234] INFO: 
Adaptive config applied: {'num_orders': 0, 'num_vehicles': 5, 'time_budget_sec': None, 'POPULATION_SIZE': 40, 'NUMBER_OF_GENERATION': 20, 'MUTATION_RATE': 0.1, 'LS_MAX': 20, 'LS_MAX_TIME_PER_OP': 3, 'LS_MAX_TIME_IN_SINGLE': 1}
Cant initialize the population

The solution initialized by Cheapest Insertion:
V_1:[] V_2:[] V_3:[] V_4:[] V_5:[]
The fitness value before EA: 0.0
V_1:[] V_2:[] V_3:[] V_4:[] V_5:[]
The fitness value after EA: 0.0

Thoi gian thuc hien thuat toan:  0.8495967388153076
SUCCESS

2025-10-04 08:42:55,781 [simulate_environment.py | 256] INFO: 2025-10-04 01:50:00, Item 0221280003-1: state = 0 < 2, we can not finish the simulation
2025-10-04 08:42:55,781 [simulate_environment.py | 99] INFO: **************************************************
2025-10-04 08:42:55,781 [simulate_environment.py | 103] INFO: cur time: 2025-10-04 02:00:00, pre time: 2025-10-04 01:50:00
2025-10-04 08:42:55,781 [simulate_environment.py | 140] INFO: Start to update the input of 2025-10-04 02:00:00
2025-10-04 08:42:55,782 [simulate_environment.py | 167] INFO: Get 0 unallocated order items, 0 ongoing order items, 4 completed order items
2025-10-04 08:42:57,061 [simulate_environment.py | 234] INFO: 
Adaptive config applied: {'num_orders': 0, 'num_vehicles': 5, 'time_budget_sec': None, 'POPULATION_SIZE': 40, 'NUMBER_OF_GENERATION': 20, 'MUTATION_RATE': 0.1, 'LS_MAX': 20, 'LS_MAX_TIME_PER_OP': 3, 'LS_MAX_TIME_IN_SINGLE': 1}
Cant initialize the population

The solution initialized by Cheapest Insertion:
V_1:[] V_2:[] V_3:[] V_4:[] V_5:[]
The fitness value before EA: 0.0
V_1:[] V_2:[] V_3:[] V_4:[] V_5:[]
The fitness value after EA: 0.0

Thoi gian thuc hien thuat toan:  0.855278491973877
SUCCESS

2025-10-04 08:42:57,062 [simulate_environment.py | 256] INFO: 2025-10-04 02:00:00, Item 0221280003-1: state = 0 < 2, we can not finish the simulation
2025-10-04 08:42:57,062 [simulate_environment.py | 99] INFO: **************************************************
2025-10-04 08:42:57,062 [simulate_environment.py | 103] INFO: cur time: 2025-10-04 02:10:00, pre time: 2025-10-04 02:00:00
2025-10-04 08:42:57,062 [simulate_environment.py | 140] INFO: Start to update the input of 2025-10-04 02:10:00
2025-10-04 08:42:57,062 [simulate_environment.py | 167] INFO: Get 0 unallocated order items, 0 ongoing order items, 4 completed order items
2025-10-04 08:42:58,299 [simulate_environment.py | 234] INFO: 
Adaptive config applied: {'num_orders': 0, 'num_vehicles': 5, 'time_budget_sec': None, 'POPULATION_SIZE': 40, 'NUMBER_OF_GENERATION': 20, 'MUTATION_RATE': 0.1, 'LS_MAX': 20, 'LS_MAX_TIME_PER_OP': 3, 'LS_MAX_TIME_IN_SINGLE': 1}
Cant initialize the population

The solution initialized by Cheapest Insertion:
V_1:[] V_2:[] V_3:[] V_4:[] V_5:[]
The fitness value before EA: 0.0
V_1:[] V_2:[] V_3:[] V_4:[] V_5:[]
The fitness value after EA: 0.0

Thoi gian thuc hien thuat toan:  0.8520197868347168
SUCCESS

2025-10-04 08:42:58,300 [simulate_environment.py | 256] INFO: 2025-10-04 02:10:00, Item 0221280003-1: state = 0 < 2, we can not finish the simulation
2025-10-04 08:42:58,300 [simulate_environment.py | 99] INFO: **************************************************
2025-10-04 08:42:58,300 [simulate_environment.py | 103] INFO: cur time: 2025-10-04 02:20:00, pre time: 2025-10-04 02:10:00
2025-10-04 08:42:58,300 [simulate_environment.py | 140] INFO: Start to update the input of 2025-10-04 02:20:00
2025-10-04 08:42:58,301 [simulate_environment.py | 167] INFO: Get 0 unallocated order items, 0 ongoing order items, 4 completed order items
2025-10-04 08:42:59,801 [simulate_environment.py | 234] INFO: 
Adaptive config applied: {'num_orders': 0, 'num_vehicles': 5, 'time_budget_sec': None, 'POPULATION_SIZE': 40, 'NUMBER_OF_GENERATION': 20, 'MUTATION_RATE': 0.1, 'LS_MAX': 20, 'LS_MAX_TIME_PER_OP': 3, 'LS_MAX_TIME_IN_SINGLE': 1}
Cant initialize the population

The solution initialized by Cheapest Insertion:
V_1:[] V_2:[] V_3:[] V_4:[] V_5:[]
The fitness value before EA: 0.0
V_1:[] V_2:[] V_3:[] V_4:[] V_5:[]
The fitness value after EA: 0.0

Thoi gian thuc hien thuat toan:  0.9707028865814209
SUCCESS

2025-10-04 08:42:59,802 [simulate_environment.py | 256] INFO: 2025-10-04 02:20:00, Item 0221280003-1: state = 0 < 2, we can not finish the simulation
2025-10-04 08:42:59,803 [simulate_environment.py | 99] INFO: **************************************************
2025-10-04 08:42:59,803 [simulate_environment.py | 103] INFO: cur time: 2025-10-04 02:30:00, pre time: 2025-10-04 02:20:00
2025-10-04 08:42:59,803 [simulate_environment.py | 140] INFO: Start to update the input of 2025-10-04 02:30:00
2025-10-04 08:42:59,804 [simulate_environment.py | 167] INFO: Get 1 unallocated order items, 0 ongoing order items, 4 completed order items
2025-10-04 08:43:01,139 [simulate_environment.py | 234] INFO: 
Adaptive config applied: {'num_orders': 1, 'num_vehicles': 5, 'time_budget_sec': None, 'POPULATION_SIZE': 40, 'NUMBER_OF_GENERATION': 20, 'MUTATION_RATE': 0.1, 'LS_MAX': 20, 'LS_MAX_TIME_PER_OP': 3, 'LS_MAX_TIME_IN_SINGLE': 1}
Cant initialize the population

The solution initialized by Cheapest Insertion:
V_1:[] V_2:[] V_3:[p1_0221280003-1 d1_0221280003-1] V_4:[] V_5:[]
The fitness value before EA: 6.5
V_1:[] V_2:[] V_3:[p1_0221280003-1 d1_0221280003-1] V_4:[] V_5:[]
The fitness value after EA: 6.5

Thoi gian thuc hien thuat toan:  0.9330813884735107
SUCCESS

2025-10-04 08:43:01,140 [simulate_environment.py | 256] INFO: 2025-10-04 02:30:00, Item 0221280003-1: state = 1 < 2, we can not finish the simulation
2025-10-04 08:43:01,140 [simulate_environment.py | 99] INFO: **************************************************
2025-10-04 08:43:01,140 [simulate_environment.py | 103] INFO: cur time: 2025-10-04 02:40:00, pre time: 2025-10-04 02:30:00
2025-10-04 08:43:01,140 [simulate_environment.py | 140] INFO: Start to update the input of 2025-10-04 02:40:00
2025-10-04 08:43:01,141 [simulate_environment.py | 167] INFO: Get 1 unallocated order items, 0 ongoing order items, 4 completed order items
2025-10-04 08:43:02,364 [simulate_environment.py | 234] INFO: 
Adaptive config applied: {'num_orders': 0, 'num_vehicles': 5, 'time_budget_sec': None, 'POPULATION_SIZE': 40, 'NUMBER_OF_GENERATION': 20, 'MUTATION_RATE': 0.1, 'LS_MAX': 20, 'LS_MAX_TIME_PER_OP': 3, 'LS_MAX_TIME_IN_SINGLE': 1}
Cant initialize the population

The solution initialized by Cheapest Insertion:
V_1:[] V_2:[] V_3:[p1_0221280003-1 d1_0221280003-1] V_4:[] V_5:[]
The fitness value before EA: 3.4799999999999995
V_1:[] V_2:[] V_3:[p1_0221280003-1 d1_0221280003-1] V_4:[] V_5:[]
The fitness value after EA: 3.4799999999999995

Thoi gian thuc hien thuat toan:  0.8506035804748535
SUCCESS

2025-10-04 08:43:02,365 [simulate_environment.py | 256] INFO: 2025-10-04 02:40:00, Item 0221280003-1: state = 1 < 2, we can not finish the simulation
2025-10-04 08:43:02,365 [simulate_environment.py | 99] INFO: **************************************************
2025-10-04 08:43:02,365 [simulate_environment.py | 103] INFO: cur time: 2025-10-04 02:50:00, pre time: 2025-10-04 02:40:00
2025-10-04 08:43:02,365 [simulate_environment.py | 140] INFO: Start to update the input of 2025-10-04 02:50:00
2025-10-04 08:43:02,366 [simulate_environment.py | 167] INFO: Get 1 unallocated order items, 0 ongoing order items, 4 completed order items
2025-10-04 08:43:03,636 [simulate_environment.py | 234] INFO: 
Adaptive config applied: {'num_orders': 0, 'num_vehicles': 5, 'time_budget_sec': None, 'POPULATION_SIZE': 40, 'NUMBER_OF_GENERATION': 20, 'MUTATION_RATE': 0.1, 'LS_MAX': 20, 'LS_MAX_TIME_PER_OP': 3, 'LS_MAX_TIME_IN_SINGLE': 1}
Cant initialize the population

The solution initialized by Cheapest Insertion:
V_1:[] V_2:[] V_3:[p1_0221280003-1 d1_0221280003-1] V_4:[] V_5:[]
The fitness value before EA: 3.4799999999999995
V_1:[] V_2:[] V_3:[p1_0221280003-1 d1_0221280003-1] V_4:[] V_5:[]
The fitness value after EA: 3.4799999999999995

Thoi gian thuc hien thuat toan:  0.8303208351135254
SUCCESS

2025-10-04 08:43:03,636 [simulate_environment.py | 256] INFO: 2025-10-04 02:50:00, Item 0221280003-1: state = 1 < 2, we can not finish the simulation
2025-10-04 08:43:03,637 [simulate_environment.py | 99] INFO: **************************************************
2025-10-04 08:43:03,637 [simulate_environment.py | 103] INFO: cur time: 2025-10-04 03:00:00, pre time: 2025-10-04 02:50:00
2025-10-04 08:43:03,637 [simulate_environment.py | 140] INFO: Start to update the input of 2025-10-04 03:00:00
2025-10-04 08:43:03,637 [simulate_environment.py | 167] INFO: Get 1 unallocated order items, 0 ongoing order items, 4 completed order items
2025-10-04 08:43:05,010 [simulate_environment.py | 234] INFO: 
Adaptive config applied: {'num_orders': 0, 'num_vehicles': 5, 'time_budget_sec': None, 'POPULATION_SIZE': 40, 'NUMBER_OF_GENERATION': 20, 'MUTATION_RATE': 0.1, 'LS_MAX': 20, 'LS_MAX_TIME_PER_OP': 3, 'LS_MAX_TIME_IN_SINGLE': 1}
Cant initialize the population

The solution initialized by Cheapest Insertion:
V_1:[] V_2:[] V_3:[p1_0221280003-1 d1_0221280003-1] V_4:[] V_5:[]
The fitness value before EA: 3.4799999999999995
V_1:[] V_2:[] V_3:[p1_0221280003-1 d1_0221280003-1] V_4:[] V_5:[]
The fitness value after EA: 3.4799999999999995

Thoi gian thuc hien thuat toan:  0.993964433670044
SUCCESS

2025-10-04 08:43:05,010 [simulate_environment.py | 256] INFO: 2025-10-04 03:00:00, Item 0221280003-1: state = 1 < 2, we can not finish the simulation
2025-10-04 08:43:05,011 [simulate_environment.py | 99] INFO: **************************************************
2025-10-04 08:43:05,011 [simulate_environment.py | 103] INFO: cur time: 2025-10-04 03:10:00, pre time: 2025-10-04 03:00:00
2025-10-04 08:43:05,011 [simulate_environment.py | 140] INFO: Start to update the input of 2025-10-04 03:10:00
2025-10-04 08:43:05,056 [simulate_environment.py | 167] INFO: Get 23 unallocated order items, 1 ongoing order items, 4 completed order items
2025-10-04 08:43:09,245 [simulate_environment.py | 234] INFO: 
Adaptive config applied: {'num_orders': 3, 'num_vehicles': 5, 'time_budget_sec': None, 'POPULATION_SIZE': 40, 'NUMBER_OF_GENERATION': 20, 'MUTATION_RATE': 0.1, 'LS_MAX': 20, 'LS_MAX_TIME_PER_OP': 3, 'LS_MAX_TIME_IN_SINGLE': 1}
True
True
True
True
True
True
True
True
True
True
True
True
True
True
True
True
True
True
True
True
True
True
True
True
True
True
True
True
True
True
True
True
True
True
True
True
True
True
True
True
LS: BlockRelocate | Count: 0 | TotalTime:0.001s | Cost:9.98
True
LS: mPDG | Count: 0 | TotalTime:0.001s | Cost:9.98
True
LS: BlockExchange | Count: 0 | TotalTime:0.000s | Cost:9.98
True
LS: mPDG | Count: 0 | TotalTime:0.000s | Cost:9.98
True
LS: PDPairExchange | Count: 0 | TotalTime:0.000s | Cost:9.98
True
LS: PDPairExchange | Count: 0 | TotalTime:0.000s | Cost:9.98
True
LS: PDPairExchange | Count: 0 | TotalTime:0.000s | Cost:9.98
True
LS: PDPairExchange | Count: 0 | TotalTime:0.000s | Cost:9.98
True
LS: BlockExchange | Count: 0 | TotalTime:0.000s | Cost:9.98
True
LS: mPDG | Count: 0 | TotalTime:0.001s | Cost:9.98
True
LS: BlockExchange | Count: 0 | TotalTime:0.000s | Cost:9.98
True
Generation 1: Best = 9.98, Worst = 20.26, Avg = 10.24, Time: 0.03815650939941406
True
True
True
True
True
True
True
True
True
True
True
True
True
True
True
True
True
True
True
True
True
True
True
True
True
True
True
True
True
True
True
True
LS: BlockExchange | Count: 0 | TotalTime:0.000s | Cost:9.98
True
LS: BlockRelocate | Count: 0 | TotalTime:0.001s | Cost:9.98
True
LS: BlockRelocate | Count: 0 | TotalTime:0.001s | Cost:9.98
True
LS: PDPairExchange | Count: 0 | TotalTime:0.000s | Cost:9.98
True
LS: BlockExchange | Count: 0 | TotalTime:0.000s | Cost:9.98
True
LS: mPDG | Count: 0 | TotalTime:0.000s | Cost:9.98
True
LS: BlockExchange | Count: 0 | TotalTime:0.000s | Cost:9.98
True
LS: mPDG | Count: 0 | TotalTime:0.000s | Cost:9.98
True
LS: BlockRelocate | Count: 0 | TotalTime:0.001s | Cost:9.98
True
LS: PDPairExchange | Count: 0 | TotalTime:0.000s | Cost:9.98
True
LS: mPDG | Count: 0 | TotalTime:0.000s | Cost:9.98
True
Generation 2: Best = 9.98, Worst = 9.98, Avg = 9.98, Time: 0.042702436447143555
Stopping early due to lack of improvement.
Total runtime: 3.67s (0.1 minutes)
True
LS: BlockExchange:0(0.000s) | PDPairExchange:0(0.000s) | mPDG:0(0.000s) | BlockRelocate:0(0.001s) | TotalTime:0.001s | Cost:9.98
True
True
LS: BlockExchange:0(0.000s) | mPDG:0(0.000s) | BlockRelocate:0(0.001s) | PDPairExchange:0(0.000s) | TotalTime:0.001s | Cost:9.98
True
True
LS: BlockRelocate:0(0.000s) | PDPairExchange:0(0.000s) | BlockExchange:0(0.000s) | mPDG:0(0.000s) | TotalTime:0.001s | Cost:9.98
True
True
LS: mPDG:0(0.000s) | BlockRelocate:0(0.001s) | PDPairExchange:0(0.000s) | BlockExchange:0(0.000s) | TotalTime:0.001s | Cost:9.98
True
True
LS: BlockRelocate:0(0.000s) | BlockExchange:0(0.000s) | PDPairExchange:0(0.000s) | mPDG:0(0.000s) | TotalTime:0.001s | Cost:9.98
True

The solution initialized by Cheapest Insertion:
V_1:[] V_2:[p15_0302310004-1 d15_0302310004-15] V_3:[d1_0221280003-1] V_4:[] V_5:[p2_0304490005-1 p6_0302310004-16 d6_0302310004-21 d2_0304490005-2]
The fitness value before EA: 9.98
V_1:[] V_2:[p15_0302310004-1 d15_0302310004-15] V_3:[d1_0221280003-1] V_4:[] V_5:[p2_0304490005-1 p6_0302310004-16 d6_0302310004-21 d2_0304490005-2]
The fitness value after EA: 9.98

Thoi gian thuc hien thuat toan:  3.6789228916168213
SUCCESS

2025-10-04 08:43:09,246 [simulate_environment.py | 256] INFO: 2025-10-04 03:10:00, Item 0302310004-1: state = 1 < 2, we can not finish the simulation
2025-10-04 08:43:09,247 [simulate_environment.py | 99] INFO: **************************************************
2025-10-04 08:43:09,247 [simulate_environment.py | 103] INFO: cur time: 2025-10-04 03:20:00, pre time: 2025-10-04 03:10:00
2025-10-04 08:43:09,247 [simulate_environment.py | 140] INFO: Start to update the input of 2025-10-04 03:20:00
2025-10-04 08:43:09,248 [simulate_environment.py | 167] INFO: Get 39 unallocated order items, 1 ongoing order items, 4 completed order items
2025-10-04 08:43:11,096 [simulate_environment.py | 234] INFO: 
Adaptive config applied: {'num_orders': 2, 'num_vehicles': 5, 'time_budget_sec': None, 'POPULATION_SIZE': 40, 'NUMBER_OF_GENERATION': 20, 'MUTATION_RATE': 0.1, 'LS_MAX': 20, 'LS_MAX_TIME_PER_OP': 3, 'LS_MAX_TIME_IN_SINGLE': 1}
True
True
True
True
True
True
True
True
True
True
True
True
True
True
True
True
True
True
True
True
True
True
True
True
True
True
True
True
True
True
True
True
True
True
True
True
True
True
True
True
LS: BlockExchange | Count: 0 | TotalTime:0.000s | Cost:10.04
True
LS: PDPairExchange | Count: 0 | TotalTime:0.000s | Cost:10.04
True
LS: PDPairExchange | Count: 0 | TotalTime:0.000s | Cost:12.98
True
LS: BlockExchange | Count: 0 | TotalTime:0.000s | Cost:12.98
True
LS: PDPairExchange | Count: 0 | TotalTime:0.000s | Cost:12.98
True
LS: mPDG | Count: 0 | TotalTime:0.001s | Cost:12.98
True
LS: mPDG | Count: 0 | TotalTime:0.001s | Cost:12.98
True
LS: BlockExchange | Count: 0 | TotalTime:0.000s | Cost:12.98
True
LS: BlockExchange | Count: 0 | TotalTime:0.000s | Cost:12.98
True
LS: PDPairExchange | Count: 0 | TotalTime:0.000s | Cost:12.98
True
LS: BlockRelocate | Count: 1 | TotalTime:0.001s | Cost:10.04
True
Generation 1: Best = 10.04, Worst = 12.98, Avg = 12.76, Time: 0.05892777442932129
True
True
True
True
True
True
True
True
True
True
True
True
True
True
True
True
True
True
True
True
True
True
True
True
True
True
True
True
True
True
True
True
LS: mPDG | Count: 0 | TotalTime:0.000s | Cost:10.04
True
LS: BlockExchange | Count: 0 | TotalTime:0.000s | Cost:10.04
True
LS: BlockRelocate | Count: 0 | TotalTime:0.001s | Cost:10.04
True
LS: BlockRelocate | Count: 1 | TotalTime:0.001s | Cost:10.04
True
LS: BlockRelocate | Count: 1 | TotalTime:0.001s | Cost:10.04
True
LS: BlockRelocate | Count: 1 | TotalTime:0.001s | Cost:10.04
True
LS: mPDG | Count: 0 | TotalTime:0.001s | Cost:12.98
True
LS: mPDG | Count: 0 | TotalTime:0.001s | Cost:12.98
True
LS: PDPairExchange | Count: 0 | TotalTime:0.000s | Cost:12.98
True
LS: BlockRelocate | Count: 1 | TotalTime:0.000s | Cost:10.04
True
LS: mPDG | Count: 0 | TotalTime:0.001s | Cost:12.98
True
Generation 2: Best = 10.04, Worst = 12.98, Avg = 12.47, Time: 0.06465363502502441
True
True
True
True
True
True
True
True
True
True
True
True
True
True
True
True
True
True
True
True
True
True
True
True
True
True
True
True
True
True
True
True
LS: BlockRelocate | Count: 0 | TotalTime:0.001s | Cost:10.04
True
LS: BlockRelocate | Count: 0 | TotalTime:0.001s | Cost:10.04
True
LS: BlockRelocate | Count: 0 | TotalTime:0.001s | Cost:10.04
True
LS: BlockRelocate | Count: 0 | TotalTime:0.001s | Cost:10.04
True
LS: BlockRelocate | Count: 0 | TotalTime:0.001s | Cost:10.04
True
LS: BlockRelocate | Count: 0 | TotalTime:0.001s | Cost:10.04
True
LS: BlockRelocate | Count: 0 | TotalTime:0.001s | Cost:10.04
True
LS: mPDG | Count: 0 | TotalTime:0.001s | Cost:12.98
True
LS: mPDG | Count: 0 | TotalTime:0.001s | Cost:12.98
True
LS: BlockExchange | Count: 0 | TotalTime:0.000s | Cost:12.98
True
LS: BlockRelocate | Count: 1 | TotalTime:0.001s | Cost:10.04
True
Generation 3: Best = 10.04, Worst = 12.98, Avg = 12.39, Time: 0.07277536392211914
True
True
True
True
True
True
True
True
True
True
True
True
True
True
True
True
True
True
True
True
True
True
True
True
True
True
True
True
True
True
True
True
LS: BlockRelocate | Count: 0 | TotalTime:0.001s | Cost:10.04
True
LS: PDPairExchange | Count: 0 | TotalTime:0.000s | Cost:10.04
True
LS: BlockRelocate | Count: 0 | TotalTime:0.001s | Cost:10.04
True
LS: BlockRelocate | Count: 0 | TotalTime:0.001s | Cost:10.04
True
LS: BlockRelocate | Count: 0 | TotalTime:0.001s | Cost:10.04
True
LS: BlockRelocate | Count: 0 | TotalTime:0.001s | Cost:10.04
True
LS: BlockRelocate | Count: 0 | TotalTime:0.001s | Cost:10.04
True
LS: BlockRelocate | Count: 0 | TotalTime:0.001s | Cost:10.04
True
LS: BlockExchange | Count: 0 | TotalTime:0.000s | Cost:12.98
True
LS: BlockRelocate | Count: 1 | TotalTime:0.001s | Cost:10.04
True
LS: PDPairExchange | Count: 0 | TotalTime:0.000s | Cost:12.98
True
Generation 4: Best = 10.04, Worst = 12.98, Avg = 12.32, Time: 0.06845331192016602
True
True
True
True
True
True
True
True
True
True
True
True
True
True
True
True
True
True
True
True
True
True
True
True
True
True
True
True
True
True
True
True
LS: BlockExchange | Count: 0 | TotalTime:0.000s | Cost:10.04
True
LS: BlockRelocate | Count: 0 | TotalTime:0.001s | Cost:10.04
True
LS: BlockRelocate | Count: 0 | TotalTime:0.001s | Cost:10.04
True
LS: BlockRelocate | Count: 0 | TotalTime:0.001s | Cost:10.04
True
LS: BlockRelocate | Count: 0 | TotalTime:0.001s | Cost:10.04
True
LS: BlockRelocate | Count: 0 | TotalTime:0.001s | Cost:10.04
True
LS: BlockRelocate | Count: 0 | TotalTime:0.001s | Cost:10.04
True
LS: BlockRelocate | Count: 0 | TotalTime:0.001s | Cost:10.04
True
LS: mPDG | Count: 0 | TotalTime:0.001s | Cost:12.98
True
LS: BlockRelocate | Count: 1 | TotalTime:0.000s | Cost:10.04
True
LS: PDPairExchange | Count: 0 | TotalTime:0.000s | Cost:12.98
True
Generation 5: Best = 10.04, Worst = 12.98, Avg = 12.32, Time: 0.0724325180053711
Stopping early due to lack of improvement.
Total runtime: 1.37s (0.0 minutes)
True
LS: BlockRelocate:0(0.000s) | BlockExchange:0(0.000s) | mPDG:0(0.000s) | PDPairExchange:0(0.000s) | TotalTime:0.001s | Cost:10.04
True
True
LS: BlockExchange:0(0.000s) | PDPairExchange:0(0.000s) | mPDG:0(0.000s) | BlockRelocate:0(0.001s) | TotalTime:0.001s | Cost:10.04
True
True
LS: BlockRelocate:0(0.000s) | PDPairExchange:0(0.000s) | BlockExchange:0(0.000s) | mPDG:0(0.001s) | TotalTime:0.001s | Cost:10.04
True
True
LS: BlockRelocate:0(0.000s) | PDPairExchange:0(0.000s) | BlockExchange:0(0.000s) | mPDG:0(0.001s) | TotalTime:0.001s | Cost:10.04
True
True
LS: BlockRelocate:0(0.000s) | PDPairExchange:0(0.000s) | BlockExchange:0(0.000s) | mPDG:0(0.000s) | TotalTime:0.001s | Cost:10.04
True

The solution initialized by Cheapest Insertion:
V_1:[] V_2:[p15_0302310004-1 d15_0302310004-15] V_3:[d1_0221280003-1 p16_0312080006-1 d16_0312080006-16] V_4:[] V_5:[p2_0304490005-1 p6_0302310004-16 d6_0302310004-21 d2_0304490005-2]
The fitness value before EA: 10.040000000000001
V_1:[] V_2:[p15_0302310004-1 d15_0302310004-15] V_3:[d1_0221280003-1 p16_0312080006-1 d16_0312080006-16] V_4:[] V_5:[p2_0304490005-1 p6_0302310004-16 d6_0302310004-21 d2_0304490005-2]
The fitness value after EA: 10.040000000000001

Thoi gian thuc hien thuat toan:  1.3815562725067139
SUCCESS

2025-10-04 08:43:11,098 [simulate_environment.py | 256] INFO: 2025-10-04 03:20:00, Item 0302310004-1: state = 1 < 2, we can not finish the simulation
2025-10-04 08:43:11,098 [simulate_environment.py | 99] INFO: **************************************************
2025-10-04 08:43:11,098 [simulate_environment.py | 103] INFO: cur time: 2025-10-04 03:30:00, pre time: 2025-10-04 03:20:00
2025-10-04 08:43:11,098 [simulate_environment.py | 140] INFO: Start to update the input of 2025-10-04 03:30:00
2025-10-04 08:43:11,099 [simulate_environment.py | 167] INFO: Get 19 unallocated order items, 24 ongoing order items, 4 completed order items
2025-10-04 08:43:13,112 [simulate_environment.py | 234] INFO: 
Adaptive config applied: {'num_orders': 3, 'num_vehicles': 5, 'time_budget_sec': None, 'POPULATION_SIZE': 40, 'NUMBER_OF_GENERATION': 20, 'MUTATION_RATE': 0.1, 'LS_MAX': 20, 'LS_MAX_TIME_PER_OP': 3, 'LS_MAX_TIME_IN_SINGLE': 1}
True
True
True
True
True
True
True
True
True
True
True
True
True
True
True
True
True
True
True
True
True
True
True
True
True
True
True
True
True
True
True
True
True
True
True
True
True
True
True
True
LS: mPDG | Count: 0 | TotalTime:0.001s | Cost:10.66
True
LS: BlockRelocate | Count: 1 | TotalTime:0.001s | Cost:10.78
True
LS: BlockRelocate | Count: 1 | TotalTime:0.001s | Cost:10.78
True
LS: PDPairExchange | Count: 0 | TotalTime:0.000s | Cost:10.92
True
LS: BlockRelocate | Count: 1 | TotalTime:0.001s | Cost:10.78
True
LS: BlockExchange | Count: 0 | TotalTime:0.000s | Cost:10.92
True
LS: mPDG | Count: 0 | TotalTime:0.001s | Cost:10.92
True
LS: mPDG | Count: 0 | TotalTime:0.001s | Cost:10.92
True
LS: BlockExchange | Count: 0 | TotalTime:0.000s | Cost:10.92
True
LS: BlockExchange | Count: 0 | TotalTime:0.000s | Cost:10.92
True
LS: BlockRelocate | Count: 1 | TotalTime:0.002s | Cost:10.78
True
Generation 1: Best = 10.66, Worst = 275388.44, Avg = 6895.34, Time: 0.07085990905761719
True
True
True
True
True
True
True
True
True
True
True
True
True
True
True
True
True
True
True
True
True
True
True
True
True
True
True
True
True
True
True
True
LS: BlockRelocate | Count: 0 | TotalTime:0.002s | Cost:10.66
True
LS: BlockRelocate | Count: 1 | TotalTime:0.001s | Cost:10.70
True
LS: BlockRelocate | Count: 1 | TotalTime:0.000s | Cost:10.66
True
LS: BlockRelocate | Count: 1 | TotalTime:0.000s | Cost:10.66
True
LS: BlockRelocate | Count: 1 | TotalTime:0.001s | Cost:10.70
True
LS: BlockRelocate | Count: 1 | TotalTime:0.002s | Cost:10.78
True
LS: BlockRelocate | Count: 1 | TotalTime:0.001s | Cost:10.78
True
LS: mPDG | Count: 0 | TotalTime:0.001s | Cost:10.92
True
LS: PDPairExchange | Count: 0 | TotalTime:0.000s | Cost:10.92
True
LS: BlockRelocate | Count: 1 | TotalTime:0.000s | Cost:10.78
True
LS: PDPairExchange | Count: 0 | TotalTime:0.000s | Cost:10.92
True
Generation 2: Best = 10.66, Worst = 10.92, Avg = 10.88, Time: 0.08821725845336914
True
True
True
True
True
True
True
True
True
True
True
True
True
True
True
True
True
True
True
True
True
True
True
True
True
True
True
True
True
True
True
True
LS: BlockExchange | Count: 0 | TotalTime:0.000s | Cost:10.66
True
LS: BlockRelocate | Count: 0 | TotalTime:0.002s | Cost:10.66
True
LS: BlockRelocate | Count: 0 | TotalTime:0.002s | Cost:10.66
True
LS: BlockRelocate | Count: 0 | TotalTime:0.002s | Cost:10.70
True
LS: BlockRelocate | Count: 0 | TotalTime:0.002s | Cost:10.70
True
LS: BlockRelocate | Count: 1 | TotalTime:0.000s | Cost:10.66
True
LS: BlockRelocate | Count: 1 | TotalTime:0.001s | Cost:10.70
True
LS: BlockRelocate | Count: 1 | TotalTime:0.001s | Cost:10.66
True
LS: BlockExchange | Count: 0 | TotalTime:0.000s | Cost:10.92
True
LS: mPDG | Count: 0 | TotalTime:0.001s | Cost:10.92
True
LS: BlockRelocate | Count: 1 | TotalTime:0.001s | Cost:10.78
True
Generation 3: Best = 10.66, Worst = 10.92, Avg = 10.87, Time: 0.08598494529724121
True
True
True
True
True
True
True
True
True
True
True
True
True
True
True
True
True
True
True
True
True
True
True
True
True
True
True
True
True
True
True
True
LS: BlockExchange | Count: 0 | TotalTime:0.000s | Cost:10.66
True
LS: BlockRelocate | Count: 0 | TotalTime:0.002s | Cost:10.66
True
LS: BlockRelocate | Count: 0 | TotalTime:0.002s | Cost:10.66
True
LS: BlockRelocate | Count: 0 | TotalTime:0.002s | Cost:10.66
True
LS: BlockRelocate | Count: 0 | TotalTime:0.002s | Cost:10.66
True
LS: BlockRelocate | Count: 0 | TotalTime:0.002s | Cost:10.70
True
LS: BlockRelocate | Count: 0 | TotalTime:0.002s | Cost:10.70
True
LS: BlockRelocate | Count: 0 | TotalTime:0.002s | Cost:10.70
True
LS: BlockRelocate | Count: 1 | TotalTime:0.002s | Cost:10.78
True
LS: mPDG | Count: 0 | TotalTime:0.001s | Cost:10.92
True
LS: PDPairExchange | Count: 0 | TotalTime:0.000s | Cost:10.92
True
Generation 4: Best = 10.66, Worst = 10.92, Avg = 10.87, Time: 0.12841510772705078
True
True
True
True
True
True
True
True
True
True
True
True
True
True
True
True
True
True
True
True
True
True
True
True
True
True
True
True
True
True
True
True
LS: BlockExchange | Count: 0 | TotalTime:0.000s | Cost:10.66
True
LS: BlockRelocate | Count: 0 | TotalTime:0.002s | Cost:10.66
True
LS: BlockRelocate | Count: 0 | TotalTime:0.003s | Cost:10.66
True
LS: BlockRelocate | Count: 0 | TotalTime:0.003s | Cost:10.66
True
LS: BlockRelocate | Count: 0 | TotalTime:0.003s | Cost:10.66
True
LS: BlockRelocate | Count: 0 | TotalTime:0.003s | Cost:10.70
True
LS: BlockRelocate | Count: 0 | TotalTime:0.003s | Cost:10.70
True
LS: BlockRelocate | Count: 0 | TotalTime:0.003s | Cost:10.70
True
LS: mPDG | Count: 0 | TotalTime:0.002s | Cost:10.92
True
LS: mPDG | Count: 0 | TotalTime:0.002s | Cost:10.92
True
LS: mPDG | Count: 0 | TotalTime:0.002s | Cost:10.92
True
Generation 5: Best = 10.66, Worst = 10.92, Avg = 10.87, Time: 0.11974835395812988
Stopping early due to lack of improvement.
Total runtime: 1.48s (0.0 minutes)
True
LS: BlockExchange:0(0.000s) | mPDG:0(0.002s) | PDPairExchange:0(0.000s) | BlockRelocate:0(0.002s) | TotalTime:0.005s | Cost:10.66
True
True
LS: BlockRelocate:0(0.000s) | PDPairExchange:0(0.000s) | BlockExchange:0(0.000s) | mPDG:0(0.002s) | TotalTime:0.003s | Cost:10.66
True
True
LS: BlockRelocate:0(0.000s) | PDPairExchange:0(0.000s) | BlockExchange:0(0.000s) | mPDG:0(0.003s) | TotalTime:0.004s | Cost:10.66
True
True
LS: BlockRelocate:0(0.000s) | PDPairExchange:0(0.000s) | BlockExchange:0(0.000s) | mPDG:0(0.002s) | TotalTime:0.003s | Cost:10.66
True
True
LS: BlockRelocate:0(0.000s) | PDPairExchange:0(0.000s) | BlockExchange:0(0.001s) | mPDG:0(0.002s) | TotalTime:0.003s | Cost:10.66
True

The solution initialized by Cheapest Insertion:
V_1:[] V_2:[d15_0302310004-15 p1_0321200008-1 d1_0321200008-1] V_3:[d1_0221280003-1 p16_0312080006-1 d16_0312080006-16] V_4:[] V_5:[d6_0302310004-21 p2_0320140007-1 d2_0320140007-2 d2_0304490005-2]
The fitness value before EA: 10.659999999999998
V_1:[] V_2:[d15_0302310004-15 p1_0321200008-1 d1_0321200008-1] V_3:[d1_0221280003-1 p16_0312080006-1 d16_0312080006-16] V_4:[] V_5:[d6_0302310004-21 p2_0320140007-1 d2_0320140007-2 d2_0304490005-2]
The fitness value after EA: 10.659999999999998

Thoi gian thuc hien thuat toan:  1.5253565311431885
SUCCESS

2025-10-04 08:43:13,114 [simulate_environment.py | 256] INFO: 2025-10-04 03:30:00, Item 0312080006-1: state = 1 < 2, we can not finish the simulation
2025-10-04 08:43:13,115 [simulate_environment.py | 99] INFO: **************************************************
2025-10-04 08:43:13,115 [simulate_environment.py | 103] INFO: cur time: 2025-10-04 03:40:00, pre time: 2025-10-04 03:30:00
2025-10-04 08:43:13,115 [simulate_environment.py | 140] INFO: Start to update the input of 2025-10-04 03:40:00
2025-10-04 08:43:13,116 [simulate_environment.py | 167] INFO: Get 19 unallocated order items, 24 ongoing order items, 4 completed order items
2025-10-04 08:43:14,883 [simulate_environment.py | 234] INFO: 
Adaptive config applied: {'num_orders': 3, 'num_vehicles': 5, 'time_budget_sec': None, 'POPULATION_SIZE': 40, 'NUMBER_OF_GENERATION': 20, 'MUTATION_RATE': 0.1, 'LS_MAX': 20, 'LS_MAX_TIME_PER_OP': 3, 'LS_MAX_TIME_IN_SINGLE': 1}
True
True
True
True
True
True
True
True
True
True
True
True
True
True
True
True
True
True
True
True
True
True
True
True
True
True
True
True
True
True
True
True
True
True
True
True
True
True
True
True
LS: BlockRelocate | Count: 0 | TotalTime:0.001s | Cost:7.18
True
LS: PDPairExchange | Count: 0 | TotalTime:0.000s | Cost:7.44
True
LS: PDPairExchange | Count: 0 | TotalTime:0.000s | Cost:7.44
True
LS: mPDG | Count: 0 | TotalTime:0.001s | Cost:7.44
True
LS: BlockExchange | Count: 0 | TotalTime:0.000s | Cost:7.44
True
LS: PDPairExchange | Count: 0 | TotalTime:0.000s | Cost:7.44
True
LS: PDPairExchange | Count: 0 | TotalTime:0.000s | Cost:7.44
True
LS: PDPairExchange | Count: 0 | TotalTime:0.000s | Cost:7.44
True
LS: mPDG | Count: 0 | TotalTime:0.001s | Cost:7.44
True
LS: mPDG | Count: 0 | TotalTime:0.001s | Cost:7.44
True
LS: PDPairExchange | Count: 0 | TotalTime:0.000s | Cost:7.44
True
Generation 1: Best = 7.18, Worst = 159651.92, Avg = 3998.55, Time: 0.06213569641113281
True
True
True
True
True
True
True
True
True
True
True
True
True
True
True
True
True
True
True
True
True
True
True
True
True
True
True
True
True
True
True
True
LS: BlockRelocate | Count: 0 | TotalTime:0.001s | Cost:7.18
True
LS: PDPairExchange | Count: 0 | TotalTime:0.000s | Cost:7.44
True
LS: BlockRelocate | Count: 1 | TotalTime:0.001s | Cost:7.30
True
LS: BlockExchange | Count: 0 | TotalTime:0.000s | Cost:7.44
True
LS: mPDG | Count: 0 | TotalTime:0.001s | Cost:7.44
True
LS: BlockRelocate | Count: 1 | TotalTime:0.000s | Cost:7.30
True
LS: BlockExchange | Count: 0 | TotalTime:0.000s | Cost:7.44
True
LS: BlockRelocate | Count: 1 | TotalTime:0.001s | Cost:7.30
True
LS: PDPairExchange | Count: 0 | TotalTime:0.000s | Cost:7.44
True
LS: BlockExchange | Count: 0 | TotalTime:0.000s | Cost:7.44
True
LS: PDPairExchange | Count: 0 | TotalTime:0.000s | Cost:7.44
True
Generation 2: Best = 7.18, Worst = 7.44, Avg = 7.42, Time: 0.06327152252197266
True
True
True
True
True
True
True
True
True
True
True
True
True
True
True
True
True
True
True
True
True
True
True
True
True
True
True
True
True
True
True
True
LS: mPDG | Count: 0 | TotalTime:0.001s | Cost:7.18
True
LS: BlockRelocate | Count: 1 | TotalTime:0.000s | Cost:7.22
True
LS: BlockRelocate | Count: 1 | TotalTime:0.001s | Cost:7.18
True
LS: BlockRelocate | Count: 1 | TotalTime:0.000s | Cost:7.18
True
LS: BlockRelocate | Count: 1 | TotalTime:0.000s | Cost:7.30
True
LS: mPDG | Count: 0 | TotalTime:0.001s | Cost:7.44
True
LS: BlockRelocate | Count: 1 | TotalTime:0.001s | Cost:7.30
True
LS: BlockExchange | Count: 0 | TotalTime:0.000s | Cost:7.44
True
LS: mPDG | Count: 0 | TotalTime:0.001s | Cost:7.44
True
LS: BlockRelocate | Count: 1 | TotalTime:0.001s | Cost:7.30
True
LS: BlockExchange | Count: 0 | TotalTime:0.000s | Cost:7.44
True
Generation 3: Best = 7.18, Worst = 7.44, Avg = 7.40, Time: 0.06610393524169922
True
True
True
True
True
True
True
True
True
True
True
True
True
True
True
True
True
True
True
True
True
True
True
True
True
True
True
True
True
True
True
True
LS: BlockExchange | Count: 0 | TotalTime:0.000s | Cost:7.18
True
LS: BlockRelocate | Count: 0 | TotalTime:0.001s | Cost:7.18
True
LS: BlockRelocate | Count: 0 | TotalTime:0.001s | Cost:7.18
True
LS: BlockRelocate | Count: 0 | TotalTime:0.001s | Cost:7.22
True
LS: BlockRelocate | Count: 1 | TotalTime:0.000s | Cost:7.22
True
LS: BlockRelocate | Count: 1 | TotalTime:0.000s | Cost:7.18
True
LS: BlockRelocate | Count: 1 | TotalTime:0.000s | Cost:7.22
True
LS: mPDG | Count: 0 | TotalTime:0.001s | Cost:7.44
True
LS: mPDG | Count: 0 | TotalTime:0.001s | Cost:7.44
True
LS: mPDG | Count: 0 | TotalTime:0.001s | Cost:7.44
True
LS: BlockRelocate | Count: 1 | TotalTime:0.001s | Cost:7.30
True
Generation 4: Best = 7.18, Worst = 7.44, Avg = 7.39, Time: 0.06746864318847656
True
True
True
True
True
True
True
True
True
True
True
True
True
True
True
True
True
True
True
True
True
True
True
True
True
True
True
True
True
True
True
True
LS: mPDG | Count: 0 | TotalTime:0.001s | Cost:7.18
True
LS: BlockRelocate | Count: 0 | TotalTime:0.001s | Cost:7.18
True
LS: BlockRelocate | Count: 0 | TotalTime:0.001s | Cost:7.18
True
LS: BlockRelocate | Count: 0 | TotalTime:0.001s | Cost:7.18
True
LS: BlockRelocate | Count: 0 | TotalTime:0.001s | Cost:7.22
True
LS: BlockRelocate | Count: 0 | TotalTime:0.002s | Cost:7.22
True
LS: BlockRelocate | Count: 0 | TotalTime:0.001s | Cost:7.22
True
LS: BlockRelocate | Count: 1 | TotalTime:0.001s | Cost:7.22
True
LS: PDPairExchange | Count: 0 | TotalTime:0.000s | Cost:7.44
True
LS: BlockRelocate | Count: 1 | TotalTime:0.001s | Cost:7.30
True
LS: BlockExchange | Count: 0 | TotalTime:0.000s | Cost:7.44
True
Generation 5: Best = 7.18, Worst = 7.44, Avg = 7.39, Time: 0.06985163688659668
Stopping early due to lack of improvement.
Total runtime: 1.23s (0.0 minutes)
True
LS: BlockExchange:0(0.000s) | PDPairExchange:0(0.000s) | BlockRelocate:0(0.001s) | mPDG:0(0.001s) | TotalTime:0.003s | Cost:7.18
True
True
LS: BlockRelocate:0(0.000s) | PDPairExchange:0(0.000s) | BlockExchange:0(0.000s) | mPDG:0(0.001s) | TotalTime:0.001s | Cost:7.18
True
True
LS: BlockRelocate:0(0.000s) | PDPairExchange:0(0.000s) | BlockExchange:0(0.000s) | mPDG:0(0.001s) | TotalTime:0.001s | Cost:7.18
True
True
LS: BlockRelocate:0(0.000s) | PDPairExchange:0(0.000s) | BlockExchange:0(0.000s) | mPDG:0(0.001s) | TotalTime:0.001s | Cost:7.18
True
True
LS: BlockRelocate:0(0.000s) | PDPairExchange:0(0.000s) | BlockExchange:0(0.000s) | mPDG:0(0.001s) | TotalTime:0.002s | Cost:7.22
True

The solution initialized by Cheapest Insertion:
V_1:[] V_2:[d15_0302310004-15 p1_0321200008-1 d1_0321200008-1] V_3:[d1_0221280003-1 p16_0312080006-1 d16_0312080006-16] V_4:[] V_5:[d6_0302310004-21 p2_0320140007-1 d2_0320140007-2 d2_0304490005-2]
The fitness value before EA: 7.179999999999998
V_1:[] V_2:[d15_0302310004-15 p1_0321200008-1 d1_0321200008-1] V_3:[d1_0221280003-1 p16_0312080006-1 d16_0312080006-16] V_4:[] V_5:[d6_0302310004-21 p2_0320140007-1 d2_0320140007-2 d2_0304490005-2]
The fitness value after EA: 7.179999999999998

Thoi gian thuc hien thuat toan:  1.247148036956787
SUCCESS

2025-10-04 08:43:14,885 [simulate_environment.py | 256] INFO: 2025-10-04 03:40:00, Item 0312080006-1: state = 1 < 2, we can not finish the simulation
2025-10-04 08:43:14,886 [simulate_environment.py | 99] INFO: **************************************************
2025-10-04 08:43:14,886 [simulate_environment.py | 103] INFO: cur time: 2025-10-04 03:50:00, pre time: 2025-10-04 03:40:00
2025-10-04 08:43:14,886 [simulate_environment.py | 140] INFO: Start to update the input of 2025-10-04 03:50:00
2025-10-04 08:43:14,887 [simulate_environment.py | 167] INFO: Get 20 unallocated order items, 24 ongoing order items, 4 completed order items
2025-10-04 08:43:16,603 [simulate_environment.py | 234] INFO: 
Adaptive config applied: {'num_orders': 4, 'num_vehicles': 5, 'time_budget_sec': None, 'POPULATION_SIZE': 40, 'NUMBER_OF_GENERATION': 20, 'MUTATION_RATE': 0.1, 'LS_MAX': 20, 'LS_MAX_TIME_PER_OP': 3, 'LS_MAX_TIME_IN_SINGLE': 1}
True
True
True
True
True
True
True
True
True
True
True
True
True
True
True
True
True
True
True
True
True
True
True
True
True
True
True
True
True
True
True
True
True
True
True
True
True
True
True
True
LS: PDPairExchange | Count: 0 | TotalTime:0.000s | Cost:7.18
True
LS: mPDG | Count: 1 | TotalTime:0.001s | Cost:9.86
True
LS: PDPairExchange | Count: 0 | TotalTime:0.000s | Cost:10.10
True
LS: BlockRelocate | Count: 1 | TotalTime:0.001s | Cost:9.96
True
LS: PDPairExchange | Count: 0 | TotalTime:0.000s | Cost:10.10
True
LS: BlockRelocate | Count: 1 | TotalTime:0.000s | Cost:9.86
True
LS: BlockExchange | Count: 0 | TotalTime:0.000s | Cost:10.10
True
LS: BlockRelocate | Count: 1 | TotalTime:0.001s | Cost:7.54
True
LS: BlockExchange | Count: 0 | TotalTime:0.001s | Cost:10.10
True
LS: BlockExchange | Count: 0 | TotalTime:0.000s | Cost:10.10
True
LS: PDPairExchange | Count: 0 | TotalTime:0.000s | Cost:10.10
True
Generation 1: Best = 7.18, Worst = 187918.79, Avg = 4707.66, Time: 0.07332563400268555
True
True
True
True
True
True
True
True
True
True
True
True
True
True
True
True
True
True
True
True
True
True
True
True
True
True
True
True
True
True
True
True
LS: PDPairExchange | Count: 0 | TotalTime:0.000s | Cost:7.18
True
LS: BlockRelocate | Count: 1 | TotalTime:0.001s | Cost:7.30
True
LS: BlockExchange | Count: 0 | TotalTime:0.000s | Cost:8.08
True
LS: BlockRelocate | Count: 1 | TotalTime:0.001s | Cost:7.82
True
LS: PDPairExchange | Count: 0 | TotalTime:0.000s | Cost:8.08
True
LS: mPDG | Count: 1 | TotalTime:0.001s | Cost:7.84
True
LS: PDPairExchange | Count: 0 | TotalTime:0.000s | Cost:8.08
True
LS: PDPairExchange | Count: 0 | TotalTime:0.000s | Cost:8.08
True
LS: PDPairExchange | Count: 0 | TotalTime:0.000s | Cost:8.08
True
LS: BlockExchange | Count: 0 | TotalTime:0.000s | Cost:8.08
True
LS: BlockRelocate | Count: 1 | TotalTime:0.001s | Cost:7.84
True
Generation 2: Best = 7.18, Worst = 10.10, Avg = 8.36, Time: 0.08259701728820801
True
True
True
True
True
True
True
True
True
True
True
True
True
True
True
True
True
True
True
True
True
True
True
True
True
True
True
True
True
True
True
True
LS: BlockExchange | Count: 0 | TotalTime:0.000s | Cost:7.18
True
LS: BlockRelocate | Count: 1 | TotalTime:0.000s | Cost:7.22
True
LS: BlockRelocate | Count: 1 | TotalTime:0.001s | Cost:7.58
True
LS: BlockRelocate | Count: 1 | TotalTime:0.002s | Cost:7.74
True
LS: mPDG | Count: 0 | TotalTime:0.001s | Cost:7.84
True
LS: mPDG | Count: 1 | TotalTime:0.001s | Cost:7.84
True
LS: mPDG | Count: 1 | TotalTime:0.001s | Cost:7.84
True
LS: BlockExchange | Count: 0 | TotalTime:0.000s | Cost:8.08
True
LS: mPDG | Count: 1 | TotalTime:0.001s | Cost:7.84
True
LS: BlockExchange | Count: 0 | TotalTime:0.000s | Cost:8.08
True
LS: BlockRelocate | Count: 1 | TotalTime:0.001s | Cost:7.94
True
Generation 3: Best = 7.18, Worst = 10.10, Avg = 8.24, Time: 0.08006429672241211
True
True
True
True
True
True
True
True
True
True
True
True
True
True
True
True
True
True
True
True
True
True
True
True
True
True
True
True
True
True
True
True
LS: mPDG | Count: 0 | TotalTime:0.001s | Cost:7.18
True
LS: BlockRelocate | Count: 0 | TotalTime:0.002s | Cost:7.22
True
LS: BlockRelocate | Count: 1 | TotalTime:0.002s | Cost:7.18
True
LS: BlockRelocate | Count: 1 | TotalTime:0.002s | Cost:7.48
True
LS: BlockExchange | Count: 1 | TotalTime:0.000s | Cost:7.44
True
LS: mPDG | Count: 0 | TotalTime:0.001s | Cost:7.84
True
LS: mPDG | Count: 0 | TotalTime:0.001s | Cost:7.84
True
LS: mPDG | Count: 0 | TotalTime:0.001s | Cost:7.84
True
LS: mPDG | Count: 0 | TotalTime:0.001s | Cost:7.84
True
LS: BlockExchange | Count: 0 | TotalTime:0.000s | Cost:8.08
True
LS: BlockExchange | Count: 0 | TotalTime:0.000s | Cost:8.08
True
Generation 4: Best = 7.18, Worst = 10.10, Avg = 8.56, Time: 0.08307266235351562
True
True
True
True
True
True
True
True
True
True
True
True
True
True
True
True
True
True
True
True
True
True
True
True
True
True
True
True
True
True
True
True
LS: PDPairExchange | Count: 0 | TotalTime:0.000s | Cost:7.18
True
LS: BlockRelocate | Count: 0 | TotalTime:0.002s | Cost:7.18
True
LS: BlockRelocate | Count: 0 | TotalTime:0.002s | Cost:7.22
True
LS: BlockExchange | Count: 0 | TotalTime:0.000s | Cost:7.44
True
LS: BlockRelocate | Count: 0 | TotalTime:0.002s | Cost:7.48
True
LS: mPDG | Count: 0 | TotalTime:0.001s | Cost:7.84
True
LS: mPDG | Count: 0 | TotalTime:0.001s | Cost:7.84
True
LS: mPDG | Count: 0 | TotalTime:0.001s | Cost:7.84
True
LS: BlockExchange | Count: 0 | TotalTime:0.000s | Cost:8.08
True
LS: mPDG | Count: 1 | TotalTime:0.001s | Cost:7.84
True
LS: BlockExchange | Count: 0 | TotalTime:0.000s | Cost:8.08
True
Generation 5: Best = 7.18, Worst = 10.10, Avg = 8.77, Time: 0.08213400840759277
Stopping early due to lack of improvement.
Total runtime: 1.30s (0.0 minutes)
True
LS: mPDG:0(0.000s) | BlockRelocate:0(0.002s) | PDPairExchange:0(0.000s) | BlockExchange:0(0.000s) | TotalTime:0.003s | Cost:7.18
True
True
LS: BlockRelocate:0(0.000s) | PDPairExchange:0(0.000s) | BlockExchange:0(0.000s) | mPDG:0(0.001s) | TotalTime:0.002s | Cost:7.18
True
True
LS: BlockRelocate:0(0.000s) | PDPairExchange:0(0.000s) | BlockExchange:0(0.000s) | mPDG:0(0.002s) | TotalTime:0.003s | Cost:7.22
True
True
LS: BlockExchange:0(0.000s) | PDPairExchange:0(0.001s) | BlockRelocate:1(0.004s) | mPDG:0(0.001s) | TotalTime:0.006s | Cost:7.18
True
True
LS: BlockRelocate:0(0.000s) | PDPairExchange:1(0.001s) | BlockExchange:0(0.000s) | mPDG:0(0.001s) | TotalTime:0.002s | Cost:7.18
True

The solution initialized by Cheapest Insertion:
V_1:[] V_2:[d15_0302310004-15 p1_0321200008-1 d1_0321200008-1] V_3:[d1_0221280003-1 p16_0312080006-1 d16_0312080006-16] V_4:[] V_5:[d6_0302310004-21 p2_0320140007-1 p1_0341360009-1 d1_0341360009-1 d2_0320140007-2 d2_0304490005-2]
The fitness value before EA: 7.179999999999998
V_1:[] V_2:[d15_0302310004-15 p1_0321200008-1 d1_0321200008-1] V_3:[d1_0221280003-1 p16_0312080006-1 d16_0312080006-16] V_4:[] V_5:[d6_0302310004-21 p2_0320140007-1 p1_0341360009-1 d1_0341360009-1 d2_0320140007-2 d2_0304490005-2]
The fitness value after EA: 7.179999999999998

Thoi gian thuc hien thuat toan:  1.3290519714355469
SUCCESS

2025-10-04 08:43:16,605 [simulate_environment.py | 256] INFO: 2025-10-04 03:50:00, Item 0312080006-1: state = 1 < 2, we can not finish the simulation
2025-10-04 08:43:16,605 [simulate_environment.py | 99] INFO: **************************************************
2025-10-04 08:43:16,605 [simulate_environment.py | 103] INFO: cur time: 2025-10-04 04:00:00, pre time: 2025-10-04 03:50:00
2025-10-04 08:43:16,605 [simulate_environment.py | 140] INFO: Start to update the input of 2025-10-04 04:00:00
2025-10-04 08:43:16,606 [simulate_environment.py | 167] INFO: Get 20 unallocated order items, 24 ongoing order items, 4 completed order items
2025-10-04 08:43:18,313 [simulate_environment.py | 234] INFO: 
Adaptive config applied: {'num_orders': 4, 'num_vehicles': 5, 'time_budget_sec': None, 'POPULATION_SIZE': 40, 'NUMBER_OF_GENERATION': 20, 'MUTATION_RATE': 0.1, 'LS_MAX': 20, 'LS_MAX_TIME_PER_OP': 3, 'LS_MAX_TIME_IN_SINGLE': 1}
True
True
True
True
True
True
True
True
True
True
True
True
True
True
True
True
True
True
True
True
True
True
True
True
True
True
True
True
True
True
True
True
True
True
True
True
True
True
True
True
LS: BlockExchange | Count: 0 | TotalTime:0.001s | Cost:7.18
True
LS: BlockExchange | Count: 0 | TotalTime:0.001s | Cost:10.10
True
LS: BlockRelocate | Count: 1 | TotalTime:0.001s | Cost:7.54
True
LS: PDPairExchange | Count: 0 | TotalTime:0.001s | Cost:10.10
True
LS: mPDG | Count: 1 | TotalTime:0.003s | Cost:9.86
True
LS: BlockExchange | Count: 0 | TotalTime:0.001s | Cost:10.10
True
LS: BlockRelocate | Count: 1 | TotalTime:0.001s | Cost:10.04
True
LS: BlockExchange | Count: 0 | TotalTime:0.001s | Cost:10.10
True
LS: BlockRelocate | Count: 1 | TotalTime:0.001s | Cost:10.04
True
LS: BlockExchange | Count: 0 | TotalTime:0.001s | Cost:10.10
True
LS: mPDG | Count: 1 | TotalTime:0.002s | Cost:9.86
True
Generation 1: Best = 7.18, Worst = 14.50, Avg = 10.06, Time: 0.09629487991333008
True
True
True
True
True
True
True
True
True
True
True
True
True
True
True
True
True
True
True
True
True
True
True
True
True
True
True
True
True
True
True
True
LS: mPDG | Count: 0 | TotalTime:0.002s | Cost:7.18
True
LS: BlockRelocate | Count: 1 | TotalTime:0.001s | Cost:7.48
True
LS: PDPairExchange | Count: 1 | TotalTime:0.000s | Cost:7.44
True
LS: PDPairExchange | Count: 1 | TotalTime:0.000s | Cost:7.44
True
LS: PDPairExchange | Count: 1 | TotalTime:0.000s | Cost:7.44
True
LS: BlockExchange | Count: 0 | TotalTime:0.000s | Cost:8.08
True
LS: BlockRelocate | Count: 1 | TotalTime:0.002s | Cost:7.94
True
LS: mPDG | Count: 1 | TotalTime:0.002s | Cost:7.84
True
LS: PDPairExchange | Count: 0 | TotalTime:0.000s | Cost:8.08
True
LS: BlockExchange | Count: 0 | TotalTime:0.000s | Cost:8.08
True
LS: PDPairExchange | Count: 0 | TotalTime:0.000s | Cost:8.08
True
Generation 2: Best = 7.18, Worst = 10.10, Avg = 8.37, Time: 0.09154725074768066
True
True
True
True
True
True
True
True
True
True
True
True
True
True
True
True
True
True
True
True
True
True
True
True
True
True
True
True
True
True
True
True
LS: PDPairExchange | Count: 0 | TotalTime:0.000s | Cost:7.18
True
LS: PDPairExchange | Count: 0 | TotalTime:0.000s | Cost:7.44
True
LS: PDPairExchange | Count: 0 | TotalTime:0.000s | Cost:7.44
True
LS: PDPairExchange | Count: 0 | TotalTime:0.000s | Cost:7.44
True
LS: BlockRelocate | Count: 0 | TotalTime:0.003s | Cost:7.48
True
LS: BlockExchange | Count: 1 | TotalTime:0.000s | Cost:7.44
True
LS: PDPairExchange | Count: 1 | TotalTime:0.000s | Cost:7.44
True
LS: BlockRelocate | Count: 1 | TotalTime:0.002s | Cost:7.48
True
LS: BlockRelocate | Count: 1 | TotalTime:0.002s | Cost:7.48
True
LS: mPDG | Count: 0 | TotalTime:0.001s | Cost:7.84
True
LS: BlockRelocate | Count: 1 | TotalTime:0.001s | Cost:7.84
True
Generation 3: Best = 7.18, Worst = 10.10, Avg = 8.58, Time: 0.08617639541625977
True
True
True
True
True
True
True
True
True
True
True
True
True
True
True
True
True
True
True
True
True
True
True
True
True
True
True
True
True
True
True
True
LS: mPDG | Count: 0 | TotalTime:0.002s | Cost:7.18
True
LS: PDPairExchange | Count: 0 | TotalTime:0.000s | Cost:7.44
True
LS: PDPairExchange | Count: 0 | TotalTime:0.000s | Cost:7.44
True
LS: PDPairExchange | Count: 0 | TotalTime:0.000s | Cost:7.44
True
LS: BlockExchange | Count: 0 | TotalTime:0.000s | Cost:7.44
True
LS: PDPairExchange | Count: 0 | TotalTime:0.000s | Cost:7.44
True
LS: BlockRelocate | Count: 0 | TotalTime:0.002s | Cost:7.48
True
LS: BlockRelocate | Count: 0 | TotalTime:0.002s | Cost:7.48
True
LS: PDPairExchange | Count: 1 | TotalTime:0.000s | Cost:7.44
True
LS: BlockExchange | Count: 1 | TotalTime:0.000s | Cost:7.44
True
LS: mPDG | Count: 0 | TotalTime:0.002s | Cost:7.74
True
Generation 4: Best = 7.18, Worst = 10.10, Avg = 8.76, Time: 0.08362889289855957
True
True
True
True
True
True
True
True
True
True
True
True
True
True
True
True
True
True
True
True
True
True
True
True
True
True
True
True
True
True
True
True
LS: mPDG | Count: 0 | TotalTime:0.001s | Cost:7.18
True
LS: PDPairExchange | Count: 0 | TotalTime:0.000s | Cost:7.44
True
LS: PDPairExchange | Count: 0 | TotalTime:0.000s | Cost:7.44
True
LS: PDPairExchange | Count: 0 | TotalTime:0.000s | Cost:7.44
True
LS: BlockExchange | Count: 0 | TotalTime:0.000s | Cost:7.44
True
LS: PDPairExchange | Count: 0 | TotalTime:0.000s | Cost:7.44
True
LS: PDPairExchange | Count: 0 | TotalTime:0.000s | Cost:7.44
True
LS: BlockExchange | Count: 0 | TotalTime:0.000s | Cost:7.44
True
LS: mPDG | Count: 0 | TotalTime:0.002s | Cost:7.74
True
LS: BlockRelocate | Count: 1 | TotalTime:0.002s | Cost:7.48
True
LS: mPDG | Count: 0 | TotalTime:0.002s | Cost:7.74
True
Generation 5: Best = 7.18, Worst = 10.10, Avg = 9.08, Time: 0.07869982719421387
Stopping early due to lack of improvement.
Total runtime: 1.27s (0.0 minutes)
True
LS: BlockExchange:0(0.000s) | PDPairExchange:0(0.000s) | mPDG:0(0.001s) | BlockRelocate:0(0.002s) | TotalTime:0.004s | Cost:7.18
True
True
LS: PDPairExchange:0(0.000s) | BlockExchange:0(0.001s) | BlockRelocate:1(0.004s) | mPDG:0(0.002s) | TotalTime:0.006s | Cost:7.18
True
True
LS: PDPairExchange:0(0.000s) | BlockExchange:0(0.001s) | BlockRelocate:1(0.003s) | mPDG:0(0.002s) | TotalTime:0.005s | Cost:7.18
True
True
LS: PDPairExchange:0(0.000s) | BlockExchange:0(0.001s) | BlockRelocate:1(0.003s) | mPDG:0(0.002s) | TotalTime:0.006s | Cost:7.18
True
True
LS: BlockExchange:0(0.000s) | PDPairExchange:0(0.001s) | BlockRelocate:1(0.003s) | mPDG:0(0.001s) | TotalTime:0.005s | Cost:7.18
True

The solution initialized by Cheapest Insertion:
V_1:[] V_2:[d15_0302310004-15 p1_0321200008-1 d1_0321200008-1] V_3:[d1_0221280003-1 p16_0312080006-1 d16_0312080006-16] V_4:[] V_5:[d6_0302310004-21 p2_0320140007-1 p1_0341360009-1 d1_0341360009-1 d2_0320140007-2 d2_0304490005-2]
The fitness value before EA: 7.179999999999998
V_1:[] V_2:[d15_0302310004-15 p1_0321200008-1 d1_0321200008-1] V_3:[d1_0221280003-1 p16_0312080006-1 d16_0312080006-16] V_4:[] V_5:[d6_0302310004-21 p2_0320140007-1 p1_0341360009-1 d1_0341360009-1 d2_0320140007-2 d2_0304490005-2]
The fitness value after EA: 7.179999999999998

Thoi gian thuc hien thuat toan:  1.307615041732788
SUCCESS

2025-10-04 08:43:18,315 [simulate_environment.py | 256] INFO: 2025-10-04 04:00:00, Item 0312080006-1: state = 1 < 2, we can not finish the simulation
2025-10-04 08:43:18,315 [simulate_environment.py | 99] INFO: **************************************************
2025-10-04 08:43:18,316 [simulate_environment.py | 103] INFO: cur time: 2025-10-04 04:10:00, pre time: 2025-10-04 04:00:00
2025-10-04 08:43:18,316 [simulate_environment.py | 140] INFO: Start to update the input of 2025-10-04 04:10:00
2025-10-04 08:43:18,316 [simulate_environment.py | 167] INFO: Get 5 unallocated order items, 39 ongoing order items, 5 completed order items
2025-10-04 08:43:19,971 [simulate_environment.py | 234] INFO: 
Adaptive config applied: {'num_orders': 4, 'num_vehicles': 5, 'time_budget_sec': None, 'POPULATION_SIZE': 40, 'NUMBER_OF_GENERATION': 20, 'MUTATION_RATE': 0.1, 'LS_MAX': 20, 'LS_MAX_TIME_PER_OP': 3, 'LS_MAX_TIME_IN_SINGLE': 1}
True
True
True
True
True
True
True
True
True
True
True
True
True
True
True
True
True
True
True
True
True
True
True
True
True
True
True
True
True
True
True
True
True
True
True
True
True
True
True
True
LS: PDPairExchange | Count: 0 | TotalTime:0.000s | Cost:10.64
True
LS: mPDG | Count: 1 | TotalTime:0.001s | Cost:13.32
True
LS: BlockExchange | Count: 0 | TotalTime:0.001s | Cost:13.56
True
LS: BlockRelocate | Count: 1 | TotalTime:0.001s | Cost:13.32
True
LS: PDPairExchange | Count: 0 | TotalTime:0.000s | Cost:13.56
True
LS: BlockExchange | Count: 0 | TotalTime:0.000s | Cost:13.56
True
LS: PDPairExchange | Count: 0 | TotalTime:0.000s | Cost:13.56
True
LS: BlockExchange | Count: 0 | TotalTime:0.000s | Cost:13.56
True
LS: BlockRelocate | Count: 1 | TotalTime:0.001s | Cost:13.50
True
LS: BlockExchange | Count: 0 | TotalTime:0.000s | Cost:13.56
True
LS: BlockRelocate | Count: 1 | TotalTime:0.001s | Cost:13.32
True
Generation 1: Best = 10.64, Worst = 24693.84, Avg = 630.47, Time: 0.07720494270324707
True
True
True
True
True
True
True
True
True
True
True
True
True
True
True
True
True
True
True
True
True
True
True
True
True
True
True
True
True
True
True
True
LS: BlockExchange | Count: 0 | TotalTime:0.000s | Cost:10.64
True
LS: BlockRelocate | Count: 1 | TotalTime:0.001s | Cost:10.94
True
LS: PDPairExchange | Count: 1 | TotalTime:0.000s | Cost:10.90
True
LS: PDPairExchange | Count: 1 | TotalTime:0.000s | Cost:10.90
True
LS: mPDG | Count: 0 | TotalTime:0.001s | Cost:13.32
True
LS: BlockRelocate | Count: 1 | TotalTime:0.000s | Cost:13.20
True
LS: BlockRelocate | Count: 1 | TotalTime:0.000s | Cost:10.76
True
LS: BlockRelocate | Count: 1 | TotalTime:0.002s | Cost:10.94
True
LS: BlockRelocate | Count: 1 | TotalTime:0.001s | Cost:13.50
True
LS: BlockRelocate | Count: 1 | TotalTime:0.001s | Cost:13.32
True
LS: BlockExchange | Count: 0 | TotalTime:0.000s | Cost:13.56
True
Generation 2: Best = 10.64, Worst = 13.56, Avg = 13.13, Time: 0.10036659240722656
True
True
True
True
True
True
True
True
True
True
True
True
True
True
True
True
True
True
True
True
True
True
True
True
True
True
True
True
True
True
True
True
LS: BlockExchange | Count: 0 | TotalTime:0.000s | Cost:10.64
True
LS: BlockRelocate | Count: 1 | TotalTime:0.001s | Cost:10.68
True
LS: PDPairExchange | Count: 0 | TotalTime:0.000s | Cost:10.90
True
LS: PDPairExchange | Count: 0 | TotalTime:0.000s | Cost:10.90
True
LS: BlockRelocate | Count: 0 | TotalTime:0.002s | Cost:10.94
True
LS: BlockRelocate | Count: 0 | TotalTime:0.002s | Cost:10.94
True
LS: PDPairExchange | Count: 1 | TotalTime:0.000s | Cost:10.90
True
LS: BlockExchange | Count: 1 | TotalTime:0.000s | Cost:10.90
True
LS: BlockRelocate | Count: 1 | TotalTime:0.001s | Cost:10.94
True
LS: BlockRelocate | Count: 1 | TotalTime:0.002s | Cost:10.64
True
LS: mPDG | Count: 0 | TotalTime:0.001s | Cost:13.32
True
Generation 3: Best = 10.64, Worst = 13.56, Avg = 12.87, Time: 0.08571767807006836
True
True
True
True
True
True
True
True
True
True
True
True
True
True
True
True
True
True
True
True
True
True
True
True
True
True
True
True
True
True
True
True
LS: BlockExchange | Count: 0 | TotalTime:0.000s | Cost:10.64
True
LS: BlockRelocate | Count: 0 | TotalTime:0.002s | Cost:10.64
True
LS: BlockRelocate | Count: 0 | TotalTime:0.002s | Cost:10.68
True
LS: PDPairExchange | Count: 0 | TotalTime:0.000s | Cost:10.90
True
LS: PDPairExchange | Count: 0 | TotalTime:0.000s | Cost:10.90
True
LS: PDPairExchange | Count: 0 | TotalTime:0.000s | Cost:10.90
True
LS: BlockExchange | Count: 0 | TotalTime:0.000s | Cost:10.90
True
LS: BlockRelocate | Count: 0 | TotalTime:0.002s | Cost:10.94
True
LS: PDPairExchange | Count: 1 | TotalTime:0.000s | Cost:10.90
True
LS: BlockExchange | Count: 1 | TotalTime:0.000s | Cost:10.90
True
LS: BlockRelocate | Count: 1 | TotalTime:0.001s | Cost:10.94
True
Generation 4: Best = 10.64, Worst = 13.56, Avg = 12.81, Time: 0.09130024909973145
True
True
True
True
True
True
True
True
True
True
True
True
True
True
True
True
True
True
True
True
True
True
True
True
True
True
True
True
True
True
True
True
LS: BlockExchange | Count: 0 | TotalTime:0.000s | Cost:10.64
True
LS: BlockRelocate | Count: 0 | TotalTime:0.002s | Cost:10.64
True
LS: BlockRelocate | Count: 0 | TotalTime:0.002s | Cost:10.68
True
LS: PDPairExchange | Count: 0 | TotalTime:0.000s | Cost:10.90
True
LS: PDPairExchange | Count: 0 | TotalTime:0.000s | Cost:10.90
True
LS: PDPairExchange | Count: 0 | TotalTime:0.000s | Cost:10.90
True
LS: BlockExchange | Count: 0 | TotalTime:0.000s | Cost:10.90
True
LS: PDPairExchange | Count: 0 | TotalTime:0.000s | Cost:10.90
True
LS: BlockRelocate | Count: 1 | TotalTime:0.002s | Cost:10.94
True
LS: BlockRelocate | Count: 1 | TotalTime:0.002s | Cost:10.94
True
LS: mPDG | Count: 0 | TotalTime:0.002s | Cost:11.20
True
Generation 5: Best = 10.64, Worst = 13.56, Avg = 12.76, Time: 0.08925080299377441
Stopping early due to lack of improvement.
Total runtime: 1.27s (0.0 minutes)
True
LS: BlockExchange:0(0.000s) | BlockRelocate:0(0.002s) | PDPairExchange:0(0.000s) | mPDG:0(0.001s) | TotalTime:0.004s | Cost:10.64
True
True
LS: BlockRelocate:0(0.000s) | PDPairExchange:0(0.000s) | BlockExchange:0(0.000s) | mPDG:0(0.001s) | TotalTime:0.002s | Cost:10.64
True
True
LS: BlockRelocate:0(0.000s) | PDPairExchange:0(0.000s) | BlockExchange:0(0.000s) | mPDG:0(0.002s) | TotalTime:0.003s | Cost:10.68
True
True
LS: PDPairExchange:0(0.000s) | BlockExchange:0(0.001s) | BlockRelocate:1(0.003s) | mPDG:0(0.001s) | TotalTime:0.005s | Cost:10.64
True
True
LS: PDPairExchange:0(0.000s) | BlockExchange:0(0.001s) | BlockRelocate:1(0.004s) | mPDG:0(0.001s) | TotalTime:0.006s | Cost:10.64
True

The solution initialized by Cheapest Insertion:
V_1:[] V_2:[d15_0302310004-15 p1_0321200008-1 d1_0321200008-1] V_3:[d16_0312080006-16 p1_0405380010-1 d1_0405380010-1] V_4:[] V_5:[d6_0302310004-21 p2_0320140007-1 p1_0341360009-1 d1_0341360009-1 d2_0320140007-2 d2_0304490005-2]
The fitness value before EA: 10.639999999999997
V_1:[] V_2:[d15_0302310004-15 p1_0321200008-1 d1_0321200008-1] V_3:[d16_0312080006-16 p1_0405380010-1 d1_0405380010-1] V_4:[] V_5:[d6_0302310004-21 p2_0320140007-1 p1_0341360009-1 d1_0341360009-1 d2_0320140007-2 d2_0304490005-2]
The fitness value after EA: 10.639999999999997

Thoi gian thuc hien thuat toan:  1.2974066734313965
SUCCESS

2025-10-04 08:43:19,974 [simulate_environment.py | 256] INFO: 2025-10-04 04:10:00, Item 0320140007-1: state = 1 < 2, we can not finish the simulation
2025-10-04 08:43:19,974 [simulate_environment.py | 99] INFO: **************************************************
2025-10-04 08:43:19,974 [simulate_environment.py | 103] INFO: cur time: 2025-10-04 04:20:00, pre time: 2025-10-04 04:10:00
2025-10-04 08:43:19,974 [simulate_environment.py | 140] INFO: Start to update the input of 2025-10-04 04:20:00
2025-10-04 08:43:19,976 [simulate_environment.py | 167] INFO: Get 6 unallocated order items, 39 ongoing order items, 5 completed order items
2025-10-04 08:43:21,784 [simulate_environment.py | 234] INFO: 
Adaptive config applied: {'num_orders': 5, 'num_vehicles': 5, 'time_budget_sec': None, 'POPULATION_SIZE': 40, 'NUMBER_OF_GENERATION': 20, 'MUTATION_RATE': 0.1, 'LS_MAX': 20, 'LS_MAX_TIME_PER_OP': 3, 'LS_MAX_TIME_IN_SINGLE': 1}
True
True
True
True
True
True
True
True
True
True
True
True
True
True
True
True
True
True
True
True
True
True
True
True
True
True
True
True
True
True
True
True
True
True
True
True
True
True
True
True
LS: mPDG | Count: 0 | TotalTime:0.002s | Cost:9.36
True
LS: PDPairExchange | Count: 0 | TotalTime:0.001s | Cost:12.10
True
LS: BlockRelocate | Count: 1 | TotalTime:0.001s | Cost:12.02
True
LS: mPDG | Count: 1 | TotalTime:0.002s | Cost:9.44
True
LS: mPDG | Count: 1 | TotalTime:0.002s | Cost:9.44
True
LS: mPDG | Count: 1 | TotalTime:0.002s | Cost:9.44
True
LS: BlockRelocate | Count: 1 | TotalTime:0.002s | Cost:9.44
True
LS: mPDG | Count: 1 | TotalTime:0.002s | Cost:9.44
True
LS: PDPairExchange | Count: 0 | TotalTime:0.001s | Cost:12.10
True
LS: BlockExchange | Count: 0 | TotalTime:0.001s | Cost:12.10
True
LS: BlockRelocate | Count: 1 | TotalTime:0.001s | Cost:9.44
True
Generation 1: Best = 9.36, Worst = 5201.25, Avg = 141.36, Time: 0.09732961654663086
True
True
True
True
True
True
True
True
True
True
True
True
True
True
True
True
True
True
True
True
True
True
True
True
True
True
True
True
True
True
True
True
LS: BlockRelocate | Count: 0 | TotalTime:0.003s | Cost:9.36
True
LS: mPDG | Count: 0 | TotalTime:0.002s | Cost:9.44
True
LS: mPDG | Count: 0 | TotalTime:0.002s | Cost:9.44
True
LS: mPDG | Count: 0 | TotalTime:0.002s | Cost:9.44
True
LS: BlockRelocate | Count: 1 | TotalTime:0.002s | Cost:9.36
True
LS: mPDG | Count: 0 | TotalTime:0.002s | Cost:9.44
True
LS: BlockRelocate | Count: 1 | TotalTime:0.002s | Cost:9.36
True
LS: BlockRelocate | Count: 1 | TotalTime:0.001s | Cost:9.72
True
LS: BlockRelocate | Count: 1 | TotalTime:0.003s | Cost:11.92
True
LS: mPDG | Count: 1 | TotalTime:0.002s | Cost:9.44
True
LS: mPDG | Count: 1 | TotalTime:0.002s | Cost:9.44
True
Generation 2: Best = 9.36, Worst = 12.10, Avg = 11.43, Time: 0.11999893188476562
True
True
True
True
True
True
True
True
True
True
True
True
True
True
True
True
True
True
True
True
True
True
True
True
True
True
True
True
True
True
True
True
LS: BlockRelocate | Count: 0 | TotalTime:0.003s | Cost:9.36
True
LS: BlockRelocate | Count: 0 | TotalTime:0.003s | Cost:9.36
True
LS: BlockRelocate | Count: 0 | TotalTime:0.003s | Cost:9.36
True
LS: mPDG | Count: 0 | TotalTime:0.002s | Cost:9.44
True
LS: mPDG | Count: 0 | TotalTime:0.002s | Cost:9.44
True
LS: mPDG | Count: 0 | TotalTime:0.002s | Cost:9.44
True
LS: mPDG | Count: 0 | TotalTime:0.002s | Cost:9.44
True
LS: mPDG | Count: 0 | TotalTime:0.002s | Cost:9.44
True
LS: BlockRelocate | Count: 1 | TotalTime:0.001s | Cost:9.44
True
LS: BlockExchange | Count: 0 | TotalTime:0.001s | Cost:12.10
True
LS: mPDG | Count: 1 | TotalTime:0.002s | Cost:9.44
True
Generation 3: Best = 9.36, Worst = 12.10, Avg = 11.43, Time: 0.11377763748168945
True
True
True
True
True
True
True
True
True
True
True
True
True
True
True
True
True
True
True
True
True
True
True
True
True
True
True
True
True
True
True
True
LS: mPDG | Count: 0 | TotalTime:0.002s | Cost:9.36
True
LS: BlockRelocate | Count: 0 | TotalTime:0.004s | Cost:9.36
True
LS: BlockRelocate | Count: 0 | TotalTime:0.004s | Cost:9.36
True
LS: mPDG | Count: 0 | TotalTime:0.002s | Cost:9.44
True
LS: mPDG | Count: 0 | TotalTime:0.002s | Cost:9.44
True
LS: mPDG | Count: 0 | TotalTime:0.002s | Cost:9.44
True
LS: mPDG | Count: 0 | TotalTime:0.002s | Cost:9.44
True
LS: mPDG | Count: 0 | TotalTime:0.002s | Cost:9.44
True
LS: BlockRelocate | Count: 1 | TotalTime:0.001s | Cost:9.44
True
LS: mPDG | Count: 1 | TotalTime:0.002s | Cost:9.44
True
LS: BlockRelocate | Count: 1 | TotalTime:0.000s | Cost:11.92
True
Generation 4: Best = 9.36, Worst = 12.10, Avg = 11.42, Time: 0.12610816955566406
True
True
True
True
True
True
True
True
True
True
True
True
True
True
True
True
True
True
True
True
True
True
True
True
True
True
True
True
True
True
True
True
LS: BlockExchange | Count: 0 | TotalTime:0.001s | Cost:9.36
True
LS: BlockRelocate | Count: 0 | TotalTime:0.003s | Cost:9.36
True
LS: BlockRelocate | Count: 0 | TotalTime:0.003s | Cost:9.36
True
LS: mPDG | Count: 0 | TotalTime:0.002s | Cost:9.44
True
LS: mPDG | Count: 0 | TotalTime:0.002s | Cost:9.44
True
LS: mPDG | Count: 0 | TotalTime:0.002s | Cost:9.44
True
LS: mPDG | Count: 0 | TotalTime:0.002s | Cost:9.44
True
LS: mPDG | Count: 0 | TotalTime:0.002s | Cost:9.44
True
LS: PDPairExchange | Count: 0 | TotalTime:0.001s | Cost:12.10
True
LS: BlockExchange | Count: 0 | TotalTime:0.001s | Cost:12.10
True
LS: mPDG | Count: 1 | TotalTime:0.002s | Cost:9.44
True
Generation 5: Best = 9.36, Worst = 12.10, Avg = 11.50, Time: 0.11033010482788086
Stopping early due to lack of improvement.
Total runtime: 1.41s (0.0 minutes)
True
LS: PDPairExchange:0(0.000s) | mPDG:0(0.002s) | BlockRelocate:0(0.003s) | BlockExchange:0(0.001s) | TotalTime:0.006s | Cost:9.36
True
True
LS: BlockRelocate:0(0.000s) | PDPairExchange:0(0.000s) | BlockExchange:0(0.001s) | mPDG:0(0.002s) | TotalTime:0.003s | Cost:9.36
True
True
LS: BlockRelocate:0(0.000s) | PDPairExchange:0(0.000s) | BlockExchange:0(0.001s) | mPDG:0(0.002s) | TotalTime:0.003s | Cost:9.36
True
True
LS: mPDG:0(0.000s) | PDPairExchange:0(0.001s) | BlockExchange:0(0.001s) | BlockRelocate:1(0.007s) | TotalTime:0.009s | Cost:9.36
True
True
LS: mPDG:0(0.000s) | PDPairExchange:0(0.001s) | BlockExchange:0(0.001s) | BlockRelocate:1(0.006s) | TotalTime:0.008s | Cost:9.36
True

The solution initialized by Cheapest Insertion:
V_1:[] V_2:[d15_0302310004-15 p1_0321200008-1 d1_0321200008-1] V_3:[d16_0312080006-16 p1_0405380010-1 d1_0405380010-1] V_4:[] V_5:[d6_0302310004-21 p2_0320140007-1 p1_0341360009-1 d1_0341360009-1 d2_0320140007-2 d2_0304490005-2 p1_0417500011-1 d1_0417500011-1]
The fitness value before EA: 9.36
V_1:[] V_2:[d15_0302310004-15 p1_0321200008-1 d1_0321200008-1] V_3:[d16_0312080006-16 p1_0405380010-1 d1_0405380010-1] V_4:[] V_5:[d6_0302310004-21 p2_0320140007-1 p1_0341360009-1 d1_0341360009-1 d2_0320140007-2 d2_0304490005-2 p1_0417500011-1 d1_0417500011-1]
The fitness value after EA: 9.36

Thoi gian thuc hien thuat toan:  1.4582273960113525
SUCCESS

2025-10-04 08:43:21,787 [simulate_environment.py | 256] INFO: 2025-10-04 04:20:00, Item 0320140007-1: state = 1 < 2, we can not finish the simulation
2025-10-04 08:43:21,787 [simulate_environment.py | 99] INFO: **************************************************
2025-10-04 08:43:21,787 [simulate_environment.py | 103] INFO: cur time: 2025-10-04 04:30:00, pre time: 2025-10-04 04:20:00
2025-10-04 08:43:21,787 [simulate_environment.py | 140] INFO: Start to update the input of 2025-10-04 04:30:00
2025-10-04 08:43:21,788 [simulate_environment.py | 167] INFO: Get 7 unallocated order items, 39 ongoing order items, 5 completed order items
2025-10-04 08:43:23,769 [simulate_environment.py | 234] INFO: 
Adaptive config applied: {'num_orders': 6, 'num_vehicles': 5, 'time_budget_sec': None, 'POPULATION_SIZE': 40, 'NUMBER_OF_GENERATION': 20, 'MUTATION_RATE': 0.1, 'LS_MAX': 20, 'LS_MAX_TIME_PER_OP': 3, 'LS_MAX_TIME_IN_SINGLE': 1}
True
True
True
True
True
True
True
True
True
True
True
True
True
True
True
True
True
True
True
True
True
True
True
True
True
True
True
True
True
True
True
True
True
True
True
True
True
True
True
True
LS: mPDG | Count: 0 | TotalTime:0.003s | Cost:13.08
True
LS: mPDG | Count: 1 | TotalTime:0.002s | Cost:13.16
True
LS: BlockExchange | Count: 0 | TotalTime:0.001s | Cost:13.40
True
LS: BlockRelocate | Count: 1 | TotalTime:0.003s | Cost:13.16
True
LS: BlockRelocate | Count: 1 | TotalTime:0.001s | Cost:13.32
True
LS: BlockRelocate | Count: 1 | TotalTime:0.002s | Cost:13.16
True
LS: mPDG | Count: 1 | TotalTime:0.002s | Cost:13.16
True
LS: BlockRelocate | Count: 1 | TotalTime:0.003s | Cost:13.22
True
LS: PDPairExchange | Count: 0 | TotalTime:0.001s | Cost:13.40
True
LS: mPDG | Count: 1 | TotalTime:0.002s | Cost:13.16
True
LS: mPDG | Count: 1 | TotalTime:0.002s | Cost:13.16
True
Generation 1: Best = 13.08, Worst = 40306.83, Avg = 1020.69, Time: 0.11368441581726074
True
True
True
True
True
True
True
True
True
True
True
True
True
True
True
True
True
True
True
True
True
True
True
True
True
True
True
True
True
True
True
True
LS: BlockRelocate | Count: 0 | TotalTime:0.005s | Cost:13.08
True
LS: mPDG | Count: 0 | TotalTime:0.003s | Cost:13.16
True
LS: BlockRelocate | Count: 1 | TotalTime:0.004s | Cost:13.08
True
LS: BlockRelocate | Count: 1 | TotalTime:0.005s | Cost:13.08
True
LS: mPDG | Count: 0 | TotalTime:0.003s | Cost:13.16
True
LS: mPDG | Count: 0 | TotalTime:0.003s | Cost:13.16
True
LS: mPDG | Count: 0 | TotalTime:0.003s | Cost:13.16
True
LS: BlockRelocate | Count: 1 | TotalTime:0.001s | Cost:13.08
True
LS: BlockExchange | Count: 0 | TotalTime:0.001s | Cost:13.40
True
LS: mPDG | Count: 1 | TotalTime:0.002s | Cost:13.16
True
LS: PDPairExchange | Count: 0 | TotalTime:0.001s | Cost:13.40
True
Generation 2: Best = 13.08, Worst = 15.34, Avg = 14.11, Time: 0.1401379108428955
True
True
True
True
True
True
True
True
True
True
True
True
True
True
True
True
True
True
True
True
True
True
True
True
True
True
True
True
True
True
True
True
LS: BlockRelocate | Count: 0 | TotalTime:0.005s | Cost:13.08
True
LS: BlockRelocate | Count: 0 | TotalTime:0.005s | Cost:13.08
True
LS: BlockRelocate | Count: 0 | TotalTime:0.005s | Cost:13.08
True
LS: BlockRelocate | Count: 0 | TotalTime:0.005s | Cost:13.08
True
LS: mPDG | Count: 0 | TotalTime:0.002s | Cost:13.16
True
LS: mPDG | Count: 0 | TotalTime:0.002s | Cost:13.16
True
LS: mPDG | Count: 0 | TotalTime:0.002s | Cost:13.16
True
LS: mPDG | Count: 0 | TotalTime:0.002s | Cost:13.16
True
LS: mPDG | Count: 1 | TotalTime:0.002s | Cost:13.16
True
LS: PDPairExchange | Count: 0 | TotalTime:0.001s | Cost:13.40
True
LS: BlockExchange | Count: 0 | TotalTime:0.001s | Cost:13.40
True
Generation 3: Best = 13.08, Worst = 15.34, Avg = 14.02, Time: 0.13826465606689453
True
True
True
True
True
True
True
True
True
True
True
True
True
True
True
True
True
True
True
True
True
True
True
True
True
True
True
True
True
True
True
True
LS: BlockRelocate | Count: 0 | TotalTime:0.005s | Cost:13.08
True
LS: BlockRelocate | Count: 0 | TotalTime:0.005s | Cost:13.08
True
LS: BlockRelocate | Count: 0 | TotalTime:0.005s | Cost:13.08
True
LS: BlockRelocate | Count: 0 | TotalTime:0.005s | Cost:13.08
True
LS: mPDG | Count: 0 | TotalTime:0.002s | Cost:13.16
True
LS: mPDG | Count: 0 | TotalTime:0.002s | Cost:13.16
True
LS: mPDG | Count: 0 | TotalTime:0.002s | Cost:13.16
True
LS: mPDG | Count: 0 | TotalTime:0.002s | Cost:13.16
True
LS: mPDG | Count: 1 | TotalTime:0.002s | Cost:13.16
True
LS: BlockRelocate | Count: 1 | TotalTime:0.001s | Cost:13.32
True
LS: PDPairExchange | Count: 0 | TotalTime:0.001s | Cost:13.40
True
Generation 4: Best = 13.08, Worst = 15.34, Avg = 14.35, Time: 0.13589048385620117
True
True
True
True
True
True
True
True
True
True
True
True
True
True
True
True
True
True
True
True
True
True
True
True
True
True
True
True
True
True
True
True
LS: BlockExchange | Count: 0 | TotalTime:0.001s | Cost:13.08
True
LS: BlockRelocate | Count: 0 | TotalTime:0.005s | Cost:13.08
True
LS: BlockRelocate | Count: 0 | TotalTime:0.005s | Cost:13.08
True
LS: BlockRelocate | Count: 0 | TotalTime:0.005s | Cost:13.08
True
LS: mPDG | Count: 0 | TotalTime:0.002s | Cost:13.16
True
LS: mPDG | Count: 0 | TotalTime:0.002s | Cost:13.16
True
LS: mPDG | Count: 0 | TotalTime:0.002s | Cost:13.16
True
LS: mPDG | Count: 0 | TotalTime:0.003s | Cost:13.16
True
LS: PDPairExchange | Count: 0 | TotalTime:0.001s | Cost:13.40
True
LS: PDPairExchange | Count: 0 | TotalTime:0.001s | Cost:13.40
True
LS: PDPairExchange | Count: 0 | TotalTime:0.001s | Cost:13.40
True
Generation 5: Best = 13.08, Worst = 15.34, Avg = 14.17, Time: 0.1372685432434082
Stopping early due to lack of improvement.
Total runtime: 1.56s (0.0 minutes)
True
LS: mPDG:0(0.000s) | BlockExchange:0(0.001s) | PDPairExchange:0(0.001s) | BlockRelocate:0(0.005s) | TotalTime:0.007s | Cost:13.08
True
True
LS: BlockRelocate:0(0.000s) | PDPairExchange:0(0.001s) | BlockExchange:0(0.001s) | mPDG:0(0.003s) | TotalTime:0.005s | Cost:13.08
True
True
LS: BlockRelocate:0(0.000s) | PDPairExchange:0(0.001s) | BlockExchange:0(0.001s) | mPDG:0(0.003s) | TotalTime:0.005s | Cost:13.08
True
True
LS: BlockRelocate:0(0.000s) | PDPairExchange:0(0.001s) | BlockExchange:0(0.001s) | mPDG:0(0.003s) | TotalTime:0.005s | Cost:13.08
True
True
LS: mPDG:0(0.000s) | PDPairExchange:0(0.002s) | BlockExchange:0(0.002s) | BlockRelocate:1(0.007s) | TotalTime:0.010s | Cost:13.08
True

The solution initialized by Cheapest Insertion:
V_1:[] V_2:[d15_0302310004-15 p1_0321200008-1 d1_0321200008-1] V_3:[d16_0312080006-16 p1_0405380010-1 d1_0405380010-1] V_4:[p1_0423290012-1 d1_0423290012-1] V_5:[d6_0302310004-21 p2_0320140007-1 p1_0341360009-1 d1_0341360009-1 d2_0320140007-2 d2_0304490005-2 p1_0417500011-1 d1_0417500011-1]
The fitness value before EA: 13.079999999999998
V_1:[] V_2:[d15_0302310004-15 p1_0321200008-1 d1_0321200008-1] V_3:[d16_0312080006-16 p1_0405380010-1 d1_0405380010-1] V_4:[p1_0423290012-1 d1_0423290012-1] V_5:[d6_0302310004-21 p2_0320140007-1 p1_0341360009-1 d1_0341360009-1 d2_0320140007-2 d2_0304490005-2 p1_0417500011-1 d1_0417500011-1]
The fitness value after EA: 13.079999999999998

Thoi gian thuc hien thuat toan:  1.6229560375213623
SUCCESS

2025-10-04 08:43:23,772 [simulate_environment.py | 256] INFO: 2025-10-04 04:30:00, Item 0320140007-1: state = 1 < 2, we can not finish the simulation
2025-10-04 08:43:23,772 [simulate_environment.py | 99] INFO: **************************************************
2025-10-04 08:43:23,772 [simulate_environment.py | 103] INFO: cur time: 2025-10-04 04:40:00, pre time: 2025-10-04 04:30:00
2025-10-04 08:43:23,772 [simulate_environment.py | 140] INFO: Start to update the input of 2025-10-04 04:40:00
2025-10-04 08:43:23,773 [simulate_environment.py | 167] INFO: Get 11 unallocated order items, 33 ongoing order items, 11 completed order items
2025-10-04 08:43:25,543 [simulate_environment.py | 234] INFO: 
Adaptive config applied: {'num_orders': 5, 'num_vehicles': 5, 'time_budget_sec': None, 'POPULATION_SIZE': 40, 'NUMBER_OF_GENERATION': 20, 'MUTATION_RATE': 0.1, 'LS_MAX': 20, 'LS_MAX_TIME_PER_OP': 3, 'LS_MAX_TIME_IN_SINGLE': 1}
True
True
True
True
True
True
True
True
True
True
True
True
True
True
True
True
True
True
True
True
True
True
True
True
True
True
True
True
True
True
True
True
True
True
True
True
True
True
True
True
LS: BlockExchange | Count: 0 | TotalTime:0.001s | Cost:10.88
True
LS: mPDG | Count: 0 | TotalTime:0.003s | Cost:11.12
True
LS: BlockExchange | Count: 0 | TotalTime:0.001s | Cost:11.12
True
LS: BlockExchange | Count: 0 | TotalTime:0.001s | Cost:11.12
True
LS: mPDG | Count: 0 | TotalTime:0.002s | Cost:11.12
True
LS: mPDG | Count: 0 | TotalTime:0.002s | Cost:11.12
True
LS: PDPairExchange | Count: 0 | TotalTime:0.001s | Cost:11.12
True
LS: mPDG | Count: 0 | TotalTime:0.002s | Cost:11.12
True
LS: BlockRelocate | Count: 1 | TotalTime:0.002s | Cost:10.88
True
LS: mPDG | Count: 0 | TotalTime:0.003s | Cost:11.12
True
LS: BlockRelocate | Count: 1 | TotalTime:0.003s | Cost:10.88
True
Generation 1: Best = 10.88, Worst = 18.44, Avg = 11.29, Time: 0.09767317771911621
True
True
True
True
True
True
True
True
True
True
True
True
True
True
True
True
True
True
True
True
True
True
True
True
True
True
True
True
True
True
True
True
LS: BlockExchange | Count: 0 | TotalTime:0.001s | Cost:10.88
True
LS: BlockRelocate | Count: 0 | TotalTime:0.004s | Cost:10.88
True
LS: BlockRelocate | Count: 0 | TotalTime:0.004s | Cost:10.88
True
LS: BlockExchange | Count: 0 | TotalTime:0.001s | Cost:11.12
True
LS: BlockExchange | Count: 0 | TotalTime:0.001s | Cost:11.12
True
LS: PDPairExchange | Count: 0 | TotalTime:0.001s | Cost:11.12
True
LS: PDPairExchange | Count: 0 | TotalTime:0.001s | Cost:11.12
True
LS: BlockExchange | Count: 0 | TotalTime:0.001s | Cost:11.12
True
LS: PDPairExchange | Count: 0 | TotalTime:0.001s | Cost:11.12
True
LS: PDPairExchange | Count: 0 | TotalTime:0.001s | Cost:11.12
True
LS: PDPairExchange | Count: 0 | TotalTime:0.001s | Cost:11.12
True
Generation 2: Best = 10.88, Worst = 11.12, Avg = 11.10, Time: 0.09924674034118652
True
True
True
True
True
True
True
True
True
True
True
True
True
True
True
True
True
True
True
True
True
True
True
True
True
True
True
True
True
True
True
True
LS: PDPairExchange | Count: 0 | TotalTime:0.001s | Cost:10.88
True
LS: BlockRelocate | Count: 0 | TotalTime:0.004s | Cost:10.88
True
LS: BlockRelocate | Count: 0 | TotalTime:0.004s | Cost:10.88
True
LS: PDPairExchange | Count: 0 | TotalTime:0.001s | Cost:11.12
True
LS: PDPairExchange | Count: 0 | TotalTime:0.001s | Cost:11.12
True
LS: PDPairExchange | Count: 0 | TotalTime:0.001s | Cost:11.12
True
LS: BlockRelocate | Count: 1 | TotalTime:0.002s | Cost:10.88
True
LS: BlockExchange | Count: 0 | TotalTime:0.001s | Cost:11.12
True
LS: BlockRelocate | Count: 1 | TotalTime:0.001s | Cost:10.88
True
LS: mPDG | Count: 0 | TotalTime:0.003s | Cost:11.12
True
LS: mPDG | Count: 0 | TotalTime:0.002s | Cost:11.12
True
Generation 3: Best = 10.88, Worst = 11.12, Avg = 11.09, Time: 0.10500812530517578
True
True
True
True
True
True
True
True
True
True
True
True
True
True
True
True
True
True
True
True
True
True
True
True
True
True
True
True
True
True
True
True
LS: mPDG | Count: 0 | TotalTime:0.003s | Cost:10.88
True
LS: BlockRelocate | Count: 0 | TotalTime:0.004s | Cost:10.88
True
LS: BlockRelocate | Count: 0 | TotalTime:0.004s | Cost:10.88
True
LS: BlockRelocate | Count: 0 | TotalTime:0.004s | Cost:10.88
True
LS: BlockRelocate | Count: 0 | TotalTime:0.004s | Cost:10.88
True
LS: mPDG | Count: 0 | TotalTime:0.003s | Cost:11.12
True
LS: BlockExchange | Count: 0 | TotalTime:0.001s | Cost:11.12
True
LS: BlockExchange | Count: 0 | TotalTime:0.001s | Cost:11.12
True
LS: mPDG | Count: 0 | TotalTime:0.003s | Cost:11.12
True
LS: PDPairExchange | Count: 0 | TotalTime:0.001s | Cost:11.12
True
LS: PDPairExchange | Count: 0 | TotalTime:0.001s | Cost:11.12
True
Generation 4: Best = 10.88, Worst = 11.12, Avg = 11.09, Time: 0.1135561466217041
True
True
True
True
True
True
True
True
True
True
True
True
True
True
True
True
True
True
True
True
True
True
True
True
True
True
True
True
True
True
True
True
LS: PDPairExchange | Count: 0 | TotalTime:0.001s | Cost:10.88
True
LS: BlockRelocate | Count: 0 | TotalTime:0.004s | Cost:10.88
True
LS: BlockRelocate | Count: 0 | TotalTime:0.004s | Cost:10.88
True
LS: BlockRelocate | Count: 0 | TotalTime:0.004s | Cost:10.88
True
LS: BlockRelocate | Count: 0 | TotalTime:0.004s | Cost:10.88
True
LS: BlockExchange | Count: 0 | TotalTime:0.001s | Cost:11.12
True
LS: BlockRelocate | Count: 1 | TotalTime:0.004s | Cost:10.88
True
LS: PDPairExchange | Count: 0 | TotalTime:0.001s | Cost:11.12
True
LS: PDPairExchange | Count: 0 | TotalTime:0.001s | Cost:11.12
True
LS: mPDG | Count: 0 | TotalTime:0.003s | Cost:11.12
True
LS: BlockRelocate | Count: 1 | TotalTime:0.003s | Cost:10.88
True
Generation 5: Best = 10.88, Worst = 11.12, Avg = 11.08, Time: 0.11277604103088379
Stopping early due to lack of improvement.
Total runtime: 1.33s (0.0 minutes)
True
LS: BlockExchange:0(0.000s) | mPDG:0(0.003s) | BlockRelocate:0(0.004s) | PDPairExchange:0(0.000s) | TotalTime:0.008s | Cost:10.88
True
True
LS: BlockRelocate:0(0.000s) | PDPairExchange:0(0.000s) | BlockExchange:0(0.001s) | mPDG:0(0.003s) | TotalTime:0.004s | Cost:10.88
True
True
LS: BlockRelocate:0(0.000s) | PDPairExchange:0(0.001s) | BlockExchange:0(0.001s) | mPDG:0(0.005s) | TotalTime:0.007s | Cost:10.88
True
True
LS: BlockRelocate:0(0.000s) | PDPairExchange:0(0.000s) | BlockExchange:0(0.001s) | mPDG:0(0.002s) | TotalTime:0.004s | Cost:10.88
True
True
LS: BlockRelocate:0(0.000s) | PDPairExchange:0(0.000s) | BlockExchange:0(0.001s) | mPDG:0(0.003s) | TotalTime:0.004s | Cost:10.88
True

The solution initialized by Cheapest Insertion:
V_1:[] V_2:[d15_0302310004-15 p1_0321200008-1 d1_0321200008-1] V_3:[d16_0312080006-16 p1_0405380010-1 d1_0405380010-1] V_4:[p1_0423290012-1 d1_0423290012-1] V_5:[p2_0320140007-1 p1_0341360009-1 d1_0341360009-1 d2_0320140007-2 d2_0304490005-2 p1_0417500011-1 p4_0436090013-1 d4_0436090013-4 d1_0417500011-1]
The fitness value before EA: 10.879999999999999
V_1:[] V_2:[d15_0302310004-15 p1_0321200008-1 d1_0321200008-1] V_3:[d16_0312080006-16 p1_0405380010-1 d1_0405380010-1] V_4:[p1_0423290012-1 d1_0423290012-1] V_5:[p2_0320140007-1 p1_0341360009-1 d1_0341360009-1 d2_0320140007-2 d2_0304490005-2 p1_0417500011-1 p4_0436090013-1 d4_0436090013-4 d1_0417500011-1]
The fitness value after EA: 10.879999999999999

Thoi gian thuc hien thuat toan:  1.387601613998413
SUCCESS

2025-10-04 08:43:25,546 [simulate_environment.py | 256] INFO: 2025-10-04 04:40:00, Item 0320140007-1: state = 1 < 2, we can not finish the simulation
2025-10-04 08:43:25,546 [simulate_environment.py | 99] INFO: **************************************************
2025-10-04 08:43:25,546 [simulate_environment.py | 103] INFO: cur time: 2025-10-04 04:50:00, pre time: 2025-10-04 04:40:00
2025-10-04 08:43:25,546 [simulate_environment.py | 140] INFO: Start to update the input of 2025-10-04 04:50:00
2025-10-04 08:43:25,547 [simulate_environment.py | 167] INFO: Get 11 unallocated order items, 33 ongoing order items, 11 completed order items
2025-10-04 08:43:27,405 [simulate_environment.py | 234] INFO: 
Adaptive config applied: {'num_orders': 5, 'num_vehicles': 5, 'time_budget_sec': None, 'POPULATION_SIZE': 40, 'NUMBER_OF_GENERATION': 20, 'MUTATION_RATE': 0.1, 'LS_MAX': 20, 'LS_MAX_TIME_PER_OP': 3, 'LS_MAX_TIME_IN_SINGLE': 1}
True
True
True
True
True
True
True
True
True
True
True
True
True
True
True
True
True
True
True
True
True
True
True
True
True
True
True
True
True
True
True
True
True
True
True
True
True
True
True
True
LS: BlockRelocate | Count: 0 | TotalTime:0.005s | Cost:10.88
True
LS: mPDG | Count: 0 | TotalTime:0.003s | Cost:11.12
True
LS: BlockExchange | Count: 0 | TotalTime:0.001s | Cost:11.12
True
LS: BlockRelocate | Count: 1 | TotalTime:0.002s | Cost:10.88
True
LS: mPDG | Count: 0 | TotalTime:0.003s | Cost:11.12
True
LS: BlockRelocate | Count: 1 | TotalTime:0.001s | Cost:10.88
True
LS: PDPairExchange | Count: 0 | TotalTime:0.001s | Cost:11.12
True
LS: BlockRelocate | Count: 1 | TotalTime:0.001s | Cost:10.88
True
LS: PDPairExchange | Count: 0 | TotalTime:0.001s | Cost:11.12
True
LS: PDPairExchange | Count: 0 | TotalTime:0.001s | Cost:11.12
True
LS: BlockRelocate | Count: 1 | TotalTime:0.002s | Cost:10.88
True
Generation 1: Best = 10.88, Worst = 37350.35, Avg = 944.57, Time: 0.09413003921508789
True
True
True
True
True
True
True
True
True
True
True
True
True
True
True
True
True
True
True
True
True
True
True
True
True
True
True
True
True
True
True
True
LS: mPDG | Count: 0 | TotalTime:0.003s | Cost:10.88
True
LS: BlockRelocate | Count: 0 | TotalTime:0.004s | Cost:10.88
True
LS: BlockRelocate | Count: 0 | TotalTime:0.004s | Cost:10.88
True
LS: BlockRelocate | Count: 0 | TotalTime:0.004s | Cost:10.88
True
LS: BlockRelocate | Count: 0 | TotalTime:0.004s | Cost:10.88
True
LS: BlockExchange | Count: 0 | TotalTime:0.001s | Cost:11.12
True
LS: BlockRelocate | Count: 1 | TotalTime:0.001s | Cost:10.88
True
LS: BlockRelocate | Count: 1 | TotalTime:0.002s | Cost:10.88
True
LS: mPDG | Count: 0 | TotalTime:0.002s | Cost:11.12
True
LS: PDPairExchange | Count: 0 | TotalTime:0.001s | Cost:11.12
True
LS: PDPairExchange | Count: 0 | TotalTime:0.001s | Cost:11.12
True
Generation 2: Best = 10.88, Worst = 11.12, Avg = 11.08, Time: 0.1117403507232666
True
True
True
True
True
True
True
True
True
True
True
True
True
True
True
True
True
True
True
True
True
True
True
True
True
True
True
True
True
True
True
True
LS: PDPairExchange | Count: 0 | TotalTime:0.001s | Cost:10.88
True
LS: BlockRelocate | Count: 0 | TotalTime:0.004s | Cost:10.88
True
LS: BlockRelocate | Count: 0 | TotalTime:0.004s | Cost:10.88
True
LS: BlockRelocate | Count: 0 | TotalTime:0.004s | Cost:10.88
True
LS: BlockRelocate | Count: 0 | TotalTime:0.004s | Cost:10.88
True
LS: BlockRelocate | Count: 0 | TotalTime:0.004s | Cost:10.88
True
LS: BlockRelocate | Count: 0 | TotalTime:0.004s | Cost:10.88
True
LS: BlockExchange | Count: 0 | TotalTime:0.001s | Cost:11.12
True
LS: mPDG | Count: 0 | TotalTime:0.003s | Cost:11.12
True
LS: BlockRelocate | Count: 1 | TotalTime:0.004s | Cost:10.88
True
LS: mPDG | Count: 0 | TotalTime:0.003s | Cost:11.12
True
Generation 3: Best = 10.88, Worst = 11.12, Avg = 11.07, Time: 0.11865568161010742
True
True
True
True
True
True
True
True
True
True
True
True
True
True
True
True
True
True
True
True
True
True
True
True
True
True
True
True
True
True
True
True
LS: PDPairExchange | Count: 0 | TotalTime:0.001s | Cost:10.88
True
LS: BlockRelocate | Count: 0 | TotalTime:0.005s | Cost:10.88
True
LS: BlockRelocate | Count: 0 | TotalTime:0.004s | Cost:10.88
True
LS: BlockRelocate | Count: 0 | TotalTime:0.004s | Cost:10.88
True
LS: BlockRelocate | Count: 0 | TotalTime:0.004s | Cost:10.88
True
LS: BlockRelocate | Count: 0 | TotalTime:0.004s | Cost:10.88
True
LS: BlockRelocate | Count: 0 | TotalTime:0.004s | Cost:10.88
True
LS: BlockRelocate | Count: 0 | TotalTime:0.004s | Cost:10.88
True
LS: mPDG | Count: 0 | TotalTime:0.003s | Cost:11.12
True
LS: mPDG | Count: 0 | TotalTime:0.002s | Cost:11.12
True
LS: BlockRelocate | Count: 1 | TotalTime:0.004s | Cost:10.88
True
Generation 4: Best = 10.88, Worst = 11.12, Avg = 11.07, Time: 0.1248784065246582
True
True
True
True
True
True
True
True
True
True
True
True
True
True
True
True
True
True
True
True
True
True
True
True
True
True
True
True
True
True
True
True
LS: mPDG | Count: 0 | TotalTime:0.003s | Cost:10.88
True
LS: BlockRelocate | Count: 0 | TotalTime:0.005s | Cost:10.88
True
LS: BlockRelocate | Count: 0 | TotalTime:0.005s | Cost:10.88
True
LS: BlockRelocate | Count: 0 | TotalTime:0.005s | Cost:10.88
True
LS: BlockRelocate | Count: 0 | TotalTime:0.008s | Cost:10.88
True
LS: BlockRelocate | Count: 0 | TotalTime:0.005s | Cost:10.88
True
LS: BlockRelocate | Count: 0 | TotalTime:0.005s | Cost:10.88
True
LS: BlockRelocate | Count: 0 | TotalTime:0.005s | Cost:10.88
True
LS: BlockRelocate | Count: 1 | TotalTime:0.005s | Cost:10.88
True
LS: BlockRelocate | Count: 1 | TotalTime:0.004s | Cost:10.88
True
LS: PDPairExchange | Count: 0 | TotalTime:0.001s | Cost:11.12
True
Generation 5: Best = 10.88, Worst = 11.12, Avg = 11.06, Time: 0.1427757740020752
Stopping early due to lack of improvement.
Total runtime: 1.42s (0.0 minutes)
True
LS: BlockExchange:0(0.000s) | mPDG:0(0.004s) | BlockRelocate:0(0.006s) | PDPairExchange:0(0.001s) | TotalTime:0.010s | Cost:10.88
True
True
LS: BlockRelocate:0(0.000s) | PDPairExchange:0(0.001s) | BlockExchange:0(0.001s) | mPDG:0(0.004s) | TotalTime:0.006s | Cost:10.88
True
True
LS: BlockRelocate:0(0.000s) | PDPairExchange:0(0.001s) | BlockExchange:0(0.001s) | mPDG:0(0.003s) | TotalTime:0.005s | Cost:10.88
True
True
LS: BlockRelocate:0(0.000s) | PDPairExchange:0(0.001s) | BlockExchange:0(0.001s) | mPDG:0(0.003s) | TotalTime:0.005s | Cost:10.88
True
True
LS: BlockRelocate:0(0.000s) | PDPairExchange:0(0.001s) | BlockExchange:0(0.001s) | mPDG:0(0.004s) | TotalTime:0.005s | Cost:10.88
True

The solution initialized by Cheapest Insertion:
V_1:[] V_2:[d15_0302310004-15 p1_0321200008-1 d1_0321200008-1] V_3:[d16_0312080006-16 p1_0405380010-1 d1_0405380010-1] V_4:[p1_0423290012-1 d1_0423290012-1] V_5:[p2_0320140007-1 p1_0341360009-1 d1_0341360009-1 d2_0320140007-2 d2_0304490005-2 p1_0417500011-1 p4_0436090013-1 d4_0436090013-4 d1_0417500011-1]
The fitness value before EA: 10.879999999999999
V_1:[] V_2:[d15_0302310004-15 p1_0321200008-1 d1_0321200008-1] V_3:[d16_0312080006-16 p1_0405380010-1 d1_0405380010-1] V_4:[p1_0423290012-1 d1_0423290012-1] V_5:[p2_0320140007-1 p1_0341360009-1 d1_0341360009-1 d2_0320140007-2 d2_0304490005-2 p1_0417500011-1 p4_0436090013-1 d4_0436090013-4 d1_0417500011-1]
The fitness value after EA: 10.879999999999999

Thoi gian thuc hien thuat toan:  1.4811928272247314
SUCCESS

2025-10-04 08:43:27,407 [simulate_environment.py | 256] INFO: 2025-10-04 04:50:00, Item 0320140007-1: state = 1 < 2, we can not finish the simulation
2025-10-04 08:43:27,408 [simulate_environment.py | 99] INFO: **************************************************
2025-10-04 08:43:27,408 [simulate_environment.py | 103] INFO: cur time: 2025-10-04 05:00:00, pre time: 2025-10-04 04:50:00
2025-10-04 08:43:27,408 [simulate_environment.py | 140] INFO: Start to update the input of 2025-10-04 05:00:00
2025-10-04 08:43:27,409 [simulate_environment.py | 167] INFO: Get 10 unallocated order items, 34 ongoing order items, 11 completed order items
2025-10-04 08:43:29,214 [simulate_environment.py | 234] INFO: 
Adaptive config applied: {'num_orders': 5, 'num_vehicles': 5, 'time_budget_sec': None, 'POPULATION_SIZE': 40, 'NUMBER_OF_GENERATION': 20, 'MUTATION_RATE': 0.1, 'LS_MAX': 20, 'LS_MAX_TIME_PER_OP': 3, 'LS_MAX_TIME_IN_SINGLE': 1}
True
True
True
True
True
True
True
True
True
True
True
True
True
True
True
True
True
True
True
True
True
True
True
True
True
True
True
True
True
True
True
True
True
True
True
True
True
True
True
True
LS: BlockExchange | Count: 0 | TotalTime:0.001s | Cost:9.40
True
LS: BlockExchange | Count: 0 | TotalTime:0.001s | Cost:9.64
True
LS: PDPairExchange | Count: 0 | TotalTime:0.001s | Cost:9.64
True
LS: BlockRelocate | Count: 1 | TotalTime:0.001s | Cost:9.40
True
LS: BlockRelocate | Count: 1 | TotalTime:0.001s | Cost:9.40
True
LS: BlockExchange | Count: 0 | TotalTime:0.001s | Cost:9.64
True
LS: BlockRelocate | Count: 1 | TotalTime:0.002s | Cost:9.40
True
LS: BlockRelocate | Count: 1 | TotalTime:0.002s | Cost:9.40
True
LS: mPDG | Count: 0 | TotalTime:0.003s | Cost:9.64
True
LS: BlockExchange | Count: 0 | TotalTime:0.001s | Cost:9.64
True
LS: PDPairExchange | Count: 0 | TotalTime:0.001s | Cost:9.64
True
Generation 1: Best = 9.40, Worst = 687.32, Avg = 26.55, Time: 0.08971261978149414
True
True
True
True
True
True
True
True
True
True
True
True
True
True
True
True
True
True
True
True
True
True
True
True
True
True
True
True
True
True
True
True
LS: mPDG | Count: 0 | TotalTime:0.003s | Cost:9.40
True
LS: BlockRelocate | Count: 0 | TotalTime:0.004s | Cost:9.40
True
LS: BlockRelocate | Count: 0 | TotalTime:0.004s | Cost:9.40
True
LS: BlockRelocate | Count: 0 | TotalTime:0.006s | Cost:9.40
True
LS: BlockRelocate | Count: 0 | TotalTime:0.005s | Cost:9.40
True
LS: PDPairExchange | Count: 0 | TotalTime:0.001s | Cost:9.64
True
LS: BlockExchange | Count: 0 | TotalTime:0.001s | Cost:9.64
True
LS: BlockExchange | Count: 0 | TotalTime:0.001s | Cost:9.64
True
LS: BlockRelocate | Count: 1 | TotalTime:0.003s | Cost:9.40
True
LS: mPDG | Count: 0 | TotalTime:0.003s | Cost:9.64
True
LS: BlockRelocate | Count: 1 | TotalTime:0.001s | Cost:9.40
True
Generation 2: Best = 9.40, Worst = 9.64, Avg = 9.60, Time: 0.11362552642822266
True
True
True
True
True
True
True
True
True
True
True
True
True
True
True
True
True
True
True
True
True
True
True
True
True
True
True
True
True
True
True
True
LS: BlockExchange | Count: 0 | TotalTime:0.001s | Cost:9.40
True
LS: BlockRelocate | Count: 0 | TotalTime:0.004s | Cost:9.40
True
LS: BlockRelocate | Count: 0 | TotalTime:0.004s | Cost:9.40
True
LS: BlockRelocate | Count: 0 | TotalTime:0.004s | Cost:9.40
True
LS: BlockRelocate | Count: 0 | TotalTime:0.004s | Cost:9.40
True
LS: BlockRelocate | Count: 0 | TotalTime:0.004s | Cost:9.40
True
LS: BlockRelocate | Count: 0 | TotalTime:0.004s | Cost:9.40
True
LS: BlockExchange | Count: 0 | TotalTime:0.001s | Cost:9.64
True
LS: BlockRelocate | Count: 1 | TotalTime:0.001s | Cost:9.40
True
LS: BlockExchange | Count: 0 | TotalTime:0.001s | Cost:9.64
True
LS: BlockRelocate | Count: 1 | TotalTime:0.001s | Cost:9.40
True
Generation 3: Best = 9.40, Worst = 9.64, Avg = 9.59, Time: 0.10721945762634277
True
True
True
True
True
True
True
True
True
True
True
True
True
True
True
True
True
True
True
True
True
True
True
True
True
True
True
True
True
True
True
True
LS: mPDG | Count: 0 | TotalTime:0.003s | Cost:9.40
True
LS: BlockRelocate | Count: 0 | TotalTime:0.004s | Cost:9.40
True
LS: BlockRelocate | Count: 0 | TotalTime:0.004s | Cost:9.40
True
LS: BlockRelocate | Count: 0 | TotalTime:0.004s | Cost:9.40
True
LS: BlockRelocate | Count: 0 | TotalTime:0.004s | Cost:9.40
True
LS: BlockRelocate | Count: 0 | TotalTime:0.004s | Cost:9.40
True
LS: BlockRelocate | Count: 0 | TotalTime:0.004s | Cost:9.40
True
LS: BlockRelocate | Count: 0 | TotalTime:0.004s | Cost:9.40
True
LS: BlockRelocate | Count: 1 | TotalTime:0.000s | Cost:9.40
True
LS: BlockRelocate | Count: 1 | TotalTime:0.003s | Cost:9.40
True
LS: mPDG | Count: 0 | TotalTime:0.003s | Cost:9.64
True
Generation 4: Best = 9.40, Worst = 9.64, Avg = 9.58, Time: 0.11666703224182129
True
True
True
True
True
True
True
True
True
True
True
True
True
True
True
True
True
True
True
True
True
True
True
True
True
True
True
True
True
True
True
True
LS: PDPairExchange | Count: 0 | TotalTime:0.001s | Cost:9.40
True
LS: BlockRelocate | Count: 0 | TotalTime:0.004s | Cost:9.40
True
LS: BlockRelocate | Count: 0 | TotalTime:0.004s | Cost:9.40
True
LS: BlockRelocate | Count: 0 | TotalTime:0.004s | Cost:9.40
True
LS: BlockRelocate | Count: 0 | TotalTime:0.004s | Cost:9.40
True
LS: BlockRelocate | Count: 0 | TotalTime:0.004s | Cost:9.40
True
LS: BlockRelocate | Count: 0 | TotalTime:0.004s | Cost:9.40
True
LS: BlockRelocate | Count: 0 | TotalTime:0.004s | Cost:9.40
True
LS: mPDG | Count: 0 | TotalTime:0.003s | Cost:9.64
True
LS: BlockExchange | Count: 0 | TotalTime:0.001s | Cost:9.64
True
LS: BlockExchange | Count: 0 | TotalTime:0.001s | Cost:9.64
True
Generation 5: Best = 9.40, Worst = 9.64, Avg = 9.59, Time: 0.11468076705932617
Stopping early due to lack of improvement.
Total runtime: 1.37s (0.0 minutes)
True
LS: BlockRelocate:0(0.000s) | PDPairExchange:0(0.000s) | BlockExchange:0(0.001s) | mPDG:0(0.003s) | TotalTime:0.004s | Cost:9.40
True
True
LS: BlockRelocate:0(0.000s) | PDPairExchange:0(0.001s) | BlockExchange:0(0.001s) | mPDG:0(0.003s) | TotalTime:0.004s | Cost:9.40
True
True
LS: BlockRelocate:0(0.000s) | PDPairExchange:0(0.000s) | BlockExchange:0(0.001s) | mPDG:0(0.003s) | TotalTime:0.004s | Cost:9.40
True
True
LS: BlockRelocate:0(0.000s) | PDPairExchange:0(0.000s) | BlockExchange:0(0.001s) | mPDG:0(0.003s) | TotalTime:0.004s | Cost:9.40
True
True
LS: BlockRelocate:0(0.000s) | PDPairExchange:0(0.000s) | BlockExchange:0(0.001s) | mPDG:0(0.003s) | TotalTime:0.004s | Cost:9.40
True

The solution initialized by Cheapest Insertion:
V_1:[] V_2:[d15_0302310004-15 p1_0321200008-1 d1_0321200008-1] V_3:[d16_0312080006-16 p1_0405380010-1 d1_0405380010-1] V_4:[d1_0423290012-1] V_5:[p2_0320140007-1 p1_0341360009-1 d1_0341360009-1 d2_0320140007-2 d2_0304490005-2 p1_0417500011-1 p4_0436090013-1 d4_0436090013-4 d1_0417500011-1]
The fitness value before EA: 9.399999999999999
V_1:[] V_2:[d15_0302310004-15 p1_0321200008-1 d1_0321200008-1] V_3:[d16_0312080006-16 p1_0405380010-1 d1_0405380010-1] V_4:[d1_0423290012-1] V_5:[p2_0320140007-1 p1_0341360009-1 d1_0341360009-1 d2_0320140007-2 d2_0304490005-2 p1_0417500011-1 p4_0436090013-1 d4_0436090013-4 d1_0417500011-1]
The fitness value after EA: 9.399999999999999

Thoi gian thuc hien thuat toan:  1.413501262664795
SUCCESS

2025-10-04 08:43:29,216 [simulate_environment.py | 256] INFO: 2025-10-04 05:00:00, Item 0320140007-1: state = 1 < 2, we can not finish the simulation
2025-10-04 08:43:29,217 [simulate_environment.py | 99] INFO: **************************************************
2025-10-04 08:43:29,217 [simulate_environment.py | 103] INFO: cur time: 2025-10-04 05:10:00, pre time: 2025-10-04 05:00:00
2025-10-04 08:43:29,217 [simulate_environment.py | 140] INFO: Start to update the input of 2025-10-04 05:10:00
2025-10-04 08:43:29,217 [simulate_environment.py | 167] INFO: Get 10 unallocated order items, 34 ongoing order items, 11 completed order items
2025-10-04 08:43:31,007 [simulate_environment.py | 234] INFO: 
Adaptive config applied: {'num_orders': 5, 'num_vehicles': 5, 'time_budget_sec': None, 'POPULATION_SIZE': 40, 'NUMBER_OF_GENERATION': 20, 'MUTATION_RATE': 0.1, 'LS_MAX': 20, 'LS_MAX_TIME_PER_OP': 3, 'LS_MAX_TIME_IN_SINGLE': 1}
True
True
True
True
True
True
True
True
True
True
True
True
True
True
True
True
True
True
True
True
True
True
True
True
True
True
True
True
True
True
True
True
True
True
True
True
True
True
True
True
LS: PDPairExchange | Count: 0 | TotalTime:0.001s | Cost:5.94
True
LS: BlockExchange | Count: 0 | TotalTime:0.001s | Cost:6.18
True
LS: PDPairExchange | Count: 0 | TotalTime:0.001s | Cost:6.18
True
LS: BlockExchange | Count: 0 | TotalTime:0.001s | Cost:6.18
True
LS: PDPairExchange | Count: 0 | TotalTime:0.001s | Cost:6.18
True
LS: BlockRelocate | Count: 1 | TotalTime:0.002s | Cost:5.94
True
LS: BlockExchange | Count: 0 | TotalTime:0.001s | Cost:6.18
True
LS: mPDG | Count: 0 | TotalTime:0.003s | Cost:6.18
True
LS: mPDG | Count: 0 | TotalTime:0.003s | Cost:6.18
True
LS: PDPairExchange | Count: 0 | TotalTime:0.001s | Cost:6.18
True
LS: BlockExchange | Count: 0 | TotalTime:0.001s | Cost:6.18
True
Generation 1: Best = 5.94, Worst = 8446.95, Avg = 217.19, Time: 0.08724761009216309
True
True
True
True
True
True
True
True
True
True
True
True
True
True
True
True
True
True
True
True
True
True
True
True
True
True
True
True
True
True
True
True
LS: PDPairExchange | Count: 0 | TotalTime:0.001s | Cost:5.94
True
LS: BlockRelocate | Count: 0 | TotalTime:0.004s | Cost:5.94
True
LS: mPDG | Count: 0 | TotalTime:0.003s | Cost:6.18
True
LS: PDPairExchange | Count: 0 | TotalTime:0.001s | Cost:6.18
True
LS: mPDG | Count: 0 | TotalTime:0.003s | Cost:6.18
True
LS: mPDG | Count: 0 | TotalTime:0.003s | Cost:6.18
True
LS: BlockRelocate | Count: 1 | TotalTime:0.001s | Cost:5.94
True
LS: BlockExchange | Count: 0 | TotalTime:0.001s | Cost:6.18
True
LS: mPDG | Count: 0 | TotalTime:0.003s | Cost:6.18
True
LS: PDPairExchange | Count: 0 | TotalTime:0.001s | Cost:6.18
True
LS: BlockRelocate | Count: 1 | TotalTime:0.002s | Cost:5.94
True
Generation 2: Best = 5.94, Worst = 6.18, Avg = 6.16, Time: 0.10390210151672363
True
True
True
True
True
True
True
True
True
True
True
True
True
True
True
True
True
True
True
True
True
True
True
True
True
True
True
True
True
True
True
True
LS: BlockRelocate | Count: 0 | TotalTime:0.004s | Cost:5.94
True
LS: BlockRelocate | Count: 0 | TotalTime:0.004s | Cost:5.94
True
LS: BlockRelocate | Count: 0 | TotalTime:0.004s | Cost:5.94
True
LS: BlockRelocate | Count: 0 | TotalTime:0.004s | Cost:5.94
True
LS: BlockExchange | Count: 0 | TotalTime:0.001s | Cost:6.18
True
LS: BlockRelocate | Count: 1 | TotalTime:0.003s | Cost:5.94
True
LS: BlockRelocate | Count: 1 | TotalTime:0.001s | Cost:5.94
True
LS: BlockExchange | Count: 0 | TotalTime:0.001s | Cost:6.18
True
LS: BlockExchange | Count: 0 | TotalTime:0.001s | Cost:6.18
True
LS: BlockRelocate | Count: 1 | TotalTime:0.003s | Cost:5.94
True
LS: PDPairExchange | Count: 0 | TotalTime:0.001s | Cost:6.18
True
Generation 3: Best = 5.94, Worst = 6.18, Avg = 6.14, Time: 0.11725330352783203
True
True
True
True
True
True
True
True
True
True
True
True
True
True
True
True
True
True
True
True
True
True
True
True
True
True
True
True
True
True
True
True
LS: BlockExchange | Count: 0 | TotalTime:0.001s | Cost:5.94
True
LS: BlockRelocate | Count: 0 | TotalTime:0.004s | Cost:5.94
True
LS: BlockRelocate | Count: 0 | TotalTime:0.004s | Cost:5.94
True
LS: BlockRelocate | Count: 0 | TotalTime:0.004s | Cost:5.94
True
LS: BlockRelocate | Count: 0 | TotalTime:0.004s | Cost:5.94
True
LS: BlockRelocate | Count: 0 | TotalTime:0.004s | Cost:5.94
True
LS: BlockRelocate | Count: 0 | TotalTime:0.004s | Cost:5.94
True
LS: BlockRelocate | Count: 1 | TotalTime:0.001s | Cost:5.94
True
LS: BlockRelocate | Count: 1 | TotalTime:0.000s | Cost:5.94
True
LS: PDPairExchange | Count: 0 | TotalTime:0.001s | Cost:6.18
True
LS: mPDG | Count: 0 | TotalTime:0.003s | Cost:6.18
True
Generation 4: Best = 5.94, Worst = 6.18, Avg = 6.13, Time: 0.1093757152557373
True
True
True
True
True
True
True
True
True
True
True
True
True
True
True
True
True
True
True
True
True
True
True
True
True
True
True
True
True
True
True
True
LS: BlockRelocate | Count: 0 | TotalTime:0.004s | Cost:5.94
True
LS: BlockRelocate | Count: 0 | TotalTime:0.004s | Cost:5.94
True
LS: BlockRelocate | Count: 0 | TotalTime:0.004s | Cost:5.94
True
LS: BlockRelocate | Count: 0 | TotalTime:0.004s | Cost:5.94
True
LS: BlockRelocate | Count: 0 | TotalTime:0.004s | Cost:5.94
True
LS: BlockRelocate | Count: 0 | TotalTime:0.004s | Cost:5.94
True
LS: BlockRelocate | Count: 0 | TotalTime:0.004s | Cost:5.94
True
LS: BlockRelocate | Count: 0 | TotalTime:0.004s | Cost:5.94
True
LS: PDPairExchange | Count: 0 | TotalTime:0.001s | Cost:6.18
True
LS: BlockRelocate | Count: 1 | TotalTime:0.001s | Cost:5.94
True
LS: BlockExchange | Count: 0 | TotalTime:0.001s | Cost:6.18
True
Generation 5: Best = 5.94, Worst = 6.18, Avg = 6.13, Time: 0.11460208892822266
Stopping early due to lack of improvement.
Total runtime: 1.38s (0.0 minutes)
True
LS: BlockExchange:0(0.000s) | BlockRelocate:0(0.004s) | mPDG:0(0.003s) | PDPairExchange:0(0.001s) | TotalTime:0.007s | Cost:5.94
True
True
LS: BlockRelocate:0(0.000s) | PDPairExchange:0(0.001s) | BlockExchange:0(0.001s) | mPDG:0(0.003s) | TotalTime:0.004s | Cost:5.94
True
True
LS: BlockRelocate:0(0.000s) | PDPairExchange:0(0.000s) | BlockExchange:0(0.001s) | mPDG:0(0.003s) | TotalTime:0.004s | Cost:5.94
True
True
LS: BlockRelocate:0(0.000s) | PDPairExchange:0(0.000s) | BlockExchange:0(0.001s) | mPDG:0(0.003s) | TotalTime:0.004s | Cost:5.94
True
True
LS: BlockRelocate:0(0.000s) | PDPairExchange:0(0.001s) | BlockExchange:0(0.001s) | mPDG:0(0.003s) | TotalTime:0.004s | Cost:5.94
True

The solution initialized by Cheapest Insertion:
V_1:[] V_2:[d15_0302310004-15 p1_0321200008-1 d1_0321200008-1] V_3:[d16_0312080006-16 p1_0405380010-1 d1_0405380010-1] V_4:[d1_0423290012-1] V_5:[p2_0320140007-1 p1_0341360009-1 d1_0341360009-1 d2_0320140007-2 d2_0304490005-2 p1_0417500011-1 p4_0436090013-1 d4_0436090013-4 d1_0417500011-1]
The fitness value before EA: 5.940000000000001
V_1:[] V_2:[d15_0302310004-15 p1_0321200008-1 d1_0321200008-1] V_3:[d16_0312080006-16 p1_0405380010-1 d1_0405380010-1] V_4:[d1_0423290012-1] V_5:[p2_0320140007-1 p1_0341360009-1 d1_0341360009-1 d2_0320140007-2 d2_0304490005-2 p1_0417500011-1 p4_0436090013-1 d4_0436090013-4 d1_0417500011-1]
The fitness value after EA: 5.940000000000001

Thoi gian thuc hien thuat toan:  1.4300377368927002
SUCCESS

2025-10-04 08:43:31,009 [simulate_environment.py | 256] INFO: 2025-10-04 05:10:00, Item 0320140007-1: state = 1 < 2, we can not finish the simulation
2025-10-04 08:43:31,009 [simulate_environment.py | 99] INFO: **************************************************
2025-10-04 08:43:31,009 [simulate_environment.py | 103] INFO: cur time: 2025-10-04 05:20:00, pre time: 2025-10-04 05:10:00
2025-10-04 08:43:31,009 [simulate_environment.py | 140] INFO: Start to update the input of 2025-10-04 05:20:00
2025-10-04 08:43:31,010 [simulate_environment.py | 167] INFO: Get 7 unallocated order items, 22 ongoing order items, 26 completed order items
2025-10-04 08:43:32,385 [simulate_environment.py | 234] INFO: 
Adaptive config applied: {'num_orders': 3, 'num_vehicles': 5, 'time_budget_sec': None, 'POPULATION_SIZE': 40, 'NUMBER_OF_GENERATION': 20, 'MUTATION_RATE': 0.1, 'LS_MAX': 20, 'LS_MAX_TIME_PER_OP': 3, 'LS_MAX_TIME_IN_SINGLE': 1}
True
True
True
True
True
True
True
True
True
True
True
True
True
True
True
True
True
True
True
True
True
True
True
True
True
True
True
True
True
True
True
True
True
True
True
True
True
True
True
True
LS: BlockExchange | Count: 0 | TotalTime:0.000s | Cost:5.88
True
LS: mPDG | Count: 0 | TotalTime:0.001s | Cost:5.88
True
LS: PDPairExchange | Count: 0 | TotalTime:0.000s | Cost:5.88
True
LS: PDPairExchange | Count: 0 | TotalTime:0.000s | Cost:5.88
True
LS: mPDG | Count: 0 | TotalTime:0.001s | Cost:5.88
True
LS: BlockExchange | Count: 0 | TotalTime:0.000s | Cost:5.88
True
LS: mPDG | Count: 0 | TotalTime:0.001s | Cost:5.88
True
LS: BlockRelocate | Count: 0 | TotalTime:0.002s | Cost:5.88
True
LS: PDPairExchange | Count: 0 | TotalTime:0.000s | Cost:5.88
True
LS: BlockRelocate | Count: 0 | TotalTime:0.001s | Cost:5.88
True
LS: BlockRelocate | Count: 0 | TotalTime:0.001s | Cost:5.88
True
Generation 1: Best = 5.88, Worst = 14403.78, Avg = 365.83, Time: 0.05330324172973633
True
True
True
True
True
True
True
True
True
True
True
True
True
True
True
True
True
True
True
True
True
True
True
True
True
True
True
True
True
True
True
True
LS: BlockRelocate | Count: 0 | TotalTime:0.001s | Cost:5.88
True
LS: BlockExchange | Count: 0 | TotalTime:0.000s | Cost:5.88
True
LS: PDPairExchange | Count: 0 | TotalTime:0.000s | Cost:5.88
True
LS: mPDG | Count: 0 | TotalTime:0.001s | Cost:5.88
True
LS: BlockExchange | Count: 0 | TotalTime:0.000s | Cost:5.88
True
LS: BlockRelocate | Count: 0 | TotalTime:0.001s | Cost:5.88
True
LS: PDPairExchange | Count: 0 | TotalTime:0.000s | Cost:5.88
True
LS: mPDG | Count: 0 | TotalTime:0.001s | Cost:5.88
True
LS: PDPairExchange | Count: 0 | TotalTime:0.000s | Cost:5.88
True
LS: PDPairExchange | Count: 0 | TotalTime:0.000s | Cost:5.88
True
LS: mPDG | Count: 0 | TotalTime:0.001s | Cost:5.88
True
Generation 2: Best = 5.88, Worst = 5.88, Avg = 5.88, Time: 0.05658316612243652
Stopping early due to lack of improvement.
Total runtime: 1.00s (0.0 minutes)
True
LS: BlockExchange:0(0.000s) | BlockRelocate:0(0.001s) | mPDG:0(0.001s) | PDPairExchange:0(0.000s) | TotalTime:0.003s | Cost:5.88
True
True
LS: mPDG:0(0.000s) | BlockExchange:0(0.000s) | PDPairExchange:0(0.000s) | BlockRelocate:0(0.001s) | TotalTime:0.002s | Cost:5.88
True
True
LS: mPDG:0(0.000s) | BlockRelocate:0(0.001s) | BlockExchange:0(0.000s) | PDPairExchange:0(0.000s) | TotalTime:0.002s | Cost:5.88
True
True
LS: mPDG:0(0.000s) | BlockRelocate:0(0.002s) | BlockExchange:0(0.000s) | PDPairExchange:0(0.000s) | TotalTime:0.002s | Cost:5.88
True
True
LS: mPDG:0(0.000s) | BlockRelocate:0(0.002s) | PDPairExchange:0(0.000s) | BlockExchange:0(0.000s) | TotalTime:0.002s | Cost:5.88
True

The solution initialized by Cheapest Insertion:
V_1:[] V_2:[p1_0321200008-1 d1_0321200008-1] V_3:[d16_0312080006-16 p1_0405380010-1 d1_0405380010-1] V_4:[d1_0423290012-1] V_5:[d1_0341360009-1 d2_0320140007-2 d2_0304490005-2 p1_0417500011-1 p4_0436090013-1 d4_0436090013-4 d1_0417500011-1]
The fitness value before EA: 5.880000000000001
V_1:[] V_2:[p1_0321200008-1 d1_0321200008-1] V_3:[d16_0312080006-16 p1_0405380010-1 d1_0405380010-1] V_4:[d1_0423290012-1] V_5:[d1_0341360009-1 d2_0320140007-2 d2_0304490005-2 p1_0417500011-1 p4_0436090013-1 d4_0436090013-4 d1_0417500011-1]
The fitness value after EA: 5.880000000000001

Thoi gian thuc hien thuat toan:  1.0224976539611816
SUCCESS

2025-10-04 08:43:32,387 [simulate_environment.py | 256] INFO: 2025-10-04 05:20:00, Item 0321200008-1: state = 1 < 2, we can not finish the simulation
2025-10-04 08:43:32,387 [simulate_environment.py | 99] INFO: **************************************************
2025-10-04 08:43:32,387 [simulate_environment.py | 103] INFO: cur time: 2025-10-04 05:30:00, pre time: 2025-10-04 05:20:00
2025-10-04 08:43:32,387 [simulate_environment.py | 140] INFO: Start to update the input of 2025-10-04 05:30:00
2025-10-04 08:43:32,388 [simulate_environment.py | 167] INFO: Get 7 unallocated order items, 22 ongoing order items, 26 completed order items
2025-10-04 08:43:33,728 [simulate_environment.py | 234] INFO: 
Adaptive config applied: {'num_orders': 3, 'num_vehicles': 5, 'time_budget_sec': None, 'POPULATION_SIZE': 40, 'NUMBER_OF_GENERATION': 20, 'MUTATION_RATE': 0.1, 'LS_MAX': 20, 'LS_MAX_TIME_PER_OP': 3, 'LS_MAX_TIME_IN_SINGLE': 1}
True
True
True
True
True
True
True
True
True
True
True
True
True
True
True
True
True
True
True
True
True
True
True
True
True
True
True
True
True
True
True
True
True
True
True
True
True
True
True
True
LS: mPDG | Count: 0 | TotalTime:0.001s | Cost:4.40
True
LS: BlockExchange | Count: 0 | TotalTime:0.000s | Cost:4.40
True
LS: PDPairExchange | Count: 0 | TotalTime:0.000s | Cost:4.40
True
LS: mPDG | Count: 0 | TotalTime:0.002s | Cost:4.40
True
LS: BlockRelocate | Count: 0 | TotalTime:0.002s | Cost:4.40
True
LS: BlockExchange | Count: 0 | TotalTime:0.000s | Cost:4.40
True
LS: BlockExchange | Count: 0 | TotalTime:0.000s | Cost:4.40
True
LS: PDPairExchange | Count: 0 | TotalTime:0.000s | Cost:4.40
True
LS: PDPairExchange | Count: 0 | TotalTime:0.000s | Cost:4.40
True
LS: BlockRelocate | Count: 0 | TotalTime:0.002s | Cost:4.40
True
LS: mPDG | Count: 0 | TotalTime:0.001s | Cost:4.40
True
Generation 1: Best = 4.40, Worst = 1708.56, Avg = 47.00, Time: 0.05135178565979004
True
True
True
True
True
True
True
True
True
True
True
True
True
True
True
True
True
True
True
True
True
True
True
True
True
True
True
True
True
True
True
True
LS: mPDG | Count: 0 | TotalTime:0.001s | Cost:4.40
True
LS: mPDG | Count: 0 | TotalTime:0.001s | Cost:4.40
True
LS: BlockRelocate | Count: 0 | TotalTime:0.001s | Cost:4.40
True
LS: mPDG | Count: 0 | TotalTime:0.001s | Cost:4.40
True
LS: BlockRelocate | Count: 0 | TotalTime:0.001s | Cost:4.40
True
LS: PDPairExchange | Count: 0 | TotalTime:0.000s | Cost:4.40
True
LS: BlockRelocate | Count: 0 | TotalTime:0.001s | Cost:4.40
True
LS: mPDG | Count: 0 | TotalTime:0.002s | Cost:4.40
True
LS: mPDG | Count: 0 | TotalTime:0.001s | Cost:4.40
True
LS: BlockRelocate | Count: 0 | TotalTime:0.002s | Cost:4.40
True
LS: mPDG | Count: 0 | TotalTime:0.001s | Cost:4.40
True
Generation 2: Best = 4.40, Worst = 4.40, Avg = 4.40, Time: 0.0636436939239502
Stopping early due to lack of improvement.
Total runtime: 0.94s (0.0 minutes)
True
LS: mPDG:0(0.000s) | BlockExchange:0(0.000s) | BlockRelocate:0(0.002s) | PDPairExchange:0(0.000s) | TotalTime:0.002s | Cost:4.40
True
True
LS: mPDG:0(0.000s) | BlockExchange:0(0.000s) | PDPairExchange:0(0.000s) | BlockRelocate:0(0.001s) | TotalTime:0.002s | Cost:4.40
True
True
LS: mPDG:0(0.000s) | PDPairExchange:0(0.000s) | BlockRelocate:0(0.001s) | BlockExchange:0(0.000s) | TotalTime:0.002s | Cost:4.40
True
True
LS: PDPairExchange:0(0.000s) | mPDG:0(0.001s) | BlockExchange:0(0.000s) | BlockRelocate:0(0.001s) | TotalTime:0.003s | Cost:4.40
True
True
LS: mPDG:0(0.000s) | BlockRelocate:0(0.001s) | BlockExchange:0(0.000s) | PDPairExchange:0(0.000s) | TotalTime:0.002s | Cost:4.40
True

The solution initialized by Cheapest Insertion:
V_1:[] V_2:[p1_0321200008-1 d1_0321200008-1] V_3:[d16_0312080006-16 p1_0405380010-1 d1_0405380010-1] V_4:[d1_0423290012-1] V_5:[d1_0341360009-1 d2_0320140007-2 d2_0304490005-2 p1_0417500011-1 p4_0436090013-1 d4_0436090013-4 d1_0417500011-1]
The fitness value before EA: 4.4
V_1:[] V_2:[p1_0321200008-1 d1_0321200008-1] V_3:[d16_0312080006-16 p1_0405380010-1 d1_0405380010-1] V_4:[d1_0423290012-1] V_5:[d1_0341360009-1 d2_0320140007-2 d2_0304490005-2 p1_0417500011-1 p4_0436090013-1 d4_0436090013-4 d1_0417500011-1]
The fitness value after EA: 4.4

Thoi gian thuc hien thuat toan:  0.9634675979614258
SUCCESS

2025-10-04 08:43:33,730 [simulate_environment.py | 256] INFO: 2025-10-04 05:30:00, Item 0321200008-1: state = 1 < 2, we can not finish the simulation
2025-10-04 08:43:33,730 [simulate_environment.py | 99] INFO: **************************************************
2025-10-04 08:43:33,730 [simulate_environment.py | 103] INFO: cur time: 2025-10-04 05:40:00, pre time: 2025-10-04 05:30:00
2025-10-04 08:43:33,730 [simulate_environment.py | 140] INFO: Start to update the input of 2025-10-04 05:40:00
2025-10-04 08:43:33,731 [simulate_environment.py | 167] INFO: Get 10 unallocated order items, 22 ongoing order items, 26 completed order items
2025-10-04 08:43:35,488 [simulate_environment.py | 234] INFO: 
Adaptive config applied: {'num_orders': 6, 'num_vehicles': 5, 'time_budget_sec': None, 'POPULATION_SIZE': 40, 'NUMBER_OF_GENERATION': 20, 'MUTATION_RATE': 0.1, 'LS_MAX': 20, 'LS_MAX_TIME_PER_OP': 3, 'LS_MAX_TIME_IN_SINGLE': 1}
True
True
True
True
True
True
True
True
True
True
True
True
True
True
True
True
True
True
True
True
True
True
True
True
True
True
True
True
True
True
True
True
True
True
True
True
True
True
True
True
LS: BlockExchange | Count: 0 | TotalTime:0.001s | Cost:7.36
True
LS: BlockExchange | Count: 0 | TotalTime:0.001s | Cost:10.32
True
LS: BlockExchange | Count: 0 | TotalTime:0.001s | Cost:10.32
True
LS: BlockRelocate | Count: 1 | TotalTime:0.004s | Cost:7.36
True
LS: BlockRelocate | Count: 1 | TotalTime:0.001s | Cost:7.36
True
LS: BlockRelocate | Count: 1 | TotalTime:0.001s | Cost:7.36
True
LS: mPDG | Count: 1 | TotalTime:0.002s | Cost:7.36
True
LS: PDPairExchange | Count: 0 | TotalTime:0.001s | Cost:10.32
True
LS: mPDG | Count: 1 | TotalTime:0.002s | Cost:7.36
True
LS: BlockExchange | Count: 0 | TotalTime:0.001s | Cost:10.32
True
LS: mPDG | Count: 1 | TotalTime:0.002s | Cost:7.36
True
Generation 1: Best = 7.36, Worst = 29584.46, Avg = 749.16, Time: 0.08684539794921875
True
True
True
True
True
True
True
True
True
True
True
True
True
True
True
True
True
True
True
True
True
True
True
True
True
True
True
True
True
True
True
True
LS: BlockRelocate | Count: 0 | TotalTime:0.005s | Cost:7.36
True
LS: BlockRelocate | Count: 0 | TotalTime:0.005s | Cost:7.36
True
LS: BlockRelocate | Count: 0 | TotalTime:0.005s | Cost:7.36
True
LS: BlockRelocate | Count: 0 | TotalTime:0.005s | Cost:7.36
True
LS: mPDG | Count: 0 | TotalTime:0.003s | Cost:7.36
True
LS: mPDG | Count: 0 | TotalTime:0.003s | Cost:7.36
True
LS: mPDG | Count: 0 | TotalTime:0.003s | Cost:7.36
True
LS: BlockExchange | Count: 0 | TotalTime:0.001s | Cost:10.32
True
LS: PDPairExchange | Count: 0 | TotalTime:0.001s | Cost:10.32
True
LS: mPDG | Count: 1 | TotalTime:0.002s | Cost:7.36
True
LS: BlockRelocate | Count: 1 | TotalTime:0.004s | Cost:7.36
True
Generation 2: Best = 7.36, Worst = 10.32, Avg = 9.65, Time: 0.11394333839416504
True
True
True
True
True
True
True
True
True
True
True
True
True
True
True
True
True
True
True
True
True
True
True
True
True
True
True
True
True
True
True
True
LS: PDPairExchange | Count: 0 | TotalTime:0.001s | Cost:7.36
True
LS: BlockRelocate | Count: 0 | TotalTime:0.005s | Cost:7.36
True
LS: BlockRelocate | Count: 0 | TotalTime:0.005s | Cost:7.36
True
LS: BlockRelocate | Count: 0 | TotalTime:0.005s | Cost:7.36
True
LS: mPDG | Count: 0 | TotalTime:0.003s | Cost:7.36
True
LS: mPDG | Count: 0 | TotalTime:0.003s | Cost:7.36
True
LS: mPDG | Count: 0 | TotalTime:0.003s | Cost:7.36
True
LS: mPDG | Count: 0 | TotalTime:0.003s | Cost:7.36
True
LS: mPDG | Count: 1 | TotalTime:0.002s | Cost:7.36
True
LS: mPDG | Count: 1 | TotalTime:0.002s | Cost:7.36
True
LS: BlockExchange | Count: 0 | TotalTime:0.001s | Cost:10.32
True
Generation 3: Best = 7.36, Worst = 10.32, Avg = 9.58, Time: 0.10982871055603027
True
True
True
True
True
True
True
True
True
True
True
True
True
True
True
True
True
True
True
True
True
True
True
True
True
True
True
True
True
True
True
True
LS: PDPairExchange | Count: 0 | TotalTime:0.001s | Cost:7.36
True
LS: BlockRelocate | Count: 0 | TotalTime:0.005s | Cost:7.36
True
LS: BlockRelocate | Count: 0 | TotalTime:0.005s | Cost:7.36
True
LS: BlockRelocate | Count: 0 | TotalTime:0.005s | Cost:7.36
True
LS: mPDG | Count: 0 | TotalTime:0.003s | Cost:7.36
True
LS: mPDG | Count: 0 | TotalTime:0.003s | Cost:7.36
True
LS: mPDG | Count: 0 | TotalTime:0.003s | Cost:7.36
True
LS: mPDG | Count: 0 | TotalTime:0.003s | Cost:7.36
True
LS: mPDG | Count: 1 | TotalTime:0.002s | Cost:7.36
True
LS: BlockRelocate | Count: 1 | TotalTime:0.003s | Cost:7.36
True
LS: mPDG | Count: 1 | TotalTime:0.002s | Cost:7.36
True
Generation 4: Best = 7.36, Worst = 10.32, Avg = 9.51, Time: 0.11007332801818848
True
True
True
True
True
True
True
True
True
True
True
True
True
True
True
True
True
True
True
True
True
True
True
True
True
True
True
True
True
True
True
True
LS: PDPairExchange | Count: 0 | TotalTime:0.001s | Cost:7.36
True
LS: BlockRelocate | Count: 0 | TotalTime:0.005s | Cost:7.36
True
LS: BlockRelocate | Count: 0 | TotalTime:0.005s | Cost:7.36
True
LS: BlockRelocate | Count: 0 | TotalTime:0.005s | Cost:7.36
True
LS: mPDG | Count: 0 | TotalTime:0.003s | Cost:7.36
True
LS: mPDG | Count: 0 | TotalTime:0.003s | Cost:7.36
True
LS: mPDG | Count: 0 | TotalTime:0.003s | Cost:7.36
True
LS: mPDG | Count: 0 | TotalTime:0.003s | Cost:7.36
True
LS: BlockExchange | Count: 0 | TotalTime:0.001s | Cost:10.32
True
LS: PDPairExchange | Count: 0 | TotalTime:0.001s | Cost:10.32
True
LS: mPDG | Count: 1 | TotalTime:0.002s | Cost:7.36
True
Generation 5: Best = 7.36, Worst = 10.32, Avg = 9.65, Time: 0.10505533218383789
Stopping early due to lack of improvement.
Total runtime: 1.33s (0.0 minutes)
True
LS: PDPairExchange:0(0.000s) | BlockExchange:0(0.001s) | mPDG:0(0.003s) | BlockRelocate:0(0.005s) | TotalTime:0.008s | Cost:7.36
True
True
LS: BlockRelocate:0(0.000s) | PDPairExchange:0(0.001s) | BlockExchange:0(0.001s) | mPDG:0(0.003s) | TotalTime:0.004s | Cost:7.36
True
True
LS: BlockRelocate:0(0.000s) | PDPairExchange:0(0.001s) | BlockExchange:0(0.001s) | mPDG:0(0.003s) | TotalTime:0.004s | Cost:7.36
True
True
LS: BlockRelocate:0(0.000s) | PDPairExchange:0(0.001s) | BlockExchange:0(0.001s) | mPDG:0(0.003s) | TotalTime:0.004s | Cost:7.36
True
True
LS: mPDG:0(0.000s) | PDPairExchange:0(0.001s) | BlockExchange:0(0.001s) | BlockRelocate:0(0.005s) | TotalTime:0.006s | Cost:7.36
True

The solution initialized by Cheapest Insertion:
V_1:[] V_2:[p1_0321200008-1 d1_0321200008-1] V_3:[d16_0312080006-16 p1_0405380010-1 d1_0405380010-1] V_4:[d1_0423290012-1 p1_0531500014-1 p1_0531570015-1 d1_0531570015-1 d1_0531500014-1] V_5:[d1_0341360009-1 d2_0320140007-2 d2_0304490005-2 p1_0537230016-1 p1_0417500011-1 p4_0436090013-1 d4_0436090013-4 d1_0417500011-1 d1_0537230016-1]
The fitness value before EA: 7.359999999999999
V_1:[] V_2:[p1_0321200008-1 d1_0321200008-1] V_3:[d16_0312080006-16 p1_0405380010-1 d1_0405380010-1] V_4:[d1_0423290012-1 p1_0531500014-1 p1_0531570015-1 d1_0531570015-1 d1_0531500014-1] V_5:[d1_0341360009-1 d2_0320140007-2 d2_0304490005-2 p1_0537230016-1 p1_0417500011-1 p4_0436090013-1 d4_0436090013-4 d1_0417500011-1 d1_0537230016-1]
The fitness value after EA: 7.359999999999999

Thoi gian thuc hien thuat toan:  1.3819546699523926
SUCCESS

2025-10-04 08:43:35,490 [simulate_environment.py | 256] INFO: 2025-10-04 05:40:00, Item 0321200008-1: state = 1 < 2, we can not finish the simulation
2025-10-04 08:43:35,490 [simulate_environment.py | 99] INFO: **************************************************
2025-10-04 08:43:35,490 [simulate_environment.py | 103] INFO: cur time: 2025-10-04 05:50:00, pre time: 2025-10-04 05:40:00
2025-10-04 08:43:35,490 [simulate_environment.py | 140] INFO: Start to update the input of 2025-10-04 05:50:00
2025-10-04 08:43:35,491 [simulate_environment.py | 167] INFO: Get 32 unallocated order items, 6 ongoing order items, 43 completed order items
2025-10-04 08:43:37,418 [simulate_environment.py | 234] INFO: 
Adaptive config applied: {'num_orders': 7, 'num_vehicles': 5, 'time_budget_sec': None, 'POPULATION_SIZE': 40, 'NUMBER_OF_GENERATION': 20, 'MUTATION_RATE': 0.1, 'LS_MAX': 20, 'LS_MAX_TIME_PER_OP': 3, 'LS_MAX_TIME_IN_SINGLE': 1}
True
True
True
True
True
True
True
True
True
True
True
True
True
True
True
True
True
True
True
True
True
True
True
True
True
True
True
True
True
True
True
True
True
True
True
True
True
True
True
True
LS: BlockRelocate | Count: 0 | TotalTime:0.008s | Cost:18.48
True
LS: PDPairExchange | Count: 0 | TotalTime:0.001s | Cost:3874.50
True
LS: BlockExchange | Count: 0 | TotalTime:0.002s | Cost:3874.50
True
LS: BlockRelocate | Count: 1 | TotalTime:0.002s | Cost:3874.38
True
LS: mPDG | Count: 1 | TotalTime:0.004s | Cost:3874.38
True
LS: BlockExchange | Count: 0 | TotalTime:0.001s | Cost:3874.50
True
LS: BlockExchange | Count: 0 | TotalTime:0.001s | Cost:3874.50
True
LS: mPDG | Count: 1 | TotalTime:0.005s | Cost:3874.38
True
LS: BlockRelocate | Count: 1 | TotalTime:0.006s | Cost:3864.14
True
LS: PDPairExchange | Count: 0 | TotalTime:0.001s | Cost:3874.50
True
LS: mPDG | Count: 1 | TotalTime:0.004s | Cost:3874.38
True
Generation 1: Best = 18.48, Worst = 41566.54, Avg = 4720.13, Time: 0.11696124076843262
True
True
True
True
True
True
True
True
True
True
True
True
True
True
True
True
True
True
True
True
True
True
True
True
True
True
True
True
True
True
True
True
LS: mPDG | Count: 1 | TotalTime:0.004s | Cost:18.36
True
LS: BlockRelocate | Count: 1 | TotalTime:0.005s | Cost:18.48
True
LS: BlockRelocate | Count: 1 | TotalTime:0.002s | Cost:3864.02
True
LS: mPDG | Count: 0 | TotalTime:0.005s | Cost:3874.38
True
LS: mPDG | Count: 0 | TotalTime:0.005s | Cost:3874.38
True
LS: mPDG | Count: 0 | TotalTime:0.005s | Cost:3874.38
True
LS: BlockRelocate | Count: 1 | TotalTime:0.004s | Cost:3874.38
True
LS: mPDG | Count: 1 | TotalTime:0.004s | Cost:3874.38
True
LS: BlockRelocate | Count: 1 | TotalTime:0.005s | Cost:3874.38
True
LS: BlockRelocate | Count: 1 | TotalTime:0.003s | Cost:3864.14
True
LS: BlockExchange | Count: 0 | TotalTime:0.001s | Cost:3874.50
True
Generation 2: Best = 18.36, Worst = 3877.34, Avg = 3681.51, Time: 0.1388838291168213
True
True
True
True
True
True
True
True
True
True
True
True
True
True
True
True
True
True
True
True
True
True
True
True
True
True
True
True
True
True
True
True
LS: mPDG | Count: 0 | TotalTime:0.004s | Cost:18.36
True
LS: BlockRelocate | Count: 0 | TotalTime:0.007s | Cost:18.48
True
LS: mPDG | Count: 0 | TotalTime:0.004s | Cost:24.56
True
LS: mPDG | Count: 0 | TotalTime:0.005s | Cost:24.56
True
LS: PDPairExchange | Count: 1 | TotalTime:0.000s | Cost:24.18
True
LS: BlockExchange | Count: 1 | TotalTime:0.000s | Cost:24.18
True
LS: BlockRelocate | Count: 1 | TotalTime:0.004s | Cost:18.36
True
LS: BlockRelocate | Count: 1 | TotalTime:0.003s | Cost:18.48
True
LS: mPDG | Count: 0 | TotalTime:0.004s | Cost:3874.38
True
LS: mPDG | Count: 0 | TotalTime:0.004s | Cost:3874.38
True
LS: mPDG | Count: 0 | TotalTime:0.004s | Cost:3874.38
True
Generation 3: Best = 18.36, Worst = 3877.34, Avg = 3104.50, Time: 0.11953496932983398
True
True
True
True
True
True
True
True
True
True
True
True
True
True
True
True
True
True
True
True
True
True
True
True
True
True
True
True
True
True
True
True
LS: mPDG | Count: 0 | TotalTime:0.004s | Cost:18.36
True
LS: BlockRelocate | Count: 0 | TotalTime:0.007s | Cost:18.36
True
LS: BlockRelocate | Count: 0 | TotalTime:0.007s | Cost:18.48
True
LS: BlockRelocate | Count: 0 | TotalTime:0.007s | Cost:18.48
True
LS: PDPairExchange | Count: 0 | TotalTime:0.001s | Cost:24.18
True
LS: BlockExchange | Count: 0 | TotalTime:0.001s | Cost:24.18
True
LS: BlockExchange | Count: 1 | TotalTime:0.001s | Cost:24.18
True
LS: BlockExchange | Count: 1 | TotalTime:0.000s | Cost:24.18
True
LS: mPDG | Count: 0 | TotalTime:0.005s | Cost:24.56
True
LS: PDPairExchange | Count: 1 | TotalTime:0.000s | Cost:24.18
True
LS: BlockExchange | Count: 1 | TotalTime:0.001s | Cost:24.18
True
Generation 4: Best = 18.36, Worst = 3877.34, Avg = 2623.38, Time: 0.1161043643951416
True
True
True
True
True
True
True
True
True
True
True
True
True
True
True
True
True
True
True
True
True
True
True
True
True
True
True
True
True
True
True
True
LS: mPDG | Count: 0 | TotalTime:0.004s | Cost:18.36
True
LS: BlockRelocate | Count: 0 | TotalTime:0.007s | Cost:18.36
True
LS: BlockRelocate | Count: 0 | TotalTime:0.007s | Cost:18.48
True
LS: BlockRelocate | Count: 0 | TotalTime:0.008s | Cost:18.48
True
LS: PDPairExchange | Count: 0 | TotalTime:0.001s | Cost:24.18
True
LS: BlockExchange | Count: 0 | TotalTime:0.001s | Cost:24.18
True
LS: BlockExchange | Count: 0 | TotalTime:0.001s | Cost:24.18
True
LS: BlockExchange | Count: 0 | TotalTime:0.001s | Cost:24.18
True
LS: BlockRelocate | Count: 1 | TotalTime:0.003s | Cost:21.60
True
LS: mPDG | Count: 0 | TotalTime:0.005s | Cost:24.56
True
LS: BlockRelocate | Count: 1 | TotalTime:0.001s | Cost:21.60
True
Generation 5: Best = 18.36, Worst = 3877.34, Avg = 2527.14, Time: 0.12018847465515137
Stopping early due to lack of improvement.
Total runtime: 1.44s (0.0 minutes)
True
LS: mPDG:0(0.000s) | PDPairExchange:0(0.001s) | BlockExchange:0(0.001s) | BlockRelocate:0(0.007s) | TotalTime:0.008s | Cost:18.36
True
True
LS: BlockRelocate:0(0.000s) | PDPairExchange:0(0.001s) | BlockExchange:0(0.001s) | mPDG:0(0.004s) | TotalTime:0.006s | Cost:18.36
True
True
LS: BlockRelocate:0(0.000s) | PDPairExchange:0(0.002s) | BlockExchange:0(0.002s) | mPDG:1(0.009s) | TotalTime:0.012s | Cost:18.36
True
True
LS: BlockRelocate:0(0.000s) | PDPairExchange:0(0.002s) | BlockExchange:0(0.002s) | mPDG:1(0.008s) | TotalTime:0.012s | Cost:18.36
True
True
LS: BlockRelocate:1(0.005s) | PDPairExchange:0(0.002s) | BlockExchange:0(0.002s) | mPDG:1(0.009s) | TotalTime:0.017s | Cost:18.36
True

The solution initialized by Cheapest Insertion:
V_1:[p19_0549590018-1 d19_0549590018-19] V_2:[p1_0321200008-1 d1_0321200008-1] V_3:[d1_0405380010-1] V_4:[p1_0531500014-1 p1_0531570015-1 p1_0548000017-1 p3_0549590018-20 d3_0549590018-22 d1_0548000017-1 d1_0531570015-1 d1_0531500014-1] V_5:[d1_0341360009-1 d2_0320140007-2 d2_0304490005-2 p1_0537230016-1 p1_0417500011-1 p4_0436090013-1 d4_0436090013-4 d1_0417500011-1 d1_0537230016-1]
The fitness value before EA: 18.480000000000004
V_1:[p19_0549590018-1 d19_0549590018-19] V_2:[p1_0321200008-1 d1_0321200008-1] V_3:[d1_0405380010-1] V_4:[p1_0531500014-1 p1_0531570015-1 p3_0549590018-20 p1_0548000017-1 d1_0548000017-1 d3_0549590018-22 d1_0531570015-1 d1_0531500014-1] V_5:[d1_0341360009-1 d2_0320140007-2 d2_0304490005-2 p1_0537230016-1 p1_0417500011-1 p4_0436090013-1 d4_0436090013-4 d1_0417500011-1 d1_0537230016-1]
The fitness value after EA: 18.360000000000003

Thoi gian thuc hien thuat toan:  1.5587584972381592
SUCCESS

2025-10-04 08:43:37,419 [simulate_environment.py | 256] INFO: 2025-10-04 05:50:00, Item 0321200008-1: state = 1 < 2, we can not finish the simulation
2025-10-04 08:43:37,420 [simulate_environment.py | 99] INFO: **************************************************
2025-10-04 08:43:37,420 [simulate_environment.py | 103] INFO: cur time: 2025-10-04 06:00:00, pre time: 2025-10-04 05:50:00
2025-10-04 08:43:37,420 [simulate_environment.py | 140] INFO: Start to update the input of 2025-10-04 06:00:00
2025-10-04 08:43:37,421 [simulate_environment.py | 167] INFO: Get 32 unallocated order items, 2 ongoing order items, 48 completed order items
2025-10-04 08:43:39,242 [simulate_environment.py | 234] INFO: 
Adaptive config applied: {'num_orders': 5, 'num_vehicles': 5, 'time_budget_sec': None, 'POPULATION_SIZE': 40, 'NUMBER_OF_GENERATION': 20, 'MUTATION_RATE': 0.1, 'LS_MAX': 20, 'LS_MAX_TIME_PER_OP': 3, 'LS_MAX_TIME_IN_SINGLE': 1}
True
True
True
True
True
True
True
True
True
True
True
True
True
True
True
True
True
True
True
True
True
True
True
True
True
True
True
True
True
True
True
True
True
True
True
True
True
True
True
True
LS: BlockExchange | Count: 0 | TotalTime:0.000s | Cost:9.30
True
LS: mPDG | Count: 1 | TotalTime:0.002s | Cost:18.64
True
LS: BlockExchange | Count: 1 | TotalTime:0.001s | Cost:6221.60
True
LS: PDPairExchange | Count: 1 | TotalTime:0.001s | Cost:6221.60
True
LS: BlockRelocate | Count: 1 | TotalTime:0.001s | Cost:3496.42
True
LS: PDPairExchange | Count: 1 | TotalTime:0.000s | Cost:6221.60
True
LS: PDPairExchange | Count: 1 | TotalTime:0.000s | Cost:4285.49
True
LS: BlockRelocate | Count: 1 | TotalTime:0.001s | Cost:8793.82
True
LS: BlockRelocate | Count: 1 | TotalTime:0.000s | Cost:8793.36
True
LS: mPDG | Count: 1 | TotalTime:0.002s | Cost:18.64
True
LS: BlockRelocate | Count: 1 | TotalTime:0.001s | Cost:18.64
True
Generation 1: Best = 9.30, Worst = 47823.83, Avg = 8455.69, Time: 0.09232401847839355
True
True
True
True
True
True
True
True
True
True
True
True
True
True
True
True
True
True
True
True
True
True
True
True
True
True
True
True
True
True
True
True
LS: BlockRelocate | Count: 0 | TotalTime:0.004s | Cost:9.30
True
LS: mPDG | Count: 1 | TotalTime:0.002s | Cost:16.06
True
LS: mPDG | Count: 1 | TotalTime:0.002s | Cost:16.06
True
LS: BlockRelocate | Count: 1 | TotalTime:0.002s | Cost:15.48
True
LS: BlockRelocate | Count: 1 | TotalTime:0.000s | Cost:3493.84
True
LS: PDPairExchange | Count: 0 | TotalTime:0.001s | Cost:4285.49
True
LS: BlockExchange | Count: 1 | TotalTime:0.001s | Cost:4285.49
True
LS: PDPairExchange | Count: 1 | TotalTime:0.000s | Cost:4285.49
True
LS: PDPairExchange | Count: 1 | TotalTime:0.000s | Cost:4285.49
True
LS: mPDG | Count: 1 | TotalTime:0.002s | Cost:18.64
True
LS: mPDG | Count: 1 | TotalTime:0.002s | Cost:18.64
True
Generation 2: Best = 9.30, Worst = 8796.60, Avg = 6895.78, Time: 0.12027144432067871
True
True
True
True
True
True
True
True
True
True
True
True
True
True
True
True
True
True
True
True
True
True
True
True
True
True
True
True
True
True
True
True
LS: mPDG | Count: 0 | TotalTime:0.002s | Cost:9.30
True
LS: BlockRelocate | Count: 1 | TotalTime:0.000s | Cost:15.26
True
LS: mPDG | Count: 1 | TotalTime:0.002s | Cost:12.76
True
LS: mPDG | Count: 1 | TotalTime:0.002s | Cost:12.76
True
LS: mPDG | Count: 1 | TotalTime:0.002s | Cost:16.06
True
LS: mPDG | Count: 1 | TotalTime:0.002s | Cost:16.06
True
LS: BlockRelocate | Count: 1 | TotalTime:0.001s | Cost:3493.64
True
LS: PDPairExchange | Count: 0 | TotalTime:0.001s | Cost:4285.49
True
LS: mPDG | Count: 1 | TotalTime:0.002s | Cost:18.64
True
LS: BlockRelocate | Count: 1 | TotalTime:0.001s | Cost:8794.02
True
LS: PDPairExchange | Count: 1 | TotalTime:0.001s | Cost:6221.60
True
Generation 3: Best = 9.30, Worst = 8796.60, Avg = 6949.92, Time: 0.11512899398803711
True
True
True
True
True
True
True
True
True
True
True
True
True
True
True
True
True
True
True
True
True
True
True
True
True
True
True
True
True
True
True
True
LS: mPDG | Count: 0 | TotalTime:0.002s | Cost:9.30
True
LS: mPDG | Count: 1 | TotalTime:0.002s | Cost:9.52
True
LS: mPDG | Count: 1 | TotalTime:0.002s | Cost:9.52
True
LS: BlockRelocate | Count: 1 | TotalTime:0.001s | Cost:12.68
True
LS: mPDG | Count: 1 | TotalTime:0.002s | Cost:12.76
True
LS: mPDG | Count: 1 | TotalTime:0.002s | Cost:12.76
True
LS: mPDG | Count: 1 | TotalTime:0.002s | Cost:16.06
True
LS: BlockRelocate | Count: 1 | TotalTime:0.002s | Cost:15.64
True
LS: BlockRelocate | Count: 1 | TotalTime:0.000s | Cost:8794.02
True
LS: PDPairExchange | Count: 1 | TotalTime:0.001s | Cost:6221.60
True
LS: BlockRelocate | Count: 1 | TotalTime:0.000s | Cost:8793.36
True
Generation 4: Best = 9.30, Worst = 8796.60, Avg = 6975.22, Time: 0.1109457015991211
True
True
True
True
True
True
True
True
True
True
True
True
True
True
True
True
True
True
True
True
True
True
True
True
True
True
True
True
True
True
True
True
LS: mPDG | Count: 0 | TotalTime:0.002s | Cost:9.30
True
LS: mPDG | Count: 0 | TotalTime:0.002s | Cost:9.52
True
LS: mPDG | Count: 0 | TotalTime:0.002s | Cost:9.52
True
LS: BlockRelocate | Count: 1 | TotalTime:0.002s | Cost:9.42
True
LS: mPDG | Count: 1 | TotalTime:0.002s | Cost:9.52
True
LS: mPDG | Count: 1 | TotalTime:0.002s | Cost:9.52
True
LS: BlockRelocate | Count: 1 | TotalTime:0.001s | Cost:12.40
True
LS: mPDG | Count: 1 | TotalTime:0.002s | Cost:12.76
True
LS: BlockRelocate | Count: 1 | TotalTime:0.001s | Cost:8793.50
True
LS: BlockRelocate | Count: 1 | TotalTime:0.000s | Cost:8794.02
True
LS: PDPairExchange | Count: 1 | TotalTime:0.001s | Cost:6221.60
True
Generation 5: Best = 9.30, Worst = 8796.60, Avg = 6974.81, Time: 0.1116018295288086
Stopping early due to lack of improvement.
Total runtime: 1.37s (0.0 minutes)
True
LS: mPDG:0(0.000s) | PDPairExchange:0(0.000s) | BlockRelocate:0(0.004s) | BlockExchange:0(0.000s) | TotalTime:0.005s | Cost:9.30
True
True
LS: BlockRelocate:0(0.000s) | PDPairExchange:0(0.001s) | BlockExchange:0(0.001s) | mPDG:2(0.007s) | TotalTime:0.009s | Cost:9.30
True
True
LS: mPDG:0(0.000s) | PDPairExchange:0(0.001s) | BlockExchange:0(0.001s) | BlockRelocate:1(0.006s) | TotalTime:0.007s | Cost:9.30
True
True
LS: mPDG:0(0.000s) | PDPairExchange:0(0.001s) | BlockExchange:0(0.001s) | BlockRelocate:1(0.006s) | TotalTime:0.008s | Cost:9.30
True
True
LS: mPDG:0(0.000s) | PDPairExchange:0(0.001s) | BlockExchange:0(0.001s) | BlockRelocate:1(0.005s) | TotalTime:0.007s | Cost:9.30
True

The solution initialized by Cheapest Insertion:
V_1:[p19_0549590018-1 d19_0549590018-19] V_2:[p1_0321200008-1 d1_0321200008-1] V_3:[d1_0405380010-1] V_4:[p1_0531500014-1 p1_0531570015-1 p3_0549590018-20 p1_0557370019-1 p1_0548000017-1 d1_0548000017-1 d1_0557370019-1 d3_0549590018-22 d1_0531570015-1 d1_0531500014-1] V_5:[p1_0417500011-1 p4_0436090013-1 d4_0436090013-4 d1_0417500011-1 d1_0537230016-1]
The fitness value before EA: 9.3
V_1:[p19_0549590018-1 d19_0549590018-19] V_2:[p1_0321200008-1 d1_0321200008-1] V_3:[d1_0405380010-1] V_4:[p1_0531500014-1 p1_0531570015-1 p3_0549590018-20 p1_0557370019-1 p1_0548000017-1 d1_0548000017-1 d1_0557370019-1 d3_0549590018-22 d1_0531570015-1 d1_0531500014-1] V_5:[p1_0417500011-1 p4_0436090013-1 d4_0436090013-4 d1_0417500011-1 d1_0537230016-1]
The fitness value after EA: 9.3

Thoi gian thuc hien thuat toan:  1.4390740394592285
SUCCESS

2025-10-04 08:43:39,243 [simulate_environment.py | 256] INFO: 2025-10-04 06:00:00, Item 0321200008-1: state = 1 < 2, we can not finish the simulation
2025-10-04 08:43:39,243 [simulate_environment.py | 99] INFO: **************************************************
2025-10-04 08:43:39,243 [simulate_environment.py | 103] INFO: cur time: 2025-10-04 06:10:00, pre time: 2025-10-04 06:00:00
2025-10-04 08:43:39,243 [simulate_environment.py | 140] INFO: Start to update the input of 2025-10-04 06:10:00
2025-10-04 08:43:39,245 [simulate_environment.py | 167] INFO: Get 36 unallocated order items, 2 ongoing order items, 48 completed order items
2025-10-04 08:43:43,889 [simulate_environment.py | 234] INFO: 
Adaptive config applied: {'num_orders': 6, 'num_vehicles': 5, 'time_budget_sec': None, 'POPULATION_SIZE': 40, 'NUMBER_OF_GENERATION': 20, 'MUTATION_RATE': 0.1, 'LS_MAX': 20, 'LS_MAX_TIME_PER_OP': 3, 'LS_MAX_TIME_IN_SINGLE': 1}
True
True
True
True
True
True
True
True
True
True
True
True
True
True
True
True
True
True
True
True
True
True
True
True
True
True
True
True
True
True
True
True
True
True
True
True
True
True
True
True
LS: PDPairExchange | Count: 0 | TotalTime:0.001s | Cost:9.48
True
LS: BlockExchange | Count: 1 | TotalTime:0.001s | Cost:143.80
True
LS: PDPairExchange | Count: 1 | TotalTime:0.000s | Cost:14194.12
True
LS: mPDG | Count: 1 | TotalTime:0.004s | Cost:12338.39
True
LS: PDPairExchange | Count: 1 | TotalTime:0.000s | Cost:25663.57
True
LS: mPDG | Count: 1 | TotalTime:0.003s | Cost:12338.39
True
LS: BlockExchange | Count: 1 | TotalTime:0.001s | Cost:16405.15
True
LS: PDPairExchange | Count: 1 | TotalTime:0.000s | Cost:25663.57
True
LS: BlockRelocate | Count: 1 | TotalTime:0.001s | Cost:18327.21
True
LS: BlockExchange | Count: 1 | TotalTime:0.000s | Cost:28205.35
True
LS: mPDG | Count: 1 | TotalTime:0.003s | Cost:12338.39
True
Generation 1: Best = 9.48, Worst = 28238.57, Avg = 24613.65, Time: 0.1200094223022461
True
True
True
True
True
True
True
True
True
True
True
True
True
True
True
True
True
True
True
True
True
True
True
True
True
True
True
True
True
True
True
True
LS: BlockRelocate | Count: 0 | TotalTime:0.006s | Cost:9.48
True
LS: BlockExchange | Count: 1 | TotalTime:0.001s | Cost:143.70
True
LS: mPDG | Count: 0 | TotalTime:0.003s | Cost:12338.39
True
LS: mPDG | Count: 0 | TotalTime:0.003s | Cost:12338.39
True
LS: mPDG | Count: 0 | TotalTime:0.003s | Cost:12338.39
True
LS: PDPairExchange | Count: 1 | TotalTime:0.000s | Cost:13196.82
True
LS: BlockExchange | Count: 1 | TotalTime:0.000s | Cost:13196.82
True
LS: BlockRelocate | Count: 1 | TotalTime:0.001s | Cost:18323.95
True
LS: PDPairExchange | Count: 1 | TotalTime:0.000s | Cost:25663.57
True
LS: mPDG | Count: 1 | TotalTime:0.003s | Cost:12338.39
True
LS: BlockExchange | Count: 1 | TotalTime:0.000s | Cost:28205.35
True
Generation 2: Best = 9.48, Worst = 28238.57, Avg = 24175.29, Time: 0.13765501976013184
True
True
True
True
True
True
True
True
True
True
True
True
True
True
True
True
True
True
True
True
True
True
True
True
True
True
True
True
True
True
True
True
LS: BlockExchange | Count: 0 | TotalTime:0.001s | Cost:9.48
True
LS: BlockExchange | Count: 1 | TotalTime:0.001s | Cost:18.58
True
LS: mPDG | Count: 0 | TotalTime:0.003s | Cost:12338.39
True
LS: mPDG | Count: 0 | TotalTime:0.003s | Cost:12338.39
True
LS: mPDG | Count: 0 | TotalTime:0.003s | Cost:12338.39
True
LS: mPDG | Count: 0 | TotalTime:0.003s | Cost:12338.39
True
LS: PDPairExchange | Count: 1 | TotalTime:0.000s | Cost:10621.82
True
LS: BlockExchange | Count: 1 | TotalTime:0.001s | Cost:12730.35
True
LS: PDPairExchange | Count: 1 | TotalTime:0.000s | Cost:16130.23
True
LS: mPDG | Count: 1 | TotalTime:0.003s | Cost:12338.39
True
LS: BlockExchange | Count: 1 | TotalTime:0.000s | Cost:16405.15
True
Generation 3: Best = 9.48, Worst = 28238.57, Avg = 23413.15, Time: 0.1388545036315918
True
True
True
True
True
True
True
True
True
True
True
True
True
True
True
True
True
True
True
True
True
True
True
True
True
True
True
True
True
True
True
True
LS: BlockExchange | Count: 0 | TotalTime:0.001s | Cost:9.48
True
LS: BlockExchange | Count: 1 | TotalTime:0.000s | Cost:16.00
True
LS: PDPairExchange | Count: 1 | TotalTime:0.001s | Cost:9955.09
True
LS: mPDG | Count: 0 | TotalTime:0.003s | Cost:12338.39
True
LS: mPDG | Count: 0 | TotalTime:0.003s | Cost:12338.39
True
LS: mPDG | Count: 0 | TotalTime:0.004s | Cost:12338.39
True
LS: mPDG | Count: 0 | TotalTime:0.003s | Cost:12338.39
True
LS: mPDG | Count: 0 | TotalTime:0.003s | Cost:12338.39
True
LS: BlockExchange | Count: 1 | TotalTime:0.000s | Cost:16130.23
True
LS: mPDG | Count: 1 | TotalTime:0.003s | Cost:12338.39
True
LS: BlockRelocate | Count: 1 | TotalTime:0.001s | Cost:16563.32
True
Generation 4: Best = 9.48, Worst = 28238.57, Avg = 23390.57, Time: 2.6112186908721924
True
True
True
True
True
True
True
True
True
True
True
True
True
True
True
True
True
True
True
True
True
True
True
True
True
True
True
True
True
True
True
True
LS: mPDG | Count: 0 | TotalTime:0.004s | Cost:9.48
True
LS: BlockExchange | Count: 0 | TotalTime:0.002s | Cost:16.00
True
LS: PDPairExchange | Count: 1 | TotalTime:0.001s | Cost:9185.65
True
LS: mPDG | Count: 0 | TotalTime:0.004s | Cost:12338.39
True
LS: mPDG | Count: 0 | TotalTime:0.004s | Cost:12338.39
True
LS: mPDG | Count: 0 | TotalTime:0.004s | Cost:12338.39
True
LS: mPDG | Count: 0 | TotalTime:0.004s | Cost:12338.39
True
LS: mPDG | Count: 0 | TotalTime:0.004s | Cost:12338.39
True
LS: BlockExchange | Count: 1 | TotalTime:0.000s | Cost:16130.23
True
LS: mPDG | Count: 1 | TotalTime:0.004s | Cost:12338.39
True
LS: mPDG | Count: 1 | TotalTime:0.004s | Cost:12338.39
True
Generation 5: Best = 9.48, Worst = 28238.57, Avg = 23265.71, Time: 0.17840290069580078
Stopping early due to lack of improvement.
Total runtime: 4.02s (0.1 minutes)
True
LS: mPDG:0(0.000s) | BlockRelocate:0(0.010s) | PDPairExchange:0(0.001s) | BlockExchange:0(0.001s) | TotalTime:0.013s | Cost:9.48
True
True
LS: BlockExchange:1(0.001s) | PDPairExchange:0(0.004s) | BlockRelocate:3(0.019s) | mPDG:0(0.003s) | TotalTime:0.026s | Cost:9.48
True
True
LS: PDPairExchange:4(0.002s) | BlockExchange:2(0.010s) | BlockRelocate:6(0.035s) | mPDG:1(0.006s) | TotalTime:0.053s | Cost:9.48
True
True
LS: mPDG:4(0.011s) | PDPairExchange:3(0.002s) | BlockExchange:0(0.001s) | BlockRelocate:0(0.007s) | TotalTime:0.020s | Cost:9.48
True
True
LS: mPDG:3(0.008s) | PDPairExchange:5(0.007s) | BlockExchange:0(0.003s) | BlockRelocate:1(0.010s) | TotalTime:0.028s | Cost:9.48
True

The solution initialized by Cheapest Insertion:
V_1:[p19_0549590018-1 d19_0549590018-19] V_2:[p1_0321200008-1 d1_0321200008-1] V_3:[d1_0405380010-1] V_4:[p1_0531500014-1 p1_0531570015-1 p3_0549590018-20 p1_0557370019-1 p1_0548000017-1 d1_0548000017-1 d1_0557370019-1 d3_0549590018-22 d1_0531570015-1 d1_0531500014-1] V_5:[p1_0417500011-1 p4_0436090013-1 d4_0436090013-4 d1_0417500011-1 d1_0537230016-1 p4_0601510020-1 d4_0601510020-4]
The fitness value before EA: 9.48
V_1:[p19_0549590018-1 d19_0549590018-19] V_2:[p1_0321200008-1 d1_0321200008-1] V_3:[d1_0405380010-1] V_4:[p1_0531500014-1 p1_0531570015-1 p3_0549590018-20 p1_0557370019-1 p1_0548000017-1 d1_0548000017-1 d1_0557370019-1 d3_0549590018-22 d1_0531570015-1 d1_0531500014-1] V_5:[p1_0417500011-1 p4_0436090013-1 d4_0436090013-4 d1_0417500011-1 d1_0537230016-1 p4_0601510020-1 d4_0601510020-4]
The fitness value after EA: 9.48

Thoi gian thuc hien thuat toan:  4.229312419891357
SUCCESS

2025-10-04 08:43:43,890 [simulate_environment.py | 256] INFO: 2025-10-04 06:10:00, Item 0321200008-1: state = 1 < 2, we can not finish the simulation
2025-10-04 08:43:43,891 [simulate_environment.py | 99] INFO: **************************************************
2025-10-04 08:43:43,891 [simulate_environment.py | 103] INFO: cur time: 2025-10-04 06:20:00, pre time: 2025-10-04 06:10:00
2025-10-04 08:43:43,891 [simulate_environment.py | 140] INFO: Start to update the input of 2025-10-04 06:20:00
2025-10-04 08:43:43,892 [simulate_environment.py | 167] INFO: Get 36 unallocated order items, 2 ongoing order items, 48 completed order items
2025-10-04 08:43:46,485 [simulate_environment.py | 234] INFO: 
Adaptive config applied: {'num_orders': 6, 'num_vehicles': 5, 'time_budget_sec': None, 'POPULATION_SIZE': 40, 'NUMBER_OF_GENERATION': 20, 'MUTATION_RATE': 0.1, 'LS_MAX': 20, 'LS_MAX_TIME_PER_OP': 3, 'LS_MAX_TIME_IN_SINGLE': 1}
True
True
True
True
True
True
True
True
True
True
True
True
True
True
True
True
True
True
True
True
True
True
True
True
True
True
True
True
True
True
True
True
True
True
True
True
True
True
True
True
LS: PDPairExchange | Count: 0 | TotalTime:0.001s | Cost:8.00
True
LS: BlockExchange | Count: 1 | TotalTime:0.000s | Cost:16403.67
True
LS: BlockRelocate | Count: 1 | TotalTime:0.001s | Cost:18325.73
True
LS: BlockRelocate | Count: 1 | TotalTime:0.001s | Cost:12336.91
True
LS: BlockRelocate | Count: 1 | TotalTime:0.001s | Cost:28234.03
True
LS: PDPairExchange | Count: 1 | TotalTime:0.000s | Cost:23725.98
True
LS: PDPairExchange | Count: 1 | TotalTime:0.000s | Cost:16403.67
True
LS: PDPairExchange | Count: 1 | TotalTime:0.000s | Cost:16403.67
True
LS: mPDG | Count: 1 | TotalTime:0.004s | Cost:12336.91
True
LS: BlockExchange | Count: 1 | TotalTime:0.000s | Cost:28203.87
True
LS: mPDG | Count: 1 | TotalTime:0.004s | Cost:12336.91
True
Generation 1: Best = 8.00, Worst = 91889.44, Avg = 26681.18, Time: 0.1519331932067871
True
True
True
True
True
True
True
True
True
True
True
True
True
True
True
True
True
True
True
True
True
True
True
True
True
True
True
True
True
True
True
True
LS: BlockRelocate | Count: 0 | TotalTime:0.008s | Cost:8.00
True
LS: BlockRelocate | Count: 1 | TotalTime:0.002s | Cost:2425.55
True
LS: mPDG | Count: 0 | TotalTime:0.004s | Cost:12336.91
True
LS: mPDG | Count: 0 | TotalTime:0.003s | Cost:12336.91
True
LS: BlockExchange | Count: 1 | TotalTime:0.000s | Cost:13828.67
True
LS: PDPairExchange | Count: 1 | TotalTime:0.000s | Cost:15937.21
True
LS: PDPairExchange | Count: 1 | TotalTime:0.000s | Cost:13195.34
True
LS: BlockRelocate | Count: 1 | TotalTime:0.001s | Cost:16561.84
True
LS: mPDG | Count: 1 | TotalTime:0.004s | Cost:12336.91
True
LS: BlockExchange | Count: 1 | TotalTime:0.000s | Cost:16128.75
True
LS: BlockExchange | Count: 1 | TotalTime:0.000s | Cost:28203.87
True
Generation 2: Best = 8.00, Worst = 28237.09, Avg = 24054.39, Time: 0.1603853702545166
True
True
True
True
True
True
True
True
True
True
True
True
True
True
True
True
True
True
True
True
True
True
True
True
True
True
True
True
True
True
True
True
LS: PDPairExchange | Count: 0 | TotalTime:0.001s | Cost:8.00
True
LS: BlockRelocate | Count: 1 | TotalTime:0.001s | Cost:2422.69
True
LS: mPDG | Count: 0 | TotalTime:0.004s | Cost:12336.91
True
LS: mPDG | Count: 0 | TotalTime:0.004s | Cost:12336.91
True
LS: mPDG | Count: 0 | TotalTime:0.006s | Cost:12336.91
True
LS: PDPairExchange | Count: 1 | TotalTime:0.000s | Cost:10620.34
True
LS: BlockExchange | Count: 1 | TotalTime:0.000s | Cost:13161.95
True
LS: PDPairExchange | Count: 1 | TotalTime:0.000s | Cost:12728.87
True
LS: PDPairExchange | Count: 1 | TotalTime:0.000s | Cost:23725.98
True
LS: PDPairExchange | Count: 1 | TotalTime:0.000s | Cost:25662.09
True
LS: mPDG | Count: 1 | TotalTime:0.004s | Cost:12336.91
True
Generation 3: Best = 8.00, Worst = 28237.09, Avg = 23913.83, Time: 0.1628894805908203
True
True
True
True
True
True
True
True
True
True
True
True
True
True
True
True
True
True
True
True
True
True
True
True
True
True
True
True
True
True
True
True
LS: mPDG | Count: 0 | TotalTime:0.003s | Cost:8.00
True
LS: BlockRelocate | Count: 1 | TotalTime:0.001s | Cost:14.60
True
LS: PDPairExchange | Count: 1 | TotalTime:0.000s | Cost:9953.61
True
LS: mPDG | Count: 0 | TotalTime:0.004s | Cost:12336.91
True
LS: mPDG | Count: 0 | TotalTime:0.004s | Cost:12336.91
True
LS: mPDG | Count: 0 | TotalTime:0.004s | Cost:12336.91
True
LS: mPDG | Count: 0 | TotalTime:0.004s | Cost:12336.91
True
LS: PDPairExchange | Count: 1 | TotalTime:0.001s | Cost:11959.43
True
LS: BlockRelocate | Count: 1 | TotalTime:0.001s | Cost:11925.79
True
LS: BlockRelocate | Count: 1 | TotalTime:0.001s | Cost:18325.73
True
LS: PDPairExchange | Count: 1 | TotalTime:0.000s | Cost:16403.67
True
Generation 4: Best = 8.00, Worst = 28237.09, Avg = 23420.35, Time: 0.1771557331085205
True
True
True
True
True
True
True
True
True
True
True
True
True
True
True
True
True
True
True
True
True
True
True
True
True
True
True
True
True
True
True
True
LS: mPDG | Count: 0 | TotalTime:0.005s | Cost:8.00
True
LS: BlockRelocate | Count: 1 | TotalTime:0.006s | Cost:14.36
True
LS: PDPairExchange | Count: 1 | TotalTime:0.001s | Cost:9184.17
True
LS: BlockRelocate | Count: 1 | TotalTime:0.001s | Cost:11922.53
True
LS: PDPairExchange | Count: 1 | TotalTime:0.001s | Cost:11426.10
True
LS: mPDG | Count: 0 | TotalTime:0.006s | Cost:12336.91
True
LS: mPDG | Count: 0 | TotalTime:0.006s | Cost:12336.91
True
LS: mPDG | Count: 0 | TotalTime:0.005s | Cost:12336.91
True
LS: BlockRelocate | Count: 1 | TotalTime:0.001s | Cost:11925.79
True
LS: BlockRelocate | Count: 1 | TotalTime:0.001s | Cost:12336.91
True
LS: BlockRelocate | Count: 1 | TotalTime:0.001s | Cost:12336.91
True
Generation 5: Best = 8.00, Worst = 28237.09, Avg = 23126.02, Time: 0.18021512031555176
Stopping early due to lack of improvement.
Total runtime: 1.85s (0.0 minutes)
True
LS: BlockExchange:0(0.000s) | PDPairExchange:0(0.001s) | BlockRelocate:0(0.007s) | mPDG:0(0.003s) | TotalTime:0.010s | Cost:8.00
True
True
LS: BlockRelocate:3(0.008s) | PDPairExchange:0(0.003s) | BlockExchange:0(0.003s) | mPDG:2(0.012s) | TotalTime:0.026s | Cost:8.00
True
True
LS: PDPairExchange:6(0.005s) | BlockExchange:1(0.014s) | BlockRelocate:6(0.044s) | mPDG:1(0.010s) | TotalTime:0.073s | Cost:8.00
True
True
LS: PDPairExchange:7(0.006s) | BlockExchange:1(0.012s) | BlockRelocate:8(0.033s) | mPDG:1(0.007s) | TotalTime:0.057s | Cost:8.00
True
True
LS: BlockRelocate:5(0.015s) | PDPairExchange:0(0.002s) | BlockExchange:0(0.002s) | mPDG:1(0.007s) | TotalTime:0.025s | Cost:8.00
True

The solution initialized by Cheapest Insertion:
V_1:[p19_0549590018-1 d19_0549590018-19] V_2:[p1_0321200008-1 d1_0321200008-1] V_3:[d1_0405380010-1] V_4:[p1_0531500014-1 p1_0531570015-1 p3_0549590018-20 p1_0557370019-1 p1_0548000017-1 d1_0548000017-1 d1_0557370019-1 d3_0549590018-22 d1_0531570015-1 d1_0531500014-1] V_5:[p1_0417500011-1 p4_0436090013-1 d4_0436090013-4 d1_0417500011-1 d1_0537230016-1 p4_0601510020-1 d4_0601510020-4]
The fitness value before EA: 8.000000000000002
V_1:[p19_0549590018-1 d19_0549590018-19] V_2:[p1_0321200008-1 d1_0321200008-1] V_3:[d1_0405380010-1] V_4:[p1_0531500014-1 p1_0531570015-1 p3_0549590018-20 p1_0557370019-1 p1_0548000017-1 d1_0548000017-1 d1_0557370019-1 d3_0549590018-22 d1_0531570015-1 d1_0531500014-1] V_5:[p1_0417500011-1 p4_0436090013-1 d4_0436090013-4 d1_0417500011-1 d1_0537230016-1 p4_0601510020-1 d4_0601510020-4]
The fitness value after EA: 8.000000000000002

Thoi gian thuc hien thuat toan:  2.1145899295806885
SUCCESS

2025-10-04 08:43:46,486 [simulate_environment.py | 256] INFO: 2025-10-04 06:20:00, Item 0321200008-1: state = 1 < 2, we can not finish the simulation
2025-10-04 08:43:46,486 [simulate_environment.py | 99] INFO: **************************************************
2025-10-04 08:43:46,486 [simulate_environment.py | 103] INFO: cur time: 2025-10-04 06:30:00, pre time: 2025-10-04 06:20:00
2025-10-04 08:43:46,487 [simulate_environment.py | 140] INFO: Start to update the input of 2025-10-04 06:30:00
2025-10-04 08:43:46,487 [simulate_environment.py | 167] INFO: Get 30 unallocated order items, 9 ongoing order items, 48 completed order items
2025-10-04 08:43:49,793 [simulate_environment.py | 234] INFO: 
Adaptive config applied: {'num_orders': 3, 'num_vehicles': 5, 'time_budget_sec': None, 'POPULATION_SIZE': 40, 'NUMBER_OF_GENERATION': 20, 'MUTATION_RATE': 0.1, 'LS_MAX': 20, 'LS_MAX_TIME_PER_OP': 3, 'LS_MAX_TIME_IN_SINGLE': 1}
True
True
True
True
True
True
True
True
True
True
True
True
True
True
True
True
True
True
True
True
True
True
True
True
True
True
True
True
True
True
True
True
True
True
True
True
True
True
True
True
LS: BlockRelocate | Count: 0 | TotalTime:0.009s | Cost:11.50
True
LS: BlockRelocate | Count: 1 | TotalTime:0.006s | Cost:11.50
True
LS: BlockExchange | Count: 1 | TotalTime:0.001s | Cost:12.18
True
LS: BlockRelocate | Count: 1 | TotalTime:0.014s | Cost:11.72
True
LS: BlockExchange | Count: 1 | TotalTime:0.000s | Cost:2178.59
True
LS: PDPairExchange | Count: 1 | TotalTime:0.001s | Cost:12.18
True
LS: PDPairExchange | Count: 1 | TotalTime:0.000s | Cost:12.18
True
LS: mPDG | Count: 1 | TotalTime:0.013s | Cost:11.72
True
LS: mPDG | Count: 1 | TotalTime:0.003s | Cost:11.72
True
LS: BlockRelocate | Count: 1 | TotalTime:0.014s | Cost:11.72
True
LS: BlockRelocate | Count: 1 | TotalTime:0.002s | Cost:2178.37
True
Generation 1: Best = 11.50, Worst = 2178.81, Avg = 1691.22, Time: 0.2101900577545166
True
True
True
True
True
True
True
True
True
True
True
True
True
True
True
True
True
True
True
True
True
True
True
True
True
True
True
True
True
True
True
True
LS: PDPairExchange | Count: 0 | TotalTime:0.001s | Cost:11.50
True
LS: BlockRelocate | Count: 0 | TotalTime:0.009s | Cost:11.50
True
LS: BlockRelocate | Count: 0 | TotalTime:0.008s | Cost:11.72
True
LS: mPDG | Count: 0 | TotalTime:0.002s | Cost:11.72
True
LS: mPDG | Count: 0 | TotalTime:0.002s | Cost:11.72
True
LS: BlockRelocate | Count: 0 | TotalTime:0.011s | Cost:11.72
True
LS: BlockExchange | Count: 0 | TotalTime:0.001s | Cost:12.18
True
LS: PDPairExchange | Count: 0 | TotalTime:0.001s | Cost:12.18
True
LS: PDPairExchange | Count: 1 | TotalTime:0.001s | Cost:2178.59
True
LS: mPDG | Count: 1 | TotalTime:0.006s | Cost:11.72
True
LS: mPDG | Count: 1 | TotalTime:0.003s | Cost:11.72
True
Generation 2: Best = 11.50, Worst = 2178.81, Avg = 1637.04, Time: 0.25026583671569824
True
True
True
True
True
True
True
True
True
True
True
True
True
True
True
True
True
True
True
True
True
True
True
True
True
True
True
True
True
True
True
True
LS: BlockRelocate | Count: 0 | TotalTime:0.005s | Cost:11.50
True
LS: BlockRelocate | Count: 0 | TotalTime:0.004s | Cost:11.50
True
LS: BlockRelocate | Count: 0 | TotalTime:0.006s | Cost:11.72
True
LS: mPDG | Count: 0 | TotalTime:0.001s | Cost:11.72
True
LS: mPDG | Count: 0 | TotalTime:0.001s | Cost:11.72
True
LS: BlockRelocate | Count: 0 | TotalTime:0.004s | Cost:11.72
True
LS: mPDG | Count: 0 | TotalTime:0.001s | Cost:11.72
True
LS: mPDG | Count: 0 | TotalTime:0.001s | Cost:11.72
True
LS: PDPairExchange | Count: 1 | TotalTime:0.000s | Cost:12.18
True
LS: mPDG | Count: 1 | TotalTime:0.002s | Cost:11.72
True
LS: BlockRelocate | Count: 1 | TotalTime:0.002s | Cost:2178.37
True
Generation 3: Best = 11.50, Worst = 2178.81, Avg = 1637.02, Time: 0.18073129653930664
True
True
True
True
True
True
True
True
True
True
True
True
True
True
True
True
True
True
True
True
True
True
True
True
True
True
True
True
True
True
True
True
LS: BlockRelocate | Count: 0 | TotalTime:0.003s | Cost:11.50
True
LS: BlockRelocate | Count: 0 | TotalTime:0.003s | Cost:11.50
True
LS: BlockRelocate | Count: 0 | TotalTime:0.004s | Cost:11.72
True
LS: mPDG | Count: 0 | TotalTime:0.001s | Cost:11.72
True
LS: mPDG | Count: 0 | TotalTime:0.001s | Cost:11.72
True
LS: BlockRelocate | Count: 0 | TotalTime:0.004s | Cost:11.72
True
LS: mPDG | Count: 0 | TotalTime:0.001s | Cost:11.72
True
LS: mPDG | Count: 0 | TotalTime:0.001s | Cost:11.72
True
LS: BlockRelocate | Count: 1 | TotalTime:0.001s | Cost:11.72
True
LS: BlockExchange | Count: 1 | TotalTime:0.000s | Cost:2178.59
True
LS: BlockExchange | Count: 1 | TotalTime:0.000s | Cost:12.18
True
Generation 4: Best = 11.50, Worst = 2178.81, Avg = 1637.03, Time: 0.13000702857971191
True
True
True
True
True
True
True
True
True
True
True
True
True
True
True
True
True
True
True
True
True
True
True
True
True
True
True
True
True
True
True
True
LS: BlockRelocate | Count: 0 | TotalTime:0.004s | Cost:11.50
True
LS: BlockRelocate | Count: 0 | TotalTime:0.004s | Cost:11.50
True
LS: BlockRelocate | Count: 0 | TotalTime:0.005s | Cost:11.72
True
LS: mPDG | Count: 0 | TotalTime:0.001s | Cost:11.72
True
LS: mPDG | Count: 0 | TotalTime:0.001s | Cost:11.72
True
LS: BlockRelocate | Count: 0 | TotalTime:0.004s | Cost:11.72
True
LS: mPDG | Count: 0 | TotalTime:0.001s | Cost:11.72
True
LS: mPDG | Count: 0 | TotalTime:0.001s | Cost:11.72
True
LS: mPDG | Count: 1 | TotalTime:0.002s | Cost:11.72
True
LS: BlockRelocate | Count: 1 | TotalTime:0.002s | Cost:11.72
True
LS: BlockRelocate | Count: 1 | TotalTime:0.002s | Cost:2178.37
True
Generation 5: Best = 11.50, Worst = 2178.81, Avg = 1637.01, Time: 0.1419689655303955
Stopping early due to lack of improvement.
Total runtime: 2.67s (0.0 minutes)
True
LS: mPDG:0(0.000s) | BlockRelocate:0(0.004s) | BlockExchange:0(0.000s) | PDPairExchange:0(0.000s) | TotalTime:0.005s | Cost:11.50
True
True
LS: BlockRelocate:0(0.000s) | PDPairExchange:0(0.000s) | BlockExchange:0(0.000s) | mPDG:0(0.002s) | TotalTime:0.003s | Cost:11.50
True
True
LS: BlockRelocate:0(0.000s) | PDPairExchange:1(0.001s) | BlockExchange:0(0.000s) | mPDG:0(0.001s) | TotalTime:0.002s | Cost:11.50
True
True
LS: mPDG:0(0.000s) | PDPairExchange:1(0.001s) | BlockExchange:0(0.000s) | BlockRelocate:0(0.006s) | TotalTime:0.007s | Cost:11.50
True
True
LS: mPDG:0(0.000s) | PDPairExchange:1(0.001s) | BlockExchange:0(0.000s) | BlockRelocate:0(0.005s) | TotalTime:0.006s | Cost:11.50
True

The solution initialized by Cheapest Insertion:
V_1:[p19_0549590018-1 d19_0549590018-19] V_2:[p1_0321200008-1 d1_0321200008-1 p1_0626070021-1 d1_0626070021-1] V_3:[d1_0405380010-1] V_4:[d1_0548000017-1 d1_0557370019-1 d3_0549590018-22 d1_0531570015-1 d1_0531500014-1] V_5:[p1_0417500011-1 p4_0436090013-1 d4_0436090013-4 d1_0417500011-1 d1_0537230016-1 p4_0601510020-1 d4_0601510020-4]
The fitness value before EA: 11.500000000000002
V_1:[p19_0549590018-1 d19_0549590018-19] V_2:[p1_0321200008-1 d1_0321200008-1 p1_0626070021-1 d1_0626070021-1] V_3:[d1_0405380010-1] V_4:[d1_0548000017-1 d1_0557370019-1 d3_0549590018-22 d1_0531570015-1 d1_0531500014-1] V_5:[p1_0417500011-1 p4_0436090013-1 d4_0436090013-4 d1_0417500011-1 d1_0537230016-1 p4_0601510020-1 d4_0601510020-4]
The fitness value after EA: 11.500000000000002

Thoi gian thuc hien thuat toan:  2.730825901031494
SUCCESS

2025-10-04 08:43:49,796 [simulate_environment.py | 256] INFO: 2025-10-04 06:30:00, Item 0321200008-1: state = 1 < 2, we can not finish the simulation
2025-10-04 08:43:49,797 [simulate_environment.py | 99] INFO: **************************************************
2025-10-04 08:43:49,797 [simulate_environment.py | 103] INFO: cur time: 2025-10-04 06:40:00, pre time: 2025-10-04 06:30:00
2025-10-04 08:43:49,797 [simulate_environment.py | 140] INFO: Start to update the input of 2025-10-04 06:40:00
2025-10-04 08:43:49,799 [simulate_environment.py | 167] INFO: Get 36 unallocated order items, 9 ongoing order items, 48 completed order items
2025-10-04 08:43:53,039 [simulate_environment.py | 234] INFO: 
Adaptive config applied: {'num_orders': 6, 'num_vehicles': 5, 'time_budget_sec': None, 'POPULATION_SIZE': 40, 'NUMBER_OF_GENERATION': 20, 'MUTATION_RATE': 0.1, 'LS_MAX': 20, 'LS_MAX_TIME_PER_OP': 3, 'LS_MAX_TIME_IN_SINGLE': 1}
True
True
True
True
True
True
True
True
True
True
True
True
True
True
True
True
True
True
True
True
True
True
True
True
True
True
True
True
True
True
True
True
True
True
True
True
True
True
True
True
LS: PDPairExchange | Count: 0 | TotalTime:0.002s | Cost:7419.46
True
LS: BlockRelocate | Count: 1 | TotalTime:0.010s | Cost:10889.89
True
LS: BlockRelocate | Count: 1 | TotalTime:0.004s | Cost:10889.89
True
LS: mPDG | Count: 0 | TotalTime:0.006s | Cost:20056.76
True
LS: BlockExchange | Count: 1 | TotalTime:0.001s | Cost:13056.36
True
LS: PDPairExchange | Count: 1 | TotalTime:0.001s | Cost:13056.36
True
LS: PDPairExchange | Count: 1 | TotalTime:0.000s | Cost:15922.58
True
LS: BlockExchange | Count: 1 | TotalTime:0.000s | Cost:15922.58
True
LS: mPDG | Count: 0 | TotalTime:0.005s | Cost:20056.76
True
LS: BlockRelocate | Count: 1 | TotalTime:0.005s | Cost:10889.89
True
LS: BlockRelocate | Count: 1 | TotalTime:0.007s | Cost:10889.89
True
Generation 1: Best = 7419.46, Worst = 89517.29, Avg = 20003.92, Time: 0.23810863494873047
True
True
True
True
True
True
True
True
True
True
True
True
True
True
True
True
True
True
True
True
True
True
True
True
True
True
True
True
True
True
True
True
LS: mPDG | Count: 0 | TotalTime:0.005s | Cost:7419.46
True
LS: BlockRelocate | Count: 0 | TotalTime:0.014s | Cost:10889.89
True
LS: BlockRelocate | Count: 0 | TotalTime:0.018s | Cost:10889.89
True
LS: BlockRelocate | Count: 0 | TotalTime:0.014s | Cost:10889.89
True
LS: BlockRelocate | Count: 0 | TotalTime:0.014s | Cost:10889.89
True
LS: BlockExchange | Count: 1 | TotalTime:0.001s | Cost:9625.94
True
LS: PDPairExchange | Count: 0 | TotalTime:0.002s | Cost:13056.36
True
LS: PDPairExchange | Count: 1 | TotalTime:0.000s | Cost:13405.94
True
LS: BlockExchange | Count: 1 | TotalTime:0.000s | Cost:16626.34
True
LS: BlockRelocate | Count: 1 | TotalTime:0.004s | Cost:10889.89
True
LS: BlockRelocate | Count: 1 | TotalTime:0.005s | Cost:10889.89
True
Generation 2: Best = 7419.46, Worst = 20056.76, Avg = 17677.98, Time: 0.27037763595581055
True
True
True
True
True
True
True
True
True
True
True
True
True
True
True
True
True
True
True
True
True
True
True
True
True
True
True
True
True
True
True
True
LS: BlockExchange | Count: 0 | TotalTime:0.002s | Cost:7419.46
True
LS: BlockExchange | Count: 0 | TotalTime:0.002s | Cost:9625.94
True
LS: BlockRelocate | Count: 0 | TotalTime:0.012s | Cost:10889.89
True
LS: BlockRelocate | Count: 0 | TotalTime:0.011s | Cost:10889.89
True
LS: BlockRelocate | Count: 0 | TotalTime:0.018s | Cost:10889.89
True
LS: BlockRelocate | Count: 0 | TotalTime:0.013s | Cost:10889.89
True
LS: BlockRelocate | Count: 0 | TotalTime:0.012s | Cost:10889.89
True
LS: BlockRelocate | Count: 0 | TotalTime:0.011s | Cost:10889.89
True
LS: BlockExchange | Count: 1 | TotalTime:0.001s | Cost:13056.36
True
LS: PDPairExchange | Count: 1 | TotalTime:0.000s | Cost:15922.58
True
LS: BlockRelocate | Count: 1 | TotalTime:0.004s | Cost:10889.89
True
Generation 3: Best = 7419.46, Worst = 20056.76, Avg = 17597.49, Time: 0.24197888374328613
True
True
True
True
True
True
True
True
True
True
True
True
True
True
True
True
True
True
True
True
True
True
True
True
True
True
True
True
True
True
True
True
LS: PDPairExchange | Count: 0 | TotalTime:0.001s | Cost:7419.46
True
LS: BlockExchange | Count: 0 | TotalTime:0.001s | Cost:9625.94
True
LS: BlockRelocate | Count: 0 | TotalTime:0.012s | Cost:10889.89
True
LS: BlockRelocate | Count: 0 | TotalTime:0.015s | Cost:10889.89
True
LS: BlockRelocate | Count: 0 | TotalTime:0.014s | Cost:10889.89
True
LS: BlockRelocate | Count: 0 | TotalTime:0.015s | Cost:10889.89
True
LS: BlockRelocate | Count: 0 | TotalTime:0.013s | Cost:10889.89
True
LS: BlockRelocate | Count: 0 | TotalTime:0.013s | Cost:10889.89
True
LS: BlockExchange | Count: 1 | TotalTime:0.001s | Cost:13056.36
True
LS: BlockRelocate | Count: 1 | TotalTime:0.007s | Cost:10889.89
True
LS: mPDG | Count: 0 | TotalTime:0.004s | Cost:20056.76
True
Generation 4: Best = 7419.46, Worst = 20056.76, Avg = 17700.84, Time: 0.24814677238464355
True
True
True
True
True
True
True
True
True
True
True
True
True
True
True
True
True
True
True
True
True
True
True
True
True
True
True
True
True
True
True
True
LS: BlockRelocate | Count: 0 | TotalTime:0.010s | Cost:7419.46
True
LS: BlockExchange | Count: 0 | TotalTime:0.001s | Cost:9625.94
True
LS: BlockRelocate | Count: 0 | TotalTime:0.011s | Cost:10889.89
True
LS: BlockRelocate | Count: 0 | TotalTime:0.011s | Cost:10889.89
True
LS: BlockRelocate | Count: 0 | TotalTime:0.011s | Cost:10889.89
True
LS: BlockRelocate | Count: 0 | TotalTime:0.011s | Cost:10889.89
True
LS: BlockRelocate | Count: 0 | TotalTime:0.011s | Cost:10889.89
True
LS: BlockRelocate | Count: 0 | TotalTime:0.011s | Cost:10889.89
True
LS: mPDG | Count: 0 | TotalTime:0.004s | Cost:20056.76
True
LS: mPDG | Count: 0 | TotalTime:0.004s | Cost:20056.76
True
LS: BlockExchange | Count: 1 | TotalTime:0.001s | Cost:16626.34
True
Generation 5: Best = 7419.46, Worst = 20056.76, Avg = 18019.26, Time: 0.24515771865844727
Stopping early due to lack of improvement.
Total runtime: 2.56s (0.0 minutes)
True
LS: BlockRelocate:0(0.000s) | mPDG:0(0.004s) | PDPairExchange:0(0.002s) | BlockExchange:0(0.003s) | TotalTime:0.008s | Cost:7419.46
True
True
LS: BlockExchange:0(0.000s) | PDPairExchange:0(0.007s) | BlockRelocate:3(0.043s) | mPDG:0(0.005s) | TotalTime:0.054s | Cost:3109.34
True
True
LS: BlockRelocate:1(0.009s) | PDPairExchange:1(0.002s) | BlockExchange:0(0.001s) | mPDG:0(0.004s) | TotalTime:0.016s | Cost:5852.80
True
True
LS: BlockRelocate:1(0.005s) | PDPairExchange:1(0.002s) | BlockExchange:0(0.001s) | mPDG:0(0.005s) | TotalTime:0.014s | Cost:5595.56
True
True
LS: BlockRelocate:1(0.014s) | PDPairExchange:1(0.002s) | BlockExchange:0(0.002s) | mPDG:0(0.004s) | TotalTime:0.022s | Cost:5595.56
True

The solution initialized by Cheapest Insertion:
V_1:[p19_0549590018-1 d19_0549590018-19] V_2:[p1_0321200008-1 d1_0321200008-1 p1_0626070021-1 p1_0630410022-1 d1_0630410022-1 d1_0626070021-1] V_3:[d1_0405380010-1 p4_0632150023-1 d4_0632150023-4 p1_0634010024-1 d1_0634010024-1] V_4:[d1_0548000017-1 d1_0557370019-1 d3_0549590018-22 d1_0531570015-1 d1_0531500014-1] V_5:[p1_0417500011-1 p4_0436090013-1 d4_0436090013-4 d1_0417500011-1 d1_0537230016-1 p4_0601510020-1 d4_0601510020-4]
The fitness value before EA: 7419.4622222222215
V_1:[p19_0549590018-1 d19_0549590018-19] V_2:[p1_0321200008-1 d1_0321200008-1 p4_0436090013-1 d4_0436090013-4 p1_0626070021-1 d1_0626070021-1] V_3:[d1_0405380010-1 p1_0634010024-1 d1_0634010024-1] V_4:[d1_0548000017-1 d1_0557370019-1 d3_0549590018-22 d1_0531570015-1 d1_0531500014-1 p1_0630410022-1 d1_0630410022-1] V_5:[p1_0417500011-1 d1_0417500011-1 d1_0537230016-1 p4_0601510020-1 d4_0601510020-4 p4_0632150023-1 d4_0632150023-4]
The fitness value after EA: 3109.335555555556

Thoi gian thuc hien thuat toan:  2.7887556552886963
SUCCESS

2025-10-04 08:43:53,041 [simulate_environment.py | 256] INFO: 2025-10-04 06:40:00, Item 0321200008-1: state = 1 < 2, we can not finish the simulation
2025-10-04 08:43:53,041 [simulate_environment.py | 99] INFO: **************************************************
2025-10-04 08:43:53,041 [simulate_environment.py | 103] INFO: cur time: 2025-10-04 06:50:00, pre time: 2025-10-04 06:40:00
2025-10-04 08:43:53,041 [simulate_environment.py | 140] INFO: Start to update the input of 2025-10-04 06:50:00
2025-10-04 08:43:53,043 [simulate_environment.py | 167] INFO: Get 36 unallocated order items, 11 ongoing order items, 48 completed order items
2025-10-04 08:43:57,468 [simulate_environment.py | 234] INFO: 
Adaptive config applied: {'num_orders': 8, 'num_vehicles': 5, 'time_budget_sec': None, 'POPULATION_SIZE': 40, 'NUMBER_OF_GENERATION': 20, 'MUTATION_RATE': 0.1, 'LS_MAX': 20, 'LS_MAX_TIME_PER_OP': 3, 'LS_MAX_TIME_IN_SINGLE': 1}
True
True
True
True
True
True
True
True
True
True
True
True
True
True
True
True
True
True
True
True
True
True
True
True
True
True
True
True
True
True
True
True
True
True
True
True
True
True
True
True
LS: BlockExchange | Count: 0 | TotalTime:0.003s | Cost:3458.53
True
LS: PDPairExchange | Count: 1 | TotalTime:0.001s | Cost:21445.13
True
LS: mPDG | Count: 1 | TotalTime:0.008s | Cost:28720.33
True
LS: BlockExchange | Count: 1 | TotalTime:0.002s | Cost:28745.59
True
LS: BlockRelocate | Count: 1 | TotalTime:0.003s | Cost:28720.59
True
LS: BlockRelocate | Count: 1 | TotalTime:0.012s | Cost:28720.59
True
LS: BlockExchange | Count: 1 | TotalTime:0.002s | Cost:39789.47
True
LS: BlockExchange | Count: 1 | TotalTime:0.001s | Cost:39789.47
True
LS: BlockExchange | Count: 1 | TotalTime:0.001s | Cost:39789.47
True
LS: PDPairExchange | Count: 1 | TotalTime:0.001s | Cost:28745.59
True
LS: mPDG | Count: 1 | TotalTime:0.008s | Cost:28720.33
True
Generation 1: Best = 3458.53, Worst = 207947.87, Avg = 33376.78, Time: 0.3619115352630615
True
True
True
True
True
True
True
True
True
True
True
True
True
True
True
True
True
True
True
True
True
True
True
True
True
True
True
True
True
True
True
True
LS: BlockExchange | Count: 0 | TotalTime:0.003s | Cost:3458.53
True
LS: PDPairExchange | Count: 0 | TotalTime:0.003s | Cost:21445.13
True
LS: mPDG | Count: 1 | TotalTime:0.006s | Cost:20256.26
True
LS: mPDG | Count: 1 | TotalTime:0.010s | Cost:20256.26
True
LS: BlockRelocate | Count: 1 | TotalTime:0.003s | Cost:28717.75
True
LS: BlockRelocate | Count: 1 | TotalTime:0.005s | Cost:20256.64
True
LS: BlockExchange | Count: 1 | TotalTime:0.001s | Cost:20092.93
True
LS: PDPairExchange | Count: 1 | TotalTime:0.001s | Cost:25831.90
True
LS: PDPairExchange | Count: 1 | TotalTime:0.002s | Cost:28745.59
True
LS: BlockRelocate | Count: 1 | TotalTime:0.004s | Cost:24589.73
True
LS: BlockRelocate | Count: 1 | TotalTime:0.002s | Cost:24589.73
True
Generation 2: Best = 3458.53, Worst = 42194.97, Avg = 30440.96, Time: 0.28325533866882324
True
True
True
True
True
True
True
True
True
True
True
True
True
True
True
True
True
True
True
True
True
True
True
True
True
True
True
True
True
True
True
True
LS: BlockExchange | Count: 0 | TotalTime:0.006s | Cost:3458.53
True
LS: BlockExchange | Count: 1 | TotalTime:0.003s | Cost:16066.77
True
LS: mPDG | Count: 1 | TotalTime:0.013s | Cost:20253.30
True
LS: mPDG | Count: 1 | TotalTime:0.009s | Cost:20253.30
True
LS: BlockRelocate | Count: 1 | TotalTime:0.016s | Cost:20253.30
True
LS: BlockRelocate | Count: 1 | TotalTime:0.022s | Cost:20253.30
True
LS: BlockRelocate | Count: 1 | TotalTime:0.036s | Cost:18789.67
True
LS: BlockExchange | Count: 1 | TotalTime:0.001s | Cost:17039.67
True
LS: PDPairExchange | Count: 1 | TotalTime:0.001s | Cost:11272.10
True
LS: PDPairExchange | Count: 1 | TotalTime:0.001s | Cost:12755.74
True
LS: BlockRelocate | Count: 1 | TotalTime:0.025s | Cost:18789.67
True
Generation 3: Best = 3458.53, Worst = 42194.97, Avg = 25725.42, Time: 0.4248063564300537
True
True
True
True
True
True
True
True
True
True
True
True
True
True
True
True
True
True
True
True
True
True
True
True
True
True
True
True
True
True
True
True
LS: mPDG | Count: 0 | TotalTime:0.010s | Cost:3458.53
True
LS: PDPairExchange | Count: 1 | TotalTime:0.002s | Cost:11072.04
True
LS: PDPairExchange | Count: 0 | TotalTime:0.003s | Cost:12755.74
True
LS: BlockExchange | Count: 0 | TotalTime:0.004s | Cost:16066.77
True
LS: BlockExchange | Count: 1 | TotalTime:0.001s | Cost:83142.69
True
LS: BlockRelocate | Count: 1 | TotalTime:0.004s | Cost:17959.11
True
LS: BlockRelocate | Count: 1 | TotalTime:0.011s | Cost:15449.86
True
LS: BlockExchange | Count: 1 | TotalTime:0.001s | Cost:18355.97
True
LS: BlockExchange | Count: 1 | TotalTime:0.001s | Cost:15919.00
True
LS: BlockExchange | Count: 1 | TotalTime:0.002s | Cost:13052.78
True
LS: PDPairExchange | Count: 1 | TotalTime:0.001s | Cost:18355.97
True
Generation 4: Best = 3458.53, Worst = 83142.69, Avg = 25428.31, Time: 0.3644979000091553
True
True
True
True
True
True
True
True
True
True
True
True
True
True
True
True
True
True
True
True
True
True
True
True
True
True
True
True
True
True
True
True
LS: BlockExchange | Count: 0 | TotalTime:0.003s | Cost:3458.53
True
LS: PDPairExchange | Count: 0 | TotalTime:0.002s | Cost:11072.04
True
LS: PDPairExchange | Count: 0 | TotalTime:0.002s | Cost:12755.74
True
LS: BlockExchange | Count: 1 | TotalTime:0.001s | Cost:11622.36
True
LS: BlockRelocate | Count: 1 | TotalTime:0.001s | Cost:14602.82
True
LS: BlockExchange | Count: 1 | TotalTime:0.001s | Cost:14488.59
True
LS: BlockExchange | Count: 0 | TotalTime:0.003s | Cost:16066.77
True
LS: BlockRelocate | Count: 1 | TotalTime:0.001s | Cost:14619.30
True
LS: BlockExchange | Count: 1 | TotalTime:0.001s | Cost:13052.78
True
LS: BlockRelocate | Count: 0 | TotalTime:0.016s | Cost:20053.18
True
LS: PDPairExchange | Count: 1 | TotalTime:0.001s | Cost:11069.02
True
Generation 5: Best = 3458.53, Worst = 68823.43, Avg = 20287.97, Time: 0.20025062561035156
Stopping early due to lack of improvement.
Total runtime: 3.62s (0.1 minutes)
True
LS: PDPairExchange:0(0.000s) | BlockExchange:0(0.002s) | BlockRelocate:0(0.015s) | mPDG:0(0.007s) | TotalTime:0.025s | Cost:3458.53
True
True
LS: PDPairExchange:2(0.001s) | BlockExchange:2(0.005s) | BlockRelocate:0(0.016s) | mPDG:0(0.008s) | TotalTime:0.030s | Cost:558.17
True
True
LS: PDPairExchange:3(0.003s) | BlockExchange:0(0.008s) | BlockRelocate:3(0.047s) | mPDG:0(0.006s) | TotalTime:0.064s | Cost:9852.80
True
True
LS: BlockExchange:3(0.004s) | PDPairExchange:1(0.006s) | BlockRelocate:1(0.023s) | mPDG:0(0.007s) | TotalTime:0.040s | Cost:3458.53
True
True
LS: PDPairExchange:1(0.001s) | BlockExchange:1(0.004s) | BlockRelocate:0(0.015s) | mPDG:0(0.007s) | TotalTime:0.028s | Cost:3458.53
True

The solution initialized by Cheapest Insertion:
V_1:[p19_0549590018-1 d19_0549590018-19] V_2:[d1_0321200008-1 p4_0436090013-1 d4_0436090013-4 p1_0626070021-1 d1_0626070021-1] V_3:[d1_0405380010-1 p1_0634010024-1 d1_0634010024-1] V_4:[d1_0548000017-1 d1_0557370019-1 d3_0549590018-22 d1_0531570015-1 d1_0531500014-1 p1_0644260026-1 p1_0644040025-1 p1_0630410022-1 d1_0630410022-1 d1_0644040025-1 d1_0644260026-1] V_5:[d1_0417500011-1 d1_0537230016-1 p4_0601510020-1 d4_0601510020-4 p4_0632150023-1 d4_0632150023-4]
The fitness value before EA: 3458.533333333333
V_1:[p19_0549590018-1 d19_0549590018-19] V_2:[d1_0321200008-1 p1_0634010024-1 d1_0634010024-1] V_3:[d1_0405380010-1 p4_0632150023-1 p4_0601510020-1 d4_0601510020-4 d4_0632150023-4] V_4:[d1_0548000017-1 d1_0557370019-1 d3_0549590018-22 d1_0531570015-1 d1_0531500014-1 p1_0644260026-1 p1_0644040025-1 p1_0630410022-1 d1_0630410022-1 d1_0644040025-1 d1_0644260026-1] V_5:[d1_0417500011-1 d1_0537230016-1 p4_0436090013-1 d4_0436090013-4 p1_0626070021-1 d1_0626070021-1]
The fitness value after EA: 558.1733333333333

Thoi gian thuc hien thuat toan:  3.8424410820007324
SUCCESS

2025-10-04 08:43:57,469 [simulate_environment.py | 256] INFO: 2025-10-04 06:50:00, Item 0436090013-1: state = 1 < 2, we can not finish the simulation
2025-10-04 08:43:57,470 [simulate_environment.py | 99] INFO: **************************************************
2025-10-04 08:43:57,470 [simulate_environment.py | 103] INFO: cur time: 2025-10-04 07:00:00, pre time: 2025-10-04 06:50:00
2025-10-04 08:43:57,470 [simulate_environment.py | 140] INFO: Start to update the input of 2025-10-04 07:00:00
2025-10-04 08:43:57,472 [simulate_environment.py | 167] INFO: Get 37 unallocated order items, 11 ongoing order items, 48 completed order items
2025-10-04 08:44:01,554 [simulate_environment.py | 234] INFO: 
Adaptive config applied: {'num_orders': 9, 'num_vehicles': 5, 'time_budget_sec': None, 'POPULATION_SIZE': 40, 'NUMBER_OF_GENERATION': 20, 'MUTATION_RATE': 0.1, 'LS_MAX': 20, 'LS_MAX_TIME_PER_OP': 3, 'LS_MAX_TIME_IN_SINGLE': 1}
True
True
True
True
True
True
True
True
True
True
True
True
True
True
True
True
True
True
True
True
True
True
True
True
True
True
True
True
True
True
True
True
True
True
True
True
True
True
True
True
LS: BlockExchange | Count: 0 | TotalTime:0.003s | Cost:724.84
True
LS: BlockRelocate | Count: 1 | TotalTime:0.002s | Cost:39426.40
True
LS: mPDG | Count: 1 | TotalTime:0.015s | Cost:31962.00
True
LS: BlockRelocate | Count: 1 | TotalTime:0.004s | Cost:40248.75
True
LS: mPDG | Count: 1 | TotalTime:0.020s | Cost:31962.00
True
LS: PDPairExchange | Count: 1 | TotalTime:0.001s | Cost:47618.25
True
LS: BlockRelocate | Count: 1 | TotalTime:0.002s | Cost:31962.00
True
LS: PDPairExchange | Count: 1 | TotalTime:0.001s | Cost:44798.75
True
LS: BlockRelocate | Count: 1 | TotalTime:0.002s | Cost:45295.97
True
LS: BlockExchange | Count: 1 | TotalTime:0.003s | Cost:111999.99
True
LS: mPDG | Count: 1 | TotalTime:0.022s | Cost:31962.00
True
Generation 1: Best = 724.84, Worst = 241462.40, Avg = 51038.08, Time: 0.47214198112487793
True
True
True
True
True
True
True
True
True
True
True
True
True
True
True
True
True
True
True
True
True
True
True
True
True
True
True
True
True
True
True
True
LS: BlockExchange | Count: 0 | TotalTime:0.003s | Cost:724.84
True
LS: mPDG | Count: 1 | TotalTime:0.007s | Cost:19594.71
True
LS: mPDG | Count: 1 | TotalTime:0.007s | Cost:19594.71
True
LS: BlockRelocate | Count: 1 | TotalTime:0.004s | Cost:23456.26
True
LS: mPDG | Count: 1 | TotalTime:0.008s | Cost:19594.71
True
LS: BlockRelocate | Count: 1 | TotalTime:0.001s | Cost:39023.56
True
LS: BlockRelocate | Count: 1 | TotalTime:0.001s | Cost:32257.02
True
LS: PDPairExchange | Count: 1 | TotalTime:0.001s | Cost:44265.16
True
LS: BlockExchange | Count: 0 | TotalTime:0.000s | Cost:47932.14
True
LS: BlockRelocate | Count: 1 | TotalTime:0.001s | Cost:51873.45
True
LS: BlockRelocate | Count: 1 | TotalTime:0.006s | Cost:53978.68
True
Generation 2: Best = 724.84, Worst = 86012.70, Avg = 59462.16, Time: 0.29051828384399414
True
True
True
True
True
True
True
True
True
True
True
True
True
True
True
True
True
True
True
True
True
True
True
True
True
True
True
True
True
True
True
True
LS: BlockExchange | Count: 0 | TotalTime:0.004s | Cost:724.84
True
LS: mPDG | Count: 0 | TotalTime:0.012s | Cost:19594.71
True
LS: mPDG | Count: 0 | TotalTime:0.009s | Cost:19594.71
True
LS: mPDG | Count: 0 | TotalTime:0.009s | Cost:19594.71
True
LS: BlockRelocate | Count: 1 | TotalTime:0.010s | Cost:11088.97
True
LS: BlockRelocate | Count: 1 | TotalTime:0.002s | Cost:22226.22
True
LS: mPDG | Count: 1 | TotalTime:0.010s | Cost:31906.80
True
LS: BlockRelocate | Count: 1 | TotalTime:0.004s | Cost:33418.21
True
LS: PDPairExchange | Count: 1 | TotalTime:0.001s | Cost:32529.22
True
LS: BlockExchange | Count: 1 | TotalTime:0.000s | Cost:51111.82
True
LS: BlockRelocate | Count: 1 | TotalTime:0.008s | Cost:37746.15
True
Generation 3: Best = 724.84, Worst = 86179.46, Avg = 66854.97, Time: 0.3139770030975342
True
True
True
True
True
True
True
True
True
True
True
True
True
True
True
True
True
True
True
True
True
True
True
True
True
True
True
True
True
True
True
True
LS: PDPairExchange | Count: 0 | TotalTime:0.003s | Cost:724.84
True
LS: BlockRelocate | Count: 1 | TotalTime:0.001s | Cost:9883.77
True
LS: mPDG | Count: 0 | TotalTime:0.007s | Cost:19594.71
True
LS: mPDG | Count: 0 | TotalTime:0.007s | Cost:19594.71
True
LS: mPDG | Count: 0 | TotalTime:0.007s | Cost:19594.71
True
LS: BlockRelocate | Count: 1 | TotalTime:0.005s | Cost:17253.22
True
LS: BlockRelocate | Count: 1 | TotalTime:0.004s | Cost:23253.68
True
LS: mPDG | Count: 1 | TotalTime:0.007s | Cost:23256.00
True
LS: mPDG | Count: 1 | TotalTime:0.013s | Cost:23256.00
True
LS: BlockRelocate | Count: 1 | TotalTime:0.003s | Cost:23253.68
True
LS: mPDG | Count: 1 | TotalTime:0.018s | Cost:19539.51
True
Generation 4: Best = 724.84, Worst = 86179.46, Avg = 56971.86, Time: 0.3035471439361572
True
True
True
True
True
True
True
True
True
True
True
True
True
True
True
True
True
True
True
True
True
True
True
True
True
True
True
True
True
True
True
True
LS: BlockRelocate | Count: 0 | TotalTime:0.024s | Cost:724.84
True
LS: BlockRelocate | Count: 0 | TotalTime:0.026s | Cost:9883.77
True
LS: BlockRelocate | Count: 1 | TotalTime:0.012s | Cost:9936.41
True
LS: mPDG | Count: 0 | TotalTime:0.010s | Cost:19539.51
True
LS: mPDG | Count: 0 | TotalTime:0.009s | Cost:19594.71
True
LS: mPDG | Count: 0 | TotalTime:0.008s | Cost:19594.71
True
LS: mPDG | Count: 0 | TotalTime:0.008s | Cost:19594.71
True
LS: BlockExchange | Count: 1 | TotalTime:0.002s | Cost:15919.64
True
LS: BlockExchange | Count: 1 | TotalTime:0.001s | Cost:15919.64
True
LS: PDPairExchange | Count: 1 | TotalTime:0.001s | Cost:13053.42
True
LS: mPDG | Count: 1 | TotalTime:0.008s | Cost:20053.44
True
Generation 5: Best = 724.84, Worst = 86179.46, Avg = 41032.30, Time: 0.3433418273925781
Stopping early due to lack of improvement.
Total runtime: 3.14s (0.1 minutes)
True
LS: BlockExchange:0(0.000s) | mPDG:0(0.009s) | PDPairExchange:0(0.003s) | BlockRelocate:0(0.020s) | TotalTime:0.032s | Cost:724.84
True
True
LS: BlockRelocate:2(0.038s) | PDPairExchange:0(0.005s) | BlockExchange:1(0.003s) | mPDG:0(0.009s) | TotalTime:0.055s | Cost:9852.80
True
True
LS: BlockRelocate:3(0.027s) | PDPairExchange:1(0.005s) | BlockExchange:0(0.003s) | mPDG:0(0.011s) | TotalTime:0.046s | Cost:7955.52
True
True
LS: PDPairExchange:0(0.000s) | BlockExchange:0(0.010s) | BlockRelocate:1(0.061s) | mPDG:1(0.016s) | TotalTime:0.087s | Cost:12752.78
True
True
LS: BlockExchange:2(0.004s) | PDPairExchange:2(0.021s) | BlockRelocate:2(0.090s) | mPDG:2(0.032s) | TotalTime:0.147s | Cost:6202.64
True

The solution initialized by Cheapest Insertion:
V_1:[p19_0549590018-1 d19_0549590018-19] V_2:[d1_0321200008-1 p1_0634010024-1 d1_0634010024-1] V_3:[d1_0405380010-1 p4_0632150023-1 p4_0601510020-1 d4_0601510020-4 d4_0632150023-4] V_4:[d1_0548000017-1 d1_0557370019-1 d3_0549590018-22 d1_0531570015-1 d1_0531500014-1 p1_0644260026-1 p1_0644040025-1 p1_0630410022-1 d1_0630410022-1 d1_0644040025-1 d1_0644260026-1] V_5:[d1_0417500011-1 d1_0537230016-1 p4_0436090013-1 d4_0436090013-4 p1_0626070021-1 p1_0656120027-1 d1_0656120027-1 d1_0626070021-1]
The fitness value before EA: 724.84
V_1:[p19_0549590018-1 d19_0549590018-19] V_2:[d1_0321200008-1 p1_0634010024-1 d1_0634010024-1] V_3:[d1_0405380010-1 p4_0632150023-1 p4_0601510020-1 d4_0601510020-4 d4_0632150023-4] V_4:[d1_0548000017-1 d1_0557370019-1 d3_0549590018-22 d1_0531570015-1 d1_0531500014-1 p1_0644260026-1 p1_0644040025-1 p1_0630410022-1 d1_0630410022-1 d1_0644040025-1 d1_0644260026-1] V_5:[d1_0417500011-1 d1_0537230016-1 p4_0436090013-1 d4_0436090013-4 p1_0626070021-1 p1_0656120027-1 d1_0656120027-1 d1_0626070021-1]
The fitness value after EA: 724.84

Thoi gian thuc hien thuat toan:  3.645717144012451
SUCCESS

2025-10-04 08:44:01,555 [simulate_environment.py | 256] INFO: 2025-10-04 07:00:00, Item 0436090013-1: state = 1 < 2, we can not finish the simulation
2025-10-04 08:44:01,555 [simulate_environment.py | 99] INFO: **************************************************
2025-10-04 08:44:01,556 [simulate_environment.py | 103] INFO: cur time: 2025-10-04 07:10:00, pre time: 2025-10-04 07:00:00
2025-10-04 08:44:01,556 [simulate_environment.py | 140] INFO: Start to update the input of 2025-10-04 07:10:00
2025-10-04 08:44:01,556 [simulate_environment.py | 167] INFO: Get 37 unallocated order items, 11 ongoing order items, 48 completed order items
2025-10-04 08:44:05,732 [simulate_environment.py | 234] INFO: 
Adaptive config applied: {'num_orders': 9, 'num_vehicles': 5, 'time_budget_sec': None, 'POPULATION_SIZE': 40, 'NUMBER_OF_GENERATION': 20, 'MUTATION_RATE': 0.1, 'LS_MAX': 20, 'LS_MAX_TIME_PER_OP': 3, 'LS_MAX_TIME_IN_SINGLE': 1}
True
True
True
True
True
True
True
True
True
True
True
True
True
True
True
True
True
True
True
True
True
True
True
True
True
True
True
True
True
True
True
True
True
True
True
True
True
True
True
True
LS: BlockRelocate | Count: 0 | TotalTime:0.018s | Cost:724.84
True
LS: mPDG | Count: 1 | TotalTime:0.007s | Cost:31962.00
True
LS: BlockRelocate | Count: 1 | TotalTime:0.001s | Cost:35564.86
True
LS: mPDG | Count: 1 | TotalTime:0.007s | Cost:31962.00
True
LS: BlockExchange | Count: 1 | TotalTime:0.001s | Cost:47215.64
True
LS: PDPairExchange | Count: 1 | TotalTime:0.000s | Cost:45704.10
True
LS: mPDG | Count: 1 | TotalTime:0.007s | Cost:31962.00
True
LS: BlockExchange | Count: 1 | TotalTime:0.001s | Cost:47398.55
True
LS: BlockRelocate | Count: 1 | TotalTime:0.001s | Cost:43598.81
True
LS: BlockRelocate | Count: 1 | TotalTime:0.002s | Cost:46726.94
True
LS: BlockExchange | Count: 1 | TotalTime:0.000s | Cost:47398.55
True
Generation 1: Best = 724.84, Worst = 109125.86, Avg = 46536.10, Time: 0.23776602745056152
True
True
True
True
True
True
True
True
True
True
True
True
True
True
True
True
True
True
True
True
True
True
True
True
True
True
True
True
True
True
True
True
LS: PDPairExchange | Count: 0 | TotalTime:0.003s | Cost:724.84
True
LS: mPDG | Count: 1 | TotalTime:0.007s | Cost:19594.71
True
LS: mPDG | Count: 1 | TotalTime:0.007s | Cost:19594.71
True
LS: mPDG | Count: 1 | TotalTime:0.007s | Cost:19594.71
True
LS: BlockRelocate | Count: 1 | TotalTime:0.008s | Cost:34359.66
True
LS: BlockRelocate | Count: 1 | TotalTime:0.011s | Cost:35093.07
True
LS: PDPairExchange | Count: 1 | TotalTime:0.001s | Cost:45642.99
True
LS: BlockRelocate | Count: 1 | TotalTime:0.004s | Cost:34359.66
True
LS: PDPairExchange | Count: 1 | TotalTime:0.001s | Cost:45704.10
True
LS: PDPairExchange | Count: 1 | TotalTime:0.001s | Cost:53764.86
True
LS: mPDG | Count: 1 | TotalTime:0.017s | Cost:38395.23
True
Generation 2: Best = 724.84, Worst = 96512.70, Avg = 60806.87, Time: 0.28502368927001953
True
True
True
True
True
True
True
True
True
True
True
True
True
True
True
True
True
True
True
True
True
True
True
True
True
True
True
True
True
True
True
True
LS: mPDG | Count: 0 | TotalTime:0.016s | Cost:724.84
True
LS: mPDG | Count: 0 | TotalTime:0.013s | Cost:19594.71
True
LS: mPDG | Count: 0 | TotalTime:0.015s | Cost:19594.71
True
LS: mPDG | Count: 0 | TotalTime:0.014s | Cost:19594.71
True
LS: BlockRelocate | Count: 1 | TotalTime:0.017s | Cost:30026.32
True
LS: BlockRelocate | Count: 1 | TotalTime:0.011s | Cost:18389.51
True
LS: BlockRelocate | Count: 1 | TotalTime:0.012s | Cost:23456.26
True
LS: mPDG | Count: 0 | TotalTime:0.018s | Cost:38395.23
True
LS: BlockExchange | Count: 1 | TotalTime:0.002s | Cost:44798.75
True
LS: BlockRelocate | Count: 1 | TotalTime:0.010s | Cost:54220.19
True
LS: PDPairExchange | Count: 1 | TotalTime:0.002s | Cost:53906.52
True
Generation 3: Best = 724.84, Worst = 96512.70, Avg = 70388.72, Time: 0.5633113384246826
True
True
True
True
True
True
True
True
True
True
True
True
True
True
True
True
True
True
True
True
True
True
True
True
True
True
True
True
True
True
True
True
LS: BlockExchange | Count: 0 | TotalTime:0.003s | Cost:724.84
True
LS: BlockRelocate | Count: 1 | TotalTime:0.023s | Cost:9883.77
True
LS: mPDG | Count: 0 | TotalTime:0.009s | Cost:19594.71
True
LS: mPDG | Count: 0 | TotalTime:0.012s | Cost:19594.71
True
LS: mPDG | Count: 0 | TotalTime:0.012s | Cost:19594.71
True
LS: BlockRelocate | Count: 1 | TotalTime:0.005s | Cost:11088.97
True
LS: BlockRelocate | Count: 1 | TotalTime:0.007s | Cost:24309.60
True
LS: mPDG | Count: 0 | TotalTime:0.016s | Cost:38395.23
True
LS: BlockRelocate | Count: 1 | TotalTime:0.020s | Cost:79229.58
True
LS: mPDG | Count: 0 | TotalTime:0.014s | Cost:83032.14
True
LS: BlockExchange | Count: 1 | TotalTime:0.000s | Cost:44651.52
True
Generation 4: Best = 724.84, Worst = 96512.70, Avg = 71060.00, Time: 0.5018837451934814
True
True
True
True
True
True
True
True
True
True
True
True
True
True
True
True
True
True
True
True
True
True
True
True
True
True
True
True
True
True
True
True
LS: mPDG | Count: 0 | TotalTime:0.010s | Cost:724.84
True
LS: BlockRelocate | Count: 0 | TotalTime:0.025s | Cost:9883.77
True
LS: BlockRelocate | Count: 1 | TotalTime:0.004s | Cost:9883.77
True
LS: mPDG | Count: 0 | TotalTime:0.009s | Cost:19594.71
True
LS: mPDG | Count: 0 | TotalTime:0.008s | Cost:19594.71
True
LS: mPDG | Count: 0 | TotalTime:0.009s | Cost:19594.71
True
LS: BlockRelocate | Count: 1 | TotalTime:0.002s | Cost:18389.51
True
LS: mPDG | Count: 0 | TotalTime:0.009s | Cost:38395.23
True
LS: mPDG | Count: 1 | TotalTime:0.009s | Cost:32987.35
True
LS: PDPairExchange | Count: 1 | TotalTime:0.001s | Cost:46726.94
True
LS: mPDG | Count: 1 | TotalTime:0.009s | Cost:51270.29
True
Generation 5: Best = 724.84, Worst = 101357.70, Avg = 69051.74, Time: 0.4389939308166504
Stopping early due to lack of improvement.
Total runtime: 2.98s (0.0 minutes)
True
LS: BlockExchange:0(0.000s) | mPDG:0(0.013s) | BlockRelocate:0(0.020s) | PDPairExchange:0(0.003s) | TotalTime:0.035s | Cost:724.84
True
True
LS: BlockRelocate:0(0.000s) | PDPairExchange:0(0.006s) | BlockExchange:1(0.005s) | mPDG:0(0.010s) | TotalTime:0.021s | Cost:6750.44
True
True
LS: BlockRelocate:0(0.000s) | PDPairExchange:0(0.011s) | BlockExchange:1(0.008s) | mPDG:0(0.038s) | TotalTime:0.057s | Cost:6750.44
True
True
LS: BlockRelocate:2(0.035s) | PDPairExchange:0(0.021s) | BlockExchange:1(0.012s) | mPDG:0(0.042s) | TotalTime:0.110s | Cost:6750.44
True
True
LS: mPDG:2(0.024s) | PDPairExchange:0(0.035s) | BlockExchange:3(0.014s) | BlockRelocate:1(0.040s) | TotalTime:0.114s | Cost:9852.80
True

The solution initialized by Cheapest Insertion:
V_1:[p19_0549590018-1 d19_0549590018-19] V_2:[d1_0321200008-1 p1_0634010024-1 d1_0634010024-1] V_3:[d1_0405380010-1 p4_0632150023-1 p4_0601510020-1 d4_0601510020-4 d4_0632150023-4] V_4:[d1_0548000017-1 d1_0557370019-1 d3_0549590018-22 d1_0531570015-1 d1_0531500014-1 p1_0644260026-1 p1_0644040025-1 p1_0630410022-1 d1_0630410022-1 d1_0644040025-1 d1_0644260026-1] V_5:[d1_0417500011-1 d1_0537230016-1 p4_0436090013-1 d4_0436090013-4 p1_0626070021-1 p1_0656120027-1 d1_0656120027-1 d1_0626070021-1]
The fitness value before EA: 724.84
V_1:[p19_0549590018-1 d19_0549590018-19] V_2:[d1_0321200008-1 p1_0634010024-1 d1_0634010024-1] V_3:[d1_0405380010-1 p4_0632150023-1 p4_0601510020-1 d4_0601510020-4 d4_0632150023-4] V_4:[d1_0548000017-1 d1_0557370019-1 d3_0549590018-22 d1_0531570015-1 d1_0531500014-1 p1_0644260026-1 p1_0644040025-1 p1_0630410022-1 d1_0630410022-1 d1_0644040025-1 d1_0644260026-1] V_5:[d1_0417500011-1 d1_0537230016-1 p4_0436090013-1 d4_0436090013-4 p1_0626070021-1 p1_0656120027-1 d1_0656120027-1 d1_0626070021-1]
The fitness value after EA: 724.84

Thoi gian thuc hien thuat toan:  3.607076644897461
SUCCESS

2025-10-04 08:44:05,734 [simulate_environment.py | 256] INFO: 2025-10-04 07:10:00, Item 0436090013-1: state = 1 < 2, we can not finish the simulation
2025-10-04 08:44:05,734 [simulate_environment.py | 99] INFO: **************************************************
2025-10-04 08:44:05,734 [simulate_environment.py | 103] INFO: cur time: 2025-10-04 07:20:00, pre time: 2025-10-04 07:10:00
2025-10-04 08:44:05,735 [simulate_environment.py | 140] INFO: Start to update the input of 2025-10-04 07:20:00
2025-10-04 08:44:05,737 [simulate_environment.py | 167] INFO: Get 18 unallocated order items, 27 ongoing order items, 51 completed order items
2025-10-04 08:44:08,582 [simulate_environment.py | 234] INFO: 
Adaptive config applied: {'num_orders': 7, 'num_vehicles': 5, 'time_budget_sec': None, 'POPULATION_SIZE': 40, 'NUMBER_OF_GENERATION': 20, 'MUTATION_RATE': 0.1, 'LS_MAX': 20, 'LS_MAX_TIME_PER_OP': 3, 'LS_MAX_TIME_IN_SINGLE': 1}
True
True
True
True
True
True
True
True
True
True
True
True
True
True
True
True
True
True
True
True
True
True
True
True
True
True
True
True
True
True
True
True
True
True
True
True
True
True
True
True
LS: PDPairExchange | Count: 0 | TotalTime:0.001s | Cost:722.50
True
LS: BlockRelocate | Count: 1 | TotalTime:0.001s | Cost:49993.63
True
LS: PDPairExchange | Count: 1 | TotalTime:0.001s | Cost:50401.76
True
LS: mPDG | Count: 1 | TotalTime:0.004s | Cost:44124.06
True
LS: PDPairExchange | Count: 1 | TotalTime:0.000s | Cost:48649.45
True
LS: PDPairExchange | Count: 1 | TotalTime:0.001s | Cost:50340.65
True
LS: mPDG | Count: 1 | TotalTime:0.004s | Cost:44124.06
True
LS: BlockExchange | Count: 1 | TotalTime:0.000s | Cost:50697.51
True
LS: BlockRelocate | Count: 1 | TotalTime:0.001s | Cost:44946.41
True
LS: mPDG | Count: 1 | TotalTime:0.004s | Cost:44124.06
True
LS: mPDG | Count: 1 | TotalTime:0.004s | Cost:44124.06
True
Generation 1: Best = 722.50, Worst = 93436.95, Avg = 50982.99, Time: 0.1596372127532959
True
True
True
True
True
True
True
True
True
True
True
True
True
True
True
True
True
True
True
True
True
True
True
True
True
True
True
True
True
True
True
True
LS: BlockRelocate | Count: 0 | TotalTime:0.010s | Cost:722.50
True
LS: mPDG | Count: 1 | TotalTime:0.004s | Cost:25490.11
True
LS: mPDG | Count: 1 | TotalTime:0.004s | Cost:25490.11
True
LS: mPDG | Count: 1 | TotalTime:0.004s | Cost:25490.11
True
LS: mPDG | Count: 1 | TotalTime:0.004s | Cost:25490.11
True
LS: BlockRelocate | Count: 1 | TotalTime:0.004s | Cost:36954.68
True
LS: PDPairExchange | Count: 1 | TotalTime:0.000s | Cost:46421.41
True
LS: BlockRelocate | Count: 1 | TotalTime:0.001s | Cost:40882.28
True
LS: PDPairExchange | Count: 1 | TotalTime:0.000s | Cost:50340.65
True
LS: BlockRelocate | Count: 1 | TotalTime:0.001s | Cost:71593.65
True
LS: BlockRelocate | Count: 1 | TotalTime:0.001s | Cost:71593.65
True
Generation 2: Best = 722.50, Worst = 83235.10, Avg = 68872.86, Time: 0.1768171787261963
True
True
True
True
True
True
True
True
True
True
True
True
True
True
True
True
True
True
True
True
True
True
True
True
True
True
True
True
True
True
True
True
LS: mPDG | Count: 0 | TotalTime:0.003s | Cost:722.50
True
LS: mPDG | Count: 1 | TotalTime:0.004s | Cost:16692.65
True
LS: mPDG | Count: 1 | TotalTime:0.004s | Cost:16692.65
True
LS: mPDG | Count: 1 | TotalTime:0.004s | Cost:16692.65
True
LS: mPDG | Count: 1 | TotalTime:0.004s | Cost:16692.65
True
LS: mPDG | Count: 1 | TotalTime:0.004s | Cost:17654.00
True
LS: BlockRelocate | Count: 1 | TotalTime:0.002s | Cost:17654.00
True
LS: BlockExchange | Count: 1 | TotalTime:0.001s | Cost:34288.15
True
LS: mPDG | Count: 1 | TotalTime:0.004s | Cost:17654.00
True
LS: BlockExchange | Count: 1 | TotalTime:0.001s | Cost:29521.48
True
LS: mPDG | Count: 1 | TotalTime:0.004s | Cost:17654.00
True
Generation 3: Best = 722.50, Worst = 83235.10, Avg = 57902.48, Time: 0.18090486526489258
True
True
True
True
True
True
True
True
True
True
True
True
True
True
True
True
True
True
True
True
True
True
True
True
True
True
True
True
True
True
True
True
LS: BlockExchange | Count: 0 | TotalTime:0.001s | Cost:722.50
True
LS: mPDG | Count: 0 | TotalTime:0.005s | Cost:16692.65
True
LS: mPDG | Count: 0 | TotalTime:0.005s | Cost:16692.65
True
LS: mPDG | Count: 0 | TotalTime:0.005s | Cost:16692.65
True
LS: mPDG | Count: 0 | TotalTime:0.005s | Cost:16692.65
True
LS: mPDG | Count: 1 | TotalTime:0.004s | Cost:17620.28
True
LS: BlockRelocate | Count: 1 | TotalTime:0.011s | Cost:16054.44
True
LS: mPDG | Count: 1 | TotalTime:0.005s | Cost:17620.28
True
LS: PDPairExchange | Count: 1 | TotalTime:0.001s | Cost:31493.13
True
LS: BlockExchange | Count: 1 | TotalTime:0.000s | Cost:27487.19
True
LS: BlockRelocate | Count: 1 | TotalTime:0.004s | Cost:17654.00
True
Generation 4: Best = 722.50, Worst = 82163.34, Avg = 49935.93, Time: 0.1844334602355957
True
True
True
True
True
True
True
True
True
True
True
True
True
True
True
True
True
True
True
True
True
True
True
True
True
True
True
True
True
True
True
True
LS: BlockRelocate | Count: 0 | TotalTime:0.010s | Cost:722.50
True
LS: BlockRelocate | Count: 1 | TotalTime:0.008s | Cost:9856.59
True
LS: mPDG | Count: 0 | TotalTime:0.005s | Cost:16692.65
True
LS: mPDG | Count: 0 | TotalTime:0.005s | Cost:16692.65
True
LS: mPDG | Count: 0 | TotalTime:0.005s | Cost:16692.65
True
LS: mPDG | Count: 0 | TotalTime:0.005s | Cost:16692.65
True
LS: mPDG | Count: 1 | TotalTime:0.004s | Cost:9156.21
True
LS: mPDG | Count: 1 | TotalTime:0.004s | Cost:9156.21
True
LS: mPDG | Count: 1 | TotalTime:0.004s | Cost:25723.50
True
LS: mPDG | Count: 1 | TotalTime:0.004s | Cost:25723.50
True
LS: BlockRelocate | Count: 1 | TotalTime:0.002s | Cost:34023.68
True
Generation 5: Best = 722.50, Worst = 82832.32, Avg = 44184.30, Time: 0.18954181671142578
Stopping early due to lack of improvement.
Total runtime: 2.17s (0.0 minutes)
True
LS: mPDG:0(0.000s) | BlockExchange:0(0.001s) | PDPairExchange:0(0.001s) | BlockRelocate:0(0.010s) | TotalTime:0.013s | Cost:722.50
True
True
LS: mPDG:1(0.004s) | PDPairExchange:1(0.003s) | BlockExchange:1(0.002s) | BlockRelocate:0(0.010s) | TotalTime:0.019s | Cost:722.50
True
True
LS: mPDG:0(0.000s) | PDPairExchange:3(0.007s) | BlockExchange:3(0.004s) | BlockRelocate:0(0.010s) | TotalTime:0.020s | Cost:722.50
True
True
LS: BlockRelocate:2(0.010s) | PDPairExchange:1(0.002s) | BlockExchange:0(0.001s) | mPDG:0(0.006s) | TotalTime:0.019s | Cost:722.50
True
True
LS: mPDG:1(0.004s) | PDPairExchange:0(0.004s) | BlockExchange:1(0.003s) | BlockRelocate:1(0.012s) | TotalTime:0.022s | Cost:722.50
True

The solution initialized by Cheapest Insertion:
V_1:[d19_0549590018-19] V_2:[p1_0634010024-1 d1_0634010024-1] V_3:[d1_0405380010-1 p4_0632150023-1 p4_0601510020-1 d4_0601510020-4 d4_0632150023-4] V_4:[d1_0548000017-1 d1_0557370019-1 d3_0549590018-22 d1_0531570015-1 d1_0531500014-1 p1_0644260026-1 p1_0644040025-1 p1_0630410022-1 d1_0630410022-1 d1_0644040025-1 d1_0644260026-1] V_5:[p4_0436090013-1 d4_0436090013-4 p1_0626070021-1 p1_0656120027-1 d1_0656120027-1 d1_0626070021-1]
The fitness value before EA: 722.5
V_1:[d19_0549590018-19] V_2:[p1_0634010024-1 d1_0634010024-1] V_3:[d1_0405380010-1 p4_0632150023-1 p4_0601510020-1 d4_0601510020-4 d4_0632150023-4] V_4:[d1_0548000017-1 d1_0557370019-1 d3_0549590018-22 d1_0531570015-1 d1_0531500014-1 p1_0644260026-1 p1_0644040025-1 p1_0630410022-1 d1_0630410022-1 d1_0644040025-1 d1_0644260026-1] V_5:[p4_0436090013-1 d4_0436090013-4 p1_0626070021-1 p1_0656120027-1 d1_0656120027-1 d1_0626070021-1]
The fitness value after EA: 722.5

Thoi gian thuc hien thuat toan:  2.3625361919403076
SUCCESS

2025-10-04 08:44:08,584 [simulate_environment.py | 256] INFO: 2025-10-04 07:20:00, Item 0436090013-1: state = 1 < 2, we can not finish the simulation
2025-10-04 08:44:08,584 [simulate_environment.py | 99] INFO: **************************************************
2025-10-04 08:44:08,584 [simulate_environment.py | 103] INFO: cur time: 2025-10-04 07:30:00, pre time: 2025-10-04 07:20:00
2025-10-04 08:44:08,584 [simulate_environment.py | 140] INFO: Start to update the input of 2025-10-04 07:30:00
2025-10-04 08:44:08,585 [simulate_environment.py | 167] INFO: Get 14 unallocated order items, 30 ongoing order items, 52 completed order items
2025-10-04 08:44:11,494 [simulate_environment.py | 234] INFO: 
Adaptive config applied: {'num_orders': 5, 'num_vehicles': 5, 'time_budget_sec': None, 'POPULATION_SIZE': 40, 'NUMBER_OF_GENERATION': 20, 'MUTATION_RATE': 0.1, 'LS_MAX': 20, 'LS_MAX_TIME_PER_OP': 3, 'LS_MAX_TIME_IN_SINGLE': 1}
True
True
True
True
True
True
True
True
True
True
True
True
True
True
True
True
True
True
True
True
True
True
True
True
True
True
True
True
True
True
True
True
True
True
True
True
True
True
True
True
LS: PDPairExchange | Count: 0 | TotalTime:0.001s | Cost:722.50
True
LS: PDPairExchange | Count: 1 | TotalTime:0.000s | Cost:31767.81
True
LS: BlockRelocate | Count: 1 | TotalTime:0.001s | Cost:32026.34
True
LS: PDPairExchange | Count: 1 | TotalTime:0.000s | Cost:33462.26
True
LS: PDPairExchange | Count: 1 | TotalTime:0.001s | Cost:31706.70
True
LS: BlockExchange | Count: 1 | TotalTime:0.001s | Cost:33681.96
True
LS: BlockExchange | Count: 1 | TotalTime:0.001s | Cost:33681.96
True
LS: BlockRelocate | Count: 1 | TotalTime:0.005s | Cost:26312.45
True
LS: BlockExchange | Count: 1 | TotalTime:0.000s | Cost:33462.26
True
LS: PDPairExchange | Count: 1 | TotalTime:0.000s | Cost:31706.70
True
LS: BlockExchange | Count: 1 | TotalTime:0.000s | Cost:33681.96
True
Generation 1: Best = 722.50, Worst = 155345.73, Avg = 35736.06, Time: 0.1946108341217041
True
True
True
True
True
True
True
True
True
True
True
True
True
True
True
True
True
True
True
True
True
True
True
True
True
True
True
True
True
True
True
True
LS: mPDG | Count: 0 | TotalTime:0.005s | Cost:722.50
True
LS: mPDG | Count: 1 | TotalTime:0.006s | Cost:14026.16
True
LS: BlockRelocate | Count: 1 | TotalTime:0.006s | Cost:14026.16
True
LS: PDPairExchange | Count: 1 | TotalTime:0.001s | Cost:19742.63
True
LS: PDPairExchange | Count: 1 | TotalTime:0.000s | Cost:20259.68
True
LS: BlockExchange | Count: 1 | TotalTime:0.001s | Cost:19742.63
True
LS: BlockRelocate | Count: 1 | TotalTime:0.002s | Cost:14026.16
True
LS: mPDG | Count: 1 | TotalTime:0.003s | Cost:14026.16
True
LS: BlockExchange | Count: 1 | TotalTime:0.001s | Cost:19742.63
True
LS: mPDG | Count: 1 | TotalTime:0.003s | Cost:15753.94
True
LS: PDPairExchange | Count: 1 | TotalTime:0.000s | Cost:21498.18
True
Generation 2: Best = 722.50, Worst = 33998.37, Avg = 27200.87, Time: 0.22442317008972168
True
True
True
True
True
True
True
True
True
True
True
True
True
True
True
True
True
True
True
True
True
True
True
True
True
True
True
True
True
True
True
True
LS: mPDG | Count: 0 | TotalTime:0.003s | Cost:722.50
True
LS: mPDG | Count: 1 | TotalTime:0.003s | Cost:7992.45
True
LS: BlockRelocate | Count: 1 | TotalTime:0.006s | Cost:7089.55
True
LS: BlockRelocate | Count: 1 | TotalTime:0.005s | Cost:7089.55
True
LS: mPDG | Count: 1 | TotalTime:0.003s | Cost:7992.45
True
LS: mPDG | Count: 1 | TotalTime:0.004s | Cost:13325.78
True
LS: PDPairExchange | Count: 1 | TotalTime:0.000s | Cost:17198.18
True
LS: BlockExchange | Count: 1 | TotalTime:0.000s | Cost:17198.18
True
LS: mPDG | Count: 1 | TotalTime:0.003s | Cost:11815.05
True
LS: BlockExchange | Count: 1 | TotalTime:0.001s | Cost:17137.07
True
LS: BlockRelocate | Count: 1 | TotalTime:0.001s | Cost:22326.34
True
Generation 3: Best = 722.50, Worst = 33995.85, Avg = 21117.30, Time: 0.21613073348999023
True
True
True
True
True
True
True
True
True
True
True
True
True
True
True
True
True
True
True
True
True
True
True
True
True
True
True
True
True
True
True
True
LS: BlockRelocate | Count: 0 | TotalTime:0.007s | Cost:722.50
True
LS: BlockRelocate | Count: 0 | TotalTime:0.008s | Cost:7089.55
True
LS: BlockRelocate | Count: 0 | TotalTime:0.008s | Cost:7089.55
True
LS: mPDG | Count: 1 | TotalTime:0.003s | Cost:722.50
True
LS: mPDG | Count: 1 | TotalTime:0.003s | Cost:722.50
True
LS: mPDG | Count: 1 | TotalTime:0.003s | Cost:7992.45
True
LS: mPDG | Count: 1 | TotalTime:0.003s | Cost:722.50
True
LS: PDPairExchange | Count: 1 | TotalTime:0.000s | Cost:13323.06
True
LS: PDPairExchange | Count: 1 | TotalTime:0.000s | Cost:13323.06
True
LS: BlockExchange | Count: 1 | TotalTime:0.001s | Cost:9867.13
True
LS: BlockExchange | Count: 1 | TotalTime:0.001s | Cost:9867.13
True
Generation 4: Best = 722.50, Worst = 33998.37, Avg = 18302.48, Time: 0.1951282024383545
True
True
True
True
True
True
True
True
True
True
True
True
True
True
True
True
True
True
True
True
True
True
True
True
True
True
True
True
True
True
True
True
LS: mPDG | Count: 0 | TotalTime:0.006s | Cost:722.50
True
LS: mPDG | Count: 0 | TotalTime:0.006s | Cost:722.50
True
LS: mPDG | Count: 0 | TotalTime:0.009s | Cost:722.50
True
LS: mPDG | Count: 0 | TotalTime:0.007s | Cost:722.50
True
LS: BlockRelocate | Count: 0 | TotalTime:0.023s | Cost:7089.55
True
LS: BlockRelocate | Count: 0 | TotalTime:0.017s | Cost:7089.55
True
LS: mPDG | Count: 1 | TotalTime:0.005s | Cost:722.50
True
LS: BlockExchange | Count: 1 | TotalTime:0.001s | Cost:8853.24
True
LS: PDPairExchange | Count: 0 | TotalTime:0.001s | Cost:13323.06
True
LS: mPDG | Count: 1 | TotalTime:0.005s | Cost:4878.44
True
LS: BlockExchange | Count: 1 | TotalTime:0.001s | Cost:9867.13
True
Generation 5: Best = 722.50, Worst = 33995.85, Avg = 18582.23, Time: 0.34204959869384766
Stopping early due to lack of improvement.
Total runtime: 2.32s (0.0 minutes)
True
LS: BlockRelocate:0(0.000s) | BlockExchange:0(0.001s) | PDPairExchange:0(0.001s) | mPDG:0(0.003s) | TotalTime:0.005s | Cost:722.50
True
True
LS: mPDG:0(0.000s) | PDPairExchange:0(0.001s) | BlockExchange:0(0.001s) | BlockRelocate:0(0.017s) | TotalTime:0.019s | Cost:722.50
True
True
LS: mPDG:0(0.000s) | PDPairExchange:0(0.001s) | BlockExchange:0(0.001s) | BlockRelocate:0(0.013s) | TotalTime:0.014s | Cost:722.50
True
True
LS: mPDG:0(0.000s) | PDPairExchange:0(0.001s) | BlockExchange:0(0.001s) | BlockRelocate:0(0.015s) | TotalTime:0.017s | Cost:722.50
True
True
LS: mPDG:0(0.000s) | PDPairExchange:0(0.001s) | BlockExchange:0(0.001s) | BlockRelocate:0(0.011s) | TotalTime:0.014s | Cost:722.50
True

The solution initialized by Cheapest Insertion:
V_1:[d19_0549590018-19] V_2:[p1_0634010024-1 d1_0634010024-1] V_3:[p4_0601510020-1 d4_0601510020-4 d4_0632150023-4] V_4:[d1_0548000017-1 d1_0557370019-1 d3_0549590018-22 d1_0531570015-1 d1_0531500014-1 p1_0644260026-1 p1_0644040025-1 p1_0630410022-1 d1_0630410022-1 d1_0644040025-1 d1_0644260026-1] V_5:[p4_0436090013-1 d4_0436090013-4 p1_0626070021-1 p1_0656120027-1 d1_0656120027-1 d1_0626070021-1]
The fitness value before EA: 722.5
V_1:[d19_0549590018-19] V_2:[p1_0634010024-1 d1_0634010024-1] V_3:[p4_0601510020-1 d4_0601510020-4 d4_0632150023-4] V_4:[d1_0548000017-1 d1_0557370019-1 d3_0549590018-22 d1_0531570015-1 d1_0531500014-1 p1_0644260026-1 p1_0644040025-1 p1_0630410022-1 d1_0630410022-1 d1_0644040025-1 d1_0644260026-1] V_5:[p4_0436090013-1 d4_0436090013-4 p1_0626070021-1 p1_0656120027-1 d1_0656120027-1 d1_0626070021-1]
The fitness value after EA: 722.5

Thoi gian thuc hien thuat toan:  2.438159942626953
SUCCESS

2025-10-04 08:44:11,499 [simulate_environment.py | 256] INFO: 2025-10-04 07:30:00, Item 0436090013-1: state = 1 < 2, we can not finish the simulation
2025-10-04 08:44:11,501 [simulate_environment.py | 99] INFO: **************************************************
2025-10-04 08:44:11,502 [simulate_environment.py | 103] INFO: cur time: 2025-10-04 07:40:00, pre time: 2025-10-04 07:30:00
2025-10-04 08:44:11,502 [simulate_environment.py | 140] INFO: Start to update the input of 2025-10-04 07:40:00
2025-10-04 08:44:11,512 [simulate_environment.py | 167] INFO: Get 14 unallocated order items, 29 ongoing order items, 53 completed order items
2025-10-04 08:44:14,168 [simulate_environment.py | 234] INFO: 
Adaptive config applied: {'num_orders': 5, 'num_vehicles': 5, 'time_budget_sec': None, 'POPULATION_SIZE': 40, 'NUMBER_OF_GENERATION': 20, 'MUTATION_RATE': 0.1, 'LS_MAX': 20, 'LS_MAX_TIME_PER_OP': 3, 'LS_MAX_TIME_IN_SINGLE': 1}
True
True
True
True
True
True
True
True
True
True
True
True
True
True
True
True
True
True
True
True
True
True
True
True
True
True
True
True
True
True
True
True
True
True
True
True
True
True
True
True
LS: PDPairExchange | Count: 0 | TotalTime:0.001s | Cost:722.50
True
LS: mPDG | Count: 1 | TotalTime:0.003s | Cost:18025.70
True
LS: BlockExchange | Count: 1 | TotalTime:0.000s | Cost:31767.81
True
LS: BlockRelocate | Count: 1 | TotalTime:0.001s | Cost:29662.52
True
LS: BlockRelocate | Count: 1 | TotalTime:0.003s | Cost:25490.11
True
LS: mPDG | Count: 1 | TotalTime:0.003s | Cost:18025.70
True
LS: PDPairExchange | Count: 1 | TotalTime:0.000s | Cost:33462.26
True
LS: BlockRelocate | Count: 1 | TotalTime:0.001s | Cost:25490.11
True
LS: BlockRelocate | Count: 1 | TotalTime:0.001s | Cost:25490.11
True
LS: mPDG | Count: 1 | TotalTime:0.003s | Cost:18025.70
True
LS: BlockExchange | Count: 1 | TotalTime:0.000s | Cost:31767.81
True
Generation 1: Best = 722.50, Worst = 75476.64, Avg = 32132.27, Time: 0.1410541534423828
True
True
True
True
True
True
True
True
True
True
True
True
True
True
True
True
True
True
True
True
True
True
True
True
True
True
True
True
True
True
True
True
LS: BlockRelocate | Count: 0 | TotalTime:0.007s | Cost:722.50
True
LS: mPDG | Count: 1 | TotalTime:0.002s | Cost:8914.35
True
LS: mPDG | Count: 1 | TotalTime:0.002s | Cost:8914.35
True
LS: mPDG | Count: 1 | TotalTime:0.003s | Cost:8914.35
True
LS: BlockRelocate | Count: 1 | TotalTime:0.001s | Cost:21456.52
True
LS: BlockRelocate | Count: 1 | TotalTime:0.002s | Cost:9519.96
True
LS: BlockRelocate | Count: 1 | TotalTime:0.004s | Cost:21156.78
True
LS: BlockRelocate | Count: 1 | TotalTime:0.001s | Cost:23945.79
True
LS: BlockRelocate | Count: 1 | TotalTime:0.002s | Cost:28126.28
True
LS: BlockExchange | Count: 1 | TotalTime:0.000s | Cost:29162.26
True
LS: BlockExchange | Count: 1 | TotalTime:0.000s | Cost:29162.26
True
Generation 2: Best = 722.50, Worst = 33998.37, Avg = 29341.35, Time: 0.16804027557373047
True
True
True
True
True
True
True
True
True
True
True
True
True
True
True
True
True
True
True
True
True
True
True
True
True
True
True
True
True
True
True
True
LS: PDPairExchange | Count: 0 | TotalTime:0.001s | Cost:722.50
True
LS: mPDG | Count: 1 | TotalTime:0.006s | Cost:722.50
True
LS: mPDG | Count: 1 | TotalTime:0.005s | Cost:722.50
True
LS: mPDG | Count: 1 | TotalTime:0.004s | Cost:722.50
True
LS: BlockRelocate | Count: 1 | TotalTime:0.005s | Cost:7253.68
True
LS: BlockRelocate | Count: 1 | TotalTime:0.001s | Cost:9519.96
True
LS: BlockRelocate | Count: 1 | TotalTime:0.005s | Cost:12659.05
True
LS: BlockRelocate | Count: 1 | TotalTime:0.002s | Cost:21287.39
True
LS: BlockRelocate | Count: 1 | TotalTime:0.004s | Cost:15815.05
True
LS: BlockRelocate | Count: 1 | TotalTime:0.003s | Cost:15815.05
True
LS: BlockRelocate | Count: 1 | TotalTime:0.001s | Cost:15553.62
True
Generation 3: Best = 722.50, Worst = 33998.37, Avg = 25464.30, Time: 0.2031416893005371
True
True
True
True
True
True
True
True
True
True
True
True
True
True
True
True
True
True
True
True
True
True
True
True
True
True
True
True
True
True
True
True
LS: PDPairExchange | Count: 0 | TotalTime:0.001s | Cost:722.50
True
LS: mPDG | Count: 0 | TotalTime:0.002s | Cost:722.50
True
LS: mPDG | Count: 0 | TotalTime:0.002s | Cost:722.50
True
LS: mPDG | Count: 0 | TotalTime:0.002s | Cost:722.50
True
LS: BlockRelocate | Count: 1 | TotalTime:0.004s | Cost:722.50
True
LS: BlockRelocate | Count: 1 | TotalTime:0.002s | Cost:7253.68
True
LS: BlockRelocate | Count: 1 | TotalTime:0.003s | Cost:11887.37
True
LS: BlockRelocate | Count: 1 | TotalTime:0.003s | Cost:15389.73
True
LS: BlockExchange | Count: 1 | TotalTime:0.001s | Cost:9867.13
True
LS: PDPairExchange | Count: 1 | TotalTime:0.001s | Cost:13323.06
True
LS: BlockRelocate | Count: 1 | TotalTime:0.002s | Cost:22821.26
True
Generation 4: Best = 722.50, Worst = 33998.37, Avg = 25200.01, Time: 0.16373538970947266
True
True
True
True
True
True
True
True
True
True
True
True
True
True
True
True
True
True
True
True
True
True
True
True
True
True
True
True
True
True
True
True
LS: BlockRelocate | Count: 0 | TotalTime:0.007s | Cost:722.50
True
LS: mPDG | Count: 0 | TotalTime:0.002s | Cost:722.50
True
LS: mPDG | Count: 0 | TotalTime:0.002s | Cost:722.50
True
LS: mPDG | Count: 0 | TotalTime:0.003s | Cost:722.50
True
LS: BlockRelocate | Count: 0 | TotalTime:0.007s | Cost:722.50
True
LS: BlockRelocate | Count: 1 | TotalTime:0.001s | Cost:722.50
True
LS: BlockExchange | Count: 1 | TotalTime:0.000s | Cost:8853.24
True
LS: BlockRelocate | Count: 1 | TotalTime:0.004s | Cost:722.50
True
LS: mPDG | Count: 1 | TotalTime:0.003s | Cost:8853.24
True
LS: mPDG | Count: 1 | TotalTime:0.004s | Cost:8853.24
True
LS: BlockExchange | Count: 1 | TotalTime:0.000s | Cost:20259.68
True
Generation 5: Best = 722.50, Worst = 36287.52, Avg = 25312.51, Time: 0.15509772300720215
Stopping early due to lack of improvement.
Total runtime: 1.91s (0.0 minutes)
True
LS: PDPairExchange:0(0.000s) | BlockExchange:0(0.001s) | BlockRelocate:0(0.009s) | mPDG:0(0.002s) | TotalTime:0.012s | Cost:722.50
True
True
LS: mPDG:0(0.000s) | PDPairExchange:0(0.001s) | BlockExchange:0(0.001s) | BlockRelocate:0(0.010s) | TotalTime:0.011s | Cost:722.50
True
True
LS: mPDG:0(0.000s) | PDPairExchange:0(0.001s) | BlockExchange:0(0.001s) | BlockRelocate:0(0.011s) | TotalTime:0.013s | Cost:722.50
True
True
LS: mPDG:0(0.000s) | PDPairExchange:0(0.001s) | BlockExchange:0(0.001s) | BlockRelocate:0(0.010s) | TotalTime:0.011s | Cost:722.50
True
True
LS: BlockRelocate:0(0.000s) | PDPairExchange:0(0.001s) | BlockExchange:0(0.001s) | mPDG:0(0.003s) | TotalTime:0.005s | Cost:722.50
True

The solution initialized by Cheapest Insertion:
V_1:[d19_0549590018-19] V_2:[p1_0634010024-1 d1_0634010024-1] V_3:[p4_0601510020-1 d4_0601510020-4 d4_0632150023-4] V_4:[d1_0557370019-1 d3_0549590018-22 d1_0531570015-1 d1_0531500014-1 p1_0644260026-1 p1_0644040025-1 p1_0630410022-1 d1_0630410022-1 d1_0644040025-1 d1_0644260026-1] V_5:[p4_0436090013-1 d4_0436090013-4 p1_0626070021-1 p1_0656120027-1 d1_0656120027-1 d1_0626070021-1]
The fitness value before EA: 722.5
V_1:[d19_0549590018-19] V_2:[p1_0634010024-1 d1_0634010024-1] V_3:[p4_0601510020-1 d4_0601510020-4 d4_0632150023-4] V_4:[d1_0557370019-1 d3_0549590018-22 d1_0531570015-1 d1_0531500014-1 p1_0644260026-1 p1_0644040025-1 p1_0630410022-1 d1_0630410022-1 d1_0644040025-1 d1_0644260026-1] V_5:[p4_0436090013-1 d4_0436090013-4 p1_0626070021-1 p1_0656120027-1 d1_0656120027-1 d1_0626070021-1]
The fitness value after EA: 722.5

Thoi gian thuc hien thuat toan:  2.0036532878875732
SUCCESS

2025-10-04 08:44:14,171 [simulate_environment.py | 256] INFO: 2025-10-04 07:40:00, Item 0436090013-1: state = 1 < 2, we can not finish the simulation
2025-10-04 08:44:14,172 [simulate_environment.py | 99] INFO: **************************************************
2025-10-04 08:44:14,172 [simulate_environment.py | 103] INFO: cur time: 2025-10-04 07:50:00, pre time: 2025-10-04 07:40:00
2025-10-04 08:44:14,172 [simulate_environment.py | 140] INFO: Start to update the input of 2025-10-04 07:50:00
2025-10-04 08:44:14,173 [simulate_environment.py | 167] INFO: Get 18 unallocated order items, 33 ongoing order items, 53 completed order items
2025-10-04 08:44:21,148 [simulate_environment.py | 234] INFO: 
Adaptive config applied: {'num_orders': 6, 'num_vehicles': 5, 'time_budget_sec': None, 'POPULATION_SIZE': 40, 'NUMBER_OF_GENERATION': 20, 'MUTATION_RATE': 0.1, 'LS_MAX': 20, 'LS_MAX_TIME_PER_OP': 3, 'LS_MAX_TIME_IN_SINGLE': 1}
True
True
True
True
True
True
True
True
True
True
True
True
True
True
True
True
True
True
True
True
True
True
True
True
True
True
True
True
True
True
True
True
True
True
True
True
True
True
True
True
LS: BlockExchange | Count: 0 | TotalTime:0.002s | Cost:10375.95
True
LS: PDPairExchange | Count: 1 | TotalTime:0.001s | Cost:52112.93
True
LS: PDPairExchange | Count: 1 | TotalTime:0.002s | Cost:70127.32
True
LS: PDPairExchange | Count: 1 | TotalTime:0.002s | Cost:70127.32
True
LS: BlockRelocate | Count: 1 | TotalTime:0.004s | Cost:48182.64
True
LS: BlockRelocate | Count: 1 | TotalTime:0.004s | Cost:57279.92
True
LS: BlockRelocate | Count: 1 | TotalTime:0.001s | Cost:69624.68
True
LS: mPDG | Count: 1 | TotalTime:0.007s | Cost:63910.67
True
LS: BlockExchange | Count: 1 | TotalTime:0.001s | Cost:70127.32
True
LS: BlockExchange | Count: 1 | TotalTime:0.000s | Cost:62014.79
True
LS: BlockExchange | Count: 1 | TotalTime:0.003s | Cost:62014.79
True
Generation 1: Best = 10375.95, Worst = 72416.47, Avg = 68399.40, Time: 0.29309630393981934
True
True
True
True
True
True
True
True
True
True
True
True
True
True
True
True
True
True
True
True
True
True
True
True
True
True
True
True
True
True
True
True
LS: BlockExchange | Count: 0 | TotalTime:0.001s | Cost:10375.95
True
LS: BlockRelocate | Count: 1 | TotalTime:0.002s | Cost:36371.08
True
LS: PDPairExchange | Count: 1 | TotalTime:0.001s | Cost:49882.38
True
LS: BlockRelocate | Count: 1 | TotalTime:0.005s | Cost:53243.36
True
LS: BlockExchange | Count: 1 | TotalTime:0.001s | Cost:57495.09
True
LS: BlockExchange | Count: 1 | TotalTime:0.001s | Cost:57495.09
True
LS: mPDG | Count: 1 | TotalTime:0.006s | Cost:54593.54
True
LS: PDPairExchange | Count: 1 | TotalTime:0.001s | Cost:60391.15
True
LS: BlockRelocate | Count: 1 | TotalTime:0.003s | Cost:54612.99
True
LS: PDPairExchange | Count: 1 | TotalTime:0.001s | Cost:49989.47
True
LS: BlockExchange | Count: 1 | TotalTime:0.001s | Cost:47957.82
True
Generation 2: Best = 10375.95, Worst = 94688.43, Avg = 77807.30, Time: 0.33042335510253906
True
True
True
True
True
True
True
True
True
True
True
True
True
True
True
True
True
True
True
True
True
True
True
True
True
True
True
True
True
True
True
True
LS: BlockExchange | Count: 0 | TotalTime:0.002s | Cost:10375.95
True
LS: BlockRelocate | Count: 1 | TotalTime:0.001s | Cost:31018.30
True
LS: BlockExchange | Count: 1 | TotalTime:0.000s | Cost:47291.15
True
LS: PDPairExchange | Count: 1 | TotalTime:0.001s | Cost:46860.29
True
LS: BlockRelocate | Count: 1 | TotalTime:0.003s | Cost:47213.07
True
LS: PDPairExchange | Count: 0 | TotalTime:0.003s | Cost:49882.38
True
LS: PDPairExchange | Count: 1 | TotalTime:0.001s | Cost:47761.57
True
LS: BlockRelocate | Count: 1 | TotalTime:0.004s | Cost:41788.19
True
LS: mPDG | Count: 1 | TotalTime:0.006s | Cost:45210.15
True
LS: BlockRelocate | Count: 1 | TotalTime:0.001s | Cost:44724.46
True
LS: mPDG | Count: 1 | TotalTime:0.006s | Cost:54593.54
True
Generation 3: Best = 10375.95, Worst = 96918.99, Avg = 68585.94, Time: 0.3881499767303467
True
True
True
True
True
True
True
True
True
True
True
True
True
True
True
True
True
True
True
True
True
True
True
True
True
True
True
True
True
True
True
True
LS: mPDG | Count: 0 | TotalTime:0.007s | Cost:10375.95
True
LS: BlockRelocate | Count: 1 | TotalTime:0.003s | Cost:27301.58
True
LS: BlockRelocate | Count: 1 | TotalTime:0.005s | Cost:35919.84
True
LS: BlockExchange | Count: 1 | TotalTime:0.001s | Cost:37351.96
True
LS: BlockRelocate | Count: 1 | TotalTime:0.003s | Cost:34968.84
True
LS: PDPairExchange | Count: 1 | TotalTime:0.001s | Cost:34609.79
True
LS: BlockRelocate | Count: 1 | TotalTime:0.002s | Cost:37510.17
True
LS: BlockRelocate | Count: 1 | TotalTime:0.003s | Cost:44705.02
True
LS: mPDG | Count: 0 | TotalTime:0.005s | Cost:45210.15
True
LS: PDPairExchange | Count: 1 | TotalTime:0.001s | Cost:42560.29
True
LS: BlockRelocate | Count: 1 | TotalTime:0.003s | Cost:22979.23
True
Generation 4: Best = 10375.95, Worst = 96918.99, Avg = 61328.09, Time: 0.5621862411499023
True
True
True
True
True
True
True
True
True
True
True
True
True
True
True
True
True
True
True
True
True
True
True
True
True
True
True
True
True
True
True
True
LS: mPDG | Count: 0 | TotalTime:0.005s | Cost:10375.95
True
LS: PDPairExchange | Count: 0 | TotalTime:0.001s | Cost:14168.50
True
LS: BlockExchange | Count: 0 | TotalTime:0.001s | Cost:14168.50
True
LS: BlockRelocate | Count: 1 | TotalTime:0.014s | Cost:21540.82
True
LS: BlockRelocate | Count: 1 | TotalTime:0.006s | Cost:26835.03
True
LS: PDPairExchange | Count: 0 | TotalTime:0.002s | Cost:34609.79
True
LS: BlockRelocate | Count: 1 | TotalTime:0.008s | Cost:34068.72
True
LS: BlockRelocate | Count: 1 | TotalTime:0.010s | Cost:18652.08
True
LS: BlockExchange | Count: 1 | TotalTime:0.000s | Cost:30788.07
True
LS: BlockRelocate | Count: 1 | TotalTime:0.016s | Cost:30288.17
True
LS: BlockExchange | Count: 1 | TotalTime:0.002s | Cost:37351.96
True
Generation 5: Best = 10375.95, Worst = 94688.43, Avg = 53074.86, Time: 0.36434268951416016
Stopping early due to lack of improvement.
Total runtime: 6.24s (0.1 minutes)
True
LS: BlockExchange:0(0.000s) | BlockRelocate:0(0.014s) | mPDG:0(0.008s) | PDPairExchange:0(0.002s) | TotalTime:0.025s | Cost:10375.95
True
True
LS: BlockExchange:1(0.002s) | BlockRelocate:2(0.036s) | mPDG:0(0.006s) | PDPairExchange:0(0.001s) | TotalTime:0.044s | Cost:10251.39
True
True
LS: PDPairExchange:0(0.000s) | BlockExchange:1(0.005s) | mPDG:0(0.019s) | BlockRelocate:2(0.028s) | TotalTime:0.052s | Cost:10251.39
True
True
LS: BlockRelocate:2(0.029s) | PDPairExchange:0(0.001s) | BlockExchange:0(0.001s) | mPDG:0(0.009s) | TotalTime:0.041s | Cost:10251.39
True
True
LS: BlockRelocate:1(0.009s) | PDPairExchange:0(0.002s) | BlockExchange:0(0.002s) | mPDG:0(0.010s) | TotalTime:0.023s | Cost:10375.95
True

The solution initialized by Cheapest Insertion:
V_1:[d19_0549590018-19] V_2:[p1_0634010024-1 d1_0634010024-1] V_3:[p4_0601510020-1 d4_0601510020-4 p8_0747110028-1 d8_0747110028-8 d4_0632150023-4] V_4:[d1_0557370019-1 d3_0549590018-22 d1_0531570015-1 d1_0531500014-1 p1_0644260026-1 p1_0644040025-1 p1_0630410022-1 d1_0630410022-1 d1_0644040025-1 d1_0644260026-1] V_5:[d4_0436090013-4 p1_0626070021-1 p1_0656120027-1 d1_0656120027-1 d1_0626070021-1]
The fitness value before EA: 10375.953333333333
V_1:[d19_0549590018-19] V_2:[p1_0634010024-1 d1_0634010024-1] V_3:[p4_0601510020-1 d4_0601510020-4 d4_0632150023-4] V_4:[d1_0557370019-1 d3_0549590018-22 d1_0531570015-1 d1_0531500014-1 p8_0747110028-1 d8_0747110028-8] V_5:[d4_0436090013-4 p1_0656120027-1 p1_0626070021-1 p1_0644260026-1 p1_0644040025-1 p1_0630410022-1 d1_0630410022-1 d1_0644040025-1 d1_0644260026-1 d1_0626070021-1 d1_0656120027-1]
The fitness value after EA: 10251.393333333332

Thoi gian thuc hien thuat toan:  6.499605417251587
SUCCESS

2025-10-04 08:44:21,152 [simulate_environment.py | 256] INFO: 2025-10-04 07:50:00, Item 0601510020-1: state = 1 < 2, we can not finish the simulation
2025-10-04 08:44:21,152 [simulate_environment.py | 99] INFO: **************************************************
2025-10-04 08:44:21,152 [simulate_environment.py | 103] INFO: cur time: 2025-10-04 08:00:00, pre time: 2025-10-04 07:50:00
2025-10-04 08:44:21,153 [simulate_environment.py | 140] INFO: Start to update the input of 2025-10-04 08:00:00
2025-10-04 08:44:21,154 [simulate_environment.py | 167] INFO: Get 18 unallocated order items, 33 ongoing order items, 53 completed order items
2025-10-04 08:44:24,207 [simulate_environment.py | 234] INFO: 
Adaptive config applied: {'num_orders': 6, 'num_vehicles': 5, 'time_budget_sec': None, 'POPULATION_SIZE': 40, 'NUMBER_OF_GENERATION': 20, 'MUTATION_RATE': 0.1, 'LS_MAX': 20, 'LS_MAX_TIME_PER_OP': 3, 'LS_MAX_TIME_IN_SINGLE': 1}
True
True
True
True
True
True
True
True
True
True
True
True
True
True
True
True
True
True
True
True
True
True
True
True
True
True
True
True
True
True
True
True
True
True
True
True
True
True
True
True
LS: mPDG | Count: 0 | TotalTime:0.004s | Cost:10251.39
True
LS: mPDG | Count: 0 | TotalTime:0.004s | Cost:14168.50
True
LS: BlockExchange | Count: 0 | TotalTime:0.001s | Cost:14168.50
True
LS: PDPairExchange | Count: 0 | TotalTime:0.001s | Cost:14168.50
True
LS: PDPairExchange | Count: 0 | TotalTime:0.001s | Cost:14168.50
True
LS: mPDG | Count: 0 | TotalTime:0.004s | Cost:14168.50
True
LS: mPDG | Count: 0 | TotalTime:0.004s | Cost:14168.50
True
LS: BlockExchange | Count: 0 | TotalTime:0.001s | Cost:14168.50
True
LS: BlockExchange | Count: 0 | TotalTime:0.001s | Cost:14168.50
True
LS: mPDG | Count: 0 | TotalTime:0.004s | Cost:14168.50
True
LS: BlockRelocate | Count: 0 | TotalTime:0.010s | Cost:14168.50
True
Generation 1: Best = 10251.39, Worst = 51468.75, Avg = 15003.08, Time: 0.12579107284545898
True
True
True
True
True
True
True
True
True
True
True
True
True
True
True
True
True
True
True
True
True
True
True
True
True
True
True
True
True
True
True
True
LS: BlockExchange | Count: 0 | TotalTime:0.001s | Cost:10251.39
True
LS: PDPairExchange | Count: 0 | TotalTime:0.001s | Cost:14168.50
True
LS: mPDG | Count: 0 | TotalTime:0.004s | Cost:14168.50
True
LS: mPDG | Count: 0 | TotalTime:0.006s | Cost:14168.50
True
LS: PDPairExchange | Count: 0 | TotalTime:0.001s | Cost:14168.50
True
LS: BlockRelocate | Count: 0 | TotalTime:0.011s | Cost:14168.50
True
LS: BlockRelocate | Count: 0 | TotalTime:0.011s | Cost:14168.50
True
LS: mPDG | Count: 0 | TotalTime:0.008s | Cost:14168.50
True
LS: BlockRelocate | Count: 0 | TotalTime:0.014s | Cost:14168.50
True
LS: BlockRelocate | Count: 0 | TotalTime:0.010s | Cost:14168.50
True
LS: BlockRelocate | Count: 0 | TotalTime:0.010s | Cost:14168.50
True
Generation 2: Best = 10251.39, Worst = 14168.50, Avg = 14070.57, Time: 0.1998600959777832
True
True
True
True
True
True
True
True
True
True
True
True
True
True
True
True
True
True
True
True
True
True
True
True
True
True
True
True
True
True
True
True
LS: BlockRelocate | Count: 0 | TotalTime:0.018s | Cost:10251.39
True
LS: BlockRelocate | Count: 0 | TotalTime:0.020s | Cost:14168.50
True
LS: BlockExchange | Count: 0 | TotalTime:0.002s | Cost:14168.50
True
LS: mPDG | Count: 0 | TotalTime:0.006s | Cost:14168.50
True
LS: PDPairExchange | Count: 0 | TotalTime:0.001s | Cost:14168.50
True
LS: BlockExchange | Count: 0 | TotalTime:0.001s | Cost:14168.50
True
LS: BlockExchange | Count: 0 | TotalTime:0.001s | Cost:14168.50
True
LS: BlockExchange | Count: 0 | TotalTime:0.001s | Cost:14168.50
True
LS: PDPairExchange | Count: 0 | TotalTime:0.001s | Cost:14168.50
True
LS: BlockRelocate | Count: 0 | TotalTime:0.013s | Cost:14168.50
True
LS: BlockExchange | Count: 0 | TotalTime:0.002s | Cost:14168.50
True
Generation 3: Best = 10251.39, Worst = 14168.50, Avg = 14070.57, Time: 0.23618102073669434
True
True
True
True
True
True
True
True
True
True
True
True
True
True
True
True
True
True
True
True
True
True
True
True
True
True
True
True
True
True
True
True
LS: PDPairExchange | Count: 0 | TotalTime:0.001s | Cost:10251.39
True
LS: mPDG | Count: 0 | TotalTime:0.005s | Cost:14168.50
True
LS: PDPairExchange | Count: 0 | TotalTime:0.001s | Cost:14168.50
True
LS: PDPairExchange | Count: 0 | TotalTime:0.001s | Cost:14168.50
True
LS: BlockRelocate | Count: 0 | TotalTime:0.018s | Cost:14168.50
True
LS: mPDG | Count: 0 | TotalTime:0.005s | Cost:14168.50
True
LS: PDPairExchange | Count: 0 | TotalTime:0.001s | Cost:14168.50
True
LS: PDPairExchange | Count: 0 | TotalTime:0.001s | Cost:14168.50
True
LS: BlockExchange | Count: 0 | TotalTime:0.001s | Cost:14168.50
True
LS: mPDG | Count: 0 | TotalTime:0.005s | Cost:14168.50
True
LS: mPDG | Count: 0 | TotalTime:0.004s | Cost:14168.50
True
Generation 4: Best = 10251.39, Worst = 14168.50, Avg = 14070.57, Time: 0.17108941078186035
True
True
True
True
True
True
True
True
True
True
True
True
True
True
True
True
True
True
True
True
True
True
True
True
True
True
True
True
True
True
True
True
LS: PDPairExchange | Count: 0 | TotalTime:0.001s | Cost:10251.39
True
LS: mPDG | Count: 0 | TotalTime:0.004s | Cost:14168.50
True
LS: PDPairExchange | Count: 0 | TotalTime:0.001s | Cost:14168.50
True
LS: PDPairExchange | Count: 0 | TotalTime:0.001s | Cost:14168.50
True
LS: BlockRelocate | Count: 0 | TotalTime:0.012s | Cost:14168.50
True
LS: BlockExchange | Count: 0 | TotalTime:0.001s | Cost:14168.50
True
LS: mPDG | Count: 0 | TotalTime:0.004s | Cost:14168.50
True
LS: mPDG | Count: 0 | TotalTime:0.004s | Cost:14168.50
True
LS: BlockExchange | Count: 0 | TotalTime:0.001s | Cost:14168.50
True
LS: PDPairExchange | Count: 0 | TotalTime:0.001s | Cost:14168.50
True
LS: PDPairExchange | Count: 0 | TotalTime:0.001s | Cost:14168.50
True
Generation 5: Best = 10251.39, Worst = 14168.50, Avg = 14070.57, Time: 0.1696312427520752
Stopping early due to lack of improvement.
Total runtime: 2.31s (0.0 minutes)
True
LS: mPDG:0(0.000s) | BlockRelocate:0(0.008s) | BlockExchange:0(0.001s) | PDPairExchange:0(0.001s) | TotalTime:0.009s | Cost:10251.39
True
True
LS: BlockRelocate:0(0.000s) | mPDG:0(0.005s) | PDPairExchange:0(0.002s) | BlockExchange:0(0.002s) | TotalTime:0.008s | Cost:14168.50
True
True
LS: mPDG:0(0.000s) | BlockExchange:0(0.002s) | BlockRelocate:0(0.009s) | PDPairExchange:0(0.001s) | TotalTime:0.011s | Cost:14168.50
True
True
LS: BlockExchange:0(0.000s) | PDPairExchange:0(0.001s) | BlockRelocate:0(0.009s) | mPDG:0(0.004s) | TotalTime:0.014s | Cost:14168.50
True
True
LS: BlockExchange:0(0.000s) | mPDG:0(0.004s) | BlockRelocate:0(0.009s) | PDPairExchange:0(0.001s) | TotalTime:0.014s | Cost:14168.50
True

The solution initialized by Cheapest Insertion:
V_1:[d19_0549590018-19] V_2:[p1_0634010024-1 d1_0634010024-1] V_3:[p4_0601510020-1 d4_0601510020-4 d4_0632150023-4] V_4:[d1_0557370019-1 d3_0549590018-22 d1_0531570015-1 d1_0531500014-1 p8_0747110028-1 d8_0747110028-8] V_5:[d4_0436090013-4 p1_0656120027-1 p1_0626070021-1 p1_0644260026-1 p1_0644040025-1 p1_0630410022-1 d1_0630410022-1 d1_0644040025-1 d1_0644260026-1 d1_0626070021-1 d1_0656120027-1]
The fitness value before EA: 10251.393333333332
V_1:[d19_0549590018-19] V_2:[p1_0634010024-1 d1_0634010024-1] V_3:[p4_0601510020-1 d4_0601510020-4 d4_0632150023-4] V_4:[d1_0557370019-1 d3_0549590018-22 d1_0531570015-1 d1_0531500014-1 p8_0747110028-1 d8_0747110028-8] V_5:[d4_0436090013-4 p1_0656120027-1 p1_0626070021-1 p1_0644260026-1 p1_0644040025-1 p1_0630410022-1 d1_0630410022-1 d1_0644040025-1 d1_0644260026-1 d1_0626070021-1 d1_0656120027-1]
The fitness value after EA: 10251.393333333332

Thoi gian thuc hien thuat toan:  2.3966622352600098
SUCCESS

2025-10-04 08:44:24,210 [simulate_environment.py | 256] INFO: 2025-10-04 08:00:00, Item 0601510020-1: state = 1 < 2, we can not finish the simulation
2025-10-04 08:44:24,211 [simulate_environment.py | 99] INFO: **************************************************
2025-10-04 08:44:24,211 [simulate_environment.py | 103] INFO: cur time: 2025-10-04 08:10:00, pre time: 2025-10-04 08:00:00
2025-10-04 08:44:24,211 [simulate_environment.py | 140] INFO: Start to update the input of 2025-10-04 08:10:00
2025-10-04 08:44:24,212 [simulate_environment.py | 167] INFO: Get 18 unallocated order items, 32 ongoing order items, 54 completed order items
2025-10-04 08:44:26,680 [simulate_environment.py | 234] INFO: 
Adaptive config applied: {'num_orders': 6, 'num_vehicles': 5, 'time_budget_sec': None, 'POPULATION_SIZE': 40, 'NUMBER_OF_GENERATION': 20, 'MUTATION_RATE': 0.1, 'LS_MAX': 20, 'LS_MAX_TIME_PER_OP': 3, 'LS_MAX_TIME_IN_SINGLE': 1}
True
True
True
True
True
True
True
True
True
True
True
True
True
True
True
True
True
True
True
True
True
True
True
True
True
True
True
True
True
True
True
True
True
True
True
True
True
True
True
True
LS: BlockRelocate | Count: 0 | TotalTime:0.009s | Cost:10251.15
True
LS: BlockExchange | Count: 0 | TotalTime:0.002s | Cost:14168.26
True
LS: BlockExchange | Count: 0 | TotalTime:0.002s | Cost:14168.26
True
LS: mPDG | Count: 0 | TotalTime:0.006s | Cost:14168.26
True
LS: BlockRelocate | Count: 0 | TotalTime:0.009s | Cost:14168.26
True
LS: BlockRelocate | Count: 0 | TotalTime:0.009s | Cost:14168.26
True
LS: mPDG | Count: 0 | TotalTime:0.005s | Cost:14168.26
True
LS: BlockRelocate | Count: 0 | TotalTime:0.010s | Cost:14168.26
True
LS: mPDG | Count: 0 | TotalTime:0.005s | Cost:14168.26
True
LS: PDPairExchange | Count: 0 | TotalTime:0.001s | Cost:14168.26
True
LS: BlockExchange | Count: 0 | TotalTime:0.001s | Cost:14168.26
True
Generation 1: Best = 10251.15, Worst = 176155.22, Avg = 18120.01, Time: 0.1634521484375
True
True
True
True
True
True
True
True
True
True
True
True
True
True
True
True
True
True
True
True
True
True
True
True
True
True
True
True
True
True
True
True
LS: BlockExchange | Count: 0 | TotalTime:0.001s | Cost:10251.15
True
LS: BlockExchange | Count: 0 | TotalTime:0.001s | Cost:14168.26
True
LS: BlockRelocate | Count: 0 | TotalTime:0.009s | Cost:14168.26
True
LS: mPDG | Count: 0 | TotalTime:0.004s | Cost:14168.26
True
LS: mPDG | Count: 0 | TotalTime:0.004s | Cost:14168.26
True
LS: mPDG | Count: 0 | TotalTime:0.005s | Cost:14168.26
True
LS: PDPairExchange | Count: 0 | TotalTime:0.001s | Cost:14168.26
True
LS: PDPairExchange | Count: 0 | TotalTime:0.001s | Cost:14168.26
True
LS: BlockRelocate | Count: 0 | TotalTime:0.009s | Cost:14168.26
True
LS: mPDG | Count: 0 | TotalTime:0.004s | Cost:14168.26
True
LS: PDPairExchange | Count: 0 | TotalTime:0.001s | Cost:14168.26
True
Generation 2: Best = 10251.15, Worst = 14168.26, Avg = 14070.33, Time: 0.15435123443603516
True
True
True
True
True
True
True
True
True
True
True
True
True
True
True
True
True
True
True
True
True
True
True
True
True
True
True
True
True
True
True
True
LS: BlockRelocate | Count: 0 | TotalTime:0.007s | Cost:10251.15
True
LS: PDPairExchange | Count: 0 | TotalTime:0.001s | Cost:14168.26
True
LS: PDPairExchange | Count: 0 | TotalTime:0.001s | Cost:14168.26
True
LS: BlockRelocate | Count: 0 | TotalTime:0.008s | Cost:14168.26
True
LS: PDPairExchange | Count: 0 | TotalTime:0.001s | Cost:14168.26
True
LS: PDPairExchange | Count: 0 | TotalTime:0.001s | Cost:14168.26
True
LS: PDPairExchange | Count: 0 | TotalTime:0.001s | Cost:14168.26
True
LS: PDPairExchange | Count: 0 | TotalTime:0.001s | Cost:14168.26
True
LS: BlockExchange | Count: 0 | TotalTime:0.001s | Cost:14168.26
True
LS: PDPairExchange | Count: 0 | TotalTime:0.001s | Cost:14168.26
True
LS: BlockRelocate | Count: 0 | TotalTime:0.009s | Cost:14168.26
True
Generation 3: Best = 10251.15, Worst = 14168.26, Avg = 14070.33, Time: 0.1383042335510254
True
True
True
True
True
True
True
True
True
True
True
True
True
True
True
True
True
True
True
True
True
True
True
True
True
True
True
True
True
True
True
True
LS: PDPairExchange | Count: 0 | TotalTime:0.001s | Cost:10251.15
True
LS: mPDG | Count: 0 | TotalTime:0.004s | Cost:14168.26
True
LS: PDPairExchange | Count: 0 | TotalTime:0.001s | Cost:14168.26
True
LS: BlockExchange | Count: 0 | TotalTime:0.001s | Cost:14168.26
True
LS: BlockExchange | Count: 0 | TotalTime:0.001s | Cost:14168.26
True
LS: PDPairExchange | Count: 0 | TotalTime:0.001s | Cost:14168.26
True
LS: PDPairExchange | Count: 0 | TotalTime:0.001s | Cost:14168.26
True
LS: mPDG | Count: 0 | TotalTime:0.004s | Cost:14168.26
True
LS: BlockRelocate | Count: 0 | TotalTime:0.008s | Cost:14168.26
True
LS: mPDG | Count: 0 | TotalTime:0.004s | Cost:14168.26
True
LS: BlockRelocate | Count: 0 | TotalTime:0.008s | Cost:14168.26
True
Generation 4: Best = 10251.15, Worst = 14168.26, Avg = 14070.33, Time: 0.15007328987121582
True
True
True
True
True
True
True
True
True
True
True
True
True
True
True
True
True
True
True
True
True
True
True
True
True
True
True
True
True
True
True
True
LS: BlockExchange | Count: 0 | TotalTime:0.001s | Cost:10251.15
True
LS: BlockRelocate | Count: 0 | TotalTime:0.017s | Cost:14168.26
True
LS: mPDG | Count: 0 | TotalTime:0.004s | Cost:14168.26
True
LS: BlockExchange | Count: 0 | TotalTime:0.001s | Cost:14168.26
True
LS: BlockRelocate | Count: 0 | TotalTime:0.008s | Cost:14168.26
True
LS: BlockExchange | Count: 0 | TotalTime:0.001s | Cost:14168.26
True
LS: mPDG | Count: 0 | TotalTime:0.004s | Cost:14168.26
True
LS: PDPairExchange | Count: 0 | TotalTime:0.001s | Cost:14168.26
True
LS: BlockExchange | Count: 0 | TotalTime:0.001s | Cost:14168.26
True
LS: BlockRelocate | Count: 0 | TotalTime:0.008s | Cost:14168.26
True
LS: mPDG | Count: 0 | TotalTime:0.004s | Cost:14168.26
True
Generation 5: Best = 10251.15, Worst = 14168.26, Avg = 14070.33, Time: 0.1499481201171875
Stopping early due to lack of improvement.
Total runtime: 1.94s (0.0 minutes)
LS: mPDG:0(0.000s) | BlockExchange:0(0.001s) | BlockRelocate:0(0.007s) | PDPairExchange:0(0.001s) | TotalTime:0.008s | Cost:10251.15
True
LS: PDPairExchange:0(0.000s) | mPDG:0(0.004s) | BlockExchange:0(0.001s) | BlockRelocate:0(0.008s) | TotalTime:0.013s | Cost:14168.26
True
LS: mPDG:0(0.000s) | PDPairExchange:0(0.002s) | BlockExchange:0(0.002s) | BlockRelocate:0(0.008s) | TotalTime:0.011s | Cost:14168.26
True
LS: BlockRelocate:0(0.000s) | BlockExchange:0(0.001s) | mPDG:0(0.004s) | PDPairExchange:0(0.001s) | TotalTime:0.006s | Cost:14168.26
True
LS: mPDG:0(0.000s) | BlockRelocate:0(0.008s) | BlockExchange:0(0.001s) | PDPairExchange:0(0.001s) | TotalTime:0.010s | Cost:14168.26
True

The solution initialized by Cheapest Insertion:
V_1:[d19_0549590018-19] V_2:[p1_0634010024-1 d1_0634010024-1] V_3:[p4_0601510020-1 d4_0601510020-4 d4_0632150023-4] V_4:[d3_0549590018-22 d1_0531570015-1 d1_0531500014-1 p8_0747110028-1 d8_0747110028-8] V_5:[d4_0436090013-4 p1_0656120027-1 p1_0626070021-1 p1_0644260026-1 p1_0644040025-1 p1_0630410022-1 d1_0630410022-1 d1_0644040025-1 d1_0644260026-1 d1_0626070021-1 d1_0656120027-1]
The fitness value before EA: 10251.153333333332
V_1:[d19_0549590018-19] V_2:[p1_0634010024-1 d1_0634010024-1] V_3:[p4_0601510020-1 d4_0601510020-4 d4_0632150023-4] V_4:[d3_0549590018-22 d1_0531570015-1 d1_0531500014-1 p8_0747110028-1 d8_0747110028-8] V_5:[d4_0436090013-4 p1_0656120027-1 p1_0626070021-1 p1_0644260026-1 p1_0644040025-1 p1_0630410022-1 d1_0630410022-1 d1_0644040025-1 d1_0644260026-1 d1_0626070021-1 d1_0656120027-1]
The fitness value after EA: 10251.153333333332

Thoi gian thuc hien thuat toan:  2.0252256393432617
SUCCESS

2025-10-04 08:44:26,682 [simulate_environment.py | 256] INFO: 2025-10-04 08:10:00, Item 0601510020-1: state = 1 < 2, we can not finish the simulation
2025-10-04 08:44:26,682 [simulate_environment.py | 99] INFO: **************************************************
2025-10-04 08:44:26,683 [simulate_environment.py | 103] INFO: cur time: 2025-10-04 08:20:00, pre time: 2025-10-04 08:10:00
2025-10-04 08:44:26,683 [simulate_environment.py | 140] INFO: Start to update the input of 2025-10-04 08:20:00
2025-10-04 08:44:26,684 [simulate_environment.py | 167] INFO: Get 14 unallocated order items, 36 ongoing order items, 54 completed order items
2025-10-04 08:44:28,939 [simulate_environment.py | 234] INFO: 
Adaptive config applied: {'num_orders': 6, 'num_vehicles': 5, 'time_budget_sec': None, 'POPULATION_SIZE': 40, 'NUMBER_OF_GENERATION': 20, 'MUTATION_RATE': 0.1, 'LS_MAX': 20, 'LS_MAX_TIME_PER_OP': 3, 'LS_MAX_TIME_IN_SINGLE': 1}
True
True
True
True
True
True
True
True
True
True
True
True
True
True
True
True
True
True
True
True
True
True
True
True
True
True
True
True
True
True
True
True
True
True
True
True
True
True
True
True
LS: BlockExchange | Count: 0 | TotalTime:0.001s | Cost:10250.69
True
LS: BlockRelocate | Count: 0 | TotalTime:0.007s | Cost:14167.80
True
LS: mPDG | Count: 0 | TotalTime:0.004s | Cost:14167.80
True
LS: mPDG | Count: 0 | TotalTime:0.004s | Cost:14167.80
True
LS: BlockExchange | Count: 0 | TotalTime:0.001s | Cost:14167.80
True
LS: mPDG | Count: 0 | TotalTime:0.003s | Cost:14167.80
True
LS: PDPairExchange | Count: 0 | TotalTime:0.001s | Cost:14167.80
True
LS: BlockRelocate | Count: 0 | TotalTime:0.007s | Cost:14167.80
True
LS: BlockRelocate | Count: 0 | TotalTime:0.006s | Cost:14167.80
True
LS: PDPairExchange | Count: 0 | TotalTime:0.001s | Cost:14167.80
True
LS: BlockRelocate | Count: 0 | TotalTime:0.006s | Cost:14167.80
True
Generation 1: Best = 10250.69, Worst = 48738.73, Avg = 14934.15, Time: 0.1243140697479248
True
True
True
True
True
True
True
True
True
True
True
True
True
True
True
True
True
True
True
True
True
True
True
True
True
True
True
True
True
True
True
True
LS: PDPairExchange | Count: 0 | TotalTime:0.001s | Cost:10250.69
True
LS: BlockRelocate | Count: 0 | TotalTime:0.006s | Cost:14167.80
True
LS: BlockExchange | Count: 0 | TotalTime:0.001s | Cost:14167.80
True
LS: BlockRelocate | Count: 0 | TotalTime:0.007s | Cost:14167.80
True
LS: BlockRelocate | Count: 0 | TotalTime:0.006s | Cost:14167.80
True
LS: BlockRelocate | Count: 0 | TotalTime:0.007s | Cost:14167.80
True
LS: mPDG | Count: 0 | TotalTime:0.003s | Cost:14167.80
True
LS: BlockRelocate | Count: 0 | TotalTime:0.007s | Cost:14167.80
True
LS: PDPairExchange | Count: 0 | TotalTime:0.001s | Cost:14167.80
True
LS: BlockRelocate | Count: 1 | TotalTime:0.002s | Cost:17056.19
True
LS: BlockRelocate | Count: 1 | TotalTime:0.001s | Cost:17056.19
True
Generation 2: Best = 10250.69, Worst = 41290.02, Avg = 33877.90, Time: 0.12997794151306152
True
True
True
True
True
True
True
True
True
True
True
True
True
True
True
True
True
True
True
True
True
True
True
True
True
True
True
True
True
True
True
True
LS: PDPairExchange | Count: 0 | TotalTime:0.001s | Cost:10250.69
True
LS: BlockRelocate | Count: 0 | TotalTime:0.007s | Cost:14167.80
True
LS: mPDG | Count: 0 | TotalTime:0.003s | Cost:14167.80
True
LS: PDPairExchange | Count: 0 | TotalTime:0.001s | Cost:14167.80
True
LS: PDPairExchange | Count: 0 | TotalTime:0.001s | Cost:14167.80
True
LS: BlockRelocate | Count: 0 | TotalTime:0.007s | Cost:14167.80
True
LS: mPDG | Count: 0 | TotalTime:0.004s | Cost:14167.80
True
LS: BlockExchange | Count: 0 | TotalTime:0.001s | Cost:14167.80
True
LS: mPDG | Count: 0 | TotalTime:0.004s | Cost:41290.02
True
LS: mPDG | Count: 0 | TotalTime:0.004s | Cost:41290.02
True
LS: BlockRelocate | Count: 1 | TotalTime:0.002s | Cost:17056.19
True
Generation 3: Best = 10250.69, Worst = 41290.02, Avg = 35161.81, Time: 0.12926554679870605
True
True
True
True
True
True
True
True
True
True
True
True
True
True
True
True
True
True
True
True
True
True
True
True
True
True
True
True
True
True
True
True
LS: mPDG | Count: 0 | TotalTime:0.004s | Cost:10250.69
True
LS: PDPairExchange | Count: 0 | TotalTime:0.001s | Cost:14167.80
True
LS: BlockExchange | Count: 0 | TotalTime:0.001s | Cost:14167.80
True
LS: mPDG | Count: 0 | TotalTime:0.004s | Cost:14167.80
True
LS: PDPairExchange | Count: 0 | TotalTime:0.001s | Cost:14167.80
True
LS: mPDG | Count: 0 | TotalTime:0.005s | Cost:14167.80
True
LS: PDPairExchange | Count: 0 | TotalTime:0.001s | Cost:14167.80
True
LS: PDPairExchange | Count: 0 | TotalTime:0.001s | Cost:14167.80
True
LS: PDPairExchange | Count: 0 | TotalTime:0.001s | Cost:14167.80
True
LS: BlockExchange | Count: 1 | TotalTime:0.001s | Cost:34609.09
True
LS: BlockExchange | Count: 1 | TotalTime:0.001s | Cost:14167.80
True
Generation 4: Best = 10250.69, Worst = 41290.02, Avg = 34244.52, Time: 0.17977237701416016
True
True
True
True
True
True
True
True
True
True
True
True
True
True
True
True
True
True
True
True
True
True
True
True
True
True
True
True
True
True
True
True
LS: BlockExchange | Count: 0 | TotalTime:0.001s | Cost:10250.69
True
LS: BlockRelocate | Count: 0 | TotalTime:0.007s | Cost:14167.80
True
LS: mPDG | Count: 0 | TotalTime:0.003s | Cost:14167.80
True
LS: BlockRelocate | Count: 0 | TotalTime:0.007s | Cost:14167.80
True
LS: BlockExchange | Count: 0 | TotalTime:0.001s | Cost:14167.80
True
LS: mPDG | Count: 0 | TotalTime:0.003s | Cost:14167.80
True
LS: BlockRelocate | Count: 0 | TotalTime:0.007s | Cost:14167.80
True
LS: BlockRelocate | Count: 0 | TotalTime:0.007s | Cost:14167.80
True
LS: PDPairExchange | Count: 0 | TotalTime:0.001s | Cost:14167.80
True
LS: BlockExchange | Count: 0 | TotalTime:0.001s | Cost:14167.80
True
LS: mPDG | Count: 0 | TotalTime:0.003s | Cost:14167.80
True
Generation 5: Best = 10250.69, Worst = 41290.02, Avg = 33733.49, Time: 0.1591935157775879
Stopping early due to lack of improvement.
Total runtime: 1.75s (0.0 minutes)
LS: BlockRelocate:0(0.000s) | BlockExchange:0(0.000s) | PDPairExchange:0(0.000s) | mPDG:0(0.003s) | TotalTime:0.004s | Cost:10250.69
LS: PDPairExchange:0(0.000s) | mPDG:0(0.003s) | BlockRelocate:0(0.007s) | BlockExchange:0(0.001s) | TotalTime:0.011s | Cost:14167.80
LS: mPDG:0(0.000s) | BlockExchange:0(0.001s) | PDPairExchange:0(0.001s) | BlockRelocate:0(0.007s) | TotalTime:0.008s | Cost:14167.80
LS: mPDG:0(0.000s) | PDPairExchange:0(0.001s) | BlockRelocate:0(0.006s) | BlockExchange:0(0.001s) | TotalTime:0.008s | Cost:14167.80
LS: BlockRelocate:0(0.000s) | BlockExchange:0(0.001s) | mPDG:0(0.003s) | PDPairExchange:0(0.001s) | TotalTime:0.005s | Cost:14167.80

The solution initialized by Cheapest Insertion:
V_1:[d19_0549590018-19] V_2:[p1_0634010024-1 d1_0634010024-1] V_3:[d4_0601510020-4 d4_0632150023-4] V_4:[d3_0549590018-22 d1_0531570015-1 d1_0531500014-1 p8_0747110028-1 d8_0747110028-8] V_5:[d4_0436090013-4 p1_0656120027-1 p1_0626070021-1 p1_0644260026-1 p1_0644040025-1 p1_0630410022-1 d1_0630410022-1 d1_0644040025-1 d1_0644260026-1 d1_0626070021-1 d1_0656120027-1]
The fitness value before EA: 10250.693333333333
V_1:[d19_0549590018-19] V_2:[p1_0634010024-1 d1_0634010024-1] V_3:[d4_0601510020-4 d4_0632150023-4] V_4:[d3_0549590018-22 d1_0531570015-1 d1_0531500014-1 p8_0747110028-1 d8_0747110028-8] V_5:[d4_0436090013-4 p1_0656120027-1 p1_0626070021-1 p1_0644260026-1 p1_0644040025-1 p1_0630410022-1 d1_0630410022-1 d1_0644040025-1 d1_0644260026-1 d1_0626070021-1 d1_0656120027-1]
The fitness value after EA: 10250.693333333333

Thoi gian thuc hien thuat toan:  1.817734718322754
SUCCESS

2025-10-04 08:44:28,943 [simulate_environment.py | 256] INFO: 2025-10-04 08:20:00, Item 0626070021-1: state = 1 < 2, we can not finish the simulation
2025-10-04 08:44:28,944 [simulate_environment.py | 99] INFO: **************************************************
2025-10-04 08:44:28,944 [simulate_environment.py | 103] INFO: cur time: 2025-10-04 08:30:00, pre time: 2025-10-04 08:20:00
2025-10-04 08:44:28,944 [simulate_environment.py | 140] INFO: Start to update the input of 2025-10-04 08:30:00
2025-10-04 08:44:28,945 [simulate_environment.py | 167] INFO: Get 14 unallocated order items, 36 ongoing order items, 54 completed order items
2025-10-04 08:44:31,781 [simulate_environment.py | 234] INFO: 
Adaptive config applied: {'num_orders': 6, 'num_vehicles': 5, 'time_budget_sec': None, 'POPULATION_SIZE': 40, 'NUMBER_OF_GENERATION': 20, 'MUTATION_RATE': 0.1, 'LS_MAX': 20, 'LS_MAX_TIME_PER_OP': 3, 'LS_MAX_TIME_IN_SINGLE': 1}
True
True
True
True
True
True
True
True
True
True
True
True
True
True
True
True
True
True
True
True
True
True
True
True
True
True
True
True
True
True
True
True
True
True
True
True
True
True
True
True
LS: BlockExchange | Count: 0 | TotalTime:0.001s | Cost:10250.69
True
LS: BlockExchange | Count: 0 | TotalTime:0.001s | Cost:14167.80
True
LS: BlockExchange | Count: 0 | TotalTime:0.001s | Cost:14167.80
True
LS: BlockExchange | Count: 0 | TotalTime:0.001s | Cost:14167.80
True
LS: BlockRelocate | Count: 0 | TotalTime:0.008s | Cost:14167.80
True
LS: BlockExchange | Count: 0 | TotalTime:0.001s | Cost:14167.80
True
LS: BlockRelocate | Count: 0 | TotalTime:0.009s | Cost:14167.80
True
LS: mPDG | Count: 0 | TotalTime:0.004s | Cost:14167.80
True
LS: PDPairExchange | Count: 0 | TotalTime:0.001s | Cost:14167.80
True
LS: BlockExchange | Count: 0 | TotalTime:0.001s | Cost:14167.80
True
LS: BlockRelocate | Count: 0 | TotalTime:0.008s | Cost:14167.80
True
Generation 1: Best = 10250.69, Worst = 94509.45, Avg = 16078.42, Time: 0.1362442970275879
True
True
True
True
True
True
True
True
True
True
True
True
True
True
True
True
True
True
True
True
True
True
True
True
True
True
True
True
True
True
True
True
LS: BlockExchange | Count: 0 | TotalTime:0.001s | Cost:10250.69
True
LS: BlockRelocate | Count: 0 | TotalTime:0.007s | Cost:14167.80
True
LS: PDPairExchange | Count: 0 | TotalTime:0.001s | Cost:14167.80
True
LS: BlockExchange | Count: 0 | TotalTime:0.001s | Cost:14167.80
True
LS: PDPairExchange | Count: 0 | TotalTime:0.001s | Cost:14167.80
True
LS: PDPairExchange | Count: 0 | TotalTime:0.001s | Cost:14167.80
True
LS: PDPairExchange | Count: 0 | TotalTime:0.001s | Cost:14167.80
True
LS: PDPairExchange | Count: 0 | TotalTime:0.001s | Cost:14167.80
True
LS: mPDG | Count: 0 | TotalTime:0.004s | Cost:14167.80
True
LS: PDPairExchange | Count: 1 | TotalTime:0.000s | Cost:36990.02
True
LS: BlockRelocate | Count: 1 | TotalTime:0.003s | Cost:17056.19
True
Generation 2: Best = 10250.69, Worst = 41290.02, Avg = 34376.25, Time: 0.1243288516998291
True
True
True
True
True
True
True
True
True
True
True
True
True
True
True
True
True
True
True
True
True
True
True
True
True
True
True
True
True
True
True
True
LS: BlockExchange | Count: 0 | TotalTime:0.001s | Cost:10250.69
True
LS: mPDG | Count: 0 | TotalTime:0.004s | Cost:14167.80
True
LS: PDPairExchange | Count: 0 | TotalTime:0.001s | Cost:14167.80
True
LS: PDPairExchange | Count: 0 | TotalTime:0.001s | Cost:14167.80
True
LS: BlockExchange | Count: 0 | TotalTime:0.001s | Cost:14167.80
True
LS: BlockRelocate | Count: 0 | TotalTime:0.008s | Cost:14167.80
True
LS: BlockRelocate | Count: 0 | TotalTime:0.009s | Cost:14167.80
True
LS: PDPairExchange | Count: 0 | TotalTime:0.001s | Cost:14167.80
True
LS: PDPairExchange | Count: 1 | TotalTime:0.001s | Cost:14167.80
True
LS: BlockRelocate | Count: 1 | TotalTime:0.001s | Cost:37509.47
True
LS: BlockRelocate | Count: 1 | TotalTime:0.003s | Cost:37509.47
True
Generation 3: Best = 10250.69, Worst = 41290.02, Avg = 34900.57, Time: 0.14906787872314453
True
True
True
True
True
True
True
True
True
True
True
True
True
True
True
True
True
True
True
True
True
True
True
True
True
True
True
True
True
True
True
True
LS: BlockExchange | Count: 0 | TotalTime:0.001s | Cost:10250.69
True
LS: mPDG | Count: 0 | TotalTime:0.004s | Cost:14167.80
True
LS: mPDG | Count: 0 | TotalTime:0.003s | Cost:14167.80
True
LS: PDPairExchange | Count: 0 | TotalTime:0.001s | Cost:14167.80
True
LS: BlockRelocate | Count: 0 | TotalTime:0.007s | Cost:14167.80
True
LS: BlockExchange | Count: 0 | TotalTime:0.001s | Cost:14167.80
True
LS: mPDG | Count: 0 | TotalTime:0.003s | Cost:14167.80
True
LS: mPDG | Count: 0 | TotalTime:0.005s | Cost:14167.80
True
LS: mPDG | Count: 0 | TotalTime:0.007s | Cost:14167.80
True
LS: BlockExchange | Count: 1 | TotalTime:0.001s | Cost:34609.09
True
LS: PDPairExchange | Count: 1 | TotalTime:0.001s | Cost:14167.80
True
Generation 4: Best = 10250.69, Worst = 41290.02, Avg = 34137.02, Time: 0.15369057655334473
True
True
True
True
True
True
True
True
True
True
True
True
True
True
True
True
True
True
True
True
True
True
True
True
True
True
True
True
True
True
True
True
LS: BlockExchange | Count: 0 | TotalTime:0.001s | Cost:10250.69
True
LS: BlockRelocate | Count: 0 | TotalTime:0.010s | Cost:14167.80
True
LS: BlockRelocate | Count: 0 | TotalTime:0.008s | Cost:14167.80
True
LS: BlockExchange | Count: 0 | TotalTime:0.001s | Cost:14167.80
True
LS: mPDG | Count: 0 | TotalTime:0.004s | Cost:14167.80
True
LS: PDPairExchange | Count: 0 | TotalTime:0.001s | Cost:14167.80
True
LS: PDPairExchange | Count: 0 | TotalTime:0.001s | Cost:14167.80
True
LS: mPDG | Count: 0 | TotalTime:0.004s | Cost:14167.80
True
LS: BlockRelocate | Count: 0 | TotalTime:0.008s | Cost:14167.80
True
LS: PDPairExchange | Count: 0 | TotalTime:0.001s | Cost:14167.80
True
LS: PDPairExchange | Count: 0 | TotalTime:0.001s | Cost:14167.80
True
Generation 5: Best = 10250.69, Worst = 41290.02, Avg = 33625.99, Time: 0.1842942237854004
Stopping early due to lack of improvement.
Total runtime: 2.29s (0.0 minutes)
LS: BlockRelocate:0(0.000s) | BlockExchange:0(0.000s) | mPDG:0(0.004s) | PDPairExchange:0(0.000s) | TotalTime:0.005s | Cost:10250.69
LS: BlockExchange:0(0.000s) | mPDG:0(0.003s) | PDPairExchange:0(0.001s) | BlockRelocate:0(0.007s) | TotalTime:0.011s | Cost:14167.80
LS: PDPairExchange:0(0.000s) | mPDG:0(0.003s) | BlockRelocate:0(0.007s) | BlockExchange:0(0.001s) | TotalTime:0.011s | Cost:14167.80
LS: BlockExchange:0(0.000s) | mPDG:0(0.003s) | PDPairExchange:0(0.001s) | BlockRelocate:0(0.008s) | TotalTime:0.012s | Cost:14167.80
LS: BlockRelocate:0(0.000s) | PDPairExchange:0(0.001s) | BlockExchange:0(0.001s) | mPDG:0(0.004s) | TotalTime:0.005s | Cost:14167.80

The solution initialized by Cheapest Insertion:
V_1:[d19_0549590018-19] V_2:[p1_0634010024-1 d1_0634010024-1] V_3:[d4_0601510020-4 d4_0632150023-4] V_4:[d3_0549590018-22 d1_0531570015-1 d1_0531500014-1 p8_0747110028-1 d8_0747110028-8] V_5:[d4_0436090013-4 p1_0656120027-1 p1_0626070021-1 p1_0644260026-1 p1_0644040025-1 p1_0630410022-1 d1_0630410022-1 d1_0644040025-1 d1_0644260026-1 d1_0626070021-1 d1_0656120027-1]
The fitness value before EA: 10250.693333333333
V_1:[d19_0549590018-19] V_2:[p1_0634010024-1 d1_0634010024-1] V_3:[d4_0601510020-4 d4_0632150023-4] V_4:[d3_0549590018-22 d1_0531570015-1 d1_0531500014-1 p8_0747110028-1 d8_0747110028-8] V_5:[d4_0436090013-4 p1_0656120027-1 p1_0626070021-1 p1_0644260026-1 p1_0644040025-1 p1_0630410022-1 d1_0630410022-1 d1_0644040025-1 d1_0644260026-1 d1_0626070021-1 d1_0656120027-1]
The fitness value after EA: 10250.693333333333

Thoi gian thuc hien thuat toan:  2.362694263458252
SUCCESS

2025-10-04 08:44:31,785 [simulate_environment.py | 256] INFO: 2025-10-04 08:30:00, Item 0626070021-1: state = 1 < 2, we can not finish the simulation
2025-10-04 08:44:31,785 [simulate_environment.py | 99] INFO: **************************************************
2025-10-04 08:44:31,785 [simulate_environment.py | 103] INFO: cur time: 2025-10-04 08:40:00, pre time: 2025-10-04 08:30:00
2025-10-04 08:44:31,785 [simulate_environment.py | 140] INFO: Start to update the input of 2025-10-04 08:40:00
2025-10-04 08:44:31,787 [simulate_environment.py | 167] INFO: Get 14 unallocated order items, 32 ongoing order items, 58 completed order items
2025-10-04 08:44:33,808 [simulate_environment.py | 234] INFO: 
Adaptive config applied: {'num_orders': 5, 'num_vehicles': 5, 'time_budget_sec': None, 'POPULATION_SIZE': 40, 'NUMBER_OF_GENERATION': 20, 'MUTATION_RATE': 0.1, 'LS_MAX': 20, 'LS_MAX_TIME_PER_OP': 3, 'LS_MAX_TIME_IN_SINGLE': 1}
True
True
True
True
True
True
True
True
True
True
True
True
True
True
True
True
True
True
True
True
True
True
True
True
True
True
True
True
True
True
True
True
True
True
True
True
True
True
True
True
LS: mPDG | Count: 0 | TotalTime:0.002s | Cost:10250.57
LS: BlockExchange | Count: 0 | TotalTime:0.000s | Cost:43342.68
LS: BlockRelocate | Count: 1 | TotalTime:0.001s | Cost:42190.02
LS: mPDG | Count: 0 | TotalTime:0.003s | Cost:43342.68
LS: BlockExchange | Count: 0 | TotalTime:0.000s | Cost:43342.68
LS: mPDG | Count: 0 | TotalTime:0.003s | Cost:43342.68
LS: mPDG | Count: 0 | TotalTime:0.003s | Cost:43342.68
LS: PDPairExchange | Count: 0 | TotalTime:0.000s | Cost:43342.68
LS: PDPairExchange | Count: 0 | TotalTime:0.000s | Cost:43342.68
LS: BlockRelocate | Count: 1 | TotalTime:0.002s | Cost:42190.02
LS: PDPairExchange | Count: 0 | TotalTime:0.000s | Cost:43342.68
Generation 1: Best = 10250.57, Worst = 86787.31, Avg = 43543.86, Time: 0.07792091369628906
True
True
True
True
True
True
True
True
True
True
True
True
True
True
True
True
True
True
True
True
True
True
True
True
True
True
True
True
True
True
True
True
LS: mPDG | Count: 0 | TotalTime:0.004s | Cost:10250.57
LS: BlockRelocate | Count: 1 | TotalTime:0.001s | Cost:36989.90
LS: BlockRelocate | Count: 1 | TotalTime:0.002s | Cost:17956.19
LS: BlockExchange | Count: 0 | TotalTime:0.000s | Cost:43342.68
LS: BlockExchange | Count: 0 | TotalTime:0.000s | Cost:43342.68
LS: PDPairExchange | Count: 0 | TotalTime:0.000s | Cost:43342.68
LS: PDPairExchange | Count: 0 | TotalTime:0.000s | Cost:43342.68
LS: mPDG | Count: 0 | TotalTime:0.003s | Cost:43342.68
LS: BlockExchange | Count: 0 | TotalTime:0.000s | Cost:43342.68
LS: PDPairExchange | Count: 0 | TotalTime:0.000s | Cost:43342.68
LS: BlockExchange | Count: 0 | TotalTime:0.000s | Cost:43342.68
Generation 2: Best = 10250.57, Worst = 66970.94, Avg = 48602.60, Time: 0.10801839828491211
True
True
True
True
True
True
True
True
True
True
True
True
True
True
True
True
True
True
True
True
True
True
True
True
True
True
True
True
True
True
True
True
LS: BlockRelocate | Count: 0 | TotalTime:0.005s | Cost:10250.57
LS: BlockRelocate | Count: 1 | TotalTime:0.003s | Cost:12756.07
LS: BlockRelocate | Count: 1 | TotalTime:0.002s | Cost:12756.07
LS: BlockRelocate | Count: 1 | TotalTime:0.000s | Cost:36989.90
LS: mPDG | Count: 0 | TotalTime:0.003s | Cost:43342.68
LS: BlockRelocate | Count: 1 | TotalTime:0.001s | Cost:42190.02
LS: PDPairExchange | Count: 0 | TotalTime:0.000s | Cost:43342.68
LS: PDPairExchange | Count: 0 | TotalTime:0.000s | Cost:43342.68
LS: mPDG | Count: 0 | TotalTime:0.003s | Cost:43342.68
LS: BlockExchange | Count: 0 | TotalTime:0.000s | Cost:43342.68
LS: BlockRelocate | Count: 1 | TotalTime:0.001s | Cost:19108.85
Generation 3: Best = 10250.57, Worst = 76646.01, Avg = 44569.39, Time: 0.09640049934387207
True
True
True
True
True
True
True
True
True
True
True
True
True
True
True
True
True
True
True
True
True
True
True
True
True
True
True
True
True
True
True
True
LS: BlockExchange | Count: 0 | TotalTime:0.000s | Cost:10250.57
LS: BlockRelocate | Count: 0 | TotalTime:0.006s | Cost:12756.07
LS: BlockRelocate | Count: 0 | TotalTime:0.007s | Cost:12756.07
LS: BlockRelocate | Count: 1 | TotalTime:0.003s | Cost:17956.19
LS: BlockRelocate | Count: 1 | TotalTime:0.001s | Cost:12756.07
LS: BlockRelocate | Count: 1 | TotalTime:0.002s | Cost:36989.90
LS: BlockRelocate | Count: 1 | TotalTime:0.001s | Cost:42190.02
LS: mPDG | Count: 0 | TotalTime:0.004s | Cost:43342.68
LS: BlockExchange | Count: 0 | TotalTime:0.001s | Cost:43342.68
LS: PDPairExchange | Count: 0 | TotalTime:0.001s | Cost:43342.68
LS: BlockRelocate | Count: 1 | TotalTime:0.002s | Cost:42190.02
Generation 4: Best = 10250.57, Worst = 94673.36, Avg = 49596.63, Time: 0.14390826225280762
True
True
True
True
True
True
True
True
True
True
True
True
True
True
True
True
True
True
True
True
True
True
True
True
True
True
True
True
True
True
True
True
LS: mPDG | Count: 0 | TotalTime:0.002s | Cost:10250.57
LS: BlockRelocate | Count: 0 | TotalTime:0.006s | Cost:12756.07
LS: BlockRelocate | Count: 0 | TotalTime:0.006s | Cost:12756.07
LS: BlockRelocate | Count: 0 | TotalTime:0.005s | Cost:12756.07
LS: BlockRelocate | Count: 1 | TotalTime:0.006s | Cost:12756.07
LS: BlockRelocate | Count: 1 | TotalTime:0.003s | Cost:12756.07
LS: BlockRelocate | Count: 1 | TotalTime:0.001s | Cost:36989.90
LS: BlockRelocate | Count: 1 | TotalTime:0.006s | Cost:36989.90
LS: mPDG | Count: 0 | TotalTime:0.004s | Cost:43342.68
LS: BlockRelocate | Count: 1 | TotalTime:0.001s | Cost:42190.02
LS: BlockRelocate | Count: 1 | TotalTime:0.001s | Cost:42190.02
Generation 5: Best = 10250.57, Worst = 94673.36, Avg = 51120.80, Time: 0.1606740951538086
Stopping early due to lack of improvement.
Total runtime: 1.51s (0.0 minutes)
LS: BlockExchange:0(0.000s) | mPDG:0(0.002s) | BlockRelocate:0(0.005s) | PDPairExchange:0(0.000s) | TotalTime:0.008s | Cost:10250.57
LS: BlockRelocate:0(0.000s) | PDPairExchange:0(0.001s) | BlockExchange:1(0.001s) | mPDG:0(0.002s) | TotalTime:0.005s | Cost:10375.13
LS: BlockRelocate:0(0.000s) | PDPairExchange:0(0.001s) | BlockExchange:1(0.001s) | mPDG:0(0.003s) | TotalTime:0.005s | Cost:10375.13
LS: BlockRelocate:0(0.000s) | PDPairExchange:0(0.001s) | BlockExchange:1(0.001s) | mPDG:0(0.002s) | TotalTime:0.004s | Cost:10375.13
LS: BlockRelocate:0(0.000s) | PDPairExchange:0(0.001s) | BlockExchange:1(0.001s) | mPDG:0(0.002s) | TotalTime:0.004s | Cost:10375.13

The solution initialized by Cheapest Insertion:
V_1:[d19_0549590018-19] V_2:[p1_0634010024-1 d1_0634010024-1] V_3:[d4_0601510020-4 d4_0632150023-4] V_4:[d3_0549590018-22 d1_0531570015-1 d1_0531500014-1 p8_0747110028-1 d8_0747110028-8] V_5:[p1_0656120027-1 p1_0626070021-1 p1_0644260026-1 p1_0644040025-1 p1_0630410022-1 d1_0630410022-1 d1_0644040025-1 d1_0644260026-1 d1_0626070021-1 d1_0656120027-1]
The fitness value before EA: 10250.573333333332
V_1:[d19_0549590018-19] V_2:[p1_0634010024-1 d1_0634010024-1] V_3:[d4_0601510020-4 d4_0632150023-4] V_4:[d3_0549590018-22 d1_0531570015-1 d1_0531500014-1 p8_0747110028-1 d8_0747110028-8] V_5:[p1_0656120027-1 p1_0626070021-1 p1_0644260026-1 p1_0644040025-1 p1_0630410022-1 d1_0630410022-1 d1_0644040025-1 d1_0644260026-1 d1_0626070021-1 d1_0656120027-1]
The fitness value after EA: 10250.573333333332

Thoi gian thuc hien thuat toan:  1.5920984745025635
SUCCESS

2025-10-04 08:44:33,810 [simulate_environment.py | 256] INFO: 2025-10-04 08:40:00, Item 0626070021-1: state = 1 < 2, we can not finish the simulation
2025-10-04 08:44:33,811 [simulate_environment.py | 99] INFO: **************************************************
2025-10-04 08:44:33,811 [simulate_environment.py | 103] INFO: cur time: 2025-10-04 08:50:00, pre time: 2025-10-04 08:40:00
2025-10-04 08:44:33,811 [simulate_environment.py | 140] INFO: Start to update the input of 2025-10-04 08:50:00
2025-10-04 08:44:33,812 [simulate_environment.py | 167] INFO: Get 13 unallocated order items, 28 ongoing order items, 63 completed order items
2025-10-04 08:44:36,180 [simulate_environment.py | 234] INFO: 
Adaptive config applied: {'num_orders': 4, 'num_vehicles': 5, 'time_budget_sec': None, 'POPULATION_SIZE': 40, 'NUMBER_OF_GENERATION': 20, 'MUTATION_RATE': 0.1, 'LS_MAX': 20, 'LS_MAX_TIME_PER_OP': 3, 'LS_MAX_TIME_IN_SINGLE': 1}
True
True
True
True
True
True
True
True
True
True
True
True
True
True
True
True
True
True
True
True
True
True
True
True
True
True
True
True
True
True
True
True
True
True
True
True
True
True
True
True
LS: BlockExchange | Count: 0 | TotalTime:0.000s | Cost:10248.95
LS: BlockRelocate | Count: 1 | TotalTime:0.001s | Cost:17226.91
LS: BlockRelocate | Count: 1 | TotalTime:0.001s | Cost:14166.06
LS: BlockRelocate | Count: 1 | TotalTime:0.001s | Cost:10248.95
LS: mPDG | Count: 0 | TotalTime:0.011s | Cost:51235.51
LS: mPDG | Count: 0 | TotalTime:0.005s | Cost:51235.51
LS: BlockRelocate | Count: 1 | TotalTime:0.001s | Cost:28493.96
LS: mPDG | Count: 0 | TotalTime:0.007s | Cost:51235.51
LS: PDPairExchange | Count: 0 | TotalTime:0.003s | Cost:51235.51
LS: mPDG | Count: 0 | TotalTime:0.005s | Cost:51235.51
LS: mPDG | Count: 0 | TotalTime:0.014s | Cost:51235.51
Generation 1: Best = 10248.95, Worst = 51235.51, Avg = 46840.69, Time: 0.12977313995361328
True
True
True
True
True
True
True
True
True
True
True
True
True
True
True
True
True
True
True
True
True
True
True
True
True
True
True
True
True
True
True
True
LS: mPDG | Count: 0 | TotalTime:0.009s | Cost:10248.95
LS: BlockRelocate | Count: 0 | TotalTime:0.009s | Cost:10248.95
LS: BlockRelocate | Count: 0 | TotalTime:0.005s | Cost:14166.06
LS: BlockRelocate | Count: 1 | TotalTime:0.001s | Cost:10248.95
LS: BlockRelocate | Count: 1 | TotalTime:0.003s | Cost:14166.06
LS: BlockExchange | Count: 1 | TotalTime:0.000s | Cost:48571.86
LS: mPDG | Count: 1 | TotalTime:0.006s | Cost:29438.15
LS: PDPairExchange | Count: 1 | TotalTime:0.000s | Cost:42705.07
LS: BlockRelocate | Count: 1 | TotalTime:0.001s | Cost:40641.18
LS: BlockRelocate | Count: 1 | TotalTime:0.001s | Cost:39249.76
LS: mPDG | Count: 1 | TotalTime:0.006s | Cost:29438.15
Generation 2: Best = 10248.95, Worst = 51275.08, Avg = 44378.77, Time: 0.23171687126159668
True
True
True
True
True
True
True
True
True
True
True
True
True
True
True
True
True
True
True
True
True
True
True
True
True
True
True
True
True
True
True
True
LS: BlockExchange | Count: 0 | TotalTime:0.000s | Cost:10248.95
LS: BlockRelocate | Count: 0 | TotalTime:0.003s | Cost:10248.95
LS: BlockRelocate | Count: 0 | TotalTime:0.003s | Cost:10248.95
LS: BlockRelocate | Count: 0 | TotalTime:0.005s | Cost:14166.06
LS: BlockRelocate | Count: 0 | TotalTime:0.006s | Cost:14166.06
LS: mPDG | Count: 0 | TotalTime:0.004s | Cost:29438.15
LS: mPDG | Count: 0 | TotalTime:0.005s | Cost:29438.15
LS: BlockRelocate | Count: 1 | TotalTime:0.002s | Cost:30785.63
LS: BlockRelocate | Count: 1 | TotalTime:0.001s | Cost:17893.64
LS: PDPairExchange | Count: 1 | TotalTime:0.000s | Cost:42705.07
LS: BlockExchange | Count: 0 | TotalTime:0.000s | Cost:51235.51
Generation 3: Best = 10248.95, Worst = 52645.69, Avg = 43806.09, Time: 0.15788030624389648
True
True
True
True
True
True
True
True
True
True
True
True
True
True
True
True
True
True
True
True
True
True
True
True
True
True
True
True
True
True
True
True
LS: PDPairExchange | Count: 0 | TotalTime:0.000s | Cost:10248.95
LS: BlockRelocate | Count: 0 | TotalTime:0.003s | Cost:10248.95
LS: BlockRelocate | Count: 0 | TotalTime:0.003s | Cost:10248.95
LS: BlockRelocate | Count: 0 | TotalTime:0.004s | Cost:14166.06
LS: BlockRelocate | Count: 0 | TotalTime:0.003s | Cost:14166.06
LS: BlockRelocate | Count: 1 | TotalTime:0.003s | Cost:10248.95
LS: mPDG | Count: 0 | TotalTime:0.003s | Cost:29438.15
LS: mPDG | Count: 0 | TotalTime:0.003s | Cost:29438.15
LS: BlockRelocate | Count: 1 | TotalTime:0.001s | Cost:22630.19
LS: BlockExchange | Count: 1 | TotalTime:0.000s | Cost:48571.86
LS: BlockRelocate | Count: 1 | TotalTime:0.001s | Cost:17893.64
Generation 4: Best = 10248.95, Worst = 52645.69, Avg = 42619.41, Time: 0.1293497085571289
True
True
True
True
True
True
True
True
True
True
True
True
True
True
True
True
True
True
True
True
True
True
True
True
True
True
True
True
True
True
True
True
LS: BlockRelocate | Count: 0 | TotalTime:0.002s | Cost:10248.95
LS: BlockRelocate | Count: 0 | TotalTime:0.003s | Cost:10248.95
LS: BlockRelocate | Count: 0 | TotalTime:0.002s | Cost:10248.95
LS: BlockRelocate | Count: 0 | TotalTime:0.003s | Cost:10248.95
LS: BlockRelocate | Count: 0 | TotalTime:0.003s | Cost:14166.06
LS: BlockRelocate | Count: 0 | TotalTime:0.003s | Cost:14166.06
LS: BlockRelocate | Count: 1 | TotalTime:0.001s | Cost:17226.91
LS: BlockRelocate | Count: 1 | TotalTime:0.003s | Cost:14166.06
LS: BlockRelocate | Count: 1 | TotalTime:0.000s | Cost:39249.76
LS: BlockExchange | Count: 1 | TotalTime:0.000s | Cost:48571.86
LS: PDPairExchange | Count: 1 | TotalTime:0.000s | Cost:42705.07
Generation 5: Best = 10248.95, Worst = 52645.69, Avg = 42950.48, Time: 0.09518694877624512
Stopping early due to lack of improvement.
Total runtime: 1.88s (0.0 minutes)
LS: BlockExchange:0(0.000s) | BlockRelocate:0(0.002s) | mPDG:0(0.003s) | PDPairExchange:0(0.000s) | TotalTime:0.005s | Cost:10248.95
LS: BlockRelocate:0(0.000s) | PDPairExchange:0(0.000s) | BlockExchange:0(0.000s) | mPDG:0(0.003s) | TotalTime:0.003s | Cost:10248.95
LS: BlockRelocate:0(0.000s) | PDPairExchange:0(0.000s) | BlockExchange:0(0.000s) | mPDG:0(0.003s) | TotalTime:0.003s | Cost:10248.95
LS: BlockRelocate:0(0.000s) | PDPairExchange:0(0.000s) | BlockExchange:0(0.000s) | mPDG:0(0.003s) | TotalTime:0.003s | Cost:10248.95
LS: BlockRelocate:0(0.000s) | PDPairExchange:0(0.000s) | BlockExchange:0(0.000s) | mPDG:0(0.001s) | TotalTime:0.002s | Cost:14166.06

The solution initialized by Cheapest Insertion:
V_1:[d19_0549590018-19] V_2:[d1_0634010024-1] V_3:[d4_0601510020-4 d4_0632150023-4] V_4:[p8_0747110028-1 d8_0747110028-8] V_5:[p1_0656120027-1 p1_0626070021-1 p1_0644260026-1 p1_0644040025-1 p1_0630410022-1 d1_0630410022-1 d1_0644040025-1 d1_0644260026-1 d1_0626070021-1 d1_0656120027-1]
The fitness value before EA: 10248.953333333333
V_1:[d19_0549590018-19] V_2:[d1_0634010024-1] V_3:[d4_0601510020-4 d4_0632150023-4] V_4:[p8_0747110028-1 d8_0747110028-8] V_5:[p1_0656120027-1 p1_0626070021-1 p1_0644260026-1 p1_0644040025-1 p1_0630410022-1 d1_0630410022-1 d1_0644040025-1 d1_0644260026-1 d1_0626070021-1 d1_0656120027-1]
The fitness value after EA: 10248.953333333333

Thoi gian thuc hien thuat toan:  1.9166524410247803
SUCCESS

2025-10-04 08:44:36,183 [simulate_environment.py | 256] INFO: 2025-10-04 08:50:00, Item 0626070021-1: state = 1 < 2, we can not finish the simulation
2025-10-04 08:44:36,183 [simulate_environment.py | 99] INFO: **************************************************
2025-10-04 08:44:36,183 [simulate_environment.py | 103] INFO: cur time: 2025-10-04 09:00:00, pre time: 2025-10-04 08:50:00
2025-10-04 08:44:36,183 [simulate_environment.py | 140] INFO: Start to update the input of 2025-10-04 09:00:00
2025-10-04 08:44:36,184 [simulate_environment.py | 167] INFO: Get 13 unallocated order items, 28 ongoing order items, 63 completed order items
2025-10-04 08:44:37,899 [simulate_environment.py | 234] INFO: 
Adaptive config applied: {'num_orders': 4, 'num_vehicles': 5, 'time_budget_sec': None, 'POPULATION_SIZE': 40, 'NUMBER_OF_GENERATION': 20, 'MUTATION_RATE': 0.1, 'LS_MAX': 20, 'LS_MAX_TIME_PER_OP': 3, 'LS_MAX_TIME_IN_SINGLE': 1}
True
True
LS: PDPairExchange | Count: 0 | TotalTime:0.000s | Cost:10248.95
LS: mPDG | Count: 0 | TotalTime:0.002s | Cost:51235.51
LS: mPDG | Count: 0 | TotalTime:0.002s | Cost:51235.51
LS: mPDG | Count: 0 | TotalTime:0.002s | Cost:51235.51
LS: BlockExchange | Count: 0 | TotalTime:0.000s | Cost:51235.51
LS: mPDG | Count: 0 | TotalTime:0.002s | Cost:51235.51
LS: BlockRelocate | Count: 1 | TotalTime:0.000s | Cost:28493.96
LS: PDPairExchange | Count: 0 | TotalTime:0.000s | Cost:51235.51
LS: BlockExchange | Count: 0 | TotalTime:0.000s | Cost:51235.51
LS: mPDG | Count: 0 | TotalTime:0.002s | Cost:51235.51
LS: BlockRelocate | Count: 1 | TotalTime:0.000s | Cost:10248.95
Generation 1: Best = 10248.95, Worst = 79247.16, Avg = 49317.93, Time: 0.054828643798828125
LS: mPDG | Count: 0 | TotalTime:0.003s | Cost:10248.95
LS: BlockRelocate | Count: 0 | TotalTime:0.002s | Cost:10248.95
LS: BlockRelocate | Count: 1 | TotalTime:0.002s | Cost:14166.06
LS: BlockExchange | Count: 0 | TotalTime:0.000s | Cost:51235.51
LS: BlockRelocate | Count: 1 | TotalTime:0.000s | Cost:10248.95
LS: PDPairExchange | Count: 0 | TotalTime:0.000s | Cost:51235.51
LS: BlockRelocate | Count: 1 | TotalTime:0.000s | Cost:10248.95
LS: PDPairExchange | Count: 0 | TotalTime:0.000s | Cost:51235.51
LS: mPDG | Count: 0 | TotalTime:0.002s | Cost:51235.51
LS: mPDG | Count: 0 | TotalTime:0.002s | Cost:51235.51
LS: PDPairExchange | Count: 0 | TotalTime:0.000s | Cost:51235.51
Generation 2: Best = 10248.95, Worst = 51275.08, Avg = 46213.08, Time: 0.0720369815826416
LS: BlockRelocate | Count: 0 | TotalTime:0.002s | Cost:10248.95
LS: BlockRelocate | Count: 0 | TotalTime:0.002s | Cost:10248.95
LS: BlockRelocate | Count: 0 | TotalTime:0.002s | Cost:10248.95
LS: BlockRelocate | Count: 0 | TotalTime:0.002s | Cost:10248.95
LS: BlockRelocate | Count: 0 | TotalTime:0.003s | Cost:14166.06
LS: PDPairExchange | Count: 0 | TotalTime:0.000s | Cost:51235.51
LS: BlockExchange | Count: 0 | TotalTime:0.000s | Cost:51235.51
LS: mPDG | Count: 0 | TotalTime:0.002s | Cost:51235.51
LS: mPDG | Count: 0 | TotalTime:0.002s | Cost:51235.51
LS: PDPairExchange | Count: 0 | TotalTime:0.000s | Cost:51235.51
LS: mPDG | Count: 0 | TotalTime:0.002s | Cost:51235.51
Generation 3: Best = 10248.95, Worst = 51235.51, Avg = 46210.12, Time: 0.07898736000061035
LS: BlockExchange | Count: 0 | TotalTime:0.000s | Cost:10248.95
LS: BlockRelocate | Count: 0 | TotalTime:0.002s | Cost:10248.95
LS: BlockRelocate | Count: 0 | TotalTime:0.002s | Cost:10248.95
LS: BlockRelocate | Count: 0 | TotalTime:0.002s | Cost:10248.95
LS: BlockRelocate | Count: 0 | TotalTime:0.003s | Cost:14166.06
LS: mPDG | Count: 0 | TotalTime:0.002s | Cost:51235.51
LS: BlockExchange | Count: 0 | TotalTime:0.000s | Cost:51235.51
LS: mPDG | Count: 0 | TotalTime:0.002s | Cost:51235.51
LS: BlockExchange | Count: 0 | TotalTime:0.000s | Cost:51235.51
LS: PDPairExchange | Count: 0 | TotalTime:0.000s | Cost:51235.51
LS: BlockExchange | Count: 0 | TotalTime:0.000s | Cost:51235.51
Generation 4: Best = 10248.95, Worst = 51235.51, Avg = 46210.12, Time: 0.06821990013122559
LS: BlockRelocate | Count: 0 | TotalTime:0.002s | Cost:10248.95
LS: BlockRelocate | Count: 0 | TotalTime:0.002s | Cost:10248.95
LS: BlockRelocate | Count: 0 | TotalTime:0.003s | Cost:10248.95
LS: BlockRelocate | Count: 0 | TotalTime:0.002s | Cost:10248.95
LS: BlockRelocate | Count: 0 | TotalTime:0.003s | Cost:14166.06
LS: PDPairExchange | Count: 0 | TotalTime:0.000s | Cost:51235.51
LS: BlockExchange | Count: 0 | TotalTime:0.000s | Cost:51235.51
LS: PDPairExchange | Count: 0 | TotalTime:0.000s | Cost:51235.51
LS: BlockExchange | Count: 0 | TotalTime:0.000s | Cost:51235.51
LS: mPDG | Count: 0 | TotalTime:0.002s | Cost:51235.51
LS: PDPairExchange | Count: 0 | TotalTime:0.000s | Cost:51235.51
Generation 5: Best = 10248.95, Worst = 51235.51, Avg = 46210.12, Time: 0.07426786422729492
Stopping early due to lack of improvement.
Total runtime: 1.29s (0.0 minutes)
LS: BlockExchange:0(0.000s) | PDPairExchange:0(0.000s) | BlockRelocate:0(0.002s) | mPDG:0(0.003s) | TotalTime:0.005s | Cost:10248.95
LS: BlockRelocate:0(0.000s) | PDPairExchange:0(0.000s) | BlockExchange:0(0.000s) | mPDG:0(0.003s) | TotalTime:0.003s | Cost:10248.95
LS: BlockRelocate:0(0.000s) | PDPairExchange:0(0.000s) | BlockExchange:0(0.000s) | mPDG:0(0.003s) | TotalTime:0.003s | Cost:10248.95
LS: BlockRelocate:0(0.000s) | PDPairExchange:0(0.000s) | BlockExchange:0(0.000s) | mPDG:0(0.003s) | TotalTime:0.003s | Cost:10248.95
LS: BlockRelocate:0(0.000s) | PDPairExchange:0(0.000s) | BlockExchange:0(0.000s) | mPDG:0(0.001s) | TotalTime:0.001s | Cost:14166.06

The solution initialized by Cheapest Insertion:
V_1:[d19_0549590018-19] V_2:[d1_0634010024-1] V_3:[d4_0601510020-4 d4_0632150023-4] V_4:[p8_0747110028-1 d8_0747110028-8] V_5:[p1_0656120027-1 p1_0626070021-1 p1_0644260026-1 p1_0644040025-1 p1_0630410022-1 d1_0630410022-1 d1_0644040025-1 d1_0644260026-1 d1_0626070021-1 d1_0656120027-1]
The fitness value before EA: 10248.953333333333
V_1:[d19_0549590018-19] V_2:[d1_0634010024-1] V_3:[d4_0601510020-4 d4_0632150023-4] V_4:[p8_0747110028-1 d8_0747110028-8] V_5:[p1_0656120027-1 p1_0626070021-1 p1_0644260026-1 p1_0644040025-1 p1_0630410022-1 d1_0630410022-1 d1_0644040025-1 d1_0644260026-1 d1_0626070021-1 d1_0656120027-1]
The fitness value after EA: 10248.953333333333

Thoi gian thuc hien thuat toan:  1.3186371326446533
SUCCESS

2025-10-04 08:44:37,901 [simulate_environment.py | 256] INFO: 2025-10-04 09:00:00, Item 0626070021-1: state = 1 < 2, we can not finish the simulation
2025-10-04 08:44:37,902 [simulate_environment.py | 99] INFO: **************************************************
2025-10-04 08:44:37,902 [simulate_environment.py | 103] INFO: cur time: 2025-10-04 09:10:00, pre time: 2025-10-04 09:00:00
2025-10-04 08:44:37,902 [simulate_environment.py | 140] INFO: Start to update the input of 2025-10-04 09:10:00
2025-10-04 08:44:37,902 [simulate_environment.py | 167] INFO: Get 15 unallocated order items, 5 ongoing order items, 86 completed order items
2025-10-04 08:44:39,808 [simulate_environment.py | 234] INFO: 
Adaptive config applied: {'num_orders': 5, 'num_vehicles': 5, 'time_budget_sec': None, 'POPULATION_SIZE': 40, 'NUMBER_OF_GENERATION': 20, 'MUTATION_RATE': 0.1, 'LS_MAX': 20, 'LS_MAX_TIME_PER_OP': 3, 'LS_MAX_TIME_IN_SINGLE': 1}
True
True
LS: BlockExchange | Count: 0 | TotalTime:0.000s | Cost:10252.23
LS: PDPairExchange | Count: 0 | TotalTime:0.000s | Cost:51238.79
LS: mPDG | Count: 1 | TotalTime:0.002s | Cost:30105.07
LS: BlockRelocate | Count: 1 | TotalTime:0.001s | Cost:10252.23
LS: BlockRelocate | Count: 1 | TotalTime:0.000s | Cost:28497.24
LS: BlockRelocate | Count: 1 | TotalTime:0.001s | Cost:28497.24
LS: BlockRelocate | Count: 1 | TotalTime:0.001s | Cost:38352.80
LS: BlockExchange | Count: 0 | TotalTime:0.000s | Cost:51238.79
LS: PDPairExchange | Count: 0 | TotalTime:0.000s | Cost:51238.79
LS: BlockExchange | Count: 0 | TotalTime:0.000s | Cost:51238.79
LS: BlockExchange | Count: 0 | TotalTime:0.001s | Cost:51238.79
Generation 1: Best = 10252.23, Worst = 81203.20, Avg = 47951.00, Time: 0.05390024185180664
LS: mPDG | Count: 0 | TotalTime:0.001s | Cost:10252.23
LS: BlockRelocate | Count: 0 | TotalTime:0.003s | Cost:10252.23
LS: BlockRelocate | Count: 1 | TotalTime:0.001s | Cost:14169.34
LS: BlockRelocate | Count: 1 | TotalTime:0.002s | Cost:22633.47
LS: mPDG | Count: 1 | TotalTime:0.002s | Cost:27377.42
LS: BlockRelocate | Count: 1 | TotalTime:0.000s | Cost:34452.99
LS: mPDG | Count: 1 | TotalTime:0.002s | Cost:29441.43
LS: BlockExchange | Count: 0 | TotalTime:0.000s | Cost:51238.79
LS: PDPairExchange | Count: 0 | TotalTime:0.000s | Cost:51238.79
LS: BlockExchange | Count: 0 | TotalTime:0.000s | Cost:51238.79
LS: PDPairExchange | Count: 0 | TotalTime:0.000s | Cost:51238.79
Generation 2: Best = 10252.23, Worst = 51278.36, Avg = 45994.39, Time: 0.07493758201599121
LS: PDPairExchange | Count: 0 | TotalTime:0.000s | Cost:10252.23
LS: BlockRelocate | Count: 0 | TotalTime:0.003s | Cost:10252.23
LS: BlockRelocate | Count: 0 | TotalTime:0.003s | Cost:14169.34
LS: BlockRelocate | Count: 1 | TotalTime:0.001s | Cost:14169.34
LS: mPDG | Count: 1 | TotalTime:0.001s | Cost:19521.86
LS: mPDG | Count: 1 | TotalTime:0.001s | Cost:27380.44
LS: BlockRelocate | Count: 1 | TotalTime:0.003s | Cost:32505.83
LS: mPDG | Count: 1 | TotalTime:0.002s | Cost:30105.07
LS: PDPairExchange | Count: 0 | TotalTime:0.000s | Cost:51238.79
LS: BlockExchange | Count: 0 | TotalTime:0.000s | Cost:51238.79
LS: PDPairExchange | Count: 0 | TotalTime:0.000s | Cost:51238.79
Generation 3: Best = 10252.23, Worst = 63505.83, Avg = 46477.17, Time: 0.08459162712097168
LS: BlockExchange | Count: 0 | TotalTime:0.000s | Cost:10252.23
LS: BlockRelocate | Count: 0 | TotalTime:0.003s | Cost:10252.23
LS: BlockRelocate | Count: 0 | TotalTime:0.003s | Cost:14169.34
LS: BlockRelocate | Count: 0 | TotalTime:0.003s | Cost:14169.34
LS: mPDG | Count: 1 | TotalTime:0.002s | Cost:10252.23
LS: mPDG | Count: 1 | TotalTime:0.001s | Cost:20188.59
LS: mPDG | Count: 1 | TotalTime:0.001s | Cost:27377.42
LS: BlockRelocate | Count: 1 | TotalTime:0.002s | Cost:31155.70
LS: mPDG | Count: 1 | TotalTime:0.001s | Cost:29441.43
LS: PDPairExchange | Count: 1 | TotalTime:0.000s | Cost:42708.35
LS: mPDG | Count: 1 | TotalTime:0.001s | Cost:29441.43
Generation 4: Best = 10252.23, Worst = 60347.87, Avg = 43602.83, Time: 0.07957315444946289
LS: BlockExchange | Count: 0 | TotalTime:0.001s | Cost:10252.23
LS: BlockRelocate | Count: 0 | TotalTime:0.004s | Cost:10252.23
LS: mPDG | Count: 0 | TotalTime:0.002s | Cost:10252.23
LS: BlockRelocate | Count: 0 | TotalTime:0.006s | Cost:14169.34
LS: BlockRelocate | Count: 0 | TotalTime:0.007s | Cost:14169.34
LS: mPDG | Count: 1 | TotalTime:0.002s | Cost:10252.23
LS: mPDG | Count: 1 | TotalTime:0.002s | Cost:19521.86
LS: mPDG | Count: 1 | TotalTime:0.003s | Cost:27380.44
LS: PDPairExchange | Count: 1 | TotalTime:0.000s | Cost:42708.35
LS: BlockExchange | Count: 1 | TotalTime:0.000s | Cost:48575.14
LS: PDPairExchange | Count: 1 | TotalTime:0.000s | Cost:42708.35
Generation 5: Best = 10252.23, Worst = 60347.87, Avg = 44344.09, Time: 0.08898663520812988
Stopping early due to lack of improvement.
Total runtime: 1.41s (0.0 minutes)
LS: mPDG:0(0.000s) | PDPairExchange:0(0.001s) | BlockRelocate:0(0.004s) | BlockExchange:0(0.000s) | TotalTime:0.005s | Cost:10252.23
LS: BlockRelocate:0(0.000s) | PDPairExchange:0(0.000s) | BlockExchange:0(0.000s) | mPDG:0(0.002s) | TotalTime:0.003s | Cost:10252.23
LS: mPDG:0(0.000s) | PDPairExchange:0(0.001s) | BlockExchange:0(0.000s) | BlockRelocate:0(0.005s) | TotalTime:0.006s | Cost:10252.23
LS: mPDG:0(0.000s) | PDPairExchange:0(0.000s) | BlockExchange:0(0.000s) | BlockRelocate:0(0.004s) | TotalTime:0.004s | Cost:10252.23
LS: BlockRelocate:0(0.000s) | PDPairExchange:0(0.001s) | BlockExchange:0(0.001s) | mPDG:1(0.004s) | TotalTime:0.006s | Cost:10252.23

The solution initialized by Cheapest Insertion:
V_1:[] V_2:[d1_0634010024-1] V_3:[d4_0632150023-4 p2_0906050029-1 d2_0906050029-2] V_4:[p8_0747110028-1 d8_0747110028-8] V_5:[p1_0656120027-1 p1_0626070021-1 p1_0644260026-1 p1_0644040025-1 p1_0630410022-1 d1_0630410022-1 d1_0644040025-1 d1_0644260026-1 d1_0626070021-1 d1_0656120027-1]
The fitness value before EA: 10252.233333333332
V_1:[] V_2:[d1_0634010024-1] V_3:[d4_0632150023-4 p2_0906050029-1 d2_0906050029-2] V_4:[p8_0747110028-1 d8_0747110028-8] V_5:[p1_0656120027-1 p1_0626070021-1 p1_0644260026-1 p1_0644040025-1 p1_0630410022-1 d1_0630410022-1 d1_0644040025-1 d1_0644260026-1 d1_0626070021-1 d1_0656120027-1]
The fitness value after EA: 10252.233333333332

Thoi gian thuc hien thuat toan:  1.4650945663452148
SUCCESS

2025-10-04 08:44:39,809 [simulate_environment.py | 256] INFO: 2025-10-04 09:10:00, Item 0626070021-1: state = 1 < 2, we can not finish the simulation
2025-10-04 08:44:39,810 [simulate_environment.py | 99] INFO: **************************************************
2025-10-04 08:44:39,810 [simulate_environment.py | 103] INFO: cur time: 2025-10-04 09:20:00, pre time: 2025-10-04 09:10:00
2025-10-04 08:44:39,810 [simulate_environment.py | 140] INFO: Start to update the input of 2025-10-04 09:20:00
2025-10-04 08:44:39,811 [simulate_environment.py | 167] INFO: Get 15 unallocated order items, 5 ongoing order items, 86 completed order items
2025-10-04 08:44:41,712 [simulate_environment.py | 234] INFO: 
Adaptive config applied: {'num_orders': 5, 'num_vehicles': 5, 'time_budget_sec': None, 'POPULATION_SIZE': 40, 'NUMBER_OF_GENERATION': 20, 'MUTATION_RATE': 0.1, 'LS_MAX': 20, 'LS_MAX_TIME_PER_OP': 3, 'LS_MAX_TIME_IN_SINGLE': 1}
LS: BlockExchange | Count: 0 | TotalTime:0.000s | Cost:10247.17
LS: mPDG | Count: 1 | TotalTime:0.002s | Cost:30100.01
LS: mPDG | Count: 1 | TotalTime:0.001s | Cost:30100.01
LS: BlockRelocate | Count: 1 | TotalTime:0.001s | Cost:38347.74
LS: BlockExchange | Count: 0 | TotalTime:0.000s | Cost:51233.73
LS: BlockExchange | Count: 0 | TotalTime:0.000s | Cost:51233.73
LS: BlockExchange | Count: 0 | TotalTime:0.000s | Cost:51233.73
LS: BlockExchange | Count: 0 | TotalTime:0.000s | Cost:51233.73
LS: BlockExchange | Count: 0 | TotalTime:0.000s | Cost:51233.73
LS: BlockRelocate | Count: 1 | TotalTime:0.001s | Cost:38347.74
LS: BlockExchange | Count: 0 | TotalTime:0.000s | Cost:51233.73
Generation 1: Best = 10247.17, Worst = 93239.10, Avg = 49558.21, Time: 0.04928851127624512
LS: BlockRelocate | Count: 0 | TotalTime:0.003s | Cost:10247.17
LS: mPDG | Count: 1 | TotalTime:0.001s | Cost:29436.37
LS: mPDG | Count: 1 | TotalTime:0.001s | Cost:29436.37
LS: BlockRelocate | Count: 1 | TotalTime:0.001s | Cost:34447.93
LS: BlockRelocate | Count: 1 | TotalTime:0.001s | Cost:34447.93
LS: mPDG | Count: 1 | TotalTime:0.001s | Cost:29436.37
LS: PDPairExchange | Count: 1 | TotalTime:0.000s | Cost:42703.29
LS: PDPairExchange | Count: 1 | TotalTime:0.000s | Cost:42703.29
LS: mPDG | Count: 1 | TotalTime:0.001s | Cost:29436.37
LS: BlockExchange | Count: 1 | TotalTime:0.000s | Cost:48570.08
LS: mPDG | Count: 1 | TotalTime:0.001s | Cost:29436.37
Generation 2: Best = 10247.17, Worst = 60342.81, Avg = 46763.35, Time: 0.06397485733032227
LS: mPDG | Count: 0 | TotalTime:0.002s | Cost:10247.17
LS: mPDG | Count: 0 | TotalTime:0.001s | Cost:29436.37
LS: mPDG | Count: 0 | TotalTime:0.001s | Cost:29436.37
LS: mPDG | Count: 0 | TotalTime:0.001s | Cost:29436.37
LS: mPDG | Count: 0 | TotalTime:0.001s | Cost:29436.37
LS: mPDG | Count: 0 | TotalTime:0.001s | Cost:29436.37
LS: BlockRelocate | Count: 1 | TotalTime:0.003s | Cost:32500.77
LS: BlockRelocate | Count: 1 | TotalTime:0.002s | Cost:32500.77
LS: BlockExchange | Count: 1 | TotalTime:0.000s | Cost:48570.08
LS: BlockRelocate | Count: 1 | TotalTime:0.001s | Cost:38347.74
LS: PDPairExchange | Count: 0 | TotalTime:0.000s | Cost:51233.73
Generation 3: Best = 10247.17, Worst = 63500.77, Avg = 50584.00, Time: 0.06978797912597656
LS: PDPairExchange | Count: 0 | TotalTime:0.000s | Cost:10247.17
LS: mPDG | Count: 0 | TotalTime:0.001s | Cost:29436.37
LS: mPDG | Count: 0 | TotalTime:0.001s | Cost:29436.37
LS: mPDG | Count: 0 | TotalTime:0.001s | Cost:29436.37
LS: mPDG | Count: 0 | TotalTime:0.002s | Cost:29436.37
LS: mPDG | Count: 0 | TotalTime:0.002s | Cost:29436.37
LS: BlockRelocate | Count: 1 | TotalTime:0.003s | Cost:31150.64
LS: BlockRelocate | Count: 1 | TotalTime:0.002s | Cost:31150.64
LS: PDPairExchange | Count: 1 | TotalTime:0.000s | Cost:42703.29
LS: PDPairExchange | Count: 1 | TotalTime:0.000s | Cost:42703.29
LS: BlockRelocate | Count: 1 | TotalTime:0.001s | Cost:38347.74
Generation 4: Best = 10247.17, Worst = 60342.81, Avg = 47588.34, Time: 0.07328248023986816
LS: PDPairExchange | Count: 0 | TotalTime:0.000s | Cost:10247.17
LS: mPDG | Count: 0 | TotalTime:0.001s | Cost:29436.37
LS: mPDG | Count: 0 | TotalTime:0.001s | Cost:29436.37
LS: mPDG | Count: 0 | TotalTime:0.002s | Cost:29436.37
LS: mPDG | Count: 0 | TotalTime:0.001s | Cost:29436.37
LS: mPDG | Count: 0 | TotalTime:0.001s | Cost:29436.37
LS: BlockRelocate | Count: 1 | TotalTime:0.002s | Cost:14831.01
LS: BlockRelocate | Count: 1 | TotalTime:0.001s | Cost:14831.01
LS: BlockExchange | Count: 1 | TotalTime:0.000s | Cost:48570.08
LS: BlockExchange | Count: 0 | TotalTime:0.000s | Cost:51233.73
LS: BlockRelocate | Count: 1 | TotalTime:0.000s | Cost:28492.18
Generation 5: Best = 10247.17, Worst = 60342.81, Avg = 47989.58, Time: 0.06957793235778809
Stopping early due to lack of improvement.
Total runtime: 1.41s (0.0 minutes)
LS: BlockExchange:0(0.000s) | mPDG:0(0.002s) | PDPairExchange:0(0.000s) | BlockRelocate:0(0.003s) | TotalTime:0.004s | Cost:10247.17
LS: BlockRelocate:1(0.001s) | PDPairExchange:0(0.000s) | BlockExchange:0(0.000s) | mPDG:0(0.001s) | TotalTime:0.003s | Cost:14164.28
LS: BlockRelocate:1(0.002s) | PDPairExchange:0(0.000s) | BlockExchange:0(0.000s) | mPDG:0(0.001s) | TotalTime:0.004s | Cost:14164.28
LS: BlockRelocate:2(0.002s) | PDPairExchange:0(0.000s) | BlockExchange:0(0.000s) | mPDG:0(0.001s) | TotalTime:0.004s | Cost:14164.28
LS: mPDG:1(0.001s) | PDPairExchange:0(0.001s) | BlockExchange:1(0.001s) | BlockRelocate:0(0.003s) | TotalTime:0.006s | Cost:14164.28

The solution initialized by Cheapest Insertion:
V_1:[] V_2:[d1_0634010024-1] V_3:[d4_0632150023-4 p2_0906050029-1 d2_0906050029-2] V_4:[p8_0747110028-1 d8_0747110028-8] V_5:[p1_0656120027-1 p1_0626070021-1 p1_0644260026-1 p1_0644040025-1 p1_0630410022-1 d1_0630410022-1 d1_0644040025-1 d1_0644260026-1 d1_0626070021-1 d1_0656120027-1]
The fitness value before EA: 10247.173333333332
V_1:[] V_2:[d1_0634010024-1] V_3:[d4_0632150023-4 p2_0906050029-1 d2_0906050029-2] V_4:[p8_0747110028-1 d8_0747110028-8] V_5:[p1_0656120027-1 p1_0626070021-1 p1_0644260026-1 p1_0644040025-1 p1_0630410022-1 d1_0630410022-1 d1_0644040025-1 d1_0644260026-1 d1_0626070021-1 d1_0656120027-1]
The fitness value after EA: 10247.173333333332

Thoi gian thuc hien thuat toan:  1.4556691646575928
SUCCESS

2025-10-04 08:44:41,713 [simulate_environment.py | 256] INFO: 2025-10-04 09:20:00, Item 0626070021-1: state = 1 < 2, we can not finish the simulation
2025-10-04 08:44:41,714 [simulate_environment.py | 99] INFO: **************************************************
2025-10-04 08:44:41,714 [simulate_environment.py | 103] INFO: cur time: 2025-10-04 09:30:00, pre time: 2025-10-04 09:20:00
2025-10-04 08:44:41,714 [simulate_environment.py | 140] INFO: Start to update the input of 2025-10-04 09:30:00
2025-10-04 08:44:41,715 [simulate_environment.py | 167] INFO: Get 15 unallocated order items, 5 ongoing order items, 86 completed order items
2025-10-04 08:44:43,299 [simulate_environment.py | 234] INFO: 
Adaptive config applied: {'num_orders': 5, 'num_vehicles': 5, 'time_budget_sec': None, 'POPULATION_SIZE': 40, 'NUMBER_OF_GENERATION': 20, 'MUTATION_RATE': 0.1, 'LS_MAX': 20, 'LS_MAX_TIME_PER_OP': 3, 'LS_MAX_TIME_IN_SINGLE': 1}
LS: PDPairExchange | Count: 0 | TotalTime:0.000s | Cost:10245.25
LS: BlockRelocate | Count: 1 | TotalTime:0.002s | Cost:10245.25
LS: BlockRelocate | Count: 1 | TotalTime:0.001s | Cost:38345.82
LS: BlockRelocate | Count: 1 | TotalTime:0.001s | Cost:38345.82
LS: BlockRelocate | Count: 1 | TotalTime:0.000s | Cost:10245.25
LS: BlockRelocate | Count: 1 | TotalTime:0.001s | Cost:38345.82
LS: PDPairExchange | Count: 0 | TotalTime:0.000s | Cost:51231.81
LS: mPDG | Count: 1 | TotalTime:0.002s | Cost:30098.09
LS: BlockExchange | Count: 0 | TotalTime:0.000s | Cost:51231.81
LS: BlockRelocate | Count: 1 | TotalTime:0.000s | Cost:10245.25
LS: PDPairExchange | Count: 0 | TotalTime:0.000s | Cost:51231.81
Generation 1: Best = 10245.25, Worst = 51231.81, Avg = 45638.36, Time: 0.05006694793701172
LS: BlockExchange | Count: 0 | TotalTime:0.000s | Cost:10245.25
LS: BlockRelocate | Count: 0 | TotalTime:0.003s | Cost:10245.25
LS: BlockRelocate | Count: 0 | TotalTime:0.003s | Cost:10245.25
LS: BlockRelocate | Count: 0 | TotalTime:0.003s | Cost:10245.25
LS: mPDG | Count: 1 | TotalTime:0.002s | Cost:25078.77
LS: BlockRelocate | Count: 1 | TotalTime:0.002s | Cost:28490.26
LS: BlockRelocate | Count: 1 | TotalTime:0.000s | Cost:31815.38
LS: BlockRelocate | Count: 1 | TotalTime:0.000s | Cost:28490.26
LS: BlockRelocate | Count: 1 | TotalTime:0.000s | Cost:39246.06
LS: BlockRelocate | Count: 1 | TotalTime:0.000s | Cost:39246.06
LS: PDPairExchange | Count: 1 | TotalTime:0.000s | Cost:42701.37
Generation 2: Best = 10245.25, Worst = 51231.81, Avg = 43794.67, Time: 0.07147812843322754
LS: mPDG | Count: 0 | TotalTime:0.002s | Cost:10245.25
LS: BlockRelocate | Count: 0 | TotalTime:0.002s | Cost:10245.25
LS: BlockRelocate | Count: 0 | TotalTime:0.003s | Cost:10245.25
LS: BlockRelocate | Count: 0 | TotalTime:0.002s | Cost:10245.25
LS: mPDG | Count: 1 | TotalTime:0.002s | Cost:17223.21
LS: BlockRelocate | Count: 1 | TotalTime:0.003s | Cost:14162.36
LS: BlockRelocate | Count: 1 | TotalTime:0.003s | Cost:14162.36
LS: BlockRelocate | Count: 1 | TotalTime:0.001s | Cost:14162.36
LS: BlockExchange | Count: 1 | TotalTime:0.000s | Cost:48568.16
LS: BlockRelocate | Count: 1 | TotalTime:0.000s | Cost:24918.16
LS: BlockExchange | Count: 1 | TotalTime:0.000s | Cost:48568.16
Generation 3: Best = 10245.25, Worst = 51271.38, Avg = 42717.64, Time: 0.07588791847229004
LS: mPDG | Count: 0 | TotalTime:0.002s | Cost:10245.25
LS: BlockRelocate | Count: 0 | TotalTime:0.003s | Cost:10245.25
LS: BlockRelocate | Count: 0 | TotalTime:0.003s | Cost:10245.25
LS: BlockRelocate | Count: 0 | TotalTime:0.003s | Cost:10245.25
LS: BlockRelocate | Count: 0 | TotalTime:0.003s | Cost:14162.36
LS: BlockRelocate | Count: 0 | TotalTime:0.003s | Cost:14162.36
LS: BlockRelocate | Count: 0 | TotalTime:0.003s | Cost:14162.36
LS: mPDG | Count: 1 | TotalTime:0.002s | Cost:10245.25
LS: mPDG | Count: 1 | TotalTime:0.002s | Cost:29434.45
LS: mPDG | Count: 1 | TotalTime:0.002s | Cost:29434.45
LS: BlockExchange | Count: 1 | TotalTime:0.001s | Cost:48568.16
Generation 4: Best = 10245.25, Worst = 60340.89, Avg = 43087.67, Time: 0.0803213119506836
LS: mPDG | Count: 0 | TotalTime:0.002s | Cost:10245.25
LS: BlockRelocate | Count: 0 | TotalTime:0.003s | Cost:10245.25
LS: BlockRelocate | Count: 0 | TotalTime:0.003s | Cost:10245.25
LS: BlockRelocate | Count: 0 | TotalTime:0.003s | Cost:10245.25
LS: mPDG | Count: 0 | TotalTime:0.002s | Cost:10245.25
LS: BlockRelocate | Count: 0 | TotalTime:0.003s | Cost:14162.36
LS: BlockRelocate | Count: 0 | TotalTime:0.003s | Cost:14162.36
LS: BlockRelocate | Count: 0 | TotalTime:0.003s | Cost:14162.36
LS: BlockExchange | Count: 0 | TotalTime:0.000s | Cost:51231.81
LS: BlockRelocate | Count: 1 | TotalTime:0.000s | Cost:28490.26
LS: BlockExchange | Count: 0 | TotalTime:0.000s | Cost:51231.81
Generation 5: Best = 10245.25, Worst = 60340.89, Avg = 42987.47, Time: 0.06923604011535645
Stopping early due to lack of improvement.
Total runtime: 1.17s (0.0 minutes)
LS: PDPairExchange:0(0.000s) | BlockExchange:0(0.000s) | BlockRelocate:0(0.002s) | mPDG:0(0.002s) | TotalTime:0.004s | Cost:10245.25
LS: BlockRelocate:0(0.000s) | PDPairExchange:0(0.000s) | BlockExchange:0(0.000s) | mPDG:0(0.002s) | TotalTime:0.002s | Cost:10245.25
LS: BlockRelocate:0(0.000s) | PDPairExchange:0(0.000s) | BlockExchange:0(0.000s) | mPDG:0(0.002s) | TotalTime:0.002s | Cost:10245.25
LS: BlockRelocate:0(0.000s) | PDPairExchange:0(0.000s) | BlockExchange:0(0.000s) | mPDG:0(0.002s) | TotalTime:0.002s | Cost:10245.25
LS: mPDG:0(0.000s) | PDPairExchange:0(0.000s) | BlockExchange:0(0.000s) | BlockRelocate:0(0.003s) | TotalTime:0.004s | Cost:10245.25

The solution initialized by Cheapest Insertion:
V_1:[] V_2:[d1_0634010024-1] V_3:[d4_0632150023-4 p2_0906050029-1 d2_0906050029-2] V_4:[p8_0747110028-1 d8_0747110028-8] V_5:[p1_0656120027-1 p1_0626070021-1 p1_0644260026-1 p1_0644040025-1 p1_0630410022-1 d1_0630410022-1 d1_0644040025-1 d1_0644260026-1 d1_0626070021-1 d1_0656120027-1]
The fitness value before EA: 10245.253333333332
V_1:[] V_2:[d1_0634010024-1] V_3:[d4_0632150023-4 p2_0906050029-1 d2_0906050029-2] V_4:[p8_0747110028-1 d8_0747110028-8] V_5:[p1_0656120027-1 p1_0626070021-1 p1_0644260026-1 p1_0644040025-1 p1_0630410022-1 d1_0630410022-1 d1_0644040025-1 d1_0644260026-1 d1_0626070021-1 d1_0656120027-1]
The fitness value after EA: 10245.253333333332

Thoi gian thuc hien thuat toan:  1.195991039276123
SUCCESS

2025-10-04 08:44:43,300 [simulate_environment.py | 256] INFO: 2025-10-04 09:30:00, Item 0626070021-1: state = 1 < 2, we can not finish the simulation
2025-10-04 08:44:43,300 [simulate_environment.py | 99] INFO: **************************************************
2025-10-04 08:44:43,300 [simulate_environment.py | 103] INFO: cur time: 2025-10-04 09:40:00, pre time: 2025-10-04 09:30:00
2025-10-04 08:44:43,300 [simulate_environment.py | 140] INFO: Start to update the input of 2025-10-04 09:40:00
2025-10-04 08:44:43,302 [simulate_environment.py | 167] INFO: Get 15 unallocated order items, 18 ongoing order items, 86 completed order items
2025-10-04 08:44:44,650 [simulate_environment.py | 234] INFO: 
Adaptive config applied: {'num_orders': 3, 'num_vehicles': 5, 'time_budget_sec': None, 'POPULATION_SIZE': 40, 'NUMBER_OF_GENERATION': 20, 'MUTATION_RATE': 0.1, 'LS_MAX': 20, 'LS_MAX_TIME_PER_OP': 3, 'LS_MAX_TIME_IN_SINGLE': 1}
LS: BlockRelocate | Count: 0 | TotalTime:0.007s | Cost:10245.41
LS: BlockRelocate | Count: 0 | TotalTime:0.002s | Cost:10245.41
LS: BlockRelocate | Count: 0 | TotalTime:0.002s | Cost:10245.41
LS: mPDG | Count: 0 | TotalTime:0.001s | Cost:10245.41
LS: mPDG | Count: 0 | TotalTime:0.001s | Cost:10245.41
LS: mPDG | Count: 0 | TotalTime:0.001s | Cost:10245.41
LS: mPDG | Count: 0 | TotalTime:0.001s | Cost:10245.41
LS: mPDG | Count: 0 | TotalTime:0.001s | Cost:10245.41
LS: BlockExchange | Count: 0 | TotalTime:0.000s | Cost:10245.41
LS: BlockExchange | Count: 0 | TotalTime:0.000s | Cost:10245.41
LS: mPDG | Count: 0 | TotalTime:0.001s | Cost:10245.41
Generation 1: Best = 10245.41, Worst = 10251.87, Avg = 10245.57, Time: 0.06261324882507324
LS: mPDG | Count: 0 | TotalTime:0.001s | Cost:10245.41
LS: BlockRelocate | Count: 0 | TotalTime:0.002s | Cost:10245.41
LS: PDPairExchange | Count: 0 | TotalTime:0.000s | Cost:10245.41
LS: mPDG | Count: 0 | TotalTime:0.001s | Cost:10245.41
LS: PDPairExchange | Count: 0 | TotalTime:0.000s | Cost:10245.41
LS: BlockExchange | Count: 0 | TotalTime:0.000s | Cost:10245.41
LS: BlockRelocate | Count: 0 | TotalTime:0.002s | Cost:10245.41
LS: mPDG | Count: 0 | TotalTime:0.001s | Cost:10245.41
LS: PDPairExchange | Count: 0 | TotalTime:0.000s | Cost:10245.41
LS: BlockRelocate | Count: 0 | TotalTime:0.002s | Cost:10245.41
LS: BlockExchange | Count: 0 | TotalTime:0.000s | Cost:10245.41
Generation 2: Best = 10245.41, Worst = 10245.41, Avg = 10245.41, Time: 0.06251239776611328
Stopping early due to lack of improvement.
Total runtime: 0.97s (0.0 minutes)
LS: BlockExchange:0(0.000s) | PDPairExchange:0(0.000s) | BlockRelocate:0(0.002s) | mPDG:0(0.001s) | TotalTime:0.003s | Cost:10245.41
LS: BlockRelocate:0(0.000s) | mPDG:0(0.001s) | BlockExchange:0(0.000s) | PDPairExchange:0(0.000s) | TotalTime:0.001s | Cost:10245.41
LS: mPDG:0(0.000s) | PDPairExchange:0(0.000s) | BlockRelocate:0(0.002s) | BlockExchange:0(0.000s) | TotalTime:0.002s | Cost:10245.41
LS: BlockExchange:0(0.000s) | PDPairExchange:0(0.000s) | mPDG:0(0.001s) | BlockRelocate:0(0.002s) | TotalTime:0.003s | Cost:10245.41
LS: PDPairExchange:0(0.000s) | BlockRelocate:0(0.002s) | mPDG:0(0.001s) | BlockExchange:0(0.000s) | TotalTime:0.003s | Cost:10245.41

The solution initialized by Cheapest Insertion:
V_1:[] V_2:[d1_0634010024-1] V_3:[d4_0632150023-4 p2_0906050029-1 p1_0930440031-1 d1_0930440031-1 d2_0906050029-2] V_4:[d8_0747110028-8] V_5:[d1_0630410022-1 d1_0644040025-1 d1_0644260026-1 d1_0626070021-1 d1_0656120027-1 p12_0930180030-1 d12_0930180030-12]
The fitness value before EA: 10245.413333333332
V_1:[] V_2:[d1_0634010024-1] V_3:[d4_0632150023-4 p2_0906050029-1 p1_0930440031-1 d1_0930440031-1 d2_0906050029-2] V_4:[d8_0747110028-8] V_5:[d1_0630410022-1 d1_0644040025-1 d1_0644260026-1 d1_0626070021-1 d1_0656120027-1 p12_0930180030-1 d12_0930180030-12]
The fitness value after EA: 10245.413333333332

Thoi gian thuc hien thuat toan:  0.9878807067871094
SUCCESS

2025-10-04 08:44:44,651 [simulate_environment.py | 256] INFO: 2025-10-04 09:40:00, Item 0906050029-1: state = 1 < 2, we can not finish the simulation
2025-10-04 08:44:44,652 [simulate_environment.py | 99] INFO: **************************************************
2025-10-04 08:44:44,652 [simulate_environment.py | 103] INFO: cur time: 2025-10-04 09:50:00, pre time: 2025-10-04 09:40:00
2025-10-04 08:44:44,652 [simulate_environment.py | 140] INFO: Start to update the input of 2025-10-04 09:50:00
2025-10-04 08:44:44,653 [simulate_environment.py | 167] INFO: Get 17 unallocated order items, 18 ongoing order items, 86 completed order items
2025-10-04 08:44:46,374 [simulate_environment.py | 234] INFO: 
Adaptive config applied: {'num_orders': 5, 'num_vehicles': 5, 'time_budget_sec': None, 'POPULATION_SIZE': 40, 'NUMBER_OF_GENERATION': 20, 'MUTATION_RATE': 0.1, 'LS_MAX': 20, 'LS_MAX_TIME_PER_OP': 3, 'LS_MAX_TIME_IN_SINGLE': 1}
LS: BlockRelocate | Count: 0 | TotalTime:0.006s | Cost:10245.83
LS: PDPairExchange | Count: 0 | TotalTime:0.001s | Cost:10245.83
LS: BlockRelocate | Count: 0 | TotalTime:0.006s | Cost:10245.83
LS: BlockRelocate | Count: 0 | TotalTime:0.013s | Cost:10245.83
LS: mPDG | Count: 0 | TotalTime:0.005s | Cost:10245.83
LS: mPDG | Count: 0 | TotalTime:0.005s | Cost:10245.83
LS: PDPairExchange | Count: 0 | TotalTime:0.002s | Cost:10245.83
LS: BlockRelocate | Count: 0 | TotalTime:0.011s | Cost:10245.83
LS: BlockExchange | Count: 0 | TotalTime:0.001s | Cost:10245.83
LS: mPDG | Count: 0 | TotalTime:0.003s | Cost:10245.83
LS: BlockRelocate | Count: 0 | TotalTime:0.012s | Cost:10245.83
Generation 1: Best = 10245.83, Worst = 10246.29, Avg = 10245.84, Time: 0.19513535499572754
LS: BlockExchange | Count: 0 | TotalTime:0.001s | Cost:10245.83
LS: BlockExchange | Count: 0 | TotalTime:0.001s | Cost:10245.83
LS: mPDG | Count: 0 | TotalTime:0.002s | Cost:10245.83
LS: mPDG | Count: 0 | TotalTime:0.002s | Cost:10245.83
LS: BlockExchange | Count: 0 | TotalTime:0.001s | Cost:10245.83
LS: mPDG | Count: 0 | TotalTime:0.002s | Cost:10245.83
LS: BlockRelocate | Count: 0 | TotalTime:0.005s | Cost:10245.83
LS: PDPairExchange | Count: 0 | TotalTime:0.001s | Cost:10245.83
LS: mPDG | Count: 0 | TotalTime:0.002s | Cost:10245.83
LS: BlockExchange | Count: 0 | TotalTime:0.001s | Cost:10245.83
LS: mPDG | Count: 0 | TotalTime:0.002s | Cost:10245.83
Generation 2: Best = 10245.83, Worst = 10245.83, Avg = 10245.83, Time: 0.1331806182861328
Stopping early due to lack of improvement.
Total runtime: 1.30s (0.0 minutes)
LS: BlockRelocate:0(0.000s) | BlockExchange:0(0.001s) | mPDG:0(0.002s) | PDPairExchange:0(0.001s) | TotalTime:0.003s | Cost:10245.83
LS: mPDG:0(0.000s) | BlockExchange:0(0.001s) | PDPairExchange:0(0.001s) | BlockRelocate:0(0.004s) | TotalTime:0.006s | Cost:10245.83
LS: mPDG:0(0.000s) | PDPairExchange:0(0.001s) | BlockExchange:0(0.001s) | BlockRelocate:0(0.004s) | TotalTime:0.006s | Cost:10245.83
LS: mPDG:0(0.000s) | PDPairExchange:0(0.001s) | BlockExchange:0(0.001s) | BlockRelocate:0(0.004s) | TotalTime:0.005s | Cost:10245.83
LS: BlockRelocate:0(0.000s) | PDPairExchange:0(0.001s) | BlockExchange:0(0.001s) | mPDG:0(0.002s) | TotalTime:0.003s | Cost:10245.83

The solution initialized by Cheapest Insertion:
V_1:[p1_0946410032-1 d1_0946410032-1 p1_0949120033-1 d1_0949120033-1] V_2:[d1_0634010024-1] V_3:[d4_0632150023-4 p2_0906050029-1 p1_0930440031-1 d1_0930440031-1 d2_0906050029-2] V_4:[d8_0747110028-8] V_5:[d1_0630410022-1 d1_0644040025-1 d1_0644260026-1 d1_0626070021-1 d1_0656120027-1 p12_0930180030-1 d12_0930180030-12]
The fitness value before EA: 10245.833333333332
V_1:[p1_0946410032-1 d1_0946410032-1 p1_0949120033-1 d1_0949120033-1] V_2:[d1_0634010024-1] V_3:[d4_0632150023-4 p2_0906050029-1 p1_0930440031-1 d1_0930440031-1 d2_0906050029-2] V_4:[d8_0747110028-8] V_5:[d1_0630410022-1 d1_0644040025-1 d1_0644260026-1 d1_0626070021-1 d1_0656120027-1 p12_0930180030-1 d12_0930180030-12]
The fitness value after EA: 10245.833333333332

Thoi gian thuc hien thuat toan:  1.349041223526001
SUCCESS

2025-10-04 08:44:46,376 [simulate_environment.py | 256] INFO: 2025-10-04 09:50:00, Item 0906050029-1: state = 1 < 2, we can not finish the simulation
2025-10-04 08:44:46,376 [simulate_environment.py | 99] INFO: **************************************************
2025-10-04 08:44:46,376 [simulate_environment.py | 103] INFO: cur time: 2025-10-04 10:00:00, pre time: 2025-10-04 09:50:00
2025-10-04 08:44:46,376 [simulate_environment.py | 140] INFO: Start to update the input of 2025-10-04 10:00:00
2025-10-04 08:44:46,377 [simulate_environment.py | 167] INFO: Get 21 unallocated order items, 18 ongoing order items, 86 completed order items
2025-10-04 08:44:47,842 [simulate_environment.py | 234] INFO: 
Adaptive config applied: {'num_orders': 5, 'num_vehicles': 5, 'time_budget_sec': None, 'POPULATION_SIZE': 40, 'NUMBER_OF_GENERATION': 20, 'MUTATION_RATE': 0.1, 'LS_MAX': 20, 'LS_MAX_TIME_PER_OP': 3, 'LS_MAX_TIME_IN_SINGLE': 1}
LS: BlockRelocate | Count: 0 | TotalTime:0.005s | Cost:24672.32
LS: BlockRelocate | Count: 0 | TotalTime:0.006s | Cost:24672.32
LS: PDPairExchange | Count: 0 | TotalTime:0.001s | Cost:24672.32
LS: BlockRelocate | Count: 0 | TotalTime:0.005s | Cost:24672.32
LS: BlockRelocate | Count: 0 | TotalTime:0.005s | Cost:24672.32
LS: BlockExchange | Count: 0 | TotalTime:0.001s | Cost:24672.32
LS: PDPairExchange | Count: 0 | TotalTime:0.001s | Cost:24672.32
LS: PDPairExchange | Count: 0 | TotalTime:0.001s | Cost:24672.32
LS: BlockExchange | Count: 0 | TotalTime:0.001s | Cost:24672.32
LS: PDPairExchange | Count: 0 | TotalTime:0.001s | Cost:24672.32
LS: PDPairExchange | Count: 0 | TotalTime:0.001s | Cost:24672.32
Generation 1: Best = 24672.32, Worst = 319200.81, Avg = 32035.54, Time: 0.0978231430053711
LS: BlockRelocate | Count: 0 | TotalTime:0.005s | Cost:24672.32
LS: BlockExchange | Count: 0 | TotalTime:0.001s | Cost:24672.32
LS: mPDG | Count: 0 | TotalTime:0.002s | Cost:24672.32
LS: PDPairExchange | Count: 0 | TotalTime:0.001s | Cost:24672.32
LS: PDPairExchange | Count: 0 | TotalTime:0.001s | Cost:24672.32
LS: BlockExchange | Count: 0 | TotalTime:0.001s | Cost:24672.32
LS: BlockExchange | Count: 0 | TotalTime:0.001s | Cost:24672.32
LS: PDPairExchange | Count: 0 | TotalTime:0.001s | Cost:24672.32
LS: BlockExchange | Count: 0 | TotalTime:0.001s | Cost:24672.32
LS: mPDG | Count: 0 | TotalTime:0.002s | Cost:24672.32
LS: BlockExchange | Count: 0 | TotalTime:0.001s | Cost:24672.32
Generation 2: Best = 24672.32, Worst = 24672.32, Avg = 24672.32, Time: 0.09936356544494629
Stopping early due to lack of improvement.
Total runtime: 1.05s (0.0 minutes)
LS: BlockRelocate:0(0.000s) | BlockExchange:0(0.001s) | PDPairExchange:0(0.001s) | mPDG:0(0.002s) | TotalTime:0.003s | Cost:24672.32
LS: mPDG:0(0.000s) | BlockRelocate:0(0.005s) | BlockExchange:0(0.001s) | PDPairExchange:0(0.001s) | TotalTime:0.007s | Cost:24672.32
LS: mPDG:0(0.000s) | BlockRelocate:0(0.005s) | PDPairExchange:0(0.001s) | BlockExchange:0(0.001s) | TotalTime:0.007s | Cost:24672.32
LS: mPDG:0(0.000s) | BlockExchange:0(0.001s) | PDPairExchange:0(0.001s) | BlockRelocate:0(0.005s) | TotalTime:0.007s | Cost:24672.32
LS: mPDG:0(0.000s) | BlockExchange:0(0.001s) | PDPairExchange:0(0.001s) | BlockRelocate:0(0.005s) | TotalTime:0.006s | Cost:24672.32

The solution initialized by Cheapest Insertion:
V_1:[p1_0946410032-1 d1_0946410032-1 p1_0949120033-1 d1_0949120033-1] V_2:[d1_0634010024-1 p4_0958350034-1 d4_0958350034-4] V_3:[d4_0632150023-4 p2_0906050029-1 p1_0930440031-1 d1_0930440031-1 d2_0906050029-2] V_4:[d8_0747110028-8] V_5:[d1_0630410022-1 d1_0644040025-1 d1_0644260026-1 d1_0626070021-1 d1_0656120027-1 p12_0930180030-1 d12_0930180030-12]
The fitness value before EA: 24672.324444444446
V_1:[p1_0946410032-1 d1_0946410032-1 p1_0949120033-1 d1_0949120033-1] V_2:[d1_0634010024-1 p4_0958350034-1 d4_0958350034-4] V_3:[d4_0632150023-4 p2_0906050029-1 p1_0930440031-1 d1_0930440031-1 d2_0906050029-2] V_4:[d8_0747110028-8] V_5:[d1_0630410022-1 d1_0644040025-1 d1_0644260026-1 d1_0626070021-1 d1_0656120027-1 p12_0930180030-1 d12_0930180030-12]
The fitness value after EA: 24672.324444444446

Thoi gian thuc hien thuat toan:  1.094799280166626
SUCCESS

2025-10-04 08:44:47,844 [simulate_environment.py | 256] INFO: 2025-10-04 10:00:00, Item 0906050029-1: state = 1 < 2, we can not finish the simulation
2025-10-04 08:44:47,844 [simulate_environment.py | 99] INFO: **************************************************
2025-10-04 08:44:47,844 [simulate_environment.py | 103] INFO: cur time: 2025-10-04 10:10:00, pre time: 2025-10-04 10:00:00
2025-10-04 08:44:47,844 [simulate_environment.py | 140] INFO: Start to update the input of 2025-10-04 10:10:00
2025-10-04 08:44:47,845 [simulate_environment.py | 167] INFO: Get 42 unallocated order items, 17 ongoing order items, 87 completed order items
2025-10-04 08:44:49,765 [simulate_environment.py | 234] INFO: 
Adaptive config applied: {'num_orders': 5, 'num_vehicles': 5, 'time_budget_sec': None, 'POPULATION_SIZE': 40, 'NUMBER_OF_GENERATION': 20, 'MUTATION_RATE': 0.1, 'LS_MAX': 20, 'LS_MAX_TIME_PER_OP': 3, 'LS_MAX_TIME_IN_SINGLE': 1}
LS: mPDG | Count: 0 | TotalTime:0.002s | Cost:24672.38
LS: mPDG | Count: 0 | TotalTime:0.002s | Cost:24675.84
LS: BlockExchange | Count: 0 | TotalTime:0.001s | Cost:24675.84
LS: BlockExchange | Count: 0 | TotalTime:0.001s | Cost:24675.84
LS: BlockExchange | Count: 0 | TotalTime:0.001s | Cost:24675.84
LS: mPDG | Count: 0 | TotalTime:0.002s | Cost:24675.84
LS: PDPairExchange | Count: 0 | TotalTime:0.001s | Cost:24675.84
LS: PDPairExchange | Count: 0 | TotalTime:0.001s | Cost:24675.84
LS: PDPairExchange | Count: 0 | TotalTime:0.001s | Cost:24675.84
LS: BlockRelocate | Count: 1 | TotalTime:0.004s | Cost:24672.40
LS: BlockExchange | Count: 0 | TotalTime:0.001s | Cost:24675.84
Generation 1: Best = 24672.38, Worst = 28139.47, Avg = 24762.26, Time: 0.09913325309753418
LS: BlockRelocate | Count: 0 | TotalTime:0.006s | Cost:24672.38
LS: BlockRelocate | Count: 0 | TotalTime:0.007s | Cost:24672.40
LS: BlockRelocate | Count: 1 | TotalTime:0.005s | Cost:24672.40
LS: BlockRelocate | Count: 1 | TotalTime:0.004s | Cost:24672.40
LS: PDPairExchange | Count: 0 | TotalTime:0.001s | Cost:24675.84
LS: BlockExchange | Count: 0 | TotalTime:0.001s | Cost:24675.84
LS: mPDG | Count: 0 | TotalTime:0.003s | Cost:24675.84
LS: BlockExchange | Count: 0 | TotalTime:0.001s | Cost:24675.84
LS: mPDG | Count: 0 | TotalTime:0.002s | Cost:24675.84
LS: BlockRelocate | Count: 1 | TotalTime:0.006s | Cost:24672.40
LS: BlockExchange | Count: 0 | TotalTime:0.001s | Cost:24675.84
Generation 2: Best = 24672.38, Worst = 24675.84, Avg = 24675.41, Time: 0.13702678680419922
LS: PDPairExchange | Count: 0 | TotalTime:0.001s | Cost:24672.38
LS: BlockRelocate | Count: 0 | TotalTime:0.006s | Cost:24672.40
LS: BlockRelocate | Count: 0 | TotalTime:0.006s | Cost:24672.40
LS: BlockRelocate | Count: 0 | TotalTime:0.006s | Cost:24672.40
LS: BlockRelocate | Count: 0 | TotalTime:0.010s | Cost:24672.40
LS: BlockRelocate | Count: 1 | TotalTime:0.003s | Cost:24672.40
LS: BlockRelocate | Count: 1 | TotalTime:0.004s | Cost:24672.40
LS: PDPairExchange | Count: 0 | TotalTime:0.001s | Cost:24675.84
LS: BlockRelocate | Count: 1 | TotalTime:0.003s | Cost:24672.40
LS: mPDG | Count: 0 | TotalTime:0.002s | Cost:24675.84
LS: BlockExchange | Count: 0 | TotalTime:0.001s | Cost:24675.84
Generation 3: Best = 24672.38, Worst = 24675.84, Avg = 24675.16, Time: 0.14090228080749512
LS: BlockExchange | Count: 0 | TotalTime:0.001s | Cost:24672.38
LS: BlockRelocate | Count: 0 | TotalTime:0.006s | Cost:24672.40
LS: BlockRelocate | Count: 0 | TotalTime:0.006s | Cost:24672.40
LS: BlockRelocate | Count: 0 | TotalTime:0.006s | Cost:24672.40
LS: BlockRelocate | Count: 0 | TotalTime:0.006s | Cost:24672.40
LS: BlockRelocate | Count: 0 | TotalTime:0.006s | Cost:24672.40
LS: BlockRelocate | Count: 0 | TotalTime:0.006s | Cost:24672.40
LS: BlockRelocate | Count: 0 | TotalTime:0.006s | Cost:24672.40
LS: BlockExchange | Count: 0 | TotalTime:0.001s | Cost:24675.84
LS: mPDG | Count: 0 | TotalTime:0.002s | Cost:24675.84
LS: BlockRelocate | Count: 1 | TotalTime:0.006s | Cost:24672.40
Generation 4: Best = 24672.38, Worst = 24675.84, Avg = 24675.07, Time: 0.14781618118286133
LS: mPDG | Count: 0 | TotalTime:0.002s | Cost:24672.38
LS: BlockRelocate | Count: 0 | TotalTime:0.006s | Cost:24672.40
LS: BlockRelocate | Count: 0 | TotalTime:0.006s | Cost:24672.40
LS: BlockRelocate | Count: 0 | TotalTime:0.006s | Cost:24672.40
LS: BlockRelocate | Count: 0 | TotalTime:0.006s | Cost:24672.40
LS: BlockRelocate | Count: 0 | TotalTime:0.006s | Cost:24672.40
LS: BlockRelocate | Count: 0 | TotalTime:0.006s | Cost:24672.40
LS: BlockRelocate | Count: 0 | TotalTime:0.006s | Cost:24672.40
LS: BlockExchange | Count: 0 | TotalTime:0.001s | Cost:24675.84
LS: PDPairExchange | Count: 0 | TotalTime:0.001s | Cost:24675.84
LS: BlockRelocate | Count: 1 | TotalTime:0.004s | Cost:24672.40
Generation 5: Best = 24672.38, Worst = 24675.84, Avg = 24675.07, Time: 0.14644122123718262
Stopping early due to lack of improvement.
Total runtime: 1.49s (0.0 minutes)
LS: PDPairExchange:0(0.000s) | BlockRelocate:0(0.006s) | mPDG:0(0.002s) | BlockExchange:0(0.001s) | TotalTime:0.008s | Cost:24672.38
LS: BlockRelocate:0(0.000s) | PDPairExchange:0(0.001s) | BlockExchange:0(0.001s) | mPDG:0(0.003s) | TotalTime:0.004s | Cost:24672.40
LS: BlockRelocate:0(0.000s) | PDPairExchange:0(0.001s) | BlockExchange:0(0.001s) | mPDG:0(0.003s) | TotalTime:0.004s | Cost:24672.40
LS: BlockRelocate:0(0.000s) | PDPairExchange:0(0.001s) | BlockExchange:0(0.001s) | mPDG:0(0.003s) | TotalTime:0.004s | Cost:24672.40
LS: BlockRelocate:0(0.000s) | PDPairExchange:0(0.001s) | BlockExchange:0(0.001s) | mPDG:0(0.003s) | TotalTime:0.004s | Cost:24672.40

The solution initialized by Cheapest Insertion:
V_1:[p1_0946410032-1 d1_0946410032-1 p21_1002040035-1 p1_0949120033-1 d1_0949120033-1 d21_1002040035-21] V_2:[p4_0958350034-1 d4_0958350034-4] V_3:[d4_0632150023-4 p2_0906050029-1 p1_0930440031-1 d1_0930440031-1 d2_0906050029-2] V_4:[d8_0747110028-8] V_5:[d1_0630410022-1 d1_0644040025-1 d1_0644260026-1 d1_0626070021-1 d1_0656120027-1 p12_0930180030-1 d12_0930180030-12]
The fitness value before EA: 24672.384444444444
V_1:[p1_0946410032-1 d1_0946410032-1 p21_1002040035-1 p1_0949120033-1 d1_0949120033-1 d21_1002040035-21] V_2:[p4_0958350034-1 d4_0958350034-4] V_3:[d4_0632150023-4 p2_0906050029-1 p1_0930440031-1 d1_0930440031-1 d2_0906050029-2] V_4:[d8_0747110028-8] V_5:[d1_0630410022-1 d1_0644040025-1 d1_0644260026-1 d1_0626070021-1 d1_0656120027-1 p12_0930180030-1 d12_0930180030-12]
The fitness value after EA: 24672.384444444444

Thoi gian thuc hien thuat toan:  1.5453994274139404
SUCCESS

2025-10-04 08:44:49,766 [simulate_environment.py | 256] INFO: 2025-10-04 10:10:00, Item 0906050029-1: state = 1 < 2, we can not finish the simulation
2025-10-04 08:44:49,767 [simulate_environment.py | 99] INFO: **************************************************
2025-10-04 08:44:49,767 [simulate_environment.py | 103] INFO: cur time: 2025-10-04 10:20:00, pre time: 2025-10-04 10:10:00
2025-10-04 08:44:49,767 [simulate_environment.py | 140] INFO: Start to update the input of 2025-10-04 10:20:00
2025-10-04 08:44:49,768 [simulate_environment.py | 167] INFO: Get 56 unallocated order items, 17 ongoing order items, 87 completed order items
2025-10-04 08:44:52,826 [simulate_environment.py | 234] INFO: 
Adaptive config applied: {'num_orders': 8, 'num_vehicles': 5, 'time_budget_sec': None, 'POPULATION_SIZE': 40, 'NUMBER_OF_GENERATION': 20, 'MUTATION_RATE': 0.1, 'LS_MAX': 20, 'LS_MAX_TIME_PER_OP': 3, 'LS_MAX_TIME_IN_SINGLE': 1}
LS: BlockRelocate | Count: 0 | TotalTime:0.016s | Cost:24671.36
LS: mPDG | Count: 1 | TotalTime:0.007s | Cost:74120.49
LS: mPDG | Count: 1 | TotalTime:0.007s | Cost:74120.49
LS: PDPairExchange | Count: 1 | TotalTime:0.000s | Cost:74120.37
LS: BlockRelocate | Count: 1 | TotalTime:0.005s | Cost:24674.70
LS: BlockRelocate | Count: 1 | TotalTime:0.003s | Cost:69678.85
LS: PDPairExchange | Count: 1 | TotalTime:0.002s | Cost:74120.37
LS: PDPairExchange | Count: 1 | TotalTime:0.001s | Cost:74120.37
LS: mPDG | Count: 1 | TotalTime:0.013s | Cost:74120.49
LS: PDPairExchange | Count: 1 | TotalTime:0.001s | Cost:74120.37
LS: BlockRelocate | Count: 1 | TotalTime:0.001s | Cost:74120.49
Generation 1: Best = 24671.36, Worst = 124642.83, Avg = 72800.14, Time: 0.23400235176086426
LS: BlockExchange | Count: 0 | TotalTime:0.002s | Cost:24671.36
LS: BlockRelocate | Count: 1 | TotalTime:0.007s | Cost:24674.68
LS: mPDG | Count: 1 | TotalTime:0.009s | Cost:26619.77
LS: PDPairExchange | Count: 1 | TotalTime:0.001s | Cost:64931.16
LS: BlockExchange | Count: 1 | TotalTime:0.000s | Cost:54387.34
LS: PDPairExchange | Count: 1 | TotalTime:0.001s | Cost:64931.16
LS: BlockRelocate | Count: 1 | TotalTime:0.004s | Cost:26619.77
LS: mPDG | Count: 1 | TotalTime:0.008s | Cost:26619.77
LS: BlockExchange | Count: 1 | TotalTime:0.000s | Cost:54331.04
LS: BlockExchange | Count: 1 | TotalTime:0.001s | Cost:64931.16
LS: mPDG | Count: 1 | TotalTime:0.008s | Cost:26619.77
Generation 2: Best = 24671.36, Worst = 156317.28, Avg = 74763.79, Time: 0.31461167335510254
LS: BlockRelocate | Count: 0 | TotalTime:0.012s | Cost:24671.36
LS: BlockRelocate | Count: 0 | TotalTime:0.015s | Cost:24674.68
LS: mPDG | Count: 1 | TotalTime:0.006s | Cost:26619.67
LS: BlockRelocate | Count: 1 | TotalTime:0.002s | Cost:24675.32
LS: mPDG | Count: 1 | TotalTime:0.006s | Cost:26619.67
LS: mPDG | Count: 1 | TotalTime:0.006s | Cost:26619.67
LS: BlockExchange | Count: 1 | TotalTime:0.000s | Cost:39486.98
LS: BlockExchange | Count: 1 | TotalTime:0.001s | Cost:46598.45
LS: BlockExchange | Count: 1 | TotalTime:0.000s | Cost:63520.49
LS: BlockRelocate | Count: 1 | TotalTime:0.001s | Cost:37191.83
LS: BlockExchange | Count: 1 | TotalTime:0.001s | Cost:54387.34
Generation 3: Best = 24671.36, Worst = 77864.88, Avg = 59301.48, Time: 0.20076298713684082
LS: BlockExchange | Count: 0 | TotalTime:0.001s | Cost:24671.36
LS: BlockRelocate | Count: 0 | TotalTime:0.016s | Cost:24674.68
LS: BlockRelocate | Count: 1 | TotalTime:0.004s | Cost:24675.30
LS: mPDG | Count: 1 | TotalTime:0.008s | Cost:24675.22
LS: mPDG | Count: 1 | TotalTime:0.007s | Cost:24675.22
LS: mPDG | Count: 1 | TotalTime:0.008s | Cost:24675.22
LS: BlockRelocate | Count: 1 | TotalTime:0.005s | Cost:26619.77
LS: BlockExchange | Count: 1 | TotalTime:0.002s | Cost:26619.67
LS: BlockRelocate | Count: 1 | TotalTime:0.012s | Cost:67197.81
LS: BlockExchange | Count: 1 | TotalTime:0.000s | Cost:54387.34
LS: PDPairExchange | Count: 1 | TotalTime:0.001s | Cost:64931.16
Generation 4: Best = 24671.36, Worst = 156317.28, Avg = 73114.79, Time: 0.20621705055236816
LS: BlockExchange | Count: 0 | TotalTime:0.001s | Cost:24671.36
LS: BlockRelocate | Count: 0 | TotalTime:0.016s | Cost:24674.68
LS: mPDG | Count: 1 | TotalTime:0.006s | Cost:24675.12
LS: mPDG | Count: 1 | TotalTime:0.006s | Cost:24675.12
LS: mPDG | Count: 1 | TotalTime:0.006s | Cost:24675.12
LS: BlockRelocate | Count: 0 | TotalTime:0.017s | Cost:24675.30
LS: BlockExchange | Count: 0 | TotalTime:0.002s | Cost:26619.67
LS: BlockRelocate | Count: 1 | TotalTime:0.003s | Cost:24675.32
LS: mPDG | Count: 1 | TotalTime:0.006s | Cost:26619.77
LS: PDPairExchange | Count: 1 | TotalTime:0.001s | Cost:60486.72
LS: PDPairExchange | Count: 1 | TotalTime:0.001s | Cost:54331.04
Generation 5: Best = 24671.36, Worst = 209650.99, Avg = 84224.22, Time: 0.2286672592163086
Stopping early due to lack of improvement.
Total runtime: 2.34s (0.0 minutes)
LS: PDPairExchange:0(0.000s) | BlockExchange:0(0.001s) | BlockRelocate:0(0.013s) | mPDG:0(0.009s) | TotalTime:0.022s | Cost:24671.36
LS: BlockRelocate:1(0.010s) | PDPairExchange:1(0.002s) | BlockExchange:0(0.001s) | mPDG:0(0.009s) | TotalTime:0.023s | Cost:24671.48
LS: mPDG:2(0.013s) | PDPairExchange:0(0.005s) | BlockExchange:0(0.006s) | BlockRelocate:2(0.036s) | TotalTime:0.060s | Cost:24674.34
LS: mPDG:1(0.006s) | PDPairExchange:0(0.009s) | BlockExchange:1(0.009s) | BlockRelocate:3(0.030s) | TotalTime:0.054s | Cost:24674.34
LS: mPDG:1(0.006s) | PDPairExchange:0(0.005s) | BlockExchange:0(0.005s) | BlockRelocate:2(0.023s) | TotalTime:0.039s | Cost:24671.36

The solution initialized by Cheapest Insertion:
V_1:[p1_0946410032-1 d1_0946410032-1 p2_1015200038-1 p21_1002040035-1 p2_1015060037-1 p1_0949120033-1 d1_0949120033-1 d2_1015060037-2 d21_1002040035-21 d2_1015200038-2] V_2:[p4_0958350034-1 d4_0958350034-4] V_3:[d4_0632150023-4 p2_0906050029-1 p10_1012150036-1 p1_0930440031-1 d1_0930440031-1 d10_1012150036-10 d2_0906050029-2] V_4:[d8_0747110028-8] V_5:[d1_0630410022-1 d1_0644040025-1 d1_0644260026-1 d1_0626070021-1 d1_0656120027-1 p12_0930180030-1 d12_0930180030-12]
The fitness value before EA: 24671.364444444444
V_1:[p1_0946410032-1 d1_0946410032-1 p2_1015200038-1 p21_1002040035-1 p2_1015060037-1 p1_0949120033-1 d1_0949120033-1 d2_1015060037-2 d21_1002040035-21 d2_1015200038-2] V_2:[p4_0958350034-1 d4_0958350034-4] V_3:[d4_0632150023-4 p2_0906050029-1 p10_1012150036-1 p1_0930440031-1 d1_0930440031-1 d10_1012150036-10 d2_0906050029-2] V_4:[d8_0747110028-8] V_5:[d1_0630410022-1 d1_0644040025-1 d1_0644260026-1 d1_0626070021-1 d1_0656120027-1 p12_0930180030-1 d12_0930180030-12]
The fitness value after EA: 24671.364444444444

Thoi gian thuc hien thuat toan:  2.6524384021759033
SUCCESS

2025-10-04 08:44:52,828 [simulate_environment.py | 256] INFO: 2025-10-04 10:20:00, Item 0906050029-1: state = 1 < 2, we can not finish the simulation
2025-10-04 08:44:52,828 [simulate_environment.py | 99] INFO: **************************************************
2025-10-04 08:44:52,829 [simulate_environment.py | 103] INFO: cur time: 2025-10-04 10:30:00, pre time: 2025-10-04 10:20:00
2025-10-04 08:44:52,829 [simulate_environment.py | 140] INFO: Start to update the input of 2025-10-04 10:30:00
2025-10-04 08:44:52,830 [simulate_environment.py | 167] INFO: Get 44 unallocated order items, 25 ongoing order items, 91 completed order items
2025-10-04 08:44:54,903 [simulate_environment.py | 234] INFO: 
Adaptive config applied: {'num_orders': 5, 'num_vehicles': 5, 'time_budget_sec': None, 'POPULATION_SIZE': 40, 'NUMBER_OF_GENERATION': 20, 'MUTATION_RATE': 0.1, 'LS_MAX': 20, 'LS_MAX_TIME_PER_OP': 3, 'LS_MAX_TIME_IN_SINGLE': 1}
LS: PDPairExchange | Count: 0 | TotalTime:0.000s | Cost:24671.36
LS: mPDG | Count: 1 | TotalTime:0.004s | Cost:81641.73
LS: BlockRelocate | Count: 1 | TotalTime:0.001s | Cost:81641.81
LS: BlockExchange | Count: 1 | TotalTime:0.000s | Cost:81641.73
LS: BlockRelocate | Count: 1 | TotalTime:0.004s | Cost:42205.70
LS: PDPairExchange | Count: 1 | TotalTime:0.000s | Cost:53331.04
LS: PDPairExchange | Count: 1 | TotalTime:0.001s | Cost:24674.70
LS: mPDG | Count: 1 | TotalTime:0.005s | Cost:81641.73
LS: PDPairExchange | Count: 1 | TotalTime:0.000s | Cost:24674.70
LS: PDPairExchange | Count: 1 | TotalTime:0.000s | Cost:24674.70
LS: BlockExchange | Count: 1 | TotalTime:0.000s | Cost:38264.17
Generation 1: Best = 24671.36, Worst = 292782.78, Avg = 78445.44, Time: 0.11488819122314453
LS: BlockRelocate | Count: 0 | TotalTime:0.007s | Cost:24671.36
LS: PDPairExchange | Count: 1 | TotalTime:0.001s | Cost:24674.56
LS: PDPairExchange | Count: 1 | TotalTime:0.001s | Cost:24674.56
LS: PDPairExchange | Count: 1 | TotalTime:0.000s | Cost:24674.56
LS: BlockExchange | Count: 0 | TotalTime:0.000s | Cost:28830.52
LS: BlockExchange | Count: 1 | TotalTime:0.000s | Cost:37964.17
LS: BlockRelocate | Count: 1 | TotalTime:0.006s | Cost:42205.54
LS: PDPairExchange | Count: 1 | TotalTime:0.001s | Cost:44442.13
LS: mPDG | Count: 1 | TotalTime:0.004s | Cost:81641.47
LS: BlockRelocate | Count: 1 | TotalTime:0.004s | Cost:42205.70
LS: BlockExchange | Count: 1 | TotalTime:0.000s | Cost:166075.12
Generation 2: Best = 24671.36, Worst = 166075.12, Avg = 72741.82, Time: 0.14130020141601562
LS: mPDG | Count: 0 | TotalTime:0.005s | Cost:24671.36
LS: PDPairExchange | Count: 1 | TotalTime:0.001s | Cost:24674.54
LS: PDPairExchange | Count: 1 | TotalTime:0.000s | Cost:24674.54
LS: PDPairExchange | Count: 1 | TotalTime:0.000s | Cost:24674.54
LS: mPDG | Count: 1 | TotalTime:0.004s | Cost:24674.60
LS: PDPairExchange | Count: 0 | TotalTime:0.001s | Cost:28830.52
LS: BlockExchange | Count: 0 | TotalTime:0.001s | Cost:28830.52
LS: BlockRelocate | Count: 1 | TotalTime:0.005s | Cost:24674.60
LS: mPDG | Count: 1 | TotalTime:0.004s | Cost:24674.60
LS: PDPairExchange | Count: 0 | TotalTime:0.001s | Cost:28830.52
LS: PDPairExchange | Count: 0 | TotalTime:0.001s | Cost:28830.52
Generation 3: Best = 24671.36, Worst = 81641.83, Avg = 59366.75, Time: 0.14544320106506348
LS: PDPairExchange | Count: 0 | TotalTime:0.000s | Cost:24671.36
LS: PDPairExchange | Count: 0 | TotalTime:0.001s | Cost:24674.54
LS: PDPairExchange | Count: 0 | TotalTime:0.001s | Cost:24674.54
LS: PDPairExchange | Count: 0 | TotalTime:0.001s | Cost:24674.54
LS: mPDG | Count: 1 | TotalTime:0.003s | Cost:24674.50
LS: BlockRelocate | Count: 1 | TotalTime:0.003s | Cost:24674.50
LS: mPDG | Count: 1 | TotalTime:0.003s | Cost:24674.50
LS: BlockRelocate | Count: 1 | TotalTime:0.001s | Cost:26624.94
LS: BlockRelocate | Count: 1 | TotalTime:0.001s | Cost:24674.60
LS: mPDG | Count: 1 | TotalTime:0.004s | Cost:24674.60
LS: BlockExchange | Count: 0 | TotalTime:0.001s | Cost:28830.52
Generation 4: Best = 24671.36, Worst = 81641.83, Avg = 41043.03, Time: 0.1466209888458252
LS: mPDG | Count: 0 | TotalTime:0.005s | Cost:24671.36
LS: mPDG | Count: 0 | TotalTime:0.003s | Cost:24674.50
LS: BlockRelocate | Count: 1 | TotalTime:0.008s | Cost:24671.52
LS: mPDG | Count: 0 | TotalTime:0.003s | Cost:24674.50
LS: PDPairExchange | Count: 0 | TotalTime:0.001s | Cost:24674.54
LS: PDPairExchange | Count: 0 | TotalTime:0.001s | Cost:24674.54
LS: PDPairExchange | Count: 0 | TotalTime:0.001s | Cost:24674.54
LS: BlockRelocate | Count: 1 | TotalTime:0.006s | Cost:24674.50
LS: BlockExchange | Count: 1 | TotalTime:0.000s | Cost:26208.36
LS: BlockExchange | Count: 1 | TotalTime:0.000s | Cost:26208.36
LS: BlockRelocate | Count: 1 | TotalTime:0.001s | Cost:28027.26
Generation 5: Best = 24671.36, Worst = 81641.83, Avg = 41050.81, Time: 0.14759421348571777
Stopping early due to lack of improvement.
Total runtime: 1.56s (0.0 minutes)
LS: BlockExchange:0(0.000s) | BlockRelocate:0(0.006s) | PDPairExchange:0(0.000s) | mPDG:0(0.005s) | TotalTime:0.012s | Cost:24671.36
LS: BlockRelocate:1(0.005s) | PDPairExchange:0(0.000s) | BlockExchange:0(0.000s) | mPDG:0(0.006s) | TotalTime:0.011s | Cost:24671.36
LS: mPDG:0(0.000s) | PDPairExchange:0(0.001s) | BlockExchange:0(0.002s) | BlockRelocate:2(0.016s) | TotalTime:0.019s | Cost:24671.36
LS: mPDG:0(0.000s) | PDPairExchange:0(0.001s) | BlockExchange:0(0.002s) | BlockRelocate:2(0.019s) | TotalTime:0.022s | Cost:24671.36
LS: BlockRelocate:2(0.006s) | PDPairExchange:0(0.000s) | BlockExchange:0(0.000s) | mPDG:0(0.005s) | TotalTime:0.012s | Cost:24671.36

The solution initialized by Cheapest Insertion:
V_1:[p1_0946410032-1 d1_0946410032-1 p2_1015200038-1 p21_1002040035-1 p2_1015060037-1 p1_0949120033-1 d1_0949120033-1 d2_1015060037-2 d21_1002040035-21 d2_1015200038-2] V_2:[p4_0958350034-1 d4_0958350034-4] V_3:[p1_0930440031-1 d1_0930440031-1 d10_1012150036-10 d2_0906050029-2] V_4:[d8_0747110028-8] V_5:[d1_0630410022-1 d1_0644040025-1 d1_0644260026-1 d1_0626070021-1 d1_0656120027-1 p12_0930180030-1 d12_0930180030-12]
The fitness value before EA: 24671.364444444444
V_1:[p1_0946410032-1 d1_0946410032-1 p2_1015200038-1 p21_1002040035-1 p2_1015060037-1 p1_0949120033-1 d1_0949120033-1 d2_1015060037-2 d21_1002040035-21 d2_1015200038-2] V_2:[p4_0958350034-1 d4_0958350034-4] V_3:[p1_0930440031-1 d1_0930440031-1 d10_1012150036-10 d2_0906050029-2] V_4:[d8_0747110028-8] V_5:[d1_0630410022-1 d1_0644040025-1 d1_0644260026-1 d1_0626070021-1 d1_0656120027-1 p12_0930180030-1 d12_0930180030-12]
The fitness value after EA: 24671.364444444444

Thoi gian thuc hien thuat toan:  1.6933479309082031
SUCCESS

2025-10-04 08:44:54,905 [simulate_environment.py | 256] INFO: 2025-10-04 10:30:00, Item 0930180030-1: state = 1 < 2, we can not finish the simulation
2025-10-04 08:44:54,905 [simulate_environment.py | 99] INFO: **************************************************
2025-10-04 08:44:54,906 [simulate_environment.py | 103] INFO: cur time: 2025-10-04 10:40:00, pre time: 2025-10-04 10:30:00
2025-10-04 08:44:54,906 [simulate_environment.py | 140] INFO: Start to update the input of 2025-10-04 10:40:00
2025-10-04 08:44:54,906 [simulate_environment.py | 167] INFO: Get 43 unallocated order items, 23 ongoing order items, 94 completed order items
2025-10-04 08:44:57,534 [simulate_environment.py | 234] INFO: 
Adaptive config applied: {'num_orders': 5, 'num_vehicles': 5, 'time_budget_sec': None, 'POPULATION_SIZE': 40, 'NUMBER_OF_GENERATION': 20, 'MUTATION_RATE': 0.1, 'LS_MAX': 20, 'LS_MAX_TIME_PER_OP': 3, 'LS_MAX_TIME_IN_SINGLE': 1}
LS: BlockRelocate | Count: 0 | TotalTime:0.005s | Cost:24508.29
LS: mPDG | Count: 1 | TotalTime:0.004s | Cost:24511.53
LS: BlockExchange | Count: 1 | TotalTime:0.001s | Cost:24511.49
LS: mPDG | Count: 1 | TotalTime:0.003s | Cost:24511.53
LS: BlockRelocate | Count: 1 | TotalTime:0.004s | Cost:24511.61
LS: mPDG | Count: 1 | TotalTime:0.004s | Cost:24511.53
LS: BlockRelocate | Count: 1 | TotalTime:0.006s | Cost:24511.61
LS: PDPairExchange | Count: 1 | TotalTime:0.000s | Cost:24511.49
LS: mPDG | Count: 1 | TotalTime:0.004s | Cost:24511.53
LS: BlockExchange | Count: 1 | TotalTime:0.000s | Cost:24511.49
LS: mPDG | Count: 1 | TotalTime:0.004s | Cost:24511.53
Generation 1: Best = 24508.29, Worst = 194208.57, Avg = 28753.94, Time: 0.14340996742248535
LS: BlockExchange | Count: 0 | TotalTime:0.000s | Cost:24508.29
LS: BlockExchange | Count: 0 | TotalTime:0.001s | Cost:24511.49
LS: PDPairExchange | Count: 1 | TotalTime:0.000s | Cost:24511.47
LS: BlockExchange | Count: 1 | TotalTime:0.001s | Cost:24511.47
LS: mPDG | Count: 0 | TotalTime:0.002s | Cost:24511.53
LS: mPDG | Count: 0 | TotalTime:0.002s | Cost:24511.53
LS: mPDG | Count: 0 | TotalTime:0.003s | Cost:24511.53
LS: mPDG | Count: 0 | TotalTime:0.002s | Cost:24511.53
LS: BlockRelocate | Count: 1 | TotalTime:0.006s | Cost:24511.61
LS: mPDG | Count: 1 | TotalTime:0.004s | Cost:24511.53
LS: PDPairExchange | Count: 1 | TotalTime:0.000s | Cost:24511.49
Generation 2: Best = 24508.29, Worst = 26134.11, Avg = 25119.95, Time: 0.1527552604675293
LS: BlockRelocate | Count: 0 | TotalTime:0.012s | Cost:24508.29
LS: PDPairExchange | Count: 0 | TotalTime:0.002s | Cost:24511.47
LS: BlockExchange | Count: 0 | TotalTime:0.003s | Cost:24511.47
LS: BlockExchange | Count: 1 | TotalTime:0.002s | Cost:24511.47
LS: PDPairExchange | Count: 1 | TotalTime:0.001s | Cost:24511.47
LS: mPDG | Count: 0 | TotalTime:0.009s | Cost:24511.53
LS: mPDG | Count: 0 | TotalTime:0.006s | Cost:24511.53
LS: mPDG | Count: 0 | TotalTime:0.006s | Cost:24511.53
LS: mPDG | Count: 1 | TotalTime:0.019s | Cost:24511.53
LS: PDPairExchange | Count: 1 | TotalTime:0.001s | Cost:24511.49
LS: mPDG | Count: 1 | TotalTime:0.017s | Cost:24511.53
Generation 3: Best = 24508.29, Worst = 26134.11, Avg = 25038.82, Time: 0.31678247451782227
LS: mPDG | Count: 0 | TotalTime:0.008s | Cost:24508.29
LS: PDPairExchange | Count: 0 | TotalTime:0.001s | Cost:24511.47
LS: BlockExchange | Count: 0 | TotalTime:0.001s | Cost:24511.47
LS: BlockExchange | Count: 0 | TotalTime:0.001s | Cost:24511.47
LS: PDPairExchange | Count: 0 | TotalTime:0.001s | Cost:24511.47
LS: PDPairExchange | Count: 1 | TotalTime:0.001s | Cost:24511.47
LS: mPDG | Count: 0 | TotalTime:0.003s | Cost:24511.53
LS: mPDG | Count: 0 | TotalTime:0.003s | Cost:24511.53
LS: PDPairExchange | Count: 1 | TotalTime:0.001s | Cost:24511.49
LS: BlockRelocate | Count: 1 | TotalTime:0.009s | Cost:24511.61
LS: BlockExchange | Count: 1 | TotalTime:0.001s | Cost:24511.49
Generation 4: Best = 24508.29, Worst = 26134.11, Avg = 25079.38, Time: 0.29036712646484375
LS: mPDG | Count: 0 | TotalTime:0.006s | Cost:24508.29
LS: PDPairExchange | Count: 0 | TotalTime:0.001s | Cost:24511.47
LS: BlockExchange | Count: 0 | TotalTime:0.001s | Cost:24511.47
LS: BlockExchange | Count: 0 | TotalTime:0.001s | Cost:24511.47
LS: PDPairExchange | Count: 0 | TotalTime:0.001s | Cost:24511.47
LS: PDPairExchange | Count: 0 | TotalTime:0.001s | Cost:24511.47
LS: PDPairExchange | Count: 1 | TotalTime:0.000s | Cost:24511.47
LS: BlockExchange | Count: 1 | TotalTime:0.000s | Cost:24511.47
LS: PDPairExchange | Count: 1 | TotalTime:0.000s | Cost:24511.49
LS: PDPairExchange | Count: 1 | TotalTime:0.000s | Cost:24511.49
LS: BlockRelocate | Count: 1 | TotalTime:0.001s | Cost:24511.61
Generation 5: Best = 24508.29, Worst = 26134.11, Avg = 25241.62, Time: 0.155181884765625
Stopping early due to lack of improvement.
Total runtime: 2.07s (0.0 minutes)
LS: PDPairExchange:0(0.000s) | mPDG:0(0.005s) | BlockRelocate:0(0.005s) | BlockExchange:0(0.000s) | TotalTime:0.011s | Cost:24508.29
LS: PDPairExchange:0(0.000s) | BlockExchange:0(0.002s) | BlockRelocate:2(0.014s) | mPDG:0(0.006s) | TotalTime:0.022s | Cost:24508.41
LS: BlockExchange:0(0.000s) | PDPairExchange:0(0.002s) | BlockRelocate:2(0.018s) | mPDG:0(0.006s) | TotalTime:0.026s | Cost:24508.41
LS: BlockExchange:0(0.000s) | PDPairExchange:0(0.002s) | BlockRelocate:2(0.017s) | mPDG:0(0.006s) | TotalTime:0.025s | Cost:24508.41
LS: PDPairExchange:0(0.000s) | BlockExchange:0(0.002s) | BlockRelocate:2(0.014s) | mPDG:0(0.006s) | TotalTime:0.022s | Cost:24508.41

The solution initialized by Cheapest Insertion:
V_1:[d1_0946410032-1 p2_1015200038-1 p21_1002040035-1 p2_1015060037-1 p1_0949120033-1 d1_0949120033-1 d2_1015060037-2 d21_1002040035-21 d2_1015200038-2] V_2:[p4_0958350034-1 d4_0958350034-4] V_3:[p1_0930440031-1 d1_0930440031-1 d10_1012150036-10 d2_0906050029-2] V_4:[d8_0747110028-8] V_5:[d1_0626070021-1 d1_0656120027-1 p12_0930180030-1 d12_0930180030-12]
The fitness value before EA: 24508.286666666663
V_1:[d1_0946410032-1 p2_1015200038-1 p21_1002040035-1 p2_1015060037-1 p1_0949120033-1 d1_0949120033-1 d2_1015060037-2 d21_1002040035-21 d2_1015200038-2] V_2:[p4_0958350034-1 d4_0958350034-4] V_3:[p1_0930440031-1 d1_0930440031-1 d10_1012150036-10 d2_0906050029-2] V_4:[d8_0747110028-8] V_5:[d1_0626070021-1 d1_0656120027-1 p12_0930180030-1 d12_0930180030-12]
The fitness value after EA: 24508.286666666663

Thoi gian thuc hien thuat toan:  2.1955769062042236
SUCCESS

2025-10-04 08:44:57,537 [simulate_environment.py | 256] INFO: 2025-10-04 10:40:00, Item 0930180030-1: state = 1 < 2, we can not finish the simulation
2025-10-04 08:44:57,537 [simulate_environment.py | 99] INFO: **************************************************
2025-10-04 08:44:57,538 [simulate_environment.py | 103] INFO: cur time: 2025-10-04 10:50:00, pre time: 2025-10-04 10:40:00
2025-10-04 08:44:57,538 [simulate_environment.py | 140] INFO: Start to update the input of 2025-10-04 10:50:00
2025-10-04 08:44:57,539 [simulate_environment.py | 167] INFO: Get 43 unallocated order items, 23 ongoing order items, 94 completed order items
2025-10-04 08:44:59,859 [simulate_environment.py | 234] INFO: 
Adaptive config applied: {'num_orders': 5, 'num_vehicles': 5, 'time_budget_sec': None, 'POPULATION_SIZE': 40, 'NUMBER_OF_GENERATION': 20, 'MUTATION_RATE': 0.1, 'LS_MAX': 20, 'LS_MAX_TIME_PER_OP': 3, 'LS_MAX_TIME_IN_SINGLE': 1}
LS: mPDG | Count: 0 | TotalTime:0.009s | Cost:24508.29
LS: BlockExchange | Count: 1 | TotalTime:0.001s | Cost:24511.49
LS: PDPairExchange | Count: 1 | TotalTime:0.001s | Cost:24511.49
LS: BlockRelocate | Count: 1 | TotalTime:0.007s | Cost:24511.61
LS: mPDG | Count: 1 | TotalTime:0.006s | Cost:24511.53
LS: mPDG | Count: 1 | TotalTime:0.006s | Cost:24511.53
LS: BlockExchange | Count: 1 | TotalTime:0.001s | Cost:24511.49
LS: BlockExchange | Count: 1 | TotalTime:0.001s | Cost:24511.49
LS: BlockExchange | Count: 1 | TotalTime:0.001s | Cost:62778.29
LS: BlockExchange | Count: 1 | TotalTime:0.000s | Cost:24511.49
LS: BlockRelocate | Count: 1 | TotalTime:0.009s | Cost:24511.61
Generation 1: Best = 24508.29, Worst = 467235.93, Avg = 36536.29, Time: 0.1404426097869873
LS: BlockRelocate | Count: 0 | TotalTime:0.005s | Cost:24508.29
LS: BlockExchange | Count: 1 | TotalTime:0.001s | Cost:24511.47
LS: PDPairExchange | Count: 1 | TotalTime:0.001s | Cost:24511.47
LS: BlockExchange | Count: 1 | TotalTime:0.001s | Cost:24511.47
LS: BlockExchange | Count: 0 | TotalTime:0.001s | Cost:24511.49
LS: BlockExchange | Count: 1 | TotalTime:0.000s | Cost:24511.47
LS: mPDG | Count: 0 | TotalTime:0.002s | Cost:24511.53
LS: mPDG | Count: 0 | TotalTime:0.002s | Cost:24511.53
LS: BlockRelocate | Count: 1 | TotalTime:0.001s | Cost:24511.61
LS: PDPairExchange | Count: 1 | TotalTime:0.001s | Cost:24511.49
LS: PDPairExchange | Count: 1 | TotalTime:0.000s | Cost:24511.49
Generation 2: Best = 24508.29, Worst = 26134.11, Avg = 25038.82, Time: 0.14064264297485352
LS: PDPairExchange | Count: 0 | TotalTime:0.000s | Cost:24508.29
LS: BlockExchange | Count: 0 | TotalTime:0.001s | Cost:24511.47
LS: PDPairExchange | Count: 0 | TotalTime:0.001s | Cost:24511.47
LS: BlockExchange | Count: 0 | TotalTime:0.001s | Cost:24511.47
LS: BlockExchange | Count: 0 | TotalTime:0.001s | Cost:24511.47
LS: BlockExchange | Count: 1 | TotalTime:0.000s | Cost:24511.47
LS: PDPairExchange | Count: 1 | TotalTime:0.001s | Cost:24511.47
LS: PDPairExchange | Count: 1 | TotalTime:0.000s | Cost:24511.47
LS: BlockExchange | Count: 1 | TotalTime:0.001s | Cost:24511.49
LS: BlockExchange | Count: 1 | TotalTime:0.000s | Cost:24511.49
LS: mPDG | Count: 1 | TotalTime:0.003s | Cost:24511.53
Generation 3: Best = 24508.29, Worst = 26134.11, Avg = 25282.18, Time: 0.14974451065063477
LS: BlockExchange | Count: 0 | TotalTime:0.000s | Cost:24508.29
LS: BlockExchange | Count: 0 | TotalTime:0.001s | Cost:24511.47
LS: PDPairExchange | Count: 0 | TotalTime:0.001s | Cost:24511.47
LS: BlockExchange | Count: 0 | TotalTime:0.001s | Cost:24511.47
LS: BlockExchange | Count: 0 | TotalTime:0.001s | Cost:24511.47
LS: BlockExchange | Count: 0 | TotalTime:0.001s | Cost:24511.47
LS: PDPairExchange | Count: 0 | TotalTime:0.001s | Cost:24511.47
LS: PDPairExchange | Count: 0 | TotalTime:0.001s | Cost:24511.47
LS: PDPairExchange | Count: 1 | TotalTime:0.000s | Cost:24511.49
LS: BlockExchange | Count: 1 | TotalTime:0.001s | Cost:24511.49
LS: BlockExchange | Count: 1 | TotalTime:0.000s | Cost:24511.49
Generation 4: Best = 24508.29, Worst = 26134.11, Avg = 25282.18, Time: 0.12143731117248535
LS: mPDG | Count: 0 | TotalTime:0.005s | Cost:24508.29
LS: BlockExchange | Count: 0 | TotalTime:0.001s | Cost:24511.47
LS: PDPairExchange | Count: 0 | TotalTime:0.001s | Cost:24511.47
LS: BlockExchange | Count: 0 | TotalTime:0.001s | Cost:24511.47
LS: BlockExchange | Count: 0 | TotalTime:0.001s | Cost:24511.47
LS: BlockExchange | Count: 0 | TotalTime:0.001s | Cost:24511.47
LS: PDPairExchange | Count: 0 | TotalTime:0.001s | Cost:24511.47
LS: PDPairExchange | Count: 0 | TotalTime:0.001s | Cost:24511.47
LS: PDPairExchange | Count: 1 | TotalTime:0.000s | Cost:24511.49
LS: PDPairExchange | Count: 1 | TotalTime:0.000s | Cost:24511.49
LS: BlockRelocate | Count: 1 | TotalTime:0.001s | Cost:24511.61
Generation 5: Best = 24508.29, Worst = 26134.11, Avg = 25201.06, Time: 0.1234736442565918
Stopping early due to lack of improvement.
Total runtime: 1.68s (0.0 minutes)
LS: PDPairExchange:0(0.000s) | mPDG:0(0.005s) | BlockExchange:0(0.000s) | BlockRelocate:0(0.005s) | TotalTime:0.010s | Cost:24508.29
LS: BlockExchange:0(0.000s) | PDPairExchange:0(0.001s) | BlockRelocate:2(0.010s) | mPDG:0(0.005s) | TotalTime:0.017s | Cost:24508.41
LS: PDPairExchange:0(0.000s) | BlockExchange:0(0.002s) | BlockRelocate:2(0.014s) | mPDG:0(0.005s) | TotalTime:0.021s | Cost:24508.41
LS: BlockExchange:0(0.000s) | PDPairExchange:0(0.001s) | BlockRelocate:2(0.015s) | mPDG:0(0.005s) | TotalTime:0.022s | Cost:24508.41
LS: BlockExchange:0(0.000s) | PDPairExchange:0(0.001s) | BlockRelocate:2(0.011s) | mPDG:0(0.005s) | TotalTime:0.018s | Cost:24508.41

The solution initialized by Cheapest Insertion:
V_1:[d1_0946410032-1 p2_1015200038-1 p21_1002040035-1 p2_1015060037-1 p1_0949120033-1 d1_0949120033-1 d2_1015060037-2 d21_1002040035-21 d2_1015200038-2] V_2:[p4_0958350034-1 d4_0958350034-4] V_3:[p1_0930440031-1 d1_0930440031-1 d10_1012150036-10 d2_0906050029-2] V_4:[d8_0747110028-8] V_5:[d1_0626070021-1 d1_0656120027-1 p12_0930180030-1 d12_0930180030-12]
The fitness value before EA: 24508.286666666663
V_1:[d1_0946410032-1 p2_1015200038-1 p21_1002040035-1 p2_1015060037-1 p1_0949120033-1 d1_0949120033-1 d2_1015060037-2 d21_1002040035-21 d2_1015200038-2] V_2:[p4_0958350034-1 d4_0958350034-4] V_3:[p1_0930440031-1 d1_0930440031-1 d10_1012150036-10 d2_0906050029-2] V_4:[d8_0747110028-8] V_5:[d1_0626070021-1 d1_0656120027-1 p12_0930180030-1 d12_0930180030-12]
The fitness value after EA: 24508.286666666663

Thoi gian thuc hien thuat toan:  1.7809722423553467
SUCCESS

2025-10-04 08:44:59,861 [simulate_environment.py | 256] INFO: 2025-10-04 10:50:00, Item 0930180030-1: state = 1 < 2, we can not finish the simulation
2025-10-04 08:44:59,861 [simulate_environment.py | 99] INFO: **************************************************
2025-10-04 08:44:59,861 [simulate_environment.py | 103] INFO: cur time: 2025-10-04 11:00:00, pre time: 2025-10-04 10:50:00
2025-10-04 08:44:59,861 [simulate_environment.py | 140] INFO: Start to update the input of 2025-10-04 11:00:00
2025-10-04 08:44:59,863 [simulate_environment.py | 167] INFO: Get 43 unallocated order items, 23 ongoing order items, 94 completed order items
2025-10-04 08:45:02,126 [simulate_environment.py | 234] INFO: 
Adaptive config applied: {'num_orders': 5, 'num_vehicles': 5, 'time_budget_sec': None, 'POPULATION_SIZE': 40, 'NUMBER_OF_GENERATION': 20, 'MUTATION_RATE': 0.1, 'LS_MAX': 20, 'LS_MAX_TIME_PER_OP': 3, 'LS_MAX_TIME_IN_SINGLE': 1}
LS: BlockExchange | Count: 0 | TotalTime:0.000s | Cost:24508.29
LS: PDPairExchange | Count: 1 | TotalTime:0.001s | Cost:24511.49
LS: mPDG | Count: 1 | TotalTime:0.004s | Cost:24511.53
LS: PDPairExchange | Count: 1 | TotalTime:0.000s | Cost:24511.49
LS: PDPairExchange | Count: 1 | TotalTime:0.001s | Cost:24511.49
LS: BlockRelocate | Count: 1 | TotalTime:0.008s | Cost:24511.61
LS: BlockRelocate | Count: 1 | TotalTime:0.003s | Cost:24511.61
LS: mPDG | Count: 1 | TotalTime:0.004s | Cost:24511.53
LS: BlockExchange | Count: 1 | TotalTime:0.001s | Cost:24511.49
LS: PDPairExchange | Count: 1 | TotalTime:0.000s | Cost:24511.49
LS: mPDG | Count: 1 | TotalTime:0.004s | Cost:24511.53
Generation 1: Best = 24508.29, Worst = 249511.67, Avg = 30136.52, Time: 0.14459991455078125
LS: PDPairExchange | Count: 0 | TotalTime:0.000s | Cost:24508.29
LS: PDPairExchange | Count: 1 | TotalTime:0.001s | Cost:24511.47
LS: PDPairExchange | Count: 1 | TotalTime:0.000s | Cost:24511.47
LS: PDPairExchange | Count: 1 | TotalTime:0.000s | Cost:24511.47
LS: BlockExchange | Count: 1 | TotalTime:0.001s | Cost:24511.47
LS: PDPairExchange | Count: 1 | TotalTime:0.000s | Cost:24511.47
LS: mPDG | Count: 0 | TotalTime:0.003s | Cost:24511.53
LS: mPDG | Count: 0 | TotalTime:0.002s | Cost:24511.53
LS: PDPairExchange | Count: 1 | TotalTime:0.001s | Cost:24511.49
LS: PDPairExchange | Count: 1 | TotalTime:0.000s | Cost:24511.49
LS: BlockRelocate | Count: 1 | TotalTime:0.007s | Cost:24511.61
Generation 2: Best = 24508.29, Worst = 26134.11, Avg = 25079.38, Time: 0.14404940605163574
LS: mPDG | Count: 0 | TotalTime:0.006s | Cost:24508.29
LS: PDPairExchange | Count: 0 | TotalTime:0.001s | Cost:24511.47
LS: PDPairExchange | Count: 0 | TotalTime:0.001s | Cost:24511.47
LS: PDPairExchange | Count: 0 | TotalTime:0.001s | Cost:24511.47
LS: BlockExchange | Count: 0 | TotalTime:0.001s | Cost:24511.47
LS: PDPairExchange | Count: 0 | TotalTime:0.001s | Cost:24511.47
LS: PDPairExchange | Count: 1 | TotalTime:0.000s | Cost:24511.47
LS: PDPairExchange | Count: 1 | TotalTime:0.000s | Cost:24511.47
LS: BlockRelocate | Count: 1 | TotalTime:0.004s | Cost:24511.61
LS: PDPairExchange | Count: 1 | TotalTime:0.001s | Cost:24511.49
LS: BlockRelocate | Count: 1 | TotalTime:0.008s | Cost:24511.61
Generation 3: Best = 24508.29, Worst = 26134.11, Avg = 25282.19, Time: 0.16220593452453613
LS: PDPairExchange | Count: 0 | TotalTime:0.000s | Cost:24508.29
LS: PDPairExchange | Count: 0 | TotalTime:0.001s | Cost:24511.47
LS: PDPairExchange | Count: 0 | TotalTime:0.001s | Cost:24511.47
LS: PDPairExchange | Count: 0 | TotalTime:0.001s | Cost:24511.47
LS: BlockExchange | Count: 0 | TotalTime:0.001s | Cost:24511.47
LS: PDPairExchange | Count: 0 | TotalTime:0.001s | Cost:24511.47
LS: PDPairExchange | Count: 0 | TotalTime:0.001s | Cost:24511.47
LS: PDPairExchange | Count: 0 | TotalTime:0.001s | Cost:24511.47
LS: BlockExchange | Count: 1 | TotalTime:0.001s | Cost:24511.49
LS: PDPairExchange | Count: 1 | TotalTime:0.000s | Cost:24511.49
LS: BlockRelocate | Count: 1 | TotalTime:0.007s | Cost:24511.61
Generation 4: Best = 24508.29, Worst = 26134.11, Avg = 25241.62, Time: 0.14206981658935547
LS: BlockRelocate | Count: 0 | TotalTime:0.005s | Cost:24508.29
LS: PDPairExchange | Count: 0 | TotalTime:0.001s | Cost:24511.47
LS: PDPairExchange | Count: 0 | TotalTime:0.001s | Cost:24511.47
LS: PDPairExchange | Count: 0 | TotalTime:0.001s | Cost:24511.47
LS: BlockExchange | Count: 0 | TotalTime:0.001s | Cost:24511.47
LS: PDPairExchange | Count: 0 | TotalTime:0.001s | Cost:24511.47
LS: PDPairExchange | Count: 0 | TotalTime:0.001s | Cost:24511.47
LS: PDPairExchange | Count: 0 | TotalTime:0.001s | Cost:24511.47
LS: PDPairExchange | Count: 1 | TotalTime:0.000s | Cost:24511.49
LS: BlockRelocate | Count: 1 | TotalTime:0.002s | Cost:24511.61
LS: PDPairExchange | Count: 1 | TotalTime:0.001s | Cost:24511.49
Generation 5: Best = 24508.29, Worst = 26134.11, Avg = 25322.75, Time: 0.14212727546691895
Stopping early due to lack of improvement.
Total runtime: 1.69s (0.0 minutes)
LS: mPDG:0(0.000s) | PDPairExchange:0(0.000s) | BlockExchange:0(0.000s) | BlockRelocate:0(0.008s) | TotalTime:0.009s | Cost:24508.29
LS: PDPairExchange:0(0.000s) | BlockExchange:0(0.004s) | BlockRelocate:2(0.018s) | mPDG:0(0.011s) | TotalTime:0.032s | Cost:24508.41
LS: PDPairExchange:0(0.000s) | BlockExchange:0(0.002s) | BlockRelocate:2(0.013s) | mPDG:0(0.006s) | TotalTime:0.021s | Cost:24508.41
LS: PDPairExchange:0(0.000s) | BlockExchange:0(0.002s) | BlockRelocate:2(0.013s) | mPDG:0(0.006s) | TotalTime:0.021s | Cost:24508.41
LS: BlockExchange:0(0.000s) | PDPairExchange:0(0.002s) | BlockRelocate:2(0.014s) | mPDG:0(0.007s) | TotalTime:0.022s | Cost:24508.41

The solution initialized by Cheapest Insertion:
V_1:[d1_0946410032-1 p2_1015200038-1 p21_1002040035-1 p2_1015060037-1 p1_0949120033-1 d1_0949120033-1 d2_1015060037-2 d21_1002040035-21 d2_1015200038-2] V_2:[p4_0958350034-1 d4_0958350034-4] V_3:[p1_0930440031-1 d1_0930440031-1 d10_1012150036-10 d2_0906050029-2] V_4:[d8_0747110028-8] V_5:[d1_0626070021-1 d1_0656120027-1 p12_0930180030-1 d12_0930180030-12]
The fitness value before EA: 24508.286666666663
V_1:[d1_0946410032-1 p2_1015200038-1 p21_1002040035-1 p2_1015060037-1 p1_0949120033-1 d1_0949120033-1 d2_1015060037-2 d21_1002040035-21 d2_1015200038-2] V_2:[p4_0958350034-1 d4_0958350034-4] V_3:[p1_0930440031-1 d1_0930440031-1 d10_1012150036-10 d2_0906050029-2] V_4:[d8_0747110028-8] V_5:[d1_0626070021-1 d1_0656120027-1 p12_0930180030-1 d12_0930180030-12]
The fitness value after EA: 24508.286666666663

Thoi gian thuc hien thuat toan:  1.8218388557434082
SUCCESS

2025-10-04 08:45:02,128 [simulate_environment.py | 256] INFO: 2025-10-04 11:00:00, Item 0930180030-1: state = 1 < 2, we can not finish the simulation
2025-10-04 08:45:02,129 [simulate_environment.py | 99] INFO: **************************************************
2025-10-04 08:45:02,129 [simulate_environment.py | 103] INFO: cur time: 2025-10-04 11:10:00, pre time: 2025-10-04 11:00:00
2025-10-04 08:45:02,129 [simulate_environment.py | 140] INFO: Start to update the input of 2025-10-04 11:10:00
2025-10-04 08:45:02,130 [simulate_environment.py | 167] INFO: Get 19 unallocated order items, 39 ongoing order items, 103 completed order items
2025-10-04 08:45:03,984 [simulate_environment.py | 234] INFO: 
Adaptive config applied: {'num_orders': 2, 'num_vehicles': 5, 'time_budget_sec': None, 'POPULATION_SIZE': 40, 'NUMBER_OF_GENERATION': 20, 'MUTATION_RATE': 0.1, 'LS_MAX': 20, 'LS_MAX_TIME_PER_OP': 3, 'LS_MAX_TIME_IN_SINGLE': 1}
LS: PDPairExchange | Count: 0 | TotalTime:0.000s | Cost:24513.75
LS: BlockExchange | Count: 0 | TotalTime:0.000s | Cost:56480.49
LS: BlockExchange | Count: 1 | TotalTime:0.000s | Cost:24513.75
LS: BlockExchange | Count: 1 | TotalTime:0.000s | Cost:24513.75
LS: PDPairExchange | Count: 1 | TotalTime:0.000s | Cost:24513.75
LS: BlockExchange | Count: 1 | TotalTime:0.000s | Cost:24513.75
LS: mPDG | Count: 1 | TotalTime:0.001s | Cost:28694.54
LS: BlockExchange | Count: 1 | TotalTime:0.000s | Cost:24513.75
LS: BlockRelocate | Count: 1 | TotalTime:0.002s | Cost:65694.56
LS: PDPairExchange | Count: 1 | TotalTime:0.000s | Cost:24513.75
LS: PDPairExchange | Count: 1 | TotalTime:0.000s | Cost:24513.75
Generation 1: Best = 24513.75, Worst = 81481.17, Avg = 67748.34, Time: 0.06934547424316406
LS: mPDG | Count: 0 | TotalTime:0.001s | Cost:24513.75
LS: BlockExchange | Count: 0 | TotalTime:0.000s | Cost:24513.75
LS: BlockExchange | Count: 0 | TotalTime:0.000s | Cost:24513.75
LS: PDPairExchange | Count: 0 | TotalTime:0.000s | Cost:24513.75
LS: BlockExchange | Count: 0 | TotalTime:0.000s | Cost:24513.75
LS: BlockExchange | Count: 0 | TotalTime:0.000s | Cost:24513.75
LS: PDPairExchange | Count: 0 | TotalTime:0.000s | Cost:24513.75
LS: PDPairExchange | Count: 0 | TotalTime:0.000s | Cost:24513.75
LS: BlockRelocate | Count: 1 | TotalTime:0.002s | Cost:65694.56
LS: PDPairExchange | Count: 1 | TotalTime:0.000s | Cost:24513.75
LS: BlockExchange | Count: 1 | TotalTime:0.000s | Cost:24513.75
Generation 2: Best = 24513.75, Worst = 81481.17, Avg = 66844.65, Time: 0.0958094596862793
LS: mPDG | Count: 0 | TotalTime:0.001s | Cost:24513.75
LS: BlockExchange | Count: 0 | TotalTime:0.000s | Cost:24513.75
LS: BlockExchange | Count: 0 | TotalTime:0.000s | Cost:24513.75
LS: PDPairExchange | Count: 0 | TotalTime:0.000s | Cost:24513.75
LS: BlockExchange | Count: 0 | TotalTime:0.000s | Cost:24513.75
LS: BlockExchange | Count: 0 | TotalTime:0.000s | Cost:24513.75
LS: PDPairExchange | Count: 0 | TotalTime:0.000s | Cost:24513.75
LS: PDPairExchange | Count: 0 | TotalTime:0.000s | Cost:24513.75
LS: BlockRelocate | Count: 1 | TotalTime:0.001s | Cost:65694.56
LS: BlockRelocate | Count: 1 | TotalTime:0.002s | Cost:65694.56
LS: BlockRelocate | Count: 1 | TotalTime:0.001s | Cost:65694.56
Generation 3: Best = 24513.75, Worst = 81481.17, Avg = 68903.69, Time: 0.0920555591583252
LS: BlockExchange | Count: 0 | TotalTime:0.000s | Cost:24513.75
LS: BlockExchange | Count: 0 | TotalTime:0.000s | Cost:24513.75
LS: BlockExchange | Count: 0 | TotalTime:0.000s | Cost:24513.75
LS: PDPairExchange | Count: 0 | TotalTime:0.000s | Cost:24513.75
LS: BlockExchange | Count: 0 | TotalTime:0.000s | Cost:24513.75
LS: BlockExchange | Count: 0 | TotalTime:0.000s | Cost:24513.75
LS: PDPairExchange | Count: 0 | TotalTime:0.000s | Cost:24513.75
LS: PDPairExchange | Count: 0 | TotalTime:0.000s | Cost:24513.75
LS: BlockExchange | Count: 1 | TotalTime:0.000s | Cost:24513.75
LS: mPDG | Count: 1 | TotalTime:0.001s | Cost:28694.54
LS: BlockExchange | Count: 1 | TotalTime:0.000s | Cost:24513.75
Generation 4: Best = 24513.75, Worst = 81481.17, Avg = 65919.65, Time: 0.0826871395111084
LS: BlockRelocate | Count: 0 | TotalTime:0.002s | Cost:24513.75
LS: BlockExchange | Count: 0 | TotalTime:0.000s | Cost:24513.75
LS: BlockExchange | Count: 0 | TotalTime:0.000s | Cost:24513.75
LS: PDPairExchange | Count: 0 | TotalTime:0.000s | Cost:24513.75
LS: BlockExchange | Count: 0 | TotalTime:0.000s | Cost:24513.75
LS: BlockExchange | Count: 0 | TotalTime:0.000s | Cost:24513.75
LS: PDPairExchange | Count: 0 | TotalTime:0.000s | Cost:24513.75
LS: PDPairExchange | Count: 0 | TotalTime:0.000s | Cost:24513.75
LS: BlockRelocate | Count: 1 | TotalTime:0.002s | Cost:65694.56
LS: mPDG | Count: 1 | TotalTime:0.001s | Cost:28694.54
LS: PDPairExchange | Count: 1 | TotalTime:0.000s | Cost:24513.75
Generation 5: Best = 24513.75, Worst = 81481.17, Avg = 66949.17, Time: 0.08625578880310059
Stopping early due to lack of improvement.
Total runtime: 1.36s (0.0 minutes)
LS: mPDG:0(0.000s) | BlockExchange:0(0.000s) | BlockRelocate:0(0.002s) | PDPairExchange:0(0.000s) | TotalTime:0.002s | Cost:24513.75
LS: BlockExchange:0(0.000s) | PDPairExchange:0(0.000s) | BlockRelocate:0(0.002s) | mPDG:0(0.001s) | TotalTime:0.003s | Cost:24513.75
LS: BlockExchange:0(0.000s) | PDPairExchange:0(0.000s) | BlockRelocate:0(0.002s) | mPDG:0(0.001s) | TotalTime:0.003s | Cost:24513.75
LS: PDPairExchange:0(0.000s) | BlockExchange:0(0.000s) | BlockRelocate:0(0.002s) | mPDG:0(0.001s) | TotalTime:0.003s | Cost:24513.75
LS: BlockExchange:0(0.000s) | PDPairExchange:0(0.000s) | BlockRelocate:0(0.002s) | mPDG:0(0.001s) | TotalTime:0.003s | Cost:24513.75

The solution initialized by Cheapest Insertion:
V_1:[p1_0949120033-1 d1_0949120033-1 d2_1015060037-2 d21_1002040035-21 d2_1015200038-2] V_2:[p4_0958350034-1 d4_0958350034-4] V_3:[p1_0930440031-1 d1_0930440031-1 d10_1012150036-10 d2_0906050029-2] V_4:[p1_1104060039-1 d1_1104060039-1] V_5:[d1_0626070021-1 d1_0656120027-1 p12_0930180030-1 d12_0930180030-12]
The fitness value before EA: 24513.746666666666
V_1:[p1_0949120033-1 d1_0949120033-1 d2_1015060037-2 d21_1002040035-21 d2_1015200038-2] V_2:[p4_0958350034-1 d4_0958350034-4] V_3:[p1_0930440031-1 d1_0930440031-1 d10_1012150036-10 d2_0906050029-2] V_4:[p1_1104060039-1 d1_1104060039-1] V_5:[d1_0626070021-1 d1_0656120027-1 p12_0930180030-1 d12_0930180030-12]
The fitness value after EA: 24513.746666666666

Thoi gian thuc hien thuat toan:  1.3835294246673584
SUCCESS

2025-10-04 08:45:03,987 [simulate_environment.py | 256] INFO: 2025-10-04 11:10:00, Item 0930180030-1: state = 1 < 2, we can not finish the simulation
2025-10-04 08:45:03,987 [simulate_environment.py | 99] INFO: **************************************************
2025-10-04 08:45:03,988 [simulate_environment.py | 103] INFO: cur time: 2025-10-04 11:20:00, pre time: 2025-10-04 11:10:00
2025-10-04 08:45:03,988 [simulate_environment.py | 140] INFO: Start to update the input of 2025-10-04 11:20:00
2025-10-04 08:45:03,988 [simulate_environment.py | 167] INFO: Get 38 unallocated order items, 37 ongoing order items, 105 completed order items
2025-10-04 08:45:09,272 [simulate_environment.py | 234] INFO: 
Adaptive config applied: {'num_orders': 5, 'num_vehicles': 5, 'time_budget_sec': None, 'POPULATION_SIZE': 40, 'NUMBER_OF_GENERATION': 20, 'MUTATION_RATE': 0.1, 'LS_MAX': 20, 'LS_MAX_TIME_PER_OP': 3, 'LS_MAX_TIME_IN_SINGLE': 1}
LS: PDPairExchange | Count: 0 | TotalTime:0.001s | Cost:87336.01
LS: mPDG | Count: 1 | TotalTime:0.004s | Cost:110454.74
LS: mPDG | Count: 1 | TotalTime:0.006s | Cost:100186.27
LS: mPDG | Count: 1 | TotalTime:0.005s | Cost:100186.27
LS: BlockRelocate | Count: 1 | TotalTime:0.003s | Cost:100186.27
LS: BlockExchange | Count: 0 | TotalTime:0.001s | Cost:357489.36
LS: BlockExchange | Count: 0 | TotalTime:0.001s | Cost:357489.36
LS: BlockExchange | Count: 0 | TotalTime:0.001s | Cost:357489.36
LS: mPDG | Count: 1 | TotalTime:0.006s | Cost:100186.27
LS: BlockRelocate | Count: 1 | TotalTime:0.001s | Cost:355772.68
LS: BlockRelocate | Count: 1 | TotalTime:0.000s | Cost:100186.27
Generation 1: Best = 87336.01, Worst = 357489.36, Avg = 312353.86, Time: 0.15947365760803223
LS: mPDG | Count: 0 | TotalTime:0.003s | Cost:87336.01
LS: mPDG | Count: 1 | TotalTime:0.004s | Cost:87336.01
LS: mPDG | Count: 1 | TotalTime:0.004s | Cost:87336.01
LS: BlockRelocate | Count: 1 | TotalTime:0.001s | Cost:95769.39
LS: mPDG | Count: 1 | TotalTime:0.004s | Cost:87336.01
LS: BlockRelocate | Count: 1 | TotalTime:0.003s | Cost:95769.39
LS: mPDG | Count: 0 | TotalTime:0.004s | Cost:110454.74
LS: BlockRelocate | Count: 1 | TotalTime:0.004s | Cost:98469.59
LS: BlockRelocate | Count: 1 | TotalTime:0.001s | Cost:100186.27
LS: mPDG | Count: 1 | TotalTime:0.005s | Cost:100186.27
LS: BlockRelocate | Count: 1 | TotalTime:0.000s | Cost:100186.27
Generation 2: Best = 87336.01, Worst = 357489.36, Avg = 285438.94, Time: 0.19292211532592773
LS: PDPairExchange | Count: 0 | TotalTime:0.001s | Cost:87336.01
LS: mPDG | Count: 0 | TotalTime:2.567s | Cost:87336.01
LS: mPDG | Count: 0 | TotalTime:0.003s | Cost:87336.01
LS: mPDG | Count: 0 | TotalTime:0.003s | Cost:87336.01
LS: BlockRelocate | Count: 0 | TotalTime:0.010s | Cost:95769.39
LS: BlockRelocate | Count: 0 | TotalTime:0.010s | Cost:95769.39
LS: BlockRelocate | Count: 1 | TotalTime:0.003s | Cost:98469.21
LS: BlockRelocate | Count: 1 | TotalTime:0.003s | Cost:95769.39
LS: mPDG | Count: 1 | TotalTime:0.012s | Cost:100186.27
LS: mPDG | Count: 1 | TotalTime:0.006s | Cost:100186.27
LS: PDPairExchange | Count: 0 | TotalTime:0.001s | Cost:357489.36
Generation 3: Best = 87336.01, Worst = 357489.36, Avg = 291504.37, Time: 2.7652838230133057
LS: PDPairExchange | Count: 0 | TotalTime:0.001s | Cost:87336.01
LS: mPDG | Count: 0 | TotalTime:0.003s | Cost:87336.01
LS: mPDG | Count: 0 | TotalTime:0.003s | Cost:87336.01
LS: mPDG | Count: 0 | TotalTime:0.003s | Cost:87336.01
LS: BlockRelocate | Count: 0 | TotalTime:0.011s | Cost:95769.39
LS: BlockRelocate | Count: 0 | TotalTime:0.010s | Cost:95769.39
LS: BlockRelocate | Count: 0 | TotalTime:0.010s | Cost:95769.39
LS: BlockRelocate | Count: 1 | TotalTime:0.001s | Cost:95769.39
LS: mPDG | Count: 1 | TotalTime:0.006s | Cost:100186.27
LS: BlockExchange | Count: 0 | TotalTime:0.001s | Cost:357489.36
LS: mPDG | Count: 1 | TotalTime:0.006s | Cost:100186.27
Generation 4: Best = 87336.01, Worst = 357489.36, Avg = 291436.88, Time: 0.21058130264282227
LS: BlockRelocate | Count: 0 | TotalTime:0.010s | Cost:87336.01
LS: mPDG | Count: 0 | TotalTime:0.005s | Cost:87336.01
LS: mPDG | Count: 0 | TotalTime:0.006s | Cost:87336.01
LS: mPDG | Count: 0 | TotalTime:0.003s | Cost:87336.01
LS: BlockRelocate | Count: 0 | TotalTime:0.012s | Cost:95769.39
LS: BlockRelocate | Count: 0 | TotalTime:0.012s | Cost:95769.39
LS: BlockRelocate | Count: 0 | TotalTime:0.012s | Cost:95769.39
LS: BlockRelocate | Count: 0 | TotalTime:0.012s | Cost:95769.39
LS: BlockExchange | Count: 0 | TotalTime:0.001s | Cost:357489.36
LS: PDPairExchange | Count: 0 | TotalTime:0.001s | Cost:357489.36
LS: PDPairExchange | Count: 0 | TotalTime:0.001s | Cost:357489.36
Generation 5: Best = 87336.01, Worst = 357489.36, Avg = 304302.03, Time: 0.23096561431884766
Stopping early due to lack of improvement.
Total runtime: 4.53s (0.1 minutes)
LS: mPDG:0(0.000s) | PDPairExchange:0(0.002s) | BlockExchange:0(0.002s) | BlockRelocate:0(0.023s) | TotalTime:0.027s | Cost:87336.01
LS: mPDG:0(0.000s) | PDPairExchange:2(0.007s) | BlockExchange:0(0.004s) | BlockRelocate:1(0.029s) | TotalTime:0.039s | Cost:85904.48
LS: mPDG:0(0.000s) | PDPairExchange:2(0.006s) | BlockExchange:0(0.003s) | BlockRelocate:1(0.019s) | TotalTime:0.028s | Cost:85904.48
LS: mPDG:0(0.000s) | PDPairExchange:2(0.005s) | BlockExchange:0(0.003s) | BlockRelocate:1(0.016s) | TotalTime:0.024s | Cost:85904.48
LS: BlockRelocate:1(0.008s) | PDPairExchange:3(0.004s) | BlockExchange:0(0.001s) | mPDG:0(0.005s) | TotalTime:0.018s | Cost:85904.48

The solution initialized by Cheapest Insertion:
V_1:[p1_1110120040-1 p1_0949120033-1 d1_0949120033-1 d1_1110120040-1 d2_1015060037-2 d21_1002040035-21 d2_1015200038-2] V_2:[p4_0958350034-1 p13_1114040043-1 d13_1114040043-13 d4_0958350034-4] V_3:[p1_0930440031-1 d1_0930440031-1 d10_1012150036-10 d2_0906050029-2 p3_1110400041-1 d3_1110400041-3] V_4:[p1_1104060039-1 d1_1104060039-1 p1_1113130042-1 d1_1113130042-1] V_5:[p12_0930180030-1 d12_0930180030-12 p1_1119300044-1 d1_1119300044-1]
The fitness value before EA: 87336.01333333332
V_1:[p1_1110120040-1 p1_1119300044-1 d1_1119300044-1 d1_1110120040-1 d2_1015060037-2 d21_1002040035-21 d2_1015200038-2] V_2:[p4_0958350034-1 p13_1114040043-1 d13_1114040043-13 d4_0958350034-4] V_3:[p1_0930440031-1 d1_0930440031-1 d10_1012150036-10 d2_0906050029-2 p1_1113130042-1 d1_1113130042-1] V_4:[p1_1104060039-1 p1_0949120033-1 d1_0949120033-1 d1_1104060039-1] V_5:[p12_0930180030-1 d12_0930180030-12 p3_1110400041-1 d3_1110400041-3]
The fitness value after EA: 85904.47777777778

Thoi gian thuc hien thuat toan:  4.818829774856567
SUCCESS

2025-10-04 08:45:09,276 [simulate_environment.py | 256] INFO: 2025-10-04 11:20:00, Item 0930180030-1: state = 1 < 2, we can not finish the simulation
2025-10-04 08:45:09,277 [simulate_environment.py | 99] INFO: **************************************************
2025-10-04 08:45:09,277 [simulate_environment.py | 103] INFO: cur time: 2025-10-04 11:30:00, pre time: 2025-10-04 11:20:00
2025-10-04 08:45:09,277 [simulate_environment.py | 140] INFO: Start to update the input of 2025-10-04 11:30:00
2025-10-04 08:45:09,278 [simulate_environment.py | 167] INFO: Get 39 unallocated order items, 37 ongoing order items, 105 completed order items
2025-10-04 08:45:12,438 [simulate_environment.py | 234] INFO: 
Adaptive config applied: {'num_orders': 6, 'num_vehicles': 5, 'time_budget_sec': None, 'POPULATION_SIZE': 40, 'NUMBER_OF_GENERATION': 20, 'MUTATION_RATE': 0.1, 'LS_MAX': 20, 'LS_MAX_TIME_PER_OP': 3, 'LS_MAX_TIME_IN_SINGLE': 1}
LS: mPDG | Count: 1 | TotalTime:0.005s | Cost:85904.86
LS: BlockRelocate | Count: 1 | TotalTime:0.001s | Cost:244841.45
LS: PDPairExchange | Count: 1 | TotalTime:0.000s | Cost:401273.36
LS: PDPairExchange | Count: 1 | TotalTime:0.001s | Cost:411841.56
LS: mPDG | Count: 1 | TotalTime:0.006s | Cost:421574.92
LS: BlockExchange | Count: 1 | TotalTime:0.000s | Cost:411841.56
LS: BlockRelocate | Count: 1 | TotalTime:0.001s | Cost:431930.16
LS: mPDG | Count: 1 | TotalTime:0.006s | Cost:421574.92
LS: BlockRelocate | Count: 1 | TotalTime:0.001s | Cost:431930.16
LS: PDPairExchange | Count: 1 | TotalTime:0.000s | Cost:444839.20
LS: mPDG | Count: 1 | TotalTime:0.007s | Cost:421574.92
Generation 1: Best = 85904.86, Worst = 448241.86, Avg = 428203.53, Time: 0.19751453399658203
LS: mPDG | Count: 0 | TotalTime:0.004s | Cost:85904.86
LS: BlockRelocate | Count: 1 | TotalTime:0.001s | Cost:243805.22
LS: PDPairExchange | Count: 1 | TotalTime:0.000s | Cost:399073.42
LS: PDPairExchange | Count: 1 | TotalTime:0.000s | Cost:409274.92
LS: BlockExchange | Count: 1 | TotalTime:0.001s | Cost:407336.86
LS: mPDG | Count: 1 | TotalTime:0.006s | Cost:104468.65
LS: mPDG | Count: 1 | TotalTime:0.007s | Cost:104468.65
LS: mPDG | Count: 1 | TotalTime:0.006s | Cost:104468.65
LS: BlockRelocate | Count: 1 | TotalTime:0.006s | Cost:430527.95
LS: PDPairExchange | Count: 1 | TotalTime:0.000s | Cost:382974.88
LS: PDPairExchange | Count: 1 | TotalTime:0.001s | Cost:382974.88
Generation 2: Best = 85904.86, Worst = 448241.86, Avg = 397250.67, Time: 0.23464322090148926
LS: mPDG | Count: 0 | TotalTime:0.004s | Cost:85904.86
LS: mPDG | Count: 1 | TotalTime:0.005s | Cost:95769.77
LS: mPDG | Count: 1 | TotalTime:0.005s | Cost:95769.77
LS: mPDG | Count: 1 | TotalTime:0.005s | Cost:95769.77
LS: BlockRelocate | Count: 1 | TotalTime:0.002s | Cost:229802.22
LS: PDPairExchange | Count: 1 | TotalTime:0.001s | Cost:379308.25
LS: PDPairExchange | Count: 1 | TotalTime:0.001s | Cost:379308.25
LS: PDPairExchange | Count: 1 | TotalTime:0.000s | Cost:384203.99
LS: PDPairExchange | Count: 1 | TotalTime:0.000s | Cost:430125.28
LS: BlockRelocate | Count: 1 | TotalTime:0.004s | Cost:435928.09
LS: mPDG | Count: 1 | TotalTime:0.005s | Cost:426944.44
Generation 3: Best = 85904.86, Worst = 448241.86, Avg = 394786.24, Time: 0.24232935905456543
LS: mPDG | Count: 0 | TotalTime:0.004s | Cost:85904.86
LS: mPDG | Count: 0 | TotalTime:0.005s | Cost:95769.77
LS: mPDG | Count: 0 | TotalTime:0.004s | Cost:95769.77
LS: mPDG | Count: 0 | TotalTime:0.004s | Cost:95769.77
LS: BlockRelocate | Count: 1 | TotalTime:0.002s | Cost:96801.94
LS: PDPairExchange | Count: 1 | TotalTime:0.000s | Cost:374803.55
LS: PDPairExchange | Count: 1 | TotalTime:0.000s | Cost:378005.47
LS: PDPairExchange | Count: 1 | TotalTime:0.001s | Cost:382637.28
LS: mPDG | Count: 1 | TotalTime:0.005s | Cost:426944.44
LS: PDPairExchange | Count: 1 | TotalTime:0.001s | Cost:430125.28
LS: mPDG | Count: 1 | TotalTime:0.005s | Cost:426944.44
Generation 4: Best = 85904.86, Worst = 448241.86, Avg = 392225.61, Time: 0.19735169410705566
LS: mPDG | Count: 0 | TotalTime:0.004s | Cost:85904.86
LS: mPDG | Count: 0 | TotalTime:0.004s | Cost:95769.77
LS: mPDG | Count: 0 | TotalTime:0.005s | Cost:95769.77
LS: mPDG | Count: 0 | TotalTime:0.004s | Cost:95769.77
LS: BlockRelocate | Count: 1 | TotalTime:0.009s | Cost:89601.88
LS: PDPairExchange | Count: 1 | TotalTime:0.000s | Cost:368386.90
LS: PDPairExchange | Count: 1 | TotalTime:0.000s | Cost:374770.20
LS: PDPairExchange | Count: 1 | TotalTime:0.001s | Cost:376370.68
LS: BlockExchange | Count: 1 | TotalTime:0.001s | Cost:382974.88
LS: PDPairExchange | Count: 1 | TotalTime:0.000s | Cost:384206.75
LS: mPDG | Count: 1 | TotalTime:0.005s | Cost:426944.44
Generation 5: Best = 85904.86, Worst = 448241.86, Avg = 389400.45, Time: 0.20493149757385254
Stopping early due to lack of improvement.
Total runtime: 2.48s (0.0 minutes)
LS: mPDG:0(0.000s) | PDPairExchange:0(0.001s) | BlockExchange:0(0.001s) | BlockRelocate:0(0.013s) | TotalTime:0.016s | Cost:85904.86
LS: BlockRelocate:3(0.017s) | PDPairExchange:0(0.001s) | BlockExchange:0(0.001s) | mPDG:0(0.004s) | TotalTime:0.024s | Cost:85904.86
LS: mPDG:0(0.000s) | PDPairExchange:0(0.002s) | BlockExchange:0(0.001s) | BlockRelocate:0(0.015s) | TotalTime:0.018s | Cost:95769.77
LS: mPDG:0(0.000s) | PDPairExchange:0(0.002s) | BlockExchange:0(0.002s) | BlockRelocate:0(0.015s) | TotalTime:0.018s | Cost:95769.77
LS: mPDG:0(0.000s) | PDPairExchange:0(0.002s) | BlockExchange:0(0.002s) | BlockRelocate:0(0.015s) | TotalTime:0.018s | Cost:95769.77

The solution initialized by Cheapest Insertion:
V_1:[p1_1110120040-1 p1_1119300044-1 d1_1119300044-1 d1_1110120040-1 d2_1015060037-2 d21_1002040035-21 d2_1015200038-2 p1_1123490045-1 d1_1123490045-1] V_2:[p4_0958350034-1 p13_1114040043-1 d13_1114040043-13 d4_0958350034-4] V_3:[p1_0930440031-1 d1_0930440031-1 d10_1012150036-10 d2_0906050029-2 p1_1113130042-1 d1_1113130042-1] V_4:[p1_1104060039-1 p1_0949120033-1 d1_0949120033-1 d1_1104060039-1] V_5:[p12_0930180030-1 d12_0930180030-12 p3_1110400041-1 d3_1110400041-3]
The fitness value before EA: 86002.18
V_1:[p1_1110120040-1 d1_1110120040-1 d2_1015060037-2 d21_1002040035-21 d2_1015200038-2 p1_1123490045-1 p1_1119300044-1 d1_1119300044-1 d1_1123490045-1] V_2:[p4_0958350034-1 p13_1114040043-1 d13_1114040043-13 d4_0958350034-4] V_3:[p1_0930440031-1 d1_0930440031-1 d10_1012150036-10 d2_0906050029-2 p1_1113130042-1 d1_1113130042-1] V_4:[p1_1104060039-1 p1_0949120033-1 d1_0949120033-1 d1_1104060039-1] V_5:[p12_0930180030-1 d12_0930180030-12 p3_1110400041-1 d3_1110400041-3]
The fitness value after EA: 85904.85777777778

Thoi gian thuc hien thuat toan:  2.616454601287842
SUCCESS

2025-10-04 08:45:12,442 [simulate_environment.py | 256] INFO: 2025-10-04 11:30:00, Item 0930180030-1: state = 1 < 2, we can not finish the simulation
2025-10-04 08:45:12,443 [simulate_environment.py | 99] INFO: **************************************************
2025-10-04 08:45:12,443 [simulate_environment.py | 103] INFO: cur time: 2025-10-04 11:40:00, pre time: 2025-10-04 11:30:00
2025-10-04 08:45:12,443 [simulate_environment.py | 140] INFO: Start to update the input of 2025-10-04 11:40:00
2025-10-04 08:45:12,444 [simulate_environment.py | 167] INFO: Get 44 unallocated order items, 37 ongoing order items, 105 completed order items
2025-10-04 08:45:15,619 [simulate_environment.py | 234] INFO: 
Adaptive config applied: {'num_orders': 9, 'num_vehicles': 5, 'time_budget_sec': None, 'POPULATION_SIZE': 40, 'NUMBER_OF_GENERATION': 20, 'MUTATION_RATE': 0.1, 'LS_MAX': 20, 'LS_MAX_TIME_PER_OP': 3, 'LS_MAX_TIME_IN_SINGLE': 1}
LS: mPDG | Count: 0 | TotalTime:0.009s | Cost:86399.48
LS: BlockExchange | Count: 1 | TotalTime:0.000s | Cost:605291.19
LS: BlockExchange | Count: 1 | TotalTime:0.000s | Cost:601437.83
LS: BlockRelocate | Count: 1 | TotalTime:0.005s | Cost:609809.67
LS: mPDG | Count: 1 | TotalTime:0.009s | Cost:595168.36
LS: mPDG | Count: 1 | TotalTime:0.009s | Cost:595168.36
LS: PDPairExchange | Count: 1 | TotalTime:0.000s | Cost:494858.27
LS: PDPairExchange | Count: 1 | TotalTime:0.001s | Cost:593045.22
LS: PDPairExchange | Count: 1 | TotalTime:0.000s | Cost:609303.98
LS: mPDG | Count: 1 | TotalTime:0.009s | Cost:595168.36
LS: mPDG | Count: 1 | TotalTime:0.009s | Cost:595168.36
Generation 1: Best = 86399.48, Worst = 844260.19, Avg = 597653.41, Time: 0.26786065101623535
LS: BlockRelocate | Count: 0 | TotalTime:0.031s | Cost:86399.48
LS: PDPairExchange | Count: 1 | TotalTime:0.001s | Cost:492419.46
LS: BlockExchange | Count: 1 | TotalTime:0.001s | Cost:603588.29
LS: PDPairExchange | Count: 1 | TotalTime:0.001s | Cost:590888.23
LS: PDPairExchange | Count: 1 | TotalTime:0.001s | Cost:583560.59
LS: BlockRelocate | Count: 1 | TotalTime:0.003s | Cost:572259.87
LS: BlockExchange | Count: 1 | TotalTime:0.001s | Cost:500362.57
LS: mPDG | Count: 1 | TotalTime:0.010s | Cost:590531.93
LS: BlockExchange | Count: 1 | TotalTime:0.001s | Cost:590888.23
LS: PDPairExchange | Count: 1 | TotalTime:0.000s | Cost:425588.95
LS: BlockExchange | Count: 1 | TotalTime:0.000s | Cost:500362.57
Generation 2: Best = 86399.48, Worst = 610037.75, Avg = 571283.33, Time: 0.26225852966308594
LS: BlockRelocate | Count: 0 | TotalTime:0.025s | Cost:86399.48
LS: PDPairExchange | Count: 1 | TotalTime:0.000s | Cost:423588.95
LS: PDPairExchange | Count: 1 | TotalTime:0.001s | Cost:492319.40
LS: BlockExchange | Count: 1 | TotalTime:0.001s | Cost:476193.16
LS: BlockExchange | Count: 1 | TotalTime:0.001s | Cost:493565.23
LS: BlockRelocate | Count: 1 | TotalTime:0.001s | Cost:570665.25
LS: PDPairExchange | Count: 1 | TotalTime:0.000s | Cost:459161.37
LS: mPDG | Count: 1 | TotalTime:0.011s | Cost:565939.35
LS: BlockExchange | Count: 1 | TotalTime:0.000s | Cost:554454.88
LS: PDPairExchange | Count: 1 | TotalTime:0.001s | Cost:583560.59
LS: BlockExchange | Count: 1 | TotalTime:0.000s | Cost:491565.23
Generation 3: Best = 86399.48, Worst = 610037.75, Avg = 570895.30, Time: 0.28630661964416504
LS: PDPairExchange | Count: 0 | TotalTime:0.003s | Cost:86399.48
LS: PDPairExchange | Count: 1 | TotalTime:0.001s | Cost:421105.66
LS: PDPairExchange | Count: 1 | TotalTime:0.001s | Cost:453394.24
LS: BlockExchange | Count: 1 | TotalTime:0.003s | Cost:469395.82
LS: BlockExchange | Count: 1 | TotalTime:0.001s | Cost:509498.64
LS: PDPairExchange | Count: 1 | TotalTime:0.001s | Cost:485296.56
LS: BlockExchange | Count: 1 | TotalTime:0.000s | Cost:488323.56
LS: BlockExchange | Count: 1 | TotalTime:0.000s | Cost:509253.42
LS: BlockExchange | Count: 1 | TotalTime:0.000s | Cost:552454.90
LS: PDPairExchange | Count: 1 | TotalTime:0.001s | Cost:554454.88
LS: BlockRelocate | Count: 1 | TotalTime:0.008s | Cost:583162.57
Generation 4: Best = 86399.48, Worst = 611979.56, Avg = 565928.25, Time: 0.23824310302734375
LS: BlockRelocate | Count: 0 | TotalTime:0.024s | Cost:86399.48
LS: PDPairExchange | Count: 1 | TotalTime:0.001s | Cost:407911.21
LS: PDPairExchange | Count: 1 | TotalTime:0.000s | Cost:445460.91
LS: BlockExchange | Count: 1 | TotalTime:0.001s | Cost:455796.68
LS: PDPairExchange | Count: 1 | TotalTime:0.001s | Cost:484860.43
LS: BlockExchange | Count: 1 | TotalTime:0.000s | Cost:449080.62
LS: BlockExchange | Count: 1 | TotalTime:0.001s | Cost:433819.58
LS: BlockExchange | Count: 1 | TotalTime:0.001s | Cost:470255.70
LS: BlockRelocate | Count: 1 | TotalTime:0.001s | Cost:587212.47
LS: mPDG | Count: 1 | TotalTime:0.011s | Cost:588531.93
LS: BlockRelocate | Count: 1 | TotalTime:0.001s | Cost:585612.63
Generation 5: Best = 86399.48, Worst = 611979.56, Avg = 563875.49, Time: 0.27809882164001465
Stopping early due to lack of improvement.
Total runtime: 2.27s (0.0 minutes)
LS: PDPairExchange:0(0.000s) | BlockRelocate:0(0.025s) | mPDG:0(0.010s) | BlockExchange:0(0.003s) | TotalTime:0.039s | Cost:86399.48
LS: PDPairExchange:13(0.038s) | BlockExchange:0(0.041s) | BlockRelocate:6(0.071s) | mPDG:0(0.000s) | TotalTime:0.150s | Cost:103438.89
LS: BlockExchange:16(0.033s) | PDPairExchange:1(0.014s) | BlockRelocate:2(0.006s) | mPDG:0(0.000s) | TotalTime:0.053s | Cost:379312.43
LS: PDPairExchange:9(0.013s) | BlockExchange:4(0.033s) | BlockRelocate:6(0.038s) | mPDG:0(0.000s) | TotalTime:0.084s | Cost:118195.25
LS: BlockExchange:15(0.022s) | PDPairExchange:2(0.009s) | BlockRelocate:2(0.004s) | mPDG:0(0.000s) | TotalTime:0.035s | Cost:386125.78

The solution initialized by Cheapest Insertion:
V_1:[p1_1110120040-1 d1_1110120040-1 d2_1015060037-2 d21_1002040035-21 d2_1015200038-2 p3_1131130047-1 p1_1130040046-1 d1_1130040046-1 p1_1123490045-1 p1_1119300044-1 d1_1119300044-1 d1_1123490045-1 d3_1131130047-3 p1_1135140048-1 d1_1135140048-1] V_2:[p4_0958350034-1 p13_1114040043-1 d13_1114040043-13 d4_0958350034-4] V_3:[p1_0930440031-1 d1_0930440031-1 d10_1012150036-10 d2_0906050029-2 p1_1113130042-1 d1_1113130042-1] V_4:[p1_1104060039-1 p1_0949120033-1 d1_0949120033-1 d1_1104060039-1] V_5:[p12_0930180030-1 d12_0930180030-12 p3_1110400041-1 d3_1110400041-3]
The fitness value before EA: 86399.48222222221
V_1:[p1_1110120040-1 d1_1110120040-1 d2_1015060037-2 d21_1002040035-21 d2_1015200038-2 p3_1131130047-1 p1_1130040046-1 d1_1130040046-1 p1_1123490045-1 p1_1119300044-1 d1_1119300044-1 d1_1123490045-1 d3_1131130047-3 p1_1135140048-1 d1_1135140048-1] V_2:[p4_0958350034-1 p13_1114040043-1 d13_1114040043-13 d4_0958350034-4] V_3:[p1_0930440031-1 d1_0930440031-1 d10_1012150036-10 d2_0906050029-2 p1_1113130042-1 d1_1113130042-1] V_4:[p1_1104060039-1 p1_0949120033-1 d1_0949120033-1 d1_1104060039-1] V_5:[p12_0930180030-1 d12_0930180030-12 p3_1110400041-1 d3_1110400041-3]
The fitness value after EA: 86399.48222222221

Thoi gian thuc hien thuat toan:  2.7340481281280518
SUCCESS

2025-10-04 08:45:15,621 [simulate_environment.py | 256] INFO: 2025-10-04 11:40:00, Item 0930180030-1: state = 1 < 2, we can not finish the simulation
2025-10-04 08:45:15,622 [simulate_environment.py | 99] INFO: **************************************************
2025-10-04 08:45:15,622 [simulate_environment.py | 103] INFO: cur time: 2025-10-04 11:50:00, pre time: 2025-10-04 11:40:00
2025-10-04 08:45:15,622 [simulate_environment.py | 140] INFO: Start to update the input of 2025-10-04 11:50:00
2025-10-04 08:45:15,623 [simulate_environment.py | 167] INFO: Get 14 unallocated order items, 67 ongoing order items, 105 completed order items
2025-10-04 08:45:18,438 [simulate_environment.py | 234] INFO: 
Adaptive config applied: {'num_orders': 8, 'num_vehicles': 5, 'time_budget_sec': None, 'POPULATION_SIZE': 40, 'NUMBER_OF_GENERATION': 20, 'MUTATION_RATE': 0.1, 'LS_MAX': 20, 'LS_MAX_TIME_PER_OP': 3, 'LS_MAX_TIME_IN_SINGLE': 1}
LS: BlockRelocate | Count: 0 | TotalTime:0.015s | Cost:86399.42
LS: mPDG | Count: 1 | TotalTime:0.006s | Cost:130464.69
LS: PDPairExchange | Count: 1 | TotalTime:0.001s | Cost:133057.04
LS: PDPairExchange | Count: 1 | TotalTime:0.000s | Cost:130395.85
LS: BlockExchange | Count: 0 | TotalTime:0.001s | Cost:135495.85
LS: BlockExchange | Count: 1 | TotalTime:0.001s | Cost:123993.25
LS: BlockRelocate | Count: 1 | TotalTime:0.001s | Cost:116058.88
LS: mPDG | Count: 1 | TotalTime:0.006s | Cost:130464.69
LS: PDPairExchange | Count: 1 | TotalTime:0.001s | Cost:130395.85
LS: PDPairExchange | Count: 1 | TotalTime:0.001s | Cost:131082.82
LS: BlockExchange | Count: 1 | TotalTime:0.001s | Cost:123993.25
Generation 1: Best = 86399.42, Worst = 203136.38, Avg = 134220.54, Time: 0.1975569725036621
LS: BlockRelocate | Count: 0 | TotalTime:0.016s | Cost:86399.42
LS: BlockRelocate | Count: 1 | TotalTime:0.004s | Cost:115503.28
LS: BlockExchange | Count: 1 | TotalTime:0.000s | Cost:123621.03
LS: BlockExchange | Count: 1 | TotalTime:0.001s | Cost:123459.26
LS: PDPairExchange | Count: 1 | TotalTime:0.001s | Cost:125982.82
LS: PDPairExchange | Count: 1 | TotalTime:0.000s | Cost:125559.92
LS: mPDG | Count: 1 | TotalTime:0.007s | Cost:105433.24
LS: mPDG | Count: 1 | TotalTime:0.006s | Cost:105433.24
LS: BlockExchange | Count: 1 | TotalTime:0.001s | Cost:140829.38
LS: mPDG | Count: 1 | TotalTime:0.006s | Cost:136859.18
LS: BlockRelocate | Count: 1 | TotalTime:0.001s | Cost:123420.47
Generation 2: Best = 86399.42, Worst = 140829.38, Avg = 134264.30, Time: 0.22971582412719727
LS: BlockRelocate | Count: 0 | TotalTime:0.016s | Cost:86399.42
LS: mPDG | Count: 1 | TotalTime:0.007s | Cost:98335.88
LS: mPDG | Count: 1 | TotalTime:0.007s | Cost:98335.88
LS: BlockRelocate | Count: 1 | TotalTime:0.002s | Cost:115503.12
LS: BlockRelocate | Count: 1 | TotalTime:0.001s | Cost:114889.57
LS: BlockExchange | Count: 1 | TotalTime:0.002s | Cost:140295.39
LS: BlockExchange | Count: 1 | TotalTime:0.001s | Cost:126510.08
LS: PDPairExchange | Count: 1 | TotalTime:0.001s | Cost:123993.25
LS: PDPairExchange | Count: 1 | TotalTime:0.000s | Cost:138815.39
LS: BlockExchange | Count: 0 | TotalTime:0.001s | Cost:139882.14
LS: BlockRelocate | Count: 1 | TotalTime:0.001s | Cost:136859.18
Generation 3: Best = 86399.42, Worst = 141551.74, Avg = 134572.75, Time: 0.22624707221984863
LS: PDPairExchange | Count: 0 | TotalTime:0.002s | Cost:86399.42
LS: mPDG | Count: 1 | TotalTime:0.006s | Cost:94757.64
LS: mPDG | Count: 1 | TotalTime:0.006s | Cost:94757.64
LS: BlockRelocate | Count: 1 | TotalTime:0.003s | Cost:111504.14
LS: BlockRelocate | Count: 1 | TotalTime:0.003s | Cost:110936.30
LS: PDPairExchange | Count: 1 | TotalTime:0.001s | Cost:123959.90
LS: BlockExchange | Count: 1 | TotalTime:0.000s | Cost:123799.64
LS: mPDG | Count: 1 | TotalTime:0.008s | Cost:130464.69
LS: BlockRelocate | Count: 1 | TotalTime:0.011s | Cost:131425.80
LS: PDPairExchange | Count: 1 | TotalTime:0.001s | Cost:139815.55
LS: BlockRelocate | Count: 1 | TotalTime:0.002s | Cost:129435.44
Generation 4: Best = 86399.42, Worst = 142771.19, Avg = 133667.21, Time: 0.23554134368896484
LS: BlockExchange | Count: 0 | TotalTime:0.002s | Cost:86399.42
LS: mPDG | Count: 0 | TotalTime:0.007s | Cost:94757.64
LS: mPDG | Count: 0 | TotalTime:0.007s | Cost:94757.64
LS: BlockRelocate | Count: 1 | TotalTime:0.001s | Cost:110932.52
LS: BlockRelocate | Count: 1 | TotalTime:0.007s | Cost:100097.96
LS: BlockExchange | Count: 1 | TotalTime:0.001s | Cost:114835.10
LS: PDPairExchange | Count: 1 | TotalTime:0.001s | Cost:123587.68
LS: BlockRelocate | Count: 1 | TotalTime:0.002s | Cost:126079.86
LS: mPDG | Count: 1 | TotalTime:0.006s | Cost:136859.18
LS: BlockExchange | Count: 1 | TotalTime:0.000s | Cost:138815.39
LS: BlockExchange | Count: 1 | TotalTime:0.000s | Cost:126500.94
Generation 5: Best = 86399.42, Worst = 165732.00, Avg = 134805.54, Time: 0.22949600219726562
Stopping early due to lack of improvement.
Total runtime: 1.96s (0.0 minutes)
LS: PDPairExchange:0(0.000s) | mPDG:0(0.007s) | BlockRelocate:0(0.017s) | BlockExchange:0(0.002s) | TotalTime:0.025s | Cost:86399.42
LS: mPDG:3(0.018s) | PDPairExchange:0(0.010s) | BlockExchange:1(0.010s) | BlockRelocate:3(0.033s) | TotalTime:0.071s | Cost:87354.98
LS: mPDG:0(0.000s) | PDPairExchange:0(0.014s) | BlockExchange:1(0.015s) | BlockRelocate:5(0.043s) | TotalTime:0.072s | Cost:87354.98
LS: BlockRelocate:4(0.026s) | PDPairExchange:1(0.008s) | BlockExchange:0(0.005s) | mPDG:1(0.016s) | TotalTime:0.056s | Cost:85921.68
LS: BlockRelocate:2(0.010s) | PDPairExchange:0(0.002s) | BlockExchange:0(0.003s) | mPDG:0(0.011s) | TotalTime:0.026s | Cost:87355.00

The solution initialized by Cheapest Insertion:
V_1:[p1_1110120040-1 d1_1110120040-1 d2_1015060037-2 d21_1002040035-21 d2_1015200038-2 p3_1131130047-1 p1_1130040046-1 d1_1130040046-1 p1_1123490045-1 p1_1119300044-1 d1_1119300044-1 d1_1123490045-1 d3_1131130047-3 p1_1135140048-1 d1_1135140048-1] V_2:[d13_1114040043-13 d4_0958350034-4] V_3:[d1_0930440031-1 d10_1012150036-10 d2_0906050029-2 p1_1113130042-1 d1_1113130042-1] V_4:[p1_1104060039-1 p1_0949120033-1 d1_0949120033-1 d1_1104060039-1] V_5:[d12_0930180030-12 p3_1110400041-1 d3_1110400041-3]
The fitness value before EA: 86399.42222222222
V_1:[p1_1110120040-1 p1_0949120033-1 d1_0949120033-1 d1_1110120040-1 d2_1015060037-2 d21_1002040035-21 d2_1015200038-2 p1_1135140048-1 d1_1135140048-1] V_2:[d13_1114040043-13 d4_0958350034-4] V_3:[d1_0930440031-1 d10_1012150036-10 d2_0906050029-2 p1_1130040046-1 p1_1113130042-1 d1_1113130042-1 d1_1130040046-1] V_4:[p1_1104060039-1 p3_1110400041-1 d3_1110400041-3 d1_1104060039-1] V_5:[d12_0930180030-12 p3_1131130047-1 p1_1123490045-1 p1_1119300044-1 d1_1119300044-1 d1_1123490045-1 d3_1131130047-3]
The fitness value after EA: 85921.68444444444

Thoi gian thuc hien thuat toan:  2.3807125091552734
SUCCESS

2025-10-04 08:45:18,444 [simulate_environment.py | 256] INFO: 2025-10-04 11:50:00, Item 0949120033-1: state = 1 < 2, we can not finish the simulation
2025-10-04 08:45:18,445 [simulate_environment.py | 99] INFO: **************************************************
2025-10-04 08:45:18,445 [simulate_environment.py | 103] INFO: cur time: 2025-10-04 12:00:00, pre time: 2025-10-04 11:50:00
2025-10-04 08:45:18,445 [simulate_environment.py | 140] INFO: Start to update the input of 2025-10-04 12:00:00
2025-10-04 08:45:18,447 [simulate_environment.py | 167] INFO: Get 15 unallocated order items, 67 ongoing order items, 105 completed order items
2025-10-04 08:45:22,189 [simulate_environment.py | 234] INFO: 
Adaptive config applied: {'num_orders': 9, 'num_vehicles': 5, 'time_budget_sec': None, 'POPULATION_SIZE': 40, 'NUMBER_OF_GENERATION': 20, 'MUTATION_RATE': 0.1, 'LS_MAX': 20, 'LS_MAX_TIME_PER_OP': 3, 'LS_MAX_TIME_IN_SINGLE': 1}
LS: mPDG | Count: 1 | TotalTime:0.012s | Cost:111674.25
LS: mPDG | Count: 1 | TotalTime:0.011s | Cost:196481.35
LS: PDPairExchange | Count: 1 | TotalTime:0.000s | Cost:197142.36
LS: PDPairExchange | Count: 1 | TotalTime:0.000s | Cost:182752.37
LS: BlockExchange | Count: 1 | TotalTime:0.001s | Cost:193704.47
LS: BlockExchange | Count: 1 | TotalTime:0.000s | Cost:204370.96
LS: mPDG | Count: 1 | TotalTime:0.011s | Cost:196481.35
LS: PDPairExchange | Count: 1 | TotalTime:0.000s | Cost:199304.25
LS: BlockRelocate | Count: 1 | TotalTime:0.003s | Cost:203287.09
LS: mPDG | Count: 1 | TotalTime:0.011s | Cost:196481.35
LS: BlockRelocate | Count: 1 | TotalTime:0.001s | Cost:203287.09
Generation 1: Best = 111674.25, Worst = 296122.10, Avg = 202610.24, Time: 0.3267483711242676
LS: mPDG | Count: 0 | TotalTime:0.015s | Cost:111674.25
LS: mPDG | Count: 1 | TotalTime:0.009s | Cost:150717.26
LS: PDPairExchange | Count: 1 | TotalTime:0.000s | Cost:153712.49
LS: mPDG | Count: 1 | TotalTime:0.010s | Cost:166950.64
LS: PDPairExchange | Count: 1 | TotalTime:0.001s | Cost:164873.60
LS: BlockRelocate | Count: 1 | TotalTime:0.001s | Cost:169723.76
LS: BlockRelocate | Count: 1 | TotalTime:0.001s | Cost:166950.64
LS: PDPairExchange | Count: 1 | TotalTime:0.001s | Cost:148931.33
LS: mPDG | Count: 1 | TotalTime:0.010s | Cost:166950.64
LS: PDPairExchange | Count: 1 | TotalTime:0.000s | Cost:169940.24
LS: PDPairExchange | Count: 1 | TotalTime:0.000s | Cost:163392.24
Generation 2: Best = 111674.25, Worst = 199304.25, Avg = 173074.09, Time: 0.3754408359527588
LS: mPDG | Count: 0 | TotalTime:0.011s | Cost:111674.25
LS: PDPairExchange | Count: 1 | TotalTime:0.001s | Cost:147711.89
LS: mPDG | Count: 1 | TotalTime:0.011s | Cost:150714.26
LS: PDPairExchange | Count: 1 | TotalTime:0.001s | Cost:147711.89
LS: PDPairExchange | Count: 1 | TotalTime:0.001s | Cost:156425.02
LS: PDPairExchange | Count: 1 | TotalTime:0.001s | Cost:155025.58
LS: mPDG | Count: 1 | TotalTime:0.011s | Cost:141458.13
LS: BlockRelocate | Count: 1 | TotalTime:0.002s | Cost:166700.80
LS: BlockExchange | Count: 1 | TotalTime:0.000s | Cost:148931.33
LS: BlockRelocate | Count: 1 | TotalTime:0.004s | Cost:156847.96
LS: PDPairExchange | Count: 1 | TotalTime:0.001s | Cost:156592.40
Generation 3: Best = 111674.25, Worst = 192304.49, Avg = 166230.98, Time: 0.4114081859588623
LS: mPDG | Count: 0 | TotalTime:0.009s | Cost:111674.25
LS: mPDG | Count: 1 | TotalTime:0.010s | Cost:138686.03
LS: PDPairExchange | Count: 1 | TotalTime:0.000s | Cost:147678.53
LS: PDPairExchange | Count: 1 | TotalTime:0.001s | Cost:147678.53
LS: BlockExchange | Count: 1 | TotalTime:0.001s | Cost:139759.79
LS: mPDG | Count: 1 | TotalTime:0.009s | Cost:150380.93
LS: PDPairExchange | Count: 1 | TotalTime:0.001s | Cost:154992.22
LS: PDPairExchange | Count: 1 | TotalTime:0.001s | Cost:154291.68
LS: mPDG | Count: 1 | TotalTime:0.009s | Cost:166950.64
LS: BlockExchange | Count: 0 | TotalTime:0.001s | Cost:170601.38
LS: BlockRelocate | Count: 1 | TotalTime:0.001s | Cost:167399.46
Generation 4: Best = 111674.25, Worst = 192304.49, Avg = 167049.78, Time: 0.31695103645324707
LS: mPDG | Count: 0 | TotalTime:0.011s | Cost:111674.25
LS: mPDG | Count: 1 | TotalTime:0.011s | Cost:124883.75
LS: BlockExchange | Count: 1 | TotalTime:0.004s | Cost:139726.43
LS: PDPairExchange | Count: 1 | TotalTime:0.001s | Cost:142678.53
LS: PDPairExchange | Count: 1 | TotalTime:0.000s | Cost:142645.18
LS: mPDG | Count: 1 | TotalTime:0.011s | Cost:139447.24
LS: PDPairExchange | Count: 1 | TotalTime:0.001s | Cost:152155.55
LS: PDPairExchange | Count: 1 | TotalTime:0.001s | Cost:150624.96
LS: PDPairExchange | Count: 1 | TotalTime:0.001s | Cost:164873.60
LS: BlockRelocate | Count: 1 | TotalTime:0.003s | Cost:166784.11
LS: BlockExchange | Count: 1 | TotalTime:0.001s | Cost:178234.91
Generation 5: Best = 111674.25, Worst = 192304.49, Avg = 166363.94, Time: 0.29900050163269043
Stopping early due to lack of improvement.
Total runtime: 2.72s (0.0 minutes)
LS: mPDG:2(0.017s) | PDPairExchange:3(0.009s) | BlockExchange:1(0.005s) | BlockRelocate:0(0.021s) | TotalTime:0.051s | Cost:100451.23
LS: mPDG:4(0.035s) | PDPairExchange:0(0.005s) | BlockExchange:0(0.005s) | BlockRelocate:1(0.037s) | TotalTime:0.082s | Cost:107743.54
LS: mPDG:5(0.037s) | PDPairExchange:3(0.013s) | BlockExchange:1(0.008s) | BlockRelocate:1(0.021s) | TotalTime:0.078s | Cost:100451.23
LS: BlockExchange:3(0.007s) | PDPairExchange:1(0.022s) | BlockRelocate:5(0.077s) | mPDG:1(0.019s) | TotalTime:0.124s | Cost:106082.89
LS: PDPairExchange:7(0.010s) | BlockExchange:5(0.033s) | BlockRelocate:7(0.030s) | mPDG:0(0.000s) | TotalTime:0.074s | Cost:106438.58

The solution initialized by Cheapest Insertion:
V_1:[p1_1110120040-1 p1_0949120033-1 d1_0949120033-1 d1_1110120040-1 d2_1015060037-2 d21_1002040035-21 d2_1015200038-2 p1_1135140048-1 d1_1135140048-1] V_2:[d13_1114040043-13 d4_0958350034-4] V_3:[d1_0930440031-1 d10_1012150036-10 d2_0906050029-2 p1_1130040046-1 p1_1113130042-1 d1_1113130042-1 d1_1130040046-1 p1_1154340049-1 d1_1154340049-1] V_4:[p1_1104060039-1 p3_1110400041-1 d3_1110400041-3 d1_1104060039-1] V_5:[d12_0930180030-12 p3_1131130047-1 p1_1123490045-1 p1_1119300044-1 d1_1119300044-1 d1_1123490045-1 d3_1131130047-3]
The fitness value before EA: 112007.58666666666
V_1:[p1_1110120040-1 p1_0949120033-1 d1_0949120033-1 d1_1110120040-1 d2_1015060037-2 d21_1002040035-21 d2_1015200038-2 p3_1131130047-1 p1_1130040046-1 d1_1130040046-1 p1_1123490045-1 p1_1119300044-1 d1_1119300044-1 d1_1123490045-1 d3_1131130047-3] V_2:[d13_1114040043-13 d4_0958350034-4] V_3:[d1_0930440031-1 d10_1012150036-10 d2_0906050029-2 p1_1154340049-1 d1_1154340049-1] V_4:[p1_1104060039-1 p1_1135140048-1 p1_1113130042-1 d1_1113130042-1 d1_1135140048-1 d1_1104060039-1] V_5:[d12_0930180030-12 p3_1110400041-1 d3_1110400041-3]
The fitness value after EA: 100451.2311111111

Thoi gian thuc hien thuat toan:  3.3267929553985596
SUCCESS

2025-10-04 08:45:22,194 [simulate_environment.py | 256] INFO: 2025-10-04 12:00:00, Item 0949120033-1: state = 1 < 2, we can not finish the simulation
2025-10-04 08:45:22,194 [simulate_environment.py | 99] INFO: **************************************************
2025-10-04 08:45:22,195 [simulate_environment.py | 103] INFO: cur time: 2025-10-04 12:10:00, pre time: 2025-10-04 12:00:00
2025-10-04 08:45:22,195 [simulate_environment.py | 140] INFO: Start to update the input of 2025-10-04 12:10:00
2025-10-04 08:45:22,196 [simulate_environment.py | 167] INFO: Get 13 unallocated order items, 69 ongoing order items, 105 completed order items
2025-10-04 08:45:25,077 [simulate_environment.py | 234] INFO: 
Adaptive config applied: {'num_orders': 8, 'num_vehicles': 5, 'time_budget_sec': None, 'POPULATION_SIZE': 40, 'NUMBER_OF_GENERATION': 20, 'MUTATION_RATE': 0.1, 'LS_MAX': 20, 'LS_MAX_TIME_PER_OP': 3, 'LS_MAX_TIME_IN_SINGLE': 1}
LS: PDPairExchange | Count: 0 | TotalTime:0.003s | Cost:100448.17
LS: PDPairExchange | Count: 1 | TotalTime:0.000s | Cost:148138.90
LS: PDPairExchange | Count: 1 | TotalTime:0.000s | Cost:139769.64
LS: BlockExchange | Count: 1 | TotalTime:0.001s | Cost:152547.28
LS: BlockRelocate | Count: 1 | TotalTime:0.001s | Cost:141696.74
LS: PDPairExchange | Count: 1 | TotalTime:0.000s | Cost:148272.46
LS: PDPairExchange | Count: 1 | TotalTime:0.001s | Cost:148272.46
LS: mPDG | Count: 1 | TotalTime:0.008s | Cost:147305.07
LS: PDPairExchange | Count: 1 | TotalTime:0.001s | Cost:148138.90
LS: BlockExchange | Count: 1 | TotalTime:0.000s | Cost:148138.90
LS: BlockExchange | Count: 1 | TotalTime:0.000s | Cost:149880.71
Generation 1: Best = 100448.17, Worst = 206741.10, Avg = 151751.03, Time: 0.25552940368652344
LS: PDPairExchange | Count: 0 | TotalTime:0.002s | Cost:100448.17
LS: PDPairExchange | Count: 1 | TotalTime:0.001s | Cost:139736.28
LS: BlockRelocate | Count: 1 | TotalTime:0.002s | Cost:141096.20
LS: mPDG | Count: 1 | TotalTime:0.006s | Cost:139640.82
LS: PDPairExchange | Count: 1 | TotalTime:0.000s | Cost:140972.26
LS: PDPairExchange | Count: 1 | TotalTime:0.001s | Cost:147705.59
LS: BlockExchange | Count: 1 | TotalTime:0.001s | Cost:146372.02
LS: PDPairExchange | Count: 1 | TotalTime:0.001s | Cost:144822.40
LS: PDPairExchange | Count: 1 | TotalTime:0.000s | Cost:146637.18
LS: BlockExchange | Count: 1 | TotalTime:0.000s | Cost:125799.43
LS: mPDG | Count: 1 | TotalTime:0.007s | Cost:138608.35
Generation 2: Best = 100448.17, Worst = 155642.06, Avg = 147353.68, Time: 0.21155214309692383
LS: BlockRelocate | Count: 0 | TotalTime:0.015s | Cost:100448.17
LS: BlockExchange | Count: 1 | TotalTime:0.000s | Cost:124096.42
LS: mPDG | Count: 1 | TotalTime:0.006s | Cost:124915.92
LS: PDPairExchange | Count: 1 | TotalTime:0.001s | Cost:138082.77
LS: BlockRelocate | Count: 1 | TotalTime:0.003s | Cost:133353.01
LS: PDPairExchange | Count: 1 | TotalTime:0.000s | Cost:130613.34
LS: mPDG | Count: 1 | TotalTime:0.006s | Cost:139344.26
LS: BlockExchange | Count: 1 | TotalTime:0.001s | Cost:138082.77
LS: mPDG | Count: 1 | TotalTime:0.006s | Cost:139344.26
LS: BlockRelocate | Count: 1 | TotalTime:0.001s | Cost:136264.06
LS: mPDG | Count: 1 | TotalTime:0.005s | Cost:130978.11
Generation 3: Best = 100448.17, Worst = 159642.06, Avg = 144989.74, Time: 0.2177417278289795
LS: BlockExchange | Count: 0 | TotalTime:0.002s | Cost:100448.17
LS: BlockExchange | Count: 0 | TotalTime:0.002s | Cost:124096.42
LS: mPDG | Count: 1 | TotalTime:0.006s | Cost:124866.78
LS: PDPairExchange | Count: 1 | TotalTime:0.001s | Cost:129752.83
LS: PDPairExchange | Count: 1 | TotalTime:0.001s | Cost:125579.99
LS: mPDG | Count: 1 | TotalTime:0.006s | Cost:109685.54
LS: BlockRelocate | Count: 1 | TotalTime:0.005s | Cost:127085.78
LS: BlockRelocate | Count: 1 | TotalTime:0.002s | Cost:135364.36
LS: PDPairExchange | Count: 1 | TotalTime:0.000s | Cost:132579.93
LS: BlockExchange | Count: 1 | TotalTime:0.001s | Cost:138082.77
LS: mPDG | Count: 1 | TotalTime:0.006s | Cost:139344.26
Generation 4: Best = 100448.17, Worst = 160037.26, Avg = 143398.36, Time: 0.22790312767028809
LS: BlockExchange | Count: 0 | TotalTime:0.004s | Cost:100448.17
LS: mPDG | Count: 0 | TotalTime:0.012s | Cost:109685.54
LS: BlockExchange | Count: 0 | TotalTime:0.003s | Cost:124096.42
LS: mPDG | Count: 1 | TotalTime:0.006s | Cost:118733.62
LS: PDPairExchange | Count: 1 | TotalTime:0.001s | Cost:124096.42
LS: BlockRelocate | Count: 1 | TotalTime:0.006s | Cost:123850.51
LS: PDPairExchange | Count: 1 | TotalTime:0.001s | Cost:128085.54
LS: PDPairExchange | Count: 1 | TotalTime:0.001s | Cost:125685.74
LS: BlockRelocate | Count: 1 | TotalTime:0.002s | Cost:128575.15
LS: BlockExchange | Count: 1 | TotalTime:0.000s | Cost:125685.74
LS: BlockRelocate | Count: 1 | TotalTime:0.001s | Cost:124919.60
Generation 5: Best = 100448.17, Worst = 161145.42, Avg = 141089.04, Time: 0.23547792434692383
Stopping early due to lack of improvement.
Total runtime: 1.99s (0.0 minutes)
LS: mPDG:0(0.000s) | BlockExchange:0(0.002s) | BlockRelocate:0(0.017s) | PDPairExchange:0(0.002s) | TotalTime:0.021s | Cost:100448.17
LS: mPDG:0(0.000s) | PDPairExchange:1(0.007s) | BlockExchange:1(0.006s) | BlockRelocate:1(0.037s) | TotalTime:0.051s | Cost:100448.17
LS: mPDG:2(0.013s) | PDPairExchange:1(0.009s) | BlockExchange:0(0.007s) | BlockRelocate:2(0.030s) | TotalTime:0.059s | Cost:106435.52
LS: BlockRelocate:7(0.037s) | PDPairExchange:1(0.005s) | BlockExchange:0(0.005s) | mPDG:1(0.022s) | TotalTime:0.069s | Cost:103828.81
LS: BlockExchange:2(0.006s) | PDPairExchange:0(0.020s) | BlockRelocate:6(0.080s) | mPDG:0(0.011s) | TotalTime:0.117s | Cost:106435.52

The solution initialized by Cheapest Insertion:
V_1:[d1_0949120033-1 d1_1110120040-1 d2_1015060037-2 d21_1002040035-21 d2_1015200038-2 p3_1131130047-1 p1_1130040046-1 d1_1130040046-1 p1_1123490045-1 p1_1119300044-1 d1_1119300044-1 d1_1123490045-1 d3_1131130047-3] V_2:[d13_1114040043-13 d4_0958350034-4] V_3:[d1_0930440031-1 d10_1012150036-10 d2_0906050029-2 p1_1154340049-1 d1_1154340049-1] V_4:[p1_1104060039-1 p1_1135140048-1 p1_1113130042-1 d1_1113130042-1 d1_1135140048-1 d1_1104060039-1] V_5:[d12_0930180030-12 p3_1110400041-1 d3_1110400041-3]
The fitness value before EA: 100448.1711111111
V_1:[d1_0949120033-1 d1_1110120040-1 d2_1015060037-2 d21_1002040035-21 d2_1015200038-2 p3_1131130047-1 p1_1130040046-1 d1_1130040046-1 p1_1123490045-1 p1_1119300044-1 d1_1119300044-1 d1_1123490045-1 d3_1131130047-3] V_2:[d13_1114040043-13 d4_0958350034-4] V_3:[d1_0930440031-1 d10_1012150036-10 d2_0906050029-2 p1_1154340049-1 d1_1154340049-1] V_4:[p1_1104060039-1 p1_1135140048-1 p1_1113130042-1 d1_1113130042-1 d1_1135140048-1 d1_1104060039-1] V_5:[d12_0930180030-12 p3_1110400041-1 d3_1110400041-3]
The fitness value after EA: 100448.1711111111

Thoi gian thuc hien thuat toan:  2.4759178161621094
SUCCESS

2025-10-04 08:45:25,083 [simulate_environment.py | 256] INFO: 2025-10-04 12:10:00, Item 1104060039-1: state = 1 < 2, we can not finish the simulation
2025-10-04 08:45:25,086 [simulate_environment.py | 99] INFO: **************************************************
2025-10-04 08:45:25,086 [simulate_environment.py | 103] INFO: cur time: 2025-10-04 12:20:00, pre time: 2025-10-04 12:10:00
2025-10-04 08:45:25,086 [simulate_environment.py | 140] INFO: Start to update the input of 2025-10-04 12:20:00
2025-10-04 08:45:25,088 [simulate_environment.py | 167] INFO: Get 14 unallocated order items, 69 ongoing order items, 105 completed order items
2025-10-04 08:45:28,235 [simulate_environment.py | 234] INFO: 
Adaptive config applied: {'num_orders': 9, 'num_vehicles': 5, 'time_budget_sec': None, 'POPULATION_SIZE': 40, 'NUMBER_OF_GENERATION': 20, 'MUTATION_RATE': 0.1, 'LS_MAX': 20, 'LS_MAX_TIME_PER_OP': 3, 'LS_MAX_TIME_IN_SINGLE': 1}
LS: PDPairExchange | Count: 0 | TotalTime:0.002s | Cost:100611.42
LS: BlockExchange | Count: 1 | TotalTime:0.000s | Cost:154902.19
LS: mPDG | Count: 1 | TotalTime:0.008s | Cost:153735.48
LS: BlockExchange | Count: 1 | TotalTime:0.000s | Cost:151668.90
LS: BlockExchange | Count: 1 | TotalTime:0.000s | Cost:154902.19
LS: PDPairExchange | Count: 1 | TotalTime:0.000s | Cost:162502.23
LS: PDPairExchange | Count: 1 | TotalTime:0.000s | Cost:154902.19
LS: mPDG | Count: 1 | TotalTime:0.009s | Cost:153735.48
LS: mPDG | Count: 1 | TotalTime:0.008s | Cost:153735.48
LS: PDPairExchange | Count: 1 | TotalTime:0.000s | Cost:145232.90
LS: mPDG | Count: 1 | TotalTime:0.008s | Cost:153735.48
Generation 1: Best = 100611.42, Worst = 301204.87, Avg = 167266.61, Time: 0.21277880668640137
LS: BlockExchange | Count: 0 | TotalTime:0.003s | Cost:100611.42
LS: PDPairExchange | Count: 1 | TotalTime:0.000s | Cost:138996.03
LS: PDPairExchange | Count: 1 | TotalTime:0.001s | Cost:135877.39
LS: mPDG | Count: 1 | TotalTime:0.008s | Cost:139871.81
LS: BlockExchange | Count: 1 | TotalTime:0.002s | Cost:160604.99
LS: mPDG | Count: 1 | TotalTime:0.008s | Cost:141971.59
LS: BlockRelocate | Count: 1 | TotalTime:0.001s | Cost:147801.87
LS: BlockRelocate | Count: 1 | TotalTime:0.002s | Cost:149555.19
LS: mPDG | Count: 1 | TotalTime:0.008s | Cost:141971.59
LS: PDPairExchange | Count: 1 | TotalTime:0.002s | Cost:137977.17
LS: mPDG | Count: 1 | TotalTime:0.008s | Cost:141971.59
Generation 2: Best = 100611.42, Worst = 160604.99, Avg = 149099.34, Time: 0.22228693962097168
LS: PDPairExchange | Count: 0 | TotalTime:0.003s | Cost:100611.42
LS: PDPairExchange | Count: 1 | TotalTime:0.001s | Cost:125576.79
LS: PDPairExchange | Count: 1 | TotalTime:0.001s | Cost:127609.90
LS: PDPairExchange | Count: 1 | TotalTime:0.002s | Cost:137782.84
LS: mPDG | Count: 1 | TotalTime:0.008s | Cost:126179.39
LS: mPDG | Count: 1 | TotalTime:0.007s | Cost:127143.06
LS: mPDG | Count: 1 | TotalTime:0.008s | Cost:127143.06
LS: mPDG | Count: 1 | TotalTime:0.007s | Cost:127143.06
LS: BlockRelocate | Count: 1 | TotalTime:0.001s | Cost:139310.50
LS: BlockExchange | Count: 1 | TotalTime:0.001s | Cost:137977.17
LS: BlockExchange | Count: 1 | TotalTime:0.001s | Cost:137977.37
Generation 3: Best = 100611.42, Worst = 169635.56, Avg = 147217.40, Time: 0.2263801097869873
LS: BlockExchange | Count: 0 | TotalTime:0.003s | Cost:100611.42
LS: PDPairExchange | Count: 1 | TotalTime:0.002s | Cost:123524.97
LS: mPDG | Count: 0 | TotalTime:0.008s | Cost:126179.39
LS: mPDG | Count: 0 | TotalTime:0.008s | Cost:127143.06
LS: mPDG | Count: 0 | TotalTime:0.008s | Cost:127143.06
LS: mPDG | Count: 0 | TotalTime:0.008s | Cost:127143.06
LS: PDPairExchange | Count: 1 | TotalTime:0.001s | Cost:125558.04
LS: PDPairExchange | Count: 1 | TotalTime:0.001s | Cost:137419.95
LS: PDPairExchange | Count: 1 | TotalTime:0.002s | Cost:137977.17
LS: mPDG | Count: 1 | TotalTime:0.008s | Cost:132676.29
LS: BlockRelocate | Count: 1 | TotalTime:0.001s | Cost:139060.84
Generation 4: Best = 100611.42, Worst = 169635.56, Avg = 149350.04, Time: 0.226593017578125
LS: mPDG | Count: 0 | TotalTime:0.010s | Cost:100611.42
LS: PDPairExchange | Count: 0 | TotalTime:0.003s | Cost:123524.97
LS: PDPairExchange | Count: 0 | TotalTime:0.003s | Cost:125558.04
LS: mPDG | Count: 0 | TotalTime:0.009s | Cost:126179.39
LS: mPDG | Count: 0 | TotalTime:0.008s | Cost:127143.06
LS: mPDG | Count: 0 | TotalTime:0.008s | Cost:127143.06
LS: mPDG | Count: 0 | TotalTime:0.008s | Cost:127143.06
LS: mPDG | Count: 1 | TotalTime:0.008s | Cost:121942.94
LS: mPDG | Count: 1 | TotalTime:0.008s | Cost:132676.29
LS: PDPairExchange | Count: 1 | TotalTime:0.001s | Cost:137977.17
LS: PDPairExchange | Count: 1 | TotalTime:0.000s | Cost:127376.75
Generation 5: Best = 100611.42, Worst = 169635.56, Avg = 148721.58, Time: 0.25331687927246094
Stopping early due to lack of improvement.
Total runtime: 2.40s (0.0 minutes)
LS: mPDG:0(0.000s) | BlockRelocate:0(0.021s) | BlockExchange:0(0.003s) | PDPairExchange:0(0.003s) | TotalTime:0.026s | Cost:100611.42
LS: mPDG:1(0.007s) | PDPairExchange:1(0.005s) | BlockExchange:0(0.003s) | BlockRelocate:0(0.021s) | TotalTime:0.035s | Cost:109175.67
LS: PDPairExchange:0(0.000s) | BlockExchange:0(0.007s) | BlockRelocate:1(0.044s) | mPDG:0(0.008s) | TotalTime:0.059s | Cost:114607.96
LS: PDPairExchange:0(0.000s) | BlockExchange:0(0.006s) | BlockRelocate:1(0.028s) | mPDG:0(0.009s) | TotalTime:0.043s | Cost:116641.04
LS: mPDG:0(0.000s) | PDPairExchange:2(0.010s) | BlockExchange:0(0.006s) | BlockRelocate:1(0.025s) | TotalTime:0.041s | Cost:117712.20

The solution initialized by Cheapest Insertion:
V_1:[d1_0949120033-1 d1_1110120040-1 d2_1015060037-2 d21_1002040035-21 d2_1015200038-2 p3_1131130047-1 p1_1130040046-1 d1_1130040046-1 p1_1123490045-1 p1_1119300044-1 d1_1119300044-1 d1_1123490045-1 d3_1131130047-3] V_2:[d13_1114040043-13 d4_0958350034-4] V_3:[d1_0930440031-1 d10_1012150036-10 d2_0906050029-2 p1_1154340049-1 d1_1154340049-1] V_4:[p1_1104060039-1 p1_1135140048-1 p1_1113130042-1 d1_1113130042-1 d1_1135140048-1 d1_1104060039-1] V_5:[d12_0930180030-12 p1_1218120050-1 p3_1110400041-1 d3_1110400041-3 d1_1218120050-1]
The fitness value before EA: 100611.41777777778
V_1:[d1_0949120033-1 d1_1110120040-1 d2_1015060037-2 d21_1002040035-21 d2_1015200038-2 p3_1131130047-1 p1_1130040046-1 d1_1130040046-1 p1_1123490045-1 p1_1119300044-1 d1_1119300044-1 d1_1123490045-1 d3_1131130047-3] V_2:[d13_1114040043-13 d4_0958350034-4] V_3:[d1_0930440031-1 d10_1012150036-10 d2_0906050029-2 p1_1154340049-1 d1_1154340049-1] V_4:[p1_1104060039-1 p1_1135140048-1 p1_1113130042-1 d1_1113130042-1 d1_1135140048-1 d1_1104060039-1] V_5:[d12_0930180030-12 p1_1218120050-1 p3_1110400041-1 d3_1110400041-3 d1_1218120050-1]
The fitness value after EA: 100611.41777777778

Thoi gian thuc hien thuat toan:  2.68257474899292
SUCCESS

2025-10-04 08:45:28,240 [simulate_environment.py | 256] INFO: 2025-10-04 12:20:00, Item 1104060039-1: state = 1 < 2, we can not finish the simulation
2025-10-04 08:45:28,240 [simulate_environment.py | 99] INFO: **************************************************
2025-10-04 08:45:28,241 [simulate_environment.py | 103] INFO: cur time: 2025-10-04 12:30:00, pre time: 2025-10-04 12:20:00
2025-10-04 08:45:28,241 [simulate_environment.py | 140] INFO: Start to update the input of 2025-10-04 12:30:00
2025-10-04 08:45:28,241 [simulate_environment.py | 167] INFO: Get 14 unallocated order items, 69 ongoing order items, 105 completed order items
2025-10-04 08:45:31,428 [simulate_environment.py | 234] INFO: 
Adaptive config applied: {'num_orders': 9, 'num_vehicles': 5, 'time_budget_sec': None, 'POPULATION_SIZE': 40, 'NUMBER_OF_GENERATION': 20, 'MUTATION_RATE': 0.1, 'LS_MAX': 20, 'LS_MAX_TIME_PER_OP': 3, 'LS_MAX_TIME_IN_SINGLE': 1}
LS: PDPairExchange | Count: 0 | TotalTime:0.003s | Cost:100611.42
LS: PDPairExchange | Count: 1 | TotalTime:0.001s | Cost:165203.93
LS: BlockExchange | Count: 1 | TotalTime:0.000s | Cost:162502.23
LS: PDPairExchange | Count: 1 | TotalTime:0.001s | Cost:154902.19
LS: mPDG | Count: 1 | TotalTime:0.009s | Cost:153735.48
LS: PDPairExchange | Count: 1 | TotalTime:0.000s | Cost:154902.19
LS: BlockRelocate | Count: 1 | TotalTime:0.002s | Cost:168443.24
LS: BlockRelocate | Count: 1 | TotalTime:0.001s | Cost:141693.32
LS: BlockExchange | Count: 1 | TotalTime:0.000s | Cost:169504.99
LS: PDPairExchange | Count: 1 | TotalTime:0.000s | Cost:158235.56
LS: BlockExchange | Count: 1 | TotalTime:0.000s | Cost:145232.90
Generation 1: Best = 100611.42, Worst = 169635.56, Avg = 164859.97, Time: 0.2113780975341797
LS: BlockExchange | Count: 0 | TotalTime:0.003s | Cost:100611.42
LS: BlockRelocate | Count: 1 | TotalTime:0.004s | Cost:135293.26
LS: BlockExchange | Count: 1 | TotalTime:0.001s | Cost:139243.28
LS: PDPairExchange | Count: 1 | TotalTime:0.002s | Cost:133482.78
LS: PDPairExchange | Count: 1 | TotalTime:0.001s | Cost:128829.35
LS: PDPairExchange | Count: 1 | TotalTime:0.001s | Cost:138771.05
LS: mPDG | Count: 1 | TotalTime:0.008s | Cost:141971.59
LS: PDPairExchange | Count: 1 | TotalTime:0.001s | Cost:138771.05
LS: PDPairExchange | Count: 1 | TotalTime:0.002s | Cost:138771.05
LS: PDPairExchange | Count: 1 | TotalTime:0.001s | Cost:150100.31
LS: PDPairExchange | Count: 1 | TotalTime:0.002s | Cost:150100.31
Generation 2: Best = 100611.42, Worst = 169635.56, Avg = 148969.45, Time: 0.21689462661743164
LS: PDPairExchange | Count: 0 | TotalTime:0.008s | Cost:100611.42
LS: PDPairExchange | Count: 1 | TotalTime:0.003s | Cost:127609.90
LS: PDPairExchange | Count: 1 | TotalTime:0.003s | Cost:127482.18
LS: BlockRelocate | Count: 1 | TotalTime:0.013s | Cost:132946.37
LS: PDPairExchange | Count: 1 | TotalTime:0.001s | Cost:138334.86
LS: PDPairExchange | Count: 1 | TotalTime:0.001s | Cost:134837.68
LS: PDPairExchange | Count: 1 | TotalTime:0.001s | Cost:137938.00
LS: BlockExchange | Count: 1 | TotalTime:0.002s | Cost:136593.40
LS: mPDG | Count: 1 | TotalTime:0.012s | Cost:142843.88
LS: PDPairExchange | Count: 1 | TotalTime:0.003s | Cost:128701.63
LS: BlockRelocate | Count: 1 | TotalTime:0.003s | Cost:147771.79
Generation 3: Best = 100611.42, Worst = 169635.56, Avg = 151626.23, Time: 0.2570836544036865
LS: PDPairExchange | Count: 0 | TotalTime:0.003s | Cost:100611.42
LS: PDPairExchange | Count: 0 | TotalTime:0.003s | Cost:127482.18
LS: PDPairExchange | Count: 1 | TotalTime:0.004s | Cost:125558.04
LS: PDPairExchange | Count: 1 | TotalTime:0.002s | Cost:127482.18
LS: BlockRelocate | Count: 1 | TotalTime:0.006s | Cost:129591.68
LS: PDPairExchange | Count: 1 | TotalTime:0.001s | Cost:132633.08
LS: BlockExchange | Count: 0 | TotalTime:0.004s | Cost:136593.40
LS: PDPairExchange | Count: 1 | TotalTime:0.002s | Cost:128532.98
LS: BlockRelocate | Count: 1 | TotalTime:0.001s | Cost:132518.30
LS: PDPairExchange | Count: 1 | TotalTime:0.001s | Cost:128701.63
LS: mPDG | Count: 1 | TotalTime:0.010s | Cost:142843.88
Generation 4: Best = 100611.42, Worst = 169635.56, Avg = 153390.22, Time: 0.30904603004455566
LS: mPDG | Count: 0 | TotalTime:0.013s | Cost:100611.42
LS: PDPairExchange | Count: 0 | TotalTime:0.003s | Cost:125558.04
LS: PDPairExchange | Count: 0 | TotalTime:0.003s | Cost:127482.18
LS: PDPairExchange | Count: 0 | TotalTime:0.003s | Cost:127482.18
LS: PDPairExchange | Count: 0 | TotalTime:0.003s | Cost:128532.98
LS: PDPairExchange | Count: 1 | TotalTime:0.003s | Cost:127482.18
LS: BlockRelocate | Count: 1 | TotalTime:0.013s | Cost:128457.98
LS: BlockRelocate | Count: 1 | TotalTime:0.001s | Cost:132451.75
LS: mPDG | Count: 1 | TotalTime:0.010s | Cost:137371.55
LS: BlockExchange | Count: 1 | TotalTime:0.002s | Cost:128596.19
LS: mPDG | Count: 1 | TotalTime:0.010s | Cost:132412.86
Generation 5: Best = 100611.42, Worst = 170334.00, Avg = 153609.55, Time: 0.2935924530029297
Stopping early due to lack of improvement.
Total runtime: 2.19s (0.0 minutes)
LS: PDPairExchange:0(0.000s) | BlockRelocate:0(0.024s) | BlockExchange:0(0.003s) | mPDG:0(0.011s) | TotalTime:0.038s | Cost:100611.42
LS: PDPairExchange:2(0.002s) | BlockExchange:0(0.011s) | BlockRelocate:2(0.054s) | mPDG:0(0.008s) | TotalTime:0.074s | Cost:107865.58
LS: PDPairExchange:0(0.000s) | BlockExchange:0(0.022s) | BlockRelocate:5(0.066s) | mPDG:0(0.012s) | TotalTime:0.101s | Cost:114857.80
LS: PDPairExchange:0(0.000s) | BlockExchange:1(0.027s) | BlockRelocate:7(0.062s) | mPDG:0(0.010s) | TotalTime:0.099s | Cost:103722.71
LS: PDPairExchange:0(0.000s) | BlockExchange:1(0.018s) | BlockRelocate:3(0.072s) | mPDG:0(0.018s) | TotalTime:0.108s | Cost:114857.80

The solution initialized by Cheapest Insertion:
V_1:[d1_0949120033-1 d1_1110120040-1 d2_1015060037-2 d21_1002040035-21 d2_1015200038-2 p3_1131130047-1 p1_1130040046-1 d1_1130040046-1 p1_1123490045-1 p1_1119300044-1 d1_1119300044-1 d1_1123490045-1 d3_1131130047-3] V_2:[d13_1114040043-13 d4_0958350034-4] V_3:[d1_0930440031-1 d10_1012150036-10 d2_0906050029-2 p1_1154340049-1 d1_1154340049-1] V_4:[p1_1104060039-1 p1_1135140048-1 p1_1113130042-1 d1_1113130042-1 d1_1135140048-1 d1_1104060039-1] V_5:[d12_0930180030-12 p1_1218120050-1 p3_1110400041-1 d3_1110400041-3 d1_1218120050-1]
The fitness value before EA: 100611.41777777778
V_1:[d1_0949120033-1 d1_1110120040-1 d2_1015060037-2 d21_1002040035-21 d2_1015200038-2 p3_1131130047-1 p1_1130040046-1 d1_1130040046-1 p1_1123490045-1 p1_1119300044-1 d1_1119300044-1 d1_1123490045-1 d3_1131130047-3] V_2:[d13_1114040043-13 d4_0958350034-4] V_3:[d1_0930440031-1 d10_1012150036-10 d2_0906050029-2 p1_1154340049-1 d1_1154340049-1] V_4:[p1_1104060039-1 p1_1135140048-1 p1_1113130042-1 d1_1113130042-1 d1_1135140048-1 d1_1104060039-1] V_5:[d12_0930180030-12 p1_1218120050-1 p3_1110400041-1 d3_1110400041-3 d1_1218120050-1]
The fitness value after EA: 100611.41777777778

Thoi gian thuc hien thuat toan:  2.716404438018799
SUCCESS

2025-10-04 08:45:31,434 [simulate_environment.py | 256] INFO: 2025-10-04 12:30:00, Item 1104060039-1: state = 1 < 2, we can not finish the simulation
2025-10-04 08:45:31,435 [simulate_environment.py | 99] INFO: **************************************************
2025-10-04 08:45:31,436 [simulate_environment.py | 103] INFO: cur time: 2025-10-04 12:40:00, pre time: 2025-10-04 12:30:00
2025-10-04 08:45:31,436 [simulate_environment.py | 140] INFO: Start to update the input of 2025-10-04 12:40:00
2025-10-04 08:45:31,437 [simulate_environment.py | 167] INFO: Get 12 unallocated order items, 71 ongoing order items, 105 completed order items
2025-10-04 08:45:34,259 [simulate_environment.py | 234] INFO: 
Adaptive config applied: {'num_orders': 7, 'num_vehicles': 5, 'time_budget_sec': None, 'POPULATION_SIZE': 40, 'NUMBER_OF_GENERATION': 20, 'MUTATION_RATE': 0.1, 'LS_MAX': 20, 'LS_MAX_TIME_PER_OP': 3, 'LS_MAX_TIME_IN_SINGLE': 1}
LS: mPDG | Count: 0 | TotalTime:0.009s | Cost:100611.30
LS: BlockExchange | Count: 1 | TotalTime:0.001s | Cost:150457.52
LS: BlockExchange | Count: 1 | TotalTime:0.000s | Cost:126748.67
LS: BlockExchange | Count: 1 | TotalTime:0.000s | Cost:144157.58
LS: mPDG | Count: 1 | TotalTime:0.012s | Cost:139657.50
LS: BlockExchange | Count: 1 | TotalTime:0.001s | Cost:137590.92
LS: PDPairExchange | Count: 1 | TotalTime:0.001s | Cost:150457.52
LS: mPDG | Count: 1 | TotalTime:0.012s | Cost:139657.50
LS: PDPairExchange | Count: 1 | TotalTime:0.001s | Cost:154276.97
LS: mPDG | Count: 1 | TotalTime:0.009s | Cost:139657.50
LS: mPDG | Count: 1 | TotalTime:0.008s | Cost:139657.50
Generation 1: Best = 100611.30, Worst = 368709.46, Avg = 156181.31, Time: 0.24177050590515137
LS: mPDG | Count: 0 | TotalTime:0.006s | Cost:100611.30
LS: BlockExchange | Count: 1 | TotalTime:0.002s | Cost:124918.05
LS: BlockExchange | Count: 1 | TotalTime:0.000s | Cost:132490.86
LS: mPDG | Count: 1 | TotalTime:0.007s | Cost:133723.61
LS: mPDG | Count: 1 | TotalTime:0.007s | Cost:133723.61
LS: mPDG | Count: 1 | TotalTime:0.007s | Cost:133723.61
LS: mPDG | Count: 1 | TotalTime:0.007s | Cost:133723.61
LS: BlockExchange | Count: 1 | TotalTime:0.000s | Cost:133507.54
LS: BlockRelocate | Count: 1 | TotalTime:0.001s | Cost:138974.83
LS: PDPairExchange | Count: 1 | TotalTime:0.000s | Cost:150150.17
LS: BlockRelocate | Count: 1 | TotalTime:0.001s | Cost:142955.11
Generation 2: Best = 100611.30, Worst = 159980.50, Avg = 151509.99, Time: 0.27081727981567383
LS: BlockRelocate | Count: 0 | TotalTime:0.015s | Cost:100611.30
LS: BlockExchange | Count: 0 | TotalTime:0.002s | Cost:124918.05
LS: BlockExchange | Count: 0 | TotalTime:0.001s | Cost:132490.86
LS: BlockExchange | Count: 1 | TotalTime:0.001s | Cost:152574.25
LS: mPDG | Count: 1 | TotalTime:0.006s | Cost:126059.36
LS: mPDG | Count: 1 | TotalTime:0.006s | Cost:126059.36
LS: mPDG | Count: 1 | TotalTime:0.006s | Cost:126059.36
LS: mPDG | Count: 1 | TotalTime:0.006s | Cost:126059.36
LS: PDPairExchange | Count: 1 | TotalTime:0.001s | Cost:143317.06
LS: PDPairExchange | Count: 1 | TotalTime:0.001s | Cost:144157.58
LS: PDPairExchange | Count: 1 | TotalTime:0.000s | Cost:142043.65
Generation 3: Best = 100611.30, Worst = 161683.50, Avg = 151868.17, Time: 0.23939156532287598
LS: mPDG | Count: 0 | TotalTime:0.005s | Cost:100611.30
LS: BlockExchange | Count: 0 | TotalTime:0.002s | Cost:124918.05
LS: mPDG | Count: 0 | TotalTime:0.006s | Cost:126059.36
LS: mPDG | Count: 0 | TotalTime:0.005s | Cost:126059.36
LS: mPDG | Count: 0 | TotalTime:0.006s | Cost:126059.36
LS: mPDG | Count: 0 | TotalTime:0.006s | Cost:126059.36
LS: BlockExchange | Count: 1 | TotalTime:0.001s | Cost:140990.88
LS: BlockRelocate | Count: 1 | TotalTime:0.001s | Cost:125368.48
LS: PDPairExchange | Count: 1 | TotalTime:0.000s | Cost:139460.74
LS: PDPairExchange | Count: 1 | TotalTime:0.002s | Cost:139460.74
LS: PDPairExchange | Count: 1 | TotalTime:0.002s | Cost:121551.81
Generation 4: Best = 100611.30, Worst = 159980.50, Avg = 146750.96, Time: 0.22942423820495605
LS: mPDG | Count: 0 | TotalTime:0.005s | Cost:100611.30
LS: PDPairExchange | Count: 0 | TotalTime:0.002s | Cost:121551.81
LS: BlockExchange | Count: 0 | TotalTime:0.002s | Cost:124918.05
LS: BlockRelocate | Count: 1 | TotalTime:0.004s | Cost:125035.16
LS: mPDG | Count: 0 | TotalTime:0.005s | Cost:126059.36
LS: mPDG | Count: 0 | TotalTime:0.005s | Cost:126059.36
LS: mPDG | Count: 0 | TotalTime:0.005s | Cost:126059.36
LS: mPDG | Count: 0 | TotalTime:0.005s | Cost:126059.36
LS: BlockExchange | Count: 0 | TotalTime:0.000s | Cost:140727.41
LS: BlockExchange | Count: 1 | TotalTime:0.001s | Cost:121648.61
LS: BlockRelocate | Count: 1 | TotalTime:0.001s | Cost:134882.12
Generation 5: Best = 100611.30, Worst = 161683.50, Avg = 149111.71, Time: 0.22255206108093262
Stopping early due to lack of improvement.
Total runtime: 2.09s (0.0 minutes)
LS: BlockExchange:0(0.000s) | BlockRelocate:0(0.014s) | PDPairExchange:0(0.001s) | mPDG:0(0.005s) | TotalTime:0.020s | Cost:100611.30
LS: PDPairExchange:1(0.001s) | BlockExchange:0(0.005s) | BlockRelocate:2(0.026s) | mPDG:0(0.007s) | TotalTime:0.040s | Cost:110114.92
LS: BlockExchange:5(0.006s) | PDPairExchange:0(0.010s) | BlockRelocate:5(0.069s) | mPDG:0(0.006s) | TotalTime:0.091s | Cost:104433.70
LS: BlockExchange:3(0.003s) | PDPairExchange:0(0.008s) | BlockRelocate:4(0.028s) | mPDG:0(0.006s) | TotalTime:0.044s | Cost:104433.70
LS: BlockRelocate:5(0.026s) | PDPairExchange:0(0.003s) | BlockExchange:0(0.003s) | mPDG:1(0.011s) | TotalTime:0.043s | Cost:104266.81

The solution initialized by Cheapest Insertion:
V_1:[d1_0949120033-1 d1_1110120040-1 d2_1015060037-2 d21_1002040035-21 d2_1015200038-2 p3_1131130047-1 p1_1130040046-1 d1_1130040046-1 p1_1123490045-1 p1_1119300044-1 d1_1119300044-1 d1_1123490045-1 d3_1131130047-3] V_2:[d13_1114040043-13 d4_0958350034-4] V_3:[d1_0930440031-1 d10_1012150036-10 d2_0906050029-2 p1_1154340049-1 d1_1154340049-1] V_4:[p1_1113130042-1 d1_1113130042-1 d1_1135140048-1 d1_1104060039-1] V_5:[d12_0930180030-12 p1_1218120050-1 p3_1110400041-1 d3_1110400041-3 d1_1218120050-1]
The fitness value before EA: 100611.29777777779
V_1:[d1_0949120033-1 d1_1110120040-1 d2_1015060037-2 d21_1002040035-21 d2_1015200038-2 p3_1131130047-1 p1_1130040046-1 d1_1130040046-1 p1_1123490045-1 p1_1119300044-1 d1_1119300044-1 d1_1123490045-1 d3_1131130047-3] V_2:[d13_1114040043-13 d4_0958350034-4] V_3:[d1_0930440031-1 d10_1012150036-10 d2_0906050029-2 p1_1154340049-1 d1_1154340049-1] V_4:[p1_1113130042-1 d1_1113130042-1 d1_1135140048-1 d1_1104060039-1] V_5:[d12_0930180030-12 p1_1218120050-1 p3_1110400041-1 d3_1110400041-3 d1_1218120050-1]
The fitness value after EA: 100611.29777777779

Thoi gian thuc hien thuat toan:  2.3963260650634766
SUCCESS

2025-10-04 08:45:34,263 [simulate_environment.py | 256] INFO: 2025-10-04 12:40:00, Item 1110400041-1: state = 1 < 2, we can not finish the simulation
2025-10-04 08:45:34,264 [simulate_environment.py | 99] INFO: **************************************************
2025-10-04 08:45:34,264 [simulate_environment.py | 103] INFO: cur time: 2025-10-04 12:50:00, pre time: 2025-10-04 12:40:00
2025-10-04 08:45:34,264 [simulate_environment.py | 140] INFO: Start to update the input of 2025-10-04 12:50:00
2025-10-04 08:45:34,265 [simulate_environment.py | 167] INFO: Get 12 unallocated order items, 70 ongoing order items, 106 completed order items
2025-10-04 08:45:37,349 [simulate_environment.py | 234] INFO: 
Adaptive config applied: {'num_orders': 7, 'num_vehicles': 5, 'time_budget_sec': None, 'POPULATION_SIZE': 40, 'NUMBER_OF_GENERATION': 20, 'MUTATION_RATE': 0.1, 'LS_MAX': 20, 'LS_MAX_TIME_PER_OP': 3, 'LS_MAX_TIME_IN_SINGLE': 1}
LS: BlockExchange | Count: 0 | TotalTime:0.003s | Cost:100611.30
LS: mPDG | Count: 1 | TotalTime:0.013s | Cost:139657.50
LS: BlockRelocate | Count: 1 | TotalTime:0.001s | Cost:154593.35
LS: BlockExchange | Count: 1 | TotalTime:0.000s | Cost:150457.52
LS: BlockExchange | Count: 1 | TotalTime:0.001s | Cost:148424.25
LS: PDPairExchange | Count: 1 | TotalTime:0.000s | Cost:140824.21
LS: BlockRelocate | Count: 1 | TotalTime:0.001s | Cost:154943.63
LS: mPDG | Count: 1 | TotalTime:0.008s | Cost:139657.50
LS: BlockRelocate | Count: 1 | TotalTime:0.002s | Cost:118728.88
LS: BlockExchange | Count: 1 | TotalTime:0.000s | Cost:161513.84
LS: PDPairExchange | Count: 1 | TotalTime:0.001s | Cost:148424.25
Generation 1: Best = 100611.30, Worst = 176340.02, Avg = 152244.71, Time: 0.2369523048400879
LS: mPDG | Count: 0 | TotalTime:0.009s | Cost:100611.30
LS: BlockRelocate | Count: 1 | TotalTime:0.004s | Cost:112794.99
LS: mPDG | Count: 1 | TotalTime:0.007s | Cost:133723.61
LS: mPDG | Count: 1 | TotalTime:0.013s | Cost:133723.61
LS: PDPairExchange | Count: 1 | TotalTime:0.002s | Cost:121648.61
LS: BlockExchange | Count: 1 | TotalTime:0.001s | Cost:132715.92
LS: PDPairExchange | Count: 1 | TotalTime:0.001s | Cost:143390.90
LS: BlockExchange | Count: 1 | TotalTime:0.001s | Cost:144399.21
LS: PDPairExchange | Count: 1 | TotalTime:0.001s | Cost:131058.12
LS: BlockRelocate | Count: 1 | TotalTime:0.009s | Cost:140586.00
LS: BlockRelocate | Count: 1 | TotalTime:0.001s | Cost:148226.67
Generation 2: Best = 100611.30, Worst = 161513.84, Avg = 151803.24, Time: 0.3276481628417969
LS: BlockExchange | Count: 0 | TotalTime:0.003s | Cost:100611.30
LS: BlockRelocate | Count: 1 | TotalTime:0.008s | Cost:105130.74
LS: PDPairExchange | Count: 0 | TotalTime:0.003s | Cost:121648.61
LS: PDPairExchange | Count: 0 | TotalTime:0.003s | Cost:131058.12
LS: BlockExchange | Count: 1 | TotalTime:0.002s | Cost:126748.67
LS: mPDG | Count: 1 | TotalTime:0.008s | Cost:126059.36
LS: mPDG | Count: 1 | TotalTime:0.008s | Cost:126059.36
LS: BlockRelocate | Count: 1 | TotalTime:0.002s | Cost:139421.61
LS: BlockExchange | Count: 1 | TotalTime:0.001s | Cost:144560.80
LS: BlockRelocate | Count: 1 | TotalTime:0.001s | Cost:152707.56
LS: BlockRelocate | Count: 1 | TotalTime:0.005s | Cost:137404.88
Generation 3: Best = 100611.30, Worst = 167936.50, Avg = 151453.39, Time: 0.29027557373046875
LS: BlockExchange | Count: 0 | TotalTime:0.002s | Cost:100611.30
LS: BlockRelocate | Count: 0 | TotalTime:0.017s | Cost:105130.74
LS: PDPairExchange | Count: 0 | TotalTime:0.002s | Cost:121648.61
LS: mPDG | Count: 0 | TotalTime:0.006s | Cost:126059.36
LS: mPDG | Count: 0 | TotalTime:0.006s | Cost:126059.36
LS: BlockExchange | Count: 1 | TotalTime:0.001s | Cost:124918.05
LS: PDPairExchange | Count: 0 | TotalTime:0.002s | Cost:131058.12
LS: BlockRelocate | Count: 1 | TotalTime:0.002s | Cost:126954.62
LS: BlockExchange | Count: 1 | TotalTime:0.001s | Cost:131058.12
LS: mPDG | Count: 1 | TotalTime:0.006s | Cost:135490.78
LS: mPDG | Count: 1 | TotalTime:0.006s | Cost:135490.78
Generation 4: Best = 100611.30, Worst = 161963.86, Avg = 148779.60, Time: 0.2689692974090576
LS: mPDG | Count: 0 | TotalTime:0.010s | Cost:100611.30
LS: BlockRelocate | Count: 0 | TotalTime:0.021s | Cost:105130.74
LS: PDPairExchange | Count: 0 | TotalTime:0.002s | Cost:121648.61
LS: BlockExchange | Count: 1 | TotalTime:0.003s | Cost:124698.61
LS: mPDG | Count: 0 | TotalTime:0.007s | Cost:126059.36
LS: mPDG | Count: 0 | TotalTime:0.007s | Cost:126059.36
LS: BlockRelocate | Count: 1 | TotalTime:0.002s | Cost:120987.38
LS: PDPairExchange | Count: 0 | TotalTime:0.002s | Cost:131058.12
LS: PDPairExchange | Count: 1 | TotalTime:0.002s | Cost:121551.81
LS: BlockRelocate | Count: 1 | TotalTime:0.002s | Cost:136178.92
LS: PDPairExchange | Count: 1 | TotalTime:0.001s | Cost:140824.21
Generation 5: Best = 100611.30, Worst = 161733.28, Avg = 149567.93, Time: 0.3955376148223877
Stopping early due to lack of improvement.
Total runtime: 2.45s (0.0 minutes)
LS: mPDG:0(0.000s) | BlockExchange:0(0.002s) | PDPairExchange:0(0.001s) | BlockRelocate:0(0.016s) | TotalTime:0.019s | Cost:100611.30
LS: BlockRelocate:0(0.000s) | PDPairExchange:0(0.001s) | BlockExchange:0(0.002s) | mPDG:0(0.009s) | TotalTime:0.012s | Cost:105130.74
LS: BlockRelocate:2(0.007s) | PDPairExchange:0(0.003s) | BlockExchange:0(0.003s) | mPDG:1(0.014s) | TotalTime:0.026s | Cost:104433.70
LS: PDPairExchange:1(0.001s) | BlockExchange:0(0.006s) | BlockRelocate:2(0.030s) | mPDG:0(0.007s) | TotalTime:0.044s | Cost:110114.92
LS: PDPairExchange:1(0.001s) | BlockExchange:0(0.007s) | BlockRelocate:3(0.041s) | mPDG:0(0.007s) | TotalTime:0.057s | Cost:110114.92

The solution initialized by Cheapest Insertion:
V_1:[d1_1110120040-1 d2_1015060037-2 d21_1002040035-21 d2_1015200038-2 p3_1131130047-1 p1_1130040046-1 d1_1130040046-1 p1_1123490045-1 p1_1119300044-1 d1_1119300044-1 d1_1123490045-1 d3_1131130047-3] V_2:[d13_1114040043-13 d4_0958350034-4] V_3:[d1_0930440031-1 d10_1012150036-10 d2_0906050029-2 p1_1154340049-1 d1_1154340049-1] V_4:[p1_1113130042-1 d1_1113130042-1 d1_1135140048-1 d1_1104060039-1] V_5:[d12_0930180030-12 p1_1218120050-1 p3_1110400041-1 d3_1110400041-3 d1_1218120050-1]
The fitness value before EA: 100611.29777777779
V_1:[d1_1110120040-1 d2_1015060037-2 d21_1002040035-21 d2_1015200038-2 p3_1131130047-1 p1_1130040046-1 d1_1130040046-1 p1_1123490045-1 p1_1119300044-1 d1_1119300044-1 d1_1123490045-1 d3_1131130047-3] V_2:[d13_1114040043-13 d4_0958350034-4] V_3:[d1_0930440031-1 d10_1012150036-10 d2_0906050029-2 p1_1154340049-1 d1_1154340049-1] V_4:[p1_1113130042-1 d1_1113130042-1 d1_1135140048-1 d1_1104060039-1] V_5:[d12_0930180030-12 p1_1218120050-1 p3_1110400041-1 d3_1110400041-3 d1_1218120050-1]
The fitness value after EA: 100611.29777777779

Thoi gian thuc hien thuat toan:  2.6844582557678223
SUCCESS

2025-10-04 08:45:37,353 [simulate_environment.py | 256] INFO: 2025-10-04 12:50:00, Item 1110400041-1: state = 1 < 2, we can not finish the simulation
2025-10-04 08:45:37,354 [simulate_environment.py | 99] INFO: **************************************************
2025-10-04 08:45:37,355 [simulate_environment.py | 103] INFO: cur time: 2025-10-04 13:00:00, pre time: 2025-10-04 12:50:00
2025-10-04 08:45:37,355 [simulate_environment.py | 140] INFO: Start to update the input of 2025-10-04 13:00:00
2025-10-04 08:45:37,356 [simulate_environment.py | 167] INFO: Get 12 unallocated order items, 57 ongoing order items, 119 completed order items
2025-10-04 08:45:39,884 [simulate_environment.py | 234] INFO: 
Adaptive config applied: {'num_orders': 6, 'num_vehicles': 5, 'time_budget_sec': None, 'POPULATION_SIZE': 40, 'NUMBER_OF_GENERATION': 20, 'MUTATION_RATE': 0.1, 'LS_MAX': 20, 'LS_MAX_TIME_PER_OP': 3, 'LS_MAX_TIME_IN_SINGLE': 1}
LS: PDPairExchange | Count: 0 | TotalTime:0.001s | Cost:100603.10
LS: BlockRelocate | Count: 1 | TotalTime:0.006s | Cost:119639.51
LS: mPDG | Count: 1 | TotalTime:0.005s | Cost:160868.49
LS: BlockExchange | Count: 1 | TotalTime:0.000s | Cost:134832.56
LS: BlockExchange | Count: 0 | TotalTime:0.000s | Cost:170924.80
LS: mPDG | Count: 1 | TotalTime:0.005s | Cost:160868.49
LS: BlockRelocate | Count: 1 | TotalTime:0.001s | Cost:169321.80
LS: mPDG | Count: 1 | TotalTime:0.006s | Cost:160868.49
LS: PDPairExchange | Count: 1 | TotalTime:0.001s | Cost:160658.14
LS: BlockExchange | Count: 1 | TotalTime:0.000s | Cost:134832.56
LS: mPDG | Count: 1 | TotalTime:0.005s | Cost:160868.49
Generation 1: Best = 100603.10, Worst = 170924.80, Avg = 164777.64, Time: 0.1583852767944336
LS: PDPairExchange | Count: 0 | TotalTime:0.001s | Cost:100603.10
LS: BlockRelocate | Count: 1 | TotalTime:0.003s | Cost:119570.04
LS: BlockExchange | Count: 0 | TotalTime:0.003s | Cost:134832.56
LS: BlockExchange | Count: 0 | TotalTime:0.002s | Cost:134832.56
LS: PDPairExchange | Count: 1 | TotalTime:0.000s | Cost:143690.83
LS: mPDG | Count: 0 | TotalTime:0.006s | Cost:160868.49
LS: mPDG | Count: 0 | TotalTime:0.007s | Cost:160868.49
LS: mPDG | Count: 0 | TotalTime:0.006s | Cost:160868.49
LS: BlockRelocate | Count: 1 | TotalTime:0.003s | Cost:170865.57
LS: mPDG | Count: 1 | TotalTime:0.006s | Cost:160868.49
LS: PDPairExchange | Count: 1 | TotalTime:0.001s | Cost:165757.58
Generation 2: Best = 100603.10, Worst = 198758.42, Avg = 165900.33, Time: 0.2206888198852539
LS: BlockRelocate | Count: 0 | TotalTime:0.011s | Cost:100603.10
LS: BlockRelocate | Count: 1 | TotalTime:0.006s | Cost:114642.77
LS: BlockExchange | Count: 0 | TotalTime:0.003s | Cost:134832.56
LS: BlockExchange | Count: 0 | TotalTime:0.003s | Cost:134832.56
LS: PDPairExchange | Count: 1 | TotalTime:0.002s | Cost:142667.95
LS: mPDG | Count: 0 | TotalTime:0.008s | Cost:160868.49
LS: mPDG | Count: 0 | TotalTime:0.007s | Cost:160868.49
LS: mPDG | Count: 0 | TotalTime:0.007s | Cost:160868.49
LS: PDPairExchange | Count: 1 | TotalTime:0.000s | Cost:160658.14
LS: PDPairExchange | Count: 1 | TotalTime:0.000s | Cost:168358.16
LS: BlockRelocate | Count: 1 | TotalTime:0.004s | Cost:165124.22
Generation 3: Best = 100603.10, Worst = 181824.76, Avg = 165314.45, Time: 0.24895524978637695
LS: mPDG | Count: 0 | TotalTime:0.006s | Cost:100603.10
LS: BlockRelocate | Count: 1 | TotalTime:0.004s | Cost:113139.75
LS: BlockExchange | Count: 0 | TotalTime:0.001s | Cost:134832.56
LS: BlockExchange | Count: 0 | TotalTime:0.001s | Cost:134832.56
LS: PDPairExchange | Count: 1 | TotalTime:0.000s | Cost:133634.52
LS: PDPairExchange | Count: 1 | TotalTime:0.000s | Cost:143690.83
LS: mPDG | Count: 0 | TotalTime:0.006s | Cost:160868.49
LS: mPDG | Count: 0 | TotalTime:0.005s | Cost:160868.49
LS: PDPairExchange | Count: 1 | TotalTime:0.000s | Cost:160868.49
LS: PDPairExchange | Count: 1 | TotalTime:0.000s | Cost:168358.16
LS: BlockRelocate | Count: 1 | TotalTime:0.001s | Cost:170207.82
Generation 4: Best = 100603.10, Worst = 198758.42, Avg = 166422.31, Time: 0.19570398330688477
LS: BlockRelocate | Count: 0 | TotalTime:0.010s | Cost:100603.10
LS: BlockRelocate | Count: 1 | TotalTime:0.005s | Cost:104669.98
LS: PDPairExchange | Count: 1 | TotalTime:0.001s | Cost:130065.41
LS: BlockExchange | Count: 0 | TotalTime:0.001s | Cost:134832.56
LS: BlockExchange | Count: 0 | TotalTime:0.001s | Cost:134832.56
LS: PDPairExchange | Count: 1 | TotalTime:0.000s | Cost:142667.95
LS: mPDG | Count: 0 | TotalTime:0.005s | Cost:160868.49
LS: mPDG | Count: 0 | TotalTime:0.006s | Cost:160868.49
LS: mPDG | Count: 1 | TotalTime:0.005s | Cost:160868.49
LS: PDPairExchange | Count: 1 | TotalTime:0.001s | Cost:134832.56
LS: PDPairExchange | Count: 1 | TotalTime:0.000s | Cost:165757.58
Generation 5: Best = 100603.10, Worst = 198758.42, Avg = 163828.86, Time: 0.19763827323913574
Stopping early due to lack of improvement.
Total runtime: 1.87s (0.0 minutes)
LS: BlockRelocate:0(0.000s) | PDPairExchange:0(0.001s) | BlockExchange:0(0.001s) | mPDG:0(0.006s) | TotalTime:0.008s | Cost:100603.10
LS: BlockRelocate:2(0.014s) | PDPairExchange:0(0.001s) | BlockExchange:0(0.001s) | mPDG:0(0.006s) | TotalTime:0.022s | Cost:100603.10
LS: PDPairExchange:3(0.002s) | BlockExchange:0(0.009s) | BlockRelocate:5(0.039s) | mPDG:1(0.011s) | TotalTime:0.060s | Cost:100603.10
LS: BlockExchange:2(0.002s) | PDPairExchange:2(0.006s) | BlockRelocate:4(0.043s) | mPDG:1(0.010s) | TotalTime:0.061s | Cost:100603.10
LS: BlockExchange:1(0.001s) | PDPairExchange:3(0.008s) | BlockRelocate:5(0.025s) | mPDG:0(0.006s) | TotalTime:0.040s | Cost:100603.10

The solution initialized by Cheapest Insertion:
V_1:[d1_1110120040-1 d2_1015060037-2 d21_1002040035-21 d2_1015200038-2 p3_1131130047-1 p1_1130040046-1 d1_1130040046-1 p1_1123490045-1 p1_1119300044-1 d1_1119300044-1 d1_1123490045-1 d3_1131130047-3] V_2:[d13_1114040043-13 d4_0958350034-4] V_3:[p1_1154340049-1 d1_1154340049-1] V_4:[p1_1113130042-1 d1_1113130042-1 d1_1135140048-1 d1_1104060039-1] V_5:[d12_0930180030-12 p1_1218120050-1 p3_1110400041-1 d3_1110400041-3 d1_1218120050-1]
The fitness value before EA: 100603.09777777779
V_1:[d1_1110120040-1 d2_1015060037-2 d21_1002040035-21 d2_1015200038-2 p3_1131130047-1 p1_1130040046-1 d1_1130040046-1 p1_1123490045-1 p1_1119300044-1 d1_1119300044-1 d1_1123490045-1 d3_1131130047-3] V_2:[d13_1114040043-13 d4_0958350034-4] V_3:[p1_1154340049-1 d1_1154340049-1] V_4:[p1_1113130042-1 d1_1113130042-1 d1_1135140048-1 d1_1104060039-1] V_5:[d12_0930180030-12 p1_1218120050-1 p3_1110400041-1 d3_1110400041-3 d1_1218120050-1]
The fitness value after EA: 100603.09777777779

Thoi gian thuc hien thuat toan:  2.1166577339172363
SUCCESS

2025-10-04 08:45:39,887 [simulate_environment.py | 256] INFO: 2025-10-04 13:00:00, Item 1110400041-1: state = 1 < 2, we can not finish the simulation
2025-10-04 08:45:39,888 [simulate_environment.py | 99] INFO: **************************************************
2025-10-04 08:45:39,888 [simulate_environment.py | 103] INFO: cur time: 2025-10-04 13:10:00, pre time: 2025-10-04 13:00:00
2025-10-04 08:45:39,888 [simulate_environment.py | 140] INFO: Start to update the input of 2025-10-04 13:10:00
2025-10-04 08:45:39,889 [simulate_environment.py | 167] INFO: Get 12 unallocated order items, 45 ongoing order items, 131 completed order items
2025-10-04 08:45:42,073 [simulate_environment.py | 234] INFO: 
Adaptive config applied: {'num_orders': 5, 'num_vehicles': 5, 'time_budget_sec': None, 'POPULATION_SIZE': 40, 'NUMBER_OF_GENERATION': 20, 'MUTATION_RATE': 0.1, 'LS_MAX': 20, 'LS_MAX_TIME_PER_OP': 3, 'LS_MAX_TIME_IN_SINGLE': 1}
LS: PDPairExchange | Count: 0 | TotalTime:0.000s | Cost:100601.50
LS: PDPairExchange | Count: 0 | TotalTime:0.000s | Cost:128724.08
LS: mPDG | Count: 1 | TotalTime:0.004s | Cost:189722.92
LS: PDPairExchange | Count: 1 | TotalTime:0.000s | Cost:190464.51
LS: BlockRelocate | Count: 1 | TotalTime:0.001s | Cost:195520.12
LS: BlockExchange | Count: 0 | TotalTime:0.000s | Cost:198423.48
LS: BlockExchange | Count: 1 | TotalTime:0.000s | Cost:191623.48
LS: PDPairExchange | Count: 1 | TotalTime:0.000s | Cost:190464.51
LS: PDPairExchange | Count: 1 | TotalTime:0.000s | Cost:190464.51
LS: mPDG | Count: 1 | TotalTime:0.004s | Cost:189722.92
LS: BlockRelocate | Count: 1 | TotalTime:0.001s | Cost:196834.38
Generation 1: Best = 100601.50, Worst = 198423.48, Avg = 192921.19, Time: 0.11686563491821289
LS: BlockExchange | Count: 0 | TotalTime:0.001s | Cost:100601.50
LS: BlockRelocate | Count: 1 | TotalTime:0.003s | Cost:111971.30
LS: mPDG | Count: 1 | TotalTime:0.003s | Cost:149705.90
LS: mPDG | Count: 1 | TotalTime:0.003s | Cost:149705.90
LS: PDPairExchange | Count: 1 | TotalTime:0.000s | Cost:167731.18
LS: PDPairExchange | Count: 1 | TotalTime:0.000s | Cost:184164.53
LS: PDPairExchange | Count: 1 | TotalTime:0.001s | Cost:167731.18
LS: BlockExchange | Count: 1 | TotalTime:0.000s | Cost:178123.46
LS: BlockExchange | Count: 1 | TotalTime:0.000s | Cost:192123.50
LS: PDPairExchange | Count: 1 | TotalTime:0.000s | Cost:192123.50
LS: mPDG | Count: 1 | TotalTime:0.003s | Cost:189722.92
Generation 2: Best = 100601.50, Worst = 201423.48, Avg = 190474.65, Time: 0.12920427322387695
LS: PDPairExchange | Count: 0 | TotalTime:0.000s | Cost:100601.50
LS: BlockRelocate | Count: 1 | TotalTime:0.001s | Cost:111254.64
LS: mPDG | Count: 1 | TotalTime:0.004s | Cost:132905.64
LS: mPDG | Count: 1 | TotalTime:0.003s | Cost:132905.64
LS: PDPairExchange | Count: 0 | TotalTime:0.001s | Cost:167731.18
LS: PDPairExchange | Count: 0 | TotalTime:0.001s | Cost:167731.18
LS: BlockExchange | Count: 1 | TotalTime:0.001s | Cost:172064.49
LS: PDPairExchange | Count: 1 | TotalTime:0.000s | Cost:167764.53
LS: mPDG | Count: 1 | TotalTime:0.004s | Cost:189722.92
LS: BlockExchange | Count: 1 | TotalTime:0.000s | Cost:192123.50
LS: mPDG | Count: 1 | TotalTime:0.004s | Cost:189722.92
Generation 3: Best = 100601.50, Worst = 201423.48, Avg = 187945.23, Time: 0.13906002044677734
LS: PDPairExchange | Count: 0 | TotalTime:0.000s | Cost:100601.50
LS: BlockRelocate | Count: 1 | TotalTime:0.002s | Cost:100601.50
LS: mPDG | Count: 0 | TotalTime:0.004s | Cost:132905.64
LS: mPDG | Count: 0 | TotalTime:0.004s | Cost:132905.64
LS: PDPairExchange | Count: 0 | TotalTime:0.001s | Cost:167731.18
LS: PDPairExchange | Count: 0 | TotalTime:0.001s | Cost:167731.18
LS: PDPairExchange | Count: 1 | TotalTime:0.000s | Cost:167731.18
LS: BlockExchange | Count: 1 | TotalTime:0.000s | Cost:167731.18
LS: mPDG | Count: 1 | TotalTime:0.004s | Cost:189722.92
LS: BlockExchange | Count: 1 | TotalTime:0.000s | Cost:178156.82
LS: BlockExchange | Count: 1 | TotalTime:0.000s | Cost:190464.51
Generation 4: Best = 100601.50, Worst = 201423.48, Avg = 187464.11, Time: 0.14325404167175293
LS: mPDG | Count: 0 | TotalTime:0.006s | Cost:100601.50
LS: BlockRelocate | Count: 0 | TotalTime:0.013s | Cost:100601.50
LS: mPDG | Count: 0 | TotalTime:0.008s | Cost:132905.64
LS: mPDG | Count: 0 | TotalTime:0.007s | Cost:132905.64
LS: PDPairExchange | Count: 0 | TotalTime:0.002s | Cost:167731.18
LS: PDPairExchange | Count: 0 | TotalTime:0.002s | Cost:167731.18
LS: PDPairExchange | Count: 0 | TotalTime:0.002s | Cost:167731.18
LS: BlockExchange | Count: 1 | TotalTime:0.001s | Cost:163097.66
LS: BlockExchange | Count: 1 | TotalTime:0.001s | Cost:190464.51
LS: BlockRelocate | Count: 1 | TotalTime:0.002s | Cost:192922.88
LS: PDPairExchange | Count: 1 | TotalTime:0.001s | Cost:190464.51
Generation 5: Best = 100601.50, Worst = 201423.48, Avg = 188335.96, Time: 0.17541265487670898
Stopping early due to lack of improvement.
Total runtime: 1.56s (0.0 minutes)
LS: BlockRelocate:0(0.000s) | PDPairExchange:0(0.001s) | mPDG:0(0.007s) | BlockExchange:0(0.001s) | TotalTime:0.009s | Cost:100601.50
LS: BlockRelocate:0(0.000s) | PDPairExchange:0(0.001s) | BlockExchange:0(0.001s) | mPDG:0(0.010s) | TotalTime:0.012s | Cost:100601.50
LS: mPDG:1(0.009s) | PDPairExchange:1(0.003s) | BlockExchange:0(0.002s) | BlockRelocate:1(0.013s) | TotalTime:0.027s | Cost:100601.50
LS: mPDG:1(0.006s) | PDPairExchange:1(0.003s) | BlockExchange:0(0.003s) | BlockRelocate:2(0.015s) | TotalTime:0.027s | Cost:100601.50
LS: BlockExchange:3(0.002s) | PDPairExchange:0(0.007s) | BlockRelocate:7(0.031s) | mPDG:0(0.005s) | TotalTime:0.045s | Cost:100601.50

The solution initialized by Cheapest Insertion:
V_1:[d1_1110120040-1 d2_1015060037-2 d21_1002040035-21 d2_1015200038-2 p3_1131130047-1 p1_1130040046-1 d1_1130040046-1 p1_1123490045-1 p1_1119300044-1 d1_1119300044-1 d1_1123490045-1 d3_1131130047-3] V_2:[d13_1114040043-13 d4_0958350034-4] V_3:[p1_1154340049-1 d1_1154340049-1] V_4:[p1_1113130042-1 d1_1113130042-1 d1_1135140048-1 d1_1104060039-1] V_5:[p1_1218120050-1 p3_1110400041-1 d3_1110400041-3 d1_1218120050-1]
The fitness value before EA: 100601.49777777778
V_1:[d1_1110120040-1 d2_1015060037-2 d21_1002040035-21 d2_1015200038-2 p3_1131130047-1 p1_1130040046-1 d1_1130040046-1 p1_1123490045-1 p1_1119300044-1 d1_1119300044-1 d1_1123490045-1 d3_1131130047-3] V_2:[d13_1114040043-13 d4_0958350034-4] V_3:[p1_1154340049-1 d1_1154340049-1] V_4:[p1_1113130042-1 d1_1113130042-1 d1_1135140048-1 d1_1104060039-1] V_5:[p1_1218120050-1 p3_1110400041-1 d3_1110400041-3 d1_1218120050-1]
The fitness value after EA: 100601.49777777778

Thoi gian thuc hien thuat toan:  1.7772371768951416
SUCCESS

2025-10-04 08:45:42,075 [simulate_environment.py | 256] INFO: 2025-10-04 13:10:00, Item 1110400041-1: state = 1 < 2, we can not finish the simulation
2025-10-04 08:45:42,076 [simulate_environment.py | 99] INFO: **************************************************
2025-10-04 08:45:42,076 [simulate_environment.py | 103] INFO: cur time: 2025-10-04 13:20:00, pre time: 2025-10-04 13:10:00
2025-10-04 08:45:42,076 [simulate_environment.py | 140] INFO: Start to update the input of 2025-10-04 13:20:00
2025-10-04 08:45:42,077 [simulate_environment.py | 167] INFO: Get 12 unallocated order items, 21 ongoing order items, 155 completed order items
2025-10-04 08:45:43,913 [simulate_environment.py | 234] INFO: 
Adaptive config applied: {'num_orders': 5, 'num_vehicles': 5, 'time_budget_sec': None, 'POPULATION_SIZE': 40, 'NUMBER_OF_GENERATION': 20, 'MUTATION_RATE': 0.1, 'LS_MAX': 20, 'LS_MAX_TIME_PER_OP': 3, 'LS_MAX_TIME_IN_SINGLE': 1}
LS: mPDG | Count: 0 | TotalTime:0.002s | Cost:100601.44
LS: mPDG | Count: 1 | TotalTime:0.002s | Cost:189722.86
LS: PDPairExchange | Count: 1 | TotalTime:0.000s | Cost:190464.45
LS: BlockExchange | Count: 1 | TotalTime:0.000s | Cost:190464.45
LS: PDPairExchange | Count: 1 | TotalTime:0.000s | Cost:191623.42
LS: PDPairExchange | Count: 1 | TotalTime:0.000s | Cost:192123.44
LS: BlockRelocate | Count: 1 | TotalTime:0.001s | Cost:196834.32
LS: BlockExchange | Count: 0 | TotalTime:0.000s | Cost:198423.42
LS: PDPairExchange | Count: 1 | TotalTime:0.000s | Cost:191623.42
LS: PDPairExchange | Count: 1 | TotalTime:0.000s | Cost:192123.44
LS: BlockExchange | Count: 1 | TotalTime:0.000s | Cost:192123.44
Generation 1: Best = 100601.44, Worst = 222560.35, Avg = 195113.61, Time: 0.09165406227111816
LS: BlockRelocate | Count: 0 | TotalTime:0.004s | Cost:100601.44
LS: mPDG | Count: 1 | TotalTime:0.002s | Cost:149705.84
LS: PDPairExchange | Count: 1 | TotalTime:0.000s | Cost:184164.47
LS: BlockExchange | Count: 1 | TotalTime:0.001s | Cost:184164.47
LS: PDPairExchange | Count: 1 | TotalTime:0.000s | Cost:178123.40
LS: PDPairExchange | Count: 1 | TotalTime:0.001s | Cost:178123.40
LS: PDPairExchange | Count: 1 | TotalTime:0.000s | Cost:191656.78
LS: PDPairExchange | Count: 1 | TotalTime:0.000s | Cost:192090.09
LS: PDPairExchange | Count: 1 | TotalTime:0.000s | Cost:190464.45
LS: BlockExchange | Count: 1 | TotalTime:0.000s | Cost:191623.42
LS: mPDG | Count: 1 | TotalTime:0.002s | Cost:189722.86
Generation 2: Best = 100601.44, Worst = 201423.42, Avg = 193843.00, Time: 0.10665559768676758
LS: BlockRelocate | Count: 0 | TotalTime:0.004s | Cost:100601.44
LS: mPDG | Count: 1 | TotalTime:0.002s | Cost:132905.58
LS: PDPairExchange | Count: 1 | TotalTime:0.000s | Cost:172064.43
LS: PDPairExchange | Count: 1 | TotalTime:0.000s | Cost:172064.43
LS: PDPairExchange | Count: 1 | TotalTime:0.001s | Cost:172031.08
LS: BlockExchange | Count: 1 | TotalTime:0.001s | Cost:172031.08
LS: mPDG | Count: 1 | TotalTime:0.002s | Cost:149705.84
LS: PDPairExchange | Count: 1 | TotalTime:0.000s | Cost:167731.12
LS: PDPairExchange | Count: 1 | TotalTime:0.000s | Cost:191623.42
LS: mPDG | Count: 1 | TotalTime:0.002s | Cost:189722.86
LS: BlockRelocate | Count: 1 | TotalTime:0.001s | Cost:196834.32
Generation 3: Best = 100601.44, Worst = 201423.42, Avg = 190414.87, Time: 0.1097259521484375
LS: BlockRelocate | Count: 0 | TotalTime:0.005s | Cost:100601.44
LS: mPDG | Count: 0 | TotalTime:0.002s | Cost:132905.58
LS: mPDG | Count: 1 | TotalTime:0.002s | Cost:132905.58
LS: PDPairExchange | Count: 0 | TotalTime:0.001s | Cost:167731.12
LS: PDPairExchange | Count: 1 | TotalTime:0.001s | Cost:163097.60
LS: BlockExchange | Count: 0 | TotalTime:0.001s | Cost:172031.08
LS: PDPairExchange | Count: 1 | TotalTime:0.000s | Cost:167731.12
LS: PDPairExchange | Count: 1 | TotalTime:0.000s | Cost:167731.12
LS: BlockExchange | Count: 1 | TotalTime:0.000s | Cost:190464.45
LS: mPDG | Count: 1 | TotalTime:0.002s | Cost:189722.86
LS: mPDG | Count: 1 | TotalTime:0.002s | Cost:189722.86
Generation 4: Best = 100601.44, Worst = 201423.42, Avg = 189798.10, Time: 0.11581230163574219
LS: BlockRelocate | Count: 0 | TotalTime:0.004s | Cost:100601.44
LS: mPDG | Count: 0 | TotalTime:0.002s | Cost:132905.58
LS: mPDG | Count: 0 | TotalTime:0.002s | Cost:132905.58
LS: PDPairExchange | Count: 0 | TotalTime:0.001s | Cost:163097.60
LS: PDPairExchange | Count: 0 | TotalTime:0.001s | Cost:167731.12
LS: PDPairExchange | Count: 0 | TotalTime:0.001s | Cost:167731.12
LS: PDPairExchange | Count: 0 | TotalTime:0.001s | Cost:167731.12
LS: BlockExchange | Count: 1 | TotalTime:0.000s | Cost:163097.60
LS: BlockExchange | Count: 1 | TotalTime:0.000s | Cost:190464.45
LS: PDPairExchange | Count: 1 | TotalTime:0.000s | Cost:191623.42
LS: BlockRelocate | Count: 1 | TotalTime:0.000s | Cost:196820.42
Generation 5: Best = 100601.44, Worst = 201423.42, Avg = 189949.72, Time: 0.11334848403930664
Stopping early due to lack of improvement.
Total runtime: 1.35s (0.0 minutes)
LS: PDPairExchange:0(0.000s) | mPDG:0(0.003s) | BlockExchange:0(0.000s) | BlockRelocate:0(0.005s) | TotalTime:0.008s | Cost:100601.44
LS: mPDG:1(0.002s) | PDPairExchange:1(0.001s) | BlockExchange:0(0.001s) | BlockRelocate:1(0.007s) | TotalTime:0.011s | Cost:100601.44
LS: mPDG:1(0.002s) | PDPairExchange:1(0.002s) | BlockExchange:0(0.001s) | BlockRelocate:2(0.008s) | TotalTime:0.013s | Cost:100601.44
LS: PDPairExchange:3(0.001s) | BlockExchange:0(0.004s) | BlockRelocate:6(0.013s) | mPDG:0(0.003s) | TotalTime:0.022s | Cost:100601.44
LS: BlockExchange:5(0.002s) | PDPairExchange:0(0.004s) | BlockRelocate:7(0.021s) | mPDG:0(0.003s) | TotalTime:0.030s | Cost:100601.44

The solution initialized by Cheapest Insertion:
V_1:[d2_1015200038-2 p3_1131130047-1 p1_1130040046-1 d1_1130040046-1 p1_1123490045-1 p1_1119300044-1 d1_1119300044-1 d1_1123490045-1 d3_1131130047-3] V_2:[d13_1114040043-13 d4_0958350034-4] V_3:[p1_1154340049-1 d1_1154340049-1] V_4:[p1_1113130042-1 d1_1113130042-1 d1_1135140048-1 d1_1104060039-1] V_5:[p1_1218120050-1 p3_1110400041-1 d3_1110400041-3 d1_1218120050-1]
The fitness value before EA: 100601.43777777778
V_1:[d2_1015200038-2 p3_1131130047-1 p1_1130040046-1 d1_1130040046-1 p1_1123490045-1 p1_1119300044-1 d1_1119300044-1 d1_1123490045-1 d3_1131130047-3] V_2:[d13_1114040043-13 d4_0958350034-4] V_3:[p1_1154340049-1 d1_1154340049-1] V_4:[p1_1113130042-1 d1_1113130042-1 d1_1135140048-1 d1_1104060039-1] V_5:[p1_1218120050-1 p3_1110400041-1 d3_1110400041-3 d1_1218120050-1]
The fitness value after EA: 100601.43777777778

Thoi gian thuc hien thuat toan:  1.4664742946624756
SUCCESS

2025-10-04 08:45:43,915 [simulate_environment.py | 256] INFO: 2025-10-04 13:20:00, Item 1110400041-1: state = 1 < 2, we can not finish the simulation
2025-10-04 08:45:43,915 [simulate_environment.py | 99] INFO: **************************************************
2025-10-04 08:45:43,915 [simulate_environment.py | 103] INFO: cur time: 2025-10-04 13:30:00, pre time: 2025-10-04 13:20:00
2025-10-04 08:45:43,915 [simulate_environment.py | 140] INFO: Start to update the input of 2025-10-04 13:30:00
2025-10-04 08:45:43,916 [simulate_environment.py | 167] INFO: Get 11 unallocated order items, 22 ongoing order items, 155 completed order items
2025-10-04 08:45:45,738 [simulate_environment.py | 234] INFO: 
Adaptive config applied: {'num_orders': 5, 'num_vehicles': 5, 'time_budget_sec': None, 'POPULATION_SIZE': 40, 'NUMBER_OF_GENERATION': 20, 'MUTATION_RATE': 0.1, 'LS_MAX': 20, 'LS_MAX_TIME_PER_OP': 3, 'LS_MAX_TIME_IN_SINGLE': 1}
LS: BlockExchange | Count: 0 | TotalTime:0.001s | Cost:100601.44
LS: BlockExchange | Count: 0 | TotalTime:0.000s | Cost:179527.32
LS: PDPairExchange | Count: 1 | TotalTime:0.000s | Cost:190464.45
LS: BlockExchange | Count: 1 | TotalTime:0.000s | Cost:178156.76
LS: BlockExchange | Count: 1 | TotalTime:0.000s | Cost:178156.76
LS: PDPairExchange | Count: 1 | TotalTime:0.000s | Cost:192123.44
LS: PDPairExchange | Count: 1 | TotalTime:0.000s | Cost:190464.45
LS: mPDG | Count: 1 | TotalTime:0.002s | Cost:189722.86
LS: mPDG | Count: 1 | TotalTime:0.002s | Cost:189722.86
LS: BlockRelocate | Count: 1 | TotalTime:0.001s | Cost:192922.82
LS: mPDG | Count: 1 | TotalTime:0.002s | Cost:189722.86
Generation 1: Best = 100601.44, Worst = 198423.42, Avg = 193146.63, Time: 0.09291601181030273
LS: BlockRelocate | Count: 0 | TotalTime:0.004s | Cost:100601.44
LS: BlockExchange | Count: 1 | TotalTime:0.000s | Cost:172031.08
LS: BlockExchange | Count: 1 | TotalTime:0.000s | Cost:178123.40
LS: mPDG | Count: 1 | TotalTime:0.002s | Cost:132501.66
LS: mPDG | Count: 1 | TotalTime:0.002s | Cost:149705.84
LS: mPDG | Count: 1 | TotalTime:0.002s | Cost:149705.84
LS: mPDG | Count: 1 | TotalTime:0.002s | Cost:149705.84
LS: PDPairExchange | Count: 1 | TotalTime:0.000s | Cost:167731.12
LS: BlockRelocate | Count: 1 | TotalTime:0.000s | Cost:176523.16
LS: mPDG | Count: 1 | TotalTime:0.002s | Cost:189722.86
LS: BlockRelocate | Count: 1 | TotalTime:0.001s | Cost:195756.44
Generation 2: Best = 100601.44, Worst = 201423.42, Avg = 189484.70, Time: 0.11088418960571289
LS: BlockRelocate | Count: 0 | TotalTime:0.004s | Cost:100601.44
LS: mPDG | Count: 1 | TotalTime:0.002s | Cost:100601.44
LS: mPDG | Count: 1 | TotalTime:0.002s | Cost:132905.58
LS: mPDG | Count: 1 | TotalTime:0.002s | Cost:132905.58
LS: mPDG | Count: 1 | TotalTime:0.002s | Cost:132905.58
LS: PDPairExchange | Count: 0 | TotalTime:0.001s | Cost:167731.12
LS: BlockExchange | Count: 0 | TotalTime:0.001s | Cost:172031.08
LS: BlockRelocate | Count: 1 | TotalTime:0.000s | Cost:173631.10
LS: BlockExchange | Count: 1 | TotalTime:0.000s | Cost:191623.42
LS: BlockExchange | Count: 1 | TotalTime:0.000s | Cost:191623.42
LS: mPDG | Count: 1 | TotalTime:0.002s | Cost:189722.86
Generation 3: Best = 100601.44, Worst = 201423.42, Avg = 186614.05, Time: 0.11071991920471191
LS: BlockRelocate | Count: 0 | TotalTime:0.004s | Cost:100601.44
LS: mPDG | Count: 0 | TotalTime:0.002s | Cost:100601.44
LS: mPDG | Count: 0 | TotalTime:0.002s | Cost:132905.58
LS: mPDG | Count: 0 | TotalTime:0.002s | Cost:132905.58
LS: mPDG | Count: 0 | TotalTime:0.002s | Cost:132905.58
LS: PDPairExchange | Count: 0 | TotalTime:0.001s | Cost:167731.12
LS: BlockExchange | Count: 1 | TotalTime:0.000s | Cost:163097.60
LS: BlockRelocate | Count: 1 | TotalTime:0.001s | Cost:165364.11
LS: BlockExchange | Count: 1 | TotalTime:0.000s | Cost:190497.80
LS: mPDG | Count: 1 | TotalTime:0.002s | Cost:189722.86
LS: mPDG | Count: 1 | TotalTime:0.005s | Cost:168806.42
Generation 4: Best = 100601.44, Worst = 201423.42, Avg = 185735.47, Time: 0.12026691436767578
LS: PDPairExchange | Count: 0 | TotalTime:0.000s | Cost:100601.44
LS: mPDG | Count: 0 | TotalTime:0.002s | Cost:100601.44
LS: mPDG | Count: 0 | TotalTime:0.002s | Cost:132905.58
LS: mPDG | Count: 0 | TotalTime:0.002s | Cost:132905.58
LS: mPDG | Count: 0 | TotalTime:0.002s | Cost:132905.58
LS: BlockExchange | Count: 0 | TotalTime:0.001s | Cost:163097.60
LS: BlockRelocate | Count: 1 | TotalTime:0.001s | Cost:159069.68
LS: PDPairExchange | Count: 0 | TotalTime:0.001s | Cost:167731.12
LS: BlockRelocate | Count: 1 | TotalTime:0.001s | Cost:176523.16
LS: mPDG | Count: 1 | TotalTime:0.002s | Cost:168806.42
LS: BlockExchange | Count: 1 | TotalTime:0.000s | Cost:190464.45
Generation 5: Best = 100601.44, Worst = 201423.42, Avg = 185097.28, Time: 0.11768579483032227
Stopping early due to lack of improvement.
Total runtime: 1.38s (0.0 minutes)
LS: BlockRelocate:0(0.000s) | PDPairExchange:0(0.000s) | BlockExchange:0(0.000s) | mPDG:0(0.002s) | TotalTime:0.003s | Cost:100601.44
LS: mPDG:0(0.000s) | PDPairExchange:0(0.000s) | BlockExchange:0(0.000s) | BlockRelocate:0(0.004s) | TotalTime:0.005s | Cost:100601.44
LS: mPDG:1(0.002s) | PDPairExchange:1(0.001s) | BlockExchange:0(0.001s) | BlockRelocate:1(0.006s) | TotalTime:0.010s | Cost:100601.44
LS: mPDG:1(0.002s) | PDPairExchange:1(0.001s) | BlockExchange:0(0.001s) | BlockRelocate:1(0.005s) | TotalTime:0.009s | Cost:100601.44
LS: mPDG:1(0.002s) | PDPairExchange:1(0.001s) | BlockExchange:0(0.001s) | BlockRelocate:1(0.007s) | TotalTime:0.012s | Cost:100601.44

The solution initialized by Cheapest Insertion:
V_1:[d2_1015200038-2 p3_1131130047-1 p1_1130040046-1 d1_1130040046-1 p1_1123490045-1 p1_1119300044-1 d1_1119300044-1 d1_1123490045-1 d3_1131130047-3] V_2:[d13_1114040043-13 d4_0958350034-4] V_3:[p1_1154340049-1 d1_1154340049-1] V_4:[d1_1113130042-1 d1_1135140048-1 d1_1104060039-1] V_5:[p1_1218120050-1 p3_1110400041-1 d3_1110400041-3 d1_1218120050-1]
The fitness value before EA: 100601.43777777778
V_1:[d2_1015200038-2 p3_1131130047-1 p1_1130040046-1 d1_1130040046-1 p1_1123490045-1 p1_1119300044-1 d1_1119300044-1 d1_1123490045-1 d3_1131130047-3] V_2:[d13_1114040043-13 d4_0958350034-4] V_3:[p1_1154340049-1 d1_1154340049-1] V_4:[d1_1113130042-1 d1_1135140048-1 d1_1104060039-1] V_5:[p1_1218120050-1 p3_1110400041-1 d3_1110400041-3 d1_1218120050-1]
The fitness value after EA: 100601.43777777778

Thoi gian thuc hien thuat toan:  1.4526574611663818
SUCCESS

2025-10-04 08:45:45,740 [simulate_environment.py | 256] INFO: 2025-10-04 13:30:00, Item 1110400041-1: state = 1 < 2, we can not finish the simulation
2025-10-04 08:45:45,740 [simulate_environment.py | 99] INFO: **************************************************
2025-10-04 08:45:45,740 [simulate_environment.py | 103] INFO: cur time: 2025-10-04 13:40:00, pre time: 2025-10-04 13:30:00
2025-10-04 08:45:45,740 [simulate_environment.py | 140] INFO: Start to update the input of 2025-10-04 13:40:00
2025-10-04 08:45:45,742 [simulate_environment.py | 167] INFO: Get 11 unallocated order items, 22 ongoing order items, 155 completed order items
2025-10-04 08:45:47,870 [simulate_environment.py | 234] INFO: 
Adaptive config applied: {'num_orders': 5, 'num_vehicles': 5, 'time_budget_sec': None, 'POPULATION_SIZE': 40, 'NUMBER_OF_GENERATION': 20, 'MUTATION_RATE': 0.1, 'LS_MAX': 20, 'LS_MAX_TIME_PER_OP': 3, 'LS_MAX_TIME_IN_SINGLE': 1}
LS: PDPairExchange | Count: 0 | TotalTime:0.001s | Cost:100601.44
LS: BlockExchange | Count: 1 | TotalTime:0.001s | Cost:191623.42
LS: BlockExchange | Count: 1 | TotalTime:0.000s | Cost:191623.42
LS: BlockExchange | Count: 1 | TotalTime:0.001s | Cost:191623.42
LS: PDPairExchange | Count: 1 | TotalTime:0.001s | Cost:191623.42
LS: PDPairExchange | Count: 1 | TotalTime:0.001s | Cost:190464.45
LS: BlockRelocate | Count: 1 | TotalTime:0.002s | Cost:192922.82
LS: mPDG | Count: 1 | TotalTime:0.005s | Cost:189722.86
LS: mPDG | Count: 1 | TotalTime:0.003s | Cost:189722.86
LS: BlockRelocate | Count: 1 | TotalTime:0.001s | Cost:192922.82
LS: PDPairExchange | Count: 1 | TotalTime:0.000s | Cost:191623.42
Generation 1: Best = 100601.44, Worst = 224176.78, Avg = 194862.68, Time: 0.11823153495788574
LS: BlockExchange | Count: 0 | TotalTime:0.000s | Cost:100601.44
LS: mPDG | Count: 1 | TotalTime:0.002s | Cost:149705.84
LS: mPDG | Count: 1 | TotalTime:0.002s | Cost:149705.84
LS: PDPairExchange | Count: 1 | TotalTime:0.000s | Cost:184164.47
LS: BlockExchange | Count: 1 | TotalTime:0.000s | Cost:186989.91
LS: BlockExchange | Count: 1 | TotalTime:0.000s | Cost:178123.40
LS: BlockExchange | Count: 1 | TotalTime:0.001s | Cost:186989.91
LS: PDPairExchange | Count: 1 | TotalTime:0.000s | Cost:178123.40
LS: BlockExchange | Count: 1 | TotalTime:0.000s | Cost:178156.76
LS: mPDG | Count: 1 | TotalTime:0.002s | Cost:168806.42
LS: mPDG | Count: 1 | TotalTime:0.002s | Cost:168806.42
Generation 2: Best = 100601.44, Worst = 201423.42, Avg = 191486.33, Time: 0.10900044441223145
LS: PDPairExchange | Count: 0 | TotalTime:0.000s | Cost:100601.44
LS: mPDG | Count: 1 | TotalTime:0.002s | Cost:132905.58
LS: mPDG | Count: 1 | TotalTime:0.002s | Cost:132905.58
LS: mPDG | Count: 1 | TotalTime:0.002s | Cost:156642.21
LS: mPDG | Count: 1 | TotalTime:0.002s | Cost:156642.21
LS: BlockExchange | Count: 1 | TotalTime:0.001s | Cost:172064.43
LS: PDPairExchange | Count: 1 | TotalTime:0.000s | Cost:172064.43
LS: BlockExchange | Count: 1 | TotalTime:0.000s | Cost:172031.08
LS: mPDG | Count: 1 | TotalTime:0.002s | Cost:189722.86
LS: BlockExchange | Count: 1 | TotalTime:0.000s | Cost:178156.76
LS: BlockRelocate | Count: 1 | TotalTime:0.001s | Cost:196325.90
Generation 3: Best = 100601.44, Worst = 201423.42, Avg = 188608.54, Time: 0.11342310905456543
LS: BlockRelocate | Count: 0 | TotalTime:0.005s | Cost:100601.44
LS: mPDG | Count: 0 | TotalTime:0.002s | Cost:132905.58
LS: mPDG | Count: 0 | TotalTime:0.002s | Cost:132905.58
LS: mPDG | Count: 0 | TotalTime:0.003s | Cost:156642.21
LS: mPDG | Count: 0 | TotalTime:0.003s | Cost:156642.21
LS: BlockExchange | Count: 1 | TotalTime:0.000s | Cost:172064.43
LS: BlockExchange | Count: 0 | TotalTime:0.001s | Cost:172064.43
LS: PDPairExchange | Count: 1 | TotalTime:0.000s | Cost:172031.08
LS: PDPairExchange | Count: 1 | TotalTime:0.001s | Cost:191623.42
LS: PDPairExchange | Count: 1 | TotalTime:0.000s | Cost:190497.80
LS: BlockExchange | Count: 1 | TotalTime:0.000s | Cost:190464.45
Generation 4: Best = 100601.44, Worst = 201423.42, Avg = 188443.05, Time: 0.12450790405273438
LS: mPDG | Count: 0 | TotalTime:0.003s | Cost:100601.44
LS: mPDG | Count: 0 | TotalTime:0.002s | Cost:132905.58
LS: mPDG | Count: 0 | TotalTime:0.002s | Cost:132905.58
LS: mPDG | Count: 0 | TotalTime:0.003s | Cost:156642.21
LS: mPDG | Count: 0 | TotalTime:0.004s | Cost:156642.21
LS: PDPairExchange | Count: 1 | TotalTime:0.000s | Cost:163097.60
LS: BlockExchange | Count: 1 | TotalTime:0.000s | Cost:172031.08
LS: BlockExchange | Count: 1 | TotalTime:0.001s | Cost:167731.12
LS: mPDG | Count: 1 | TotalTime:0.003s | Cost:189722.86
LS: PDPairExchange | Count: 1 | TotalTime:0.000s | Cost:191623.42
LS: BlockExchange | Count: 0 | TotalTime:0.000s | Cost:198423.42
Generation 5: Best = 100601.44, Worst = 201423.42, Avg = 188515.15, Time: 0.12714266777038574
Stopping early due to lack of improvement.
Total runtime: 1.59s (0.0 minutes)
LS: BlockExchange:0(0.000s) | BlockRelocate:0(0.005s) | PDPairExchange:0(0.000s) | mPDG:0(0.003s) | TotalTime:0.008s | Cost:100601.44
LS: mPDG:1(0.002s) | PDPairExchange:1(0.001s) | BlockExchange:0(0.001s) | BlockRelocate:1(0.008s) | TotalTime:0.012s | Cost:100601.44
LS: mPDG:1(0.002s) | PDPairExchange:1(0.002s) | BlockExchange:0(0.001s) | BlockRelocate:1(0.008s) | TotalTime:0.013s | Cost:100601.44
LS: mPDG:1(0.004s) | PDPairExchange:1(0.003s) | BlockExchange:0(0.003s) | BlockRelocate:3(0.014s) | TotalTime:0.024s | Cost:100601.44
LS: mPDG:2(0.005s) | PDPairExchange:3(0.005s) | BlockExchange:2(0.004s) | BlockRelocate:3(0.012s) | TotalTime:0.026s | Cost:100601.44

The solution initialized by Cheapest Insertion:
V_1:[d2_1015200038-2 p3_1131130047-1 p1_1130040046-1 d1_1130040046-1 p1_1123490045-1 p1_1119300044-1 d1_1119300044-1 d1_1123490045-1 d3_1131130047-3] V_2:[d13_1114040043-13 d4_0958350034-4] V_3:[p1_1154340049-1 d1_1154340049-1] V_4:[d1_1113130042-1 d1_1135140048-1 d1_1104060039-1] V_5:[p1_1218120050-1 p3_1110400041-1 d3_1110400041-3 d1_1218120050-1]
The fitness value before EA: 100601.43777777778
V_1:[d2_1015200038-2 p3_1131130047-1 p1_1130040046-1 d1_1130040046-1 p1_1123490045-1 p1_1119300044-1 d1_1119300044-1 d1_1123490045-1 d3_1131130047-3] V_2:[d13_1114040043-13 d4_0958350034-4] V_3:[p1_1154340049-1 d1_1154340049-1] V_4:[d1_1113130042-1 d1_1135140048-1 d1_1104060039-1] V_5:[p1_1218120050-1 p3_1110400041-1 d3_1110400041-3 d1_1218120050-1]
The fitness value after EA: 100601.43777777778

Thoi gian thuc hien thuat toan:  1.7297308444976807
SUCCESS

2025-10-04 08:45:47,872 [simulate_environment.py | 256] INFO: 2025-10-04 13:40:00, Item 1110400041-1: state = 1 < 2, we can not finish the simulation
2025-10-04 08:45:47,872 [simulate_environment.py | 99] INFO: **************************************************
2025-10-04 08:45:47,872 [simulate_environment.py | 103] INFO: cur time: 2025-10-04 13:50:00, pre time: 2025-10-04 13:40:00
2025-10-04 08:45:47,872 [simulate_environment.py | 140] INFO: Start to update the input of 2025-10-04 13:50:00
2025-10-04 08:45:47,873 [simulate_environment.py | 167] INFO: Get 11 unallocated order items, 22 ongoing order items, 155 completed order items
2025-10-04 08:45:49,850 [simulate_environment.py | 234] INFO: 
Adaptive config applied: {'num_orders': 5, 'num_vehicles': 5, 'time_budget_sec': None, 'POPULATION_SIZE': 40, 'NUMBER_OF_GENERATION': 20, 'MUTATION_RATE': 0.1, 'LS_MAX': 20, 'LS_MAX_TIME_PER_OP': 3, 'LS_MAX_TIME_IN_SINGLE': 1}
LS: mPDG | Count: 0 | TotalTime:0.003s | Cost:100601.44
LS: BlockRelocate | Count: 1 | TotalTime:0.001s | Cost:169357.85
LS: mPDG | Count: 1 | TotalTime:0.002s | Cost:189722.86
LS: BlockRelocate | Count: 1 | TotalTime:0.001s | Cost:155923.16
LS: PDPairExchange | Count: 1 | TotalTime:0.000s | Cost:192123.44
LS: PDPairExchange | Count: 1 | TotalTime:0.000s | Cost:190464.45
LS: mPDG | Count: 1 | TotalTime:0.002s | Cost:189722.86
LS: PDPairExchange | Count: 1 | TotalTime:0.000s | Cost:192123.44
LS: BlockRelocate | Count: 1 | TotalTime:0.001s | Cost:195289.87
LS: mPDG | Count: 1 | TotalTime:0.002s | Cost:189722.86
LS: BlockRelocate | Count: 1 | TotalTime:0.000s | Cost:155923.16
Generation 1: Best = 100601.44, Worst = 198423.42, Avg = 191881.37, Time: 0.10242652893066406
LS: PDPairExchange | Count: 0 | TotalTime:0.000s | Cost:100601.44
LS: BlockRelocate | Count: 1 | TotalTime:0.001s | Cost:150422.56
LS: BlockRelocate | Count: 1 | TotalTime:0.001s | Cost:150422.56
LS: BlockRelocate | Count: 1 | TotalTime:0.002s | Cost:164004.16
LS: mPDG | Count: 1 | TotalTime:0.002s | Cost:149705.84
LS: mPDG | Count: 1 | TotalTime:0.002s | Cost:149705.84
LS: mPDG | Count: 1 | TotalTime:0.002s | Cost:149705.84
LS: PDPairExchange | Count: 1 | TotalTime:0.000s | Cost:167731.12
LS: PDPairExchange | Count: 1 | TotalTime:0.000s | Cost:192090.09
LS: PDPairExchange | Count: 1 | TotalTime:0.000s | Cost:191656.78
LS: mPDG | Count: 1 | TotalTime:0.002s | Cost:168806.42
Generation 2: Best = 100601.44, Worst = 201423.42, Avg = 188578.30, Time: 0.114349365234375
LS: BlockRelocate | Count: 0 | TotalTime:0.004s | Cost:100601.44
LS: mPDG | Count: 1 | TotalTime:0.002s | Cost:132905.58
LS: mPDG | Count: 1 | TotalTime:0.002s | Cost:132905.58
LS: mPDG | Count: 1 | TotalTime:0.002s | Cost:132905.58
LS: BlockRelocate | Count: 1 | TotalTime:0.003s | Cost:146505.56
LS: BlockRelocate | Count: 1 | TotalTime:0.000s | Cost:147289.01
LS: BlockRelocate | Count: 1 | TotalTime:0.001s | Cost:115930.00
LS: PDPairExchange | Count: 0 | TotalTime:0.001s | Cost:167731.12
LS: BlockExchange | Count: 1 | TotalTime:0.000s | Cost:190464.45
LS: PDPairExchange | Count: 1 | TotalTime:0.000s | Cost:191656.78
LS: BlockRelocate | Count: 1 | TotalTime:0.001s | Cost:195289.87
Generation 3: Best = 100601.44, Worst = 201423.42, Avg = 186036.61, Time: 0.12280964851379395
LS: PDPairExchange | Count: 0 | TotalTime:0.000s | Cost:100601.44
LS: BlockRelocate | Count: 1 | TotalTime:0.001s | Cost:109846.64
LS: mPDG | Count: 0 | TotalTime:0.002s | Cost:132905.58
LS: mPDG | Count: 0 | TotalTime:0.002s | Cost:132905.58
LS: mPDG | Count: 0 | TotalTime:0.002s | Cost:132905.58
LS: BlockRelocate | Count: 1 | TotalTime:0.002s | Cost:137441.11
LS: BlockRelocate | Count: 1 | TotalTime:0.001s | Cost:132971.98
LS: PDPairExchange | Count: 0 | TotalTime:0.001s | Cost:167731.12
LS: BlockRelocate | Count: 1 | TotalTime:0.000s | Cost:176523.16
LS: BlockRelocate | Count: 1 | TotalTime:0.001s | Cost:176523.16
LS: BlockExchange | Count: 1 | TotalTime:0.000s | Cost:191656.78
Generation 4: Best = 100601.44, Worst = 201423.42, Avg = 184107.29, Time: 0.11646151542663574
LS: BlockRelocate | Count: 0 | TotalTime:0.005s | Cost:100601.44
LS: BlockRelocate | Count: 1 | TotalTime:0.000s | Cost:103823.68
LS: mPDG | Count: 0 | TotalTime:0.002s | Cost:132905.58
LS: mPDG | Count: 0 | TotalTime:0.002s | Cost:132905.58
LS: mPDG | Count: 0 | TotalTime:0.002s | Cost:132905.58
LS: BlockRelocate | Count: 1 | TotalTime:0.004s | Cost:127404.98
LS: BlockRelocate | Count: 1 | TotalTime:0.005s | Cost:127404.98
LS: PDPairExchange | Count: 0 | TotalTime:0.001s | Cost:167731.12
LS: PDPairExchange | Count: 1 | TotalTime:0.000s | Cost:190497.80
LS: mPDG | Count: 1 | TotalTime:0.002s | Cost:168806.42
LS: BlockExchange | Count: 1 | TotalTime:0.000s | Cost:178156.76
Generation 5: Best = 100601.44, Worst = 201423.42, Avg = 183610.58, Time: 0.12586426734924316
Stopping early due to lack of improvement.
Total runtime: 1.49s (0.0 minutes)
LS: BlockExchange:0(0.000s) | BlockRelocate:0(0.004s) | PDPairExchange:0(0.000s) | mPDG:0(0.002s) | TotalTime:0.007s | Cost:100601.44
LS: BlockRelocate:1(0.003s) | PDPairExchange:0(0.000s) | BlockExchange:0(0.000s) | mPDG:0(0.002s) | TotalTime:0.006s | Cost:100601.44
LS: BlockRelocate:1(0.004s) | PDPairExchange:1(0.001s) | BlockExchange:0(0.001s) | mPDG:1(0.006s) | TotalTime:0.012s | Cost:100601.44
LS: BlockRelocate:1(0.001s) | PDPairExchange:1(0.002s) | BlockExchange:0(0.001s) | mPDG:1(0.006s) | TotalTime:0.009s | Cost:100601.44
LS: mPDG:1(0.002s) | PDPairExchange:1(0.002s) | BlockExchange:0(0.001s) | BlockRelocate:1(0.007s) | TotalTime:0.012s | Cost:100601.44

The solution initialized by Cheapest Insertion:
V_1:[d2_1015200038-2 p3_1131130047-1 p1_1130040046-1 d1_1130040046-1 p1_1123490045-1 p1_1119300044-1 d1_1119300044-1 d1_1123490045-1 d3_1131130047-3] V_2:[d13_1114040043-13 d4_0958350034-4] V_3:[p1_1154340049-1 d1_1154340049-1] V_4:[d1_1113130042-1 d1_1135140048-1 d1_1104060039-1] V_5:[p1_1218120050-1 p3_1110400041-1 d3_1110400041-3 d1_1218120050-1]
The fitness value before EA: 100601.43777777778
V_1:[d2_1015200038-2 p3_1131130047-1 p1_1130040046-1 d1_1130040046-1 p1_1123490045-1 p1_1119300044-1 d1_1119300044-1 d1_1123490045-1 d3_1131130047-3] V_2:[d13_1114040043-13 d4_0958350034-4] V_3:[p1_1154340049-1 d1_1154340049-1] V_4:[d1_1113130042-1 d1_1135140048-1 d1_1104060039-1] V_5:[p1_1218120050-1 p3_1110400041-1 d3_1110400041-3 d1_1218120050-1]
The fitness value after EA: 100601.43777777778

Thoi gian thuc hien thuat toan:  1.5851869583129883
SUCCESS

2025-10-04 08:45:49,852 [simulate_environment.py | 256] INFO: 2025-10-04 13:50:00, Item 1110400041-1: state = 1 < 2, we can not finish the simulation
2025-10-04 08:45:49,852 [simulate_environment.py | 99] INFO: **************************************************
2025-10-04 08:45:49,853 [simulate_environment.py | 103] INFO: cur time: 2025-10-04 14:00:00, pre time: 2025-10-04 13:50:00
2025-10-04 08:45:49,853 [simulate_environment.py | 140] INFO: Start to update the input of 2025-10-04 14:00:00
2025-10-04 08:45:49,853 [simulate_environment.py | 167] INFO: Get 12 unallocated order items, 22 ongoing order items, 155 completed order items
2025-10-04 08:45:52,101 [simulate_environment.py | 234] INFO: 
Adaptive config applied: {'num_orders': 6, 'num_vehicles': 5, 'time_budget_sec': None, 'POPULATION_SIZE': 40, 'NUMBER_OF_GENERATION': 20, 'MUTATION_RATE': 0.1, 'LS_MAX': 20, 'LS_MAX_TIME_PER_OP': 3, 'LS_MAX_TIME_IN_SINGLE': 1}
LS: BlockRelocate | Count: 0 | TotalTime:0.006s | Cost:100604.96
LS: PDPairExchange | Count: 1 | TotalTime:0.000s | Cost:192126.96
LS: BlockExchange | Count: 1 | TotalTime:0.001s | Cost:191626.94
LS: mPDG | Count: 1 | TotalTime:0.003s | Cost:189726.38
LS: PDPairExchange | Count: 1 | TotalTime:0.000s | Cost:190467.97
LS: BlockExchange | Count: 1 | TotalTime:0.000s | Cost:178160.28
LS: PDPairExchange | Count: 1 | TotalTime:0.000s | Cost:190467.97
LS: PDPairExchange | Count: 1 | TotalTime:0.000s | Cost:191626.94
LS: BlockExchange | Count: 1 | TotalTime:0.001s | Cost:190467.97
LS: PDPairExchange | Count: 1 | TotalTime:0.000s | Cost:191626.94
LS: mPDG | Count: 1 | TotalTime:0.003s | Cost:189726.38
Generation 1: Best = 100604.96, Worst = 238127.60, Avg = 194767.79, Time: 0.11995935440063477
LS: BlockRelocate | Count: 0 | TotalTime:0.006s | Cost:100604.96
LS: BlockExchange | Count: 1 | TotalTime:0.000s | Cost:213226.88
LS: mPDG | Count: 1 | TotalTime:0.003s | Cost:149709.36
LS: mPDG | Count: 1 | TotalTime:0.003s | Cost:149709.36
LS: PDPairExchange | Count: 1 | TotalTime:0.000s | Cost:184167.99
LS: PDPairExchange | Count: 1 | TotalTime:0.001s | Cost:167734.64
LS: BlockExchange | Count: 1 | TotalTime:0.000s | Cost:172034.60
LS: BlockExchange | Count: 0 | TotalTime:0.001s | Cost:191626.94
LS: BlockRelocate | Count: 1 | TotalTime:0.001s | Cost:195534.88
LS: BlockRelocate | Count: 1 | TotalTime:0.002s | Cost:195293.39
LS: PDPairExchange | Count: 1 | TotalTime:0.000s | Cost:190501.32
Generation 2: Best = 100604.96, Worst = 213226.88, Avg = 193413.14, Time: 0.1348743438720703
LS: PDPairExchange | Count: 0 | TotalTime:0.001s | Cost:100604.96
LS: mPDG | Count: 1 | TotalTime:0.003s | Cost:132909.10
LS: mPDG | Count: 1 | TotalTime:0.003s | Cost:132909.10
LS: PDPairExchange | Count: 0 | TotalTime:0.001s | Cost:167734.64
LS: BlockExchange | Count: 1 | TotalTime:0.001s | Cost:163101.12
LS: PDPairExchange | Count: 1 | TotalTime:0.000s | Cost:167767.99
LS: PDPairExchange | Count: 1 | TotalTime:0.000s | Cost:190467.97
LS: BlockExchange | Count: 0 | TotalTime:0.000s | Cost:191626.94
LS: PDPairExchange | Count: 1 | TotalTime:0.000s | Cost:185167.99
LS: BlockExchange | Count: 0 | TotalTime:0.001s | Cost:193126.96
LS: BlockExchange | Count: 1 | TotalTime:0.000s | Cost:192660.30
Generation 3: Best = 100604.96, Worst = 201426.94, Avg = 190678.96, Time: 0.13722944259643555
LS: BlockExchange | Count: 0 | TotalTime:0.001s | Cost:100604.96
LS: mPDG | Count: 0 | TotalTime:0.003s | Cost:132909.10
LS: mPDG | Count: 0 | TotalTime:0.003s | Cost:132909.10
LS: BlockExchange | Count: 0 | TotalTime:0.001s | Cost:163101.12
LS: PDPairExchange | Count: 0 | TotalTime:0.001s | Cost:167734.64
LS: PDPairExchange | Count: 1 | TotalTime:0.001s | Cost:163101.12
LS: PDPairExchange | Count: 1 | TotalTime:0.001s | Cost:168767.99
LS: PDPairExchange | Count: 1 | TotalTime:0.001s | Cost:167734.64
LS: BlockRelocate | Count: 1 | TotalTime:0.002s | Cost:155926.68
LS: BlockRelocate | Count: 1 | TotalTime:0.001s | Cost:176526.68
LS: BlockExchange | Count: 1 | TotalTime:0.000s | Cost:178160.28
Generation 4: Best = 100604.96, Worst = 201426.94, Avg = 188571.44, Time: 0.1404109001159668
LS: BlockExchange | Count: 0 | TotalTime:0.001s | Cost:100604.96
LS: mPDG | Count: 0 | TotalTime:0.004s | Cost:132909.10
LS: mPDG | Count: 0 | TotalTime:0.004s | Cost:132909.10
LS: BlockRelocate | Count: 1 | TotalTime:0.001s | Cost:153034.62
LS: BlockExchange | Count: 0 | TotalTime:0.002s | Cost:163101.12
LS: PDPairExchange | Count: 0 | TotalTime:0.002s | Cost:163101.12
LS: PDPairExchange | Count: 0 | TotalTime:0.001s | Cost:167734.64
LS: PDPairExchange | Count: 0 | TotalTime:0.001s | Cost:167734.64
LS: PDPairExchange | Count: 1 | TotalTime:0.001s | Cost:185167.99
LS: PDPairExchange | Count: 1 | TotalTime:0.001s | Cost:185167.99
LS: mPDG | Count: 1 | TotalTime:0.005s | Cost:168809.94
Generation 5: Best = 100604.96, Worst = 201426.94, Avg = 188591.41, Time: 0.17725563049316406
Stopping early due to lack of improvement.
Total runtime: 1.60s (0.0 minutes)
LS: BlockExchange:0(0.000s) | mPDG:0(0.008s) | BlockRelocate:0(0.014s) | PDPairExchange:0(0.001s) | TotalTime:0.023s | Cost:100604.96
LS: mPDG:1(0.005s) | PDPairExchange:1(0.006s) | BlockExchange:0(0.005s) | BlockRelocate:2(0.022s) | TotalTime:0.038s | Cost:100604.96
LS: mPDG:1(0.003s) | PDPairExchange:1(0.003s) | BlockExchange:0(0.002s) | BlockRelocate:1(0.010s) | TotalTime:0.019s | Cost:100604.96
LS: BlockRelocate:7(0.024s) | PDPairExchange:1(0.003s) | BlockExchange:0(0.002s) | mPDG:1(0.007s) | TotalTime:0.037s | Cost:100604.96
LS: BlockExchange:1(0.001s) | PDPairExchange:0(0.007s) | BlockRelocate:5(0.017s) | mPDG:0(0.004s) | TotalTime:0.029s | Cost:100604.96

The solution initialized by Cheapest Insertion:
V_1:[d2_1015200038-2 p3_1131130047-1 p1_1130040046-1 d1_1130040046-1 p1_1123490045-1 p1_1119300044-1 d1_1119300044-1 d1_1123490045-1 d3_1131130047-3] V_2:[d13_1114040043-13 d4_0958350034-4 p1_1353340051-1 d1_1353340051-1] V_3:[p1_1154340049-1 d1_1154340049-1] V_4:[d1_1113130042-1 d1_1135140048-1 d1_1104060039-1] V_5:[p1_1218120050-1 p3_1110400041-1 d3_1110400041-3 d1_1218120050-1]
The fitness value before EA: 100604.95777777777
V_1:[d2_1015200038-2 p3_1131130047-1 p1_1130040046-1 d1_1130040046-1 p1_1123490045-1 p1_1119300044-1 d1_1119300044-1 d1_1123490045-1 d3_1131130047-3] V_2:[d13_1114040043-13 d4_0958350034-4 p1_1353340051-1 d1_1353340051-1] V_3:[p1_1154340049-1 d1_1154340049-1] V_4:[d1_1113130042-1 d1_1135140048-1 d1_1104060039-1] V_5:[p1_1218120050-1 p3_1110400041-1 d3_1110400041-3 d1_1218120050-1]
The fitness value after EA: 100604.95777777777

Thoi gian thuc hien thuat toan:  1.8356497287750244
SUCCESS

2025-10-04 08:45:52,103 [simulate_environment.py | 256] INFO: 2025-10-04 14:00:00, Item 1110400041-1: state = 1 < 2, we can not finish the simulation
2025-10-04 08:45:52,104 [simulate_environment.py | 99] INFO: **************************************************
2025-10-04 08:45:52,104 [simulate_environment.py | 103] INFO: cur time: 2025-10-04 14:10:00, pre time: 2025-10-04 14:00:00
2025-10-04 08:45:52,104 [simulate_environment.py | 140] INFO: Start to update the input of 2025-10-04 14:10:00
2025-10-04 08:45:52,106 [simulate_environment.py | 167] INFO: Get 13 unallocated order items, 22 ongoing order items, 155 completed order items
2025-10-04 08:45:54,620 [simulate_environment.py | 234] INFO: 
Adaptive config applied: {'num_orders': 7, 'num_vehicles': 5, 'time_budget_sec': None, 'POPULATION_SIZE': 40, 'NUMBER_OF_GENERATION': 20, 'MUTATION_RATE': 0.1, 'LS_MAX': 20, 'LS_MAX_TIME_PER_OP': 3, 'LS_MAX_TIME_IN_SINGLE': 1}
LS: PDPairExchange | Count: 0 | TotalTime:0.002s | Cost:100598.80
LS: mPDG | Count: 1 | TotalTime:0.008s | Cost:216903.78
LS: BlockExchange | Count: 1 | TotalTime:0.001s | Cost:219987.25
LS: mPDG | Count: 1 | TotalTime:0.008s | Cost:216903.78
LS: PDPairExchange | Count: 1 | TotalTime:0.000s | Cost:219987.25
LS: BlockRelocate | Count: 1 | TotalTime:0.002s | Cost:213620.52
LS: BlockExchange | Count: 1 | TotalTime:0.000s | Cost:203120.78
LS: PDPairExchange | Count: 1 | TotalTime:0.000s | Cost:209454.12
LS: PDPairExchange | Count: 1 | TotalTime:0.001s | Cost:224420.78
LS: BlockRelocate | Count: 1 | TotalTime:0.001s | Cost:166453.86
LS: PDPairExchange | Count: 1 | TotalTime:0.000s | Cost:221220.78
Generation 1: Best = 100598.80, Worst = 247829.46, Avg = 218770.41, Time: 0.15190792083740234
LS: mPDG | Count: 0 | TotalTime:0.005s | Cost:100598.80
LS: BlockRelocate | Count: 1 | TotalTime:0.001s | Cost:164956.64
LS: BlockRelocate | Count: 1 | TotalTime:0.001s | Cost:198528.72
LS: BlockExchange | Count: 1 | TotalTime:0.001s | Cost:199687.45
LS: PDPairExchange | Count: 1 | TotalTime:0.000s | Cost:198420.78
LS: BlockRelocate | Count: 1 | TotalTime:0.003s | Cost:203353.50
LS: mPDG | Count: 1 | TotalTime:0.003s | Cost:212239.53
LS: mPDG | Count: 1 | TotalTime:0.003s | Cost:212239.53
LS: BlockExchange | Count: 1 | TotalTime:0.001s | Cost:219753.92
LS: BlockExchange | Count: 1 | TotalTime:0.001s | Cost:203120.78
LS: BlockRelocate | Count: 1 | TotalTime:0.001s | Cost:166420.50
Generation 2: Best = 100598.80, Worst = 225620.76, Avg = 214908.89, Time: 0.15299153327941895
LS: BlockExchange | Count: 0 | TotalTime:0.001s | Cost:100598.80
LS: BlockRelocate | Count: 1 | TotalTime:0.002s | Cost:154897.32
LS: BlockRelocate | Count: 1 | TotalTime:0.001s | Cost:162703.84
LS: PDPairExchange | Count: 1 | TotalTime:0.001s | Cost:191654.14
LS: BlockRelocate | Count: 1 | TotalTime:0.002s | Cost:171814.81
LS: BlockExchange | Count: 1 | TotalTime:0.000s | Cost:192087.45
LS: BlockExchange | Count: 1 | TotalTime:0.001s | Cost:189154.10
LS: BlockRelocate | Count: 1 | TotalTime:0.001s | Cost:146461.17
LS: PDPairExchange | Count: 1 | TotalTime:0.000s | Cost:194787.29
LS: PDPairExchange | Count: 1 | TotalTime:0.000s | Cost:203120.78
LS: BlockRelocate | Count: 1 | TotalTime:0.002s | Cost:213587.17
Generation 3: Best = 100598.80, Worst = 225620.76, Avg = 211225.06, Time: 0.1543257236480713
LS: mPDG | Count: 0 | TotalTime:0.005s | Cost:100598.80
LS: BlockRelocate | Count: 1 | TotalTime:0.001s | Cost:136694.48
LS: BlockRelocate | Count: 1 | TotalTime:0.002s | Cost:149330.31
LS: BlockRelocate | Count: 1 | TotalTime:0.001s | Cost:151570.16
LS: BlockRelocate | Count: 1 | TotalTime:0.004s | Cost:161167.26
LS: BlockExchange | Count: 1 | TotalTime:0.001s | Cost:178120.76
LS: PDPairExchange | Count: 1 | TotalTime:0.001s | Cost:178154.12
LS: BlockExchange | Count: 1 | TotalTime:0.000s | Cost:187453.94
LS: BlockExchange | Count: 1 | TotalTime:0.000s | Cost:192654.14
LS: PDPairExchange | Count: 1 | TotalTime:0.001s | Cost:193495.16
LS: mPDG | Count: 1 | TotalTime:0.003s | Cost:223331.14
Generation 4: Best = 100598.80, Worst = 225620.76, Avg = 209664.31, Time: 0.1507866382598877
LS: BlockRelocate | Count: 0 | TotalTime:0.010s | Cost:100598.80
LS: BlockRelocate | Count: 1 | TotalTime:0.001s | Cost:124961.17
LS: BlockRelocate | Count: 1 | TotalTime:0.004s | Cost:146169.12
LS: BlockRelocate | Count: 1 | TotalTime:0.008s | Cost:151570.02
LS: BlockRelocate | Count: 1 | TotalTime:0.001s | Cost:159067.00
LS: BlockExchange | Count: 1 | TotalTime:0.001s | Cost:203164.41
LS: PDPairExchange | Count: 1 | TotalTime:0.001s | Cost:172061.79
LS: BlockExchange | Count: 1 | TotalTime:0.000s | Cost:186987.27
LS: mPDG | Count: 1 | TotalTime:0.004s | Cost:223331.14
LS: PDPairExchange | Count: 1 | TotalTime:0.000s | Cost:203120.78
LS: BlockExchange | Count: 1 | TotalTime:0.000s | Cost:203120.78
Generation 5: Best = 100598.80, Worst = 225620.76, Avg = 210080.53, Time: 0.16756200790405273
Stopping early due to lack of improvement.
Total runtime: 1.79s (0.0 minutes)
LS: BlockRelocate:0(0.000s) | PDPairExchange:0(0.001s) | mPDG:0(0.005s) | BlockExchange:0(0.001s) | TotalTime:0.008s | Cost:100598.80
LS: BlockRelocate:6(0.010s) | PDPairExchange:0(0.001s) | BlockExchange:0(0.001s) | mPDG:0(0.005s) | TotalTime:0.018s | Cost:100598.80
LS: BlockRelocate:8(0.029s) | PDPairExchange:0(0.002s) | BlockExchange:0(0.003s) | mPDG:1(0.010s) | TotalTime:0.044s | Cost:100598.80
LS: BlockRelocate:11(0.054s) | PDPairExchange:1(0.003s) | BlockExchange:0(0.003s) | mPDG:1(0.010s) | TotalTime:0.070s | Cost:101598.44
LS: BlockRelocate:6(0.019s) | PDPairExchange:0(0.002s) | BlockExchange:1(0.002s) | mPDG:0(0.006s) | TotalTime:0.029s | Cost:100598.80

The solution initialized by Cheapest Insertion:
V_1:[d2_1015200038-2 p3_1131130047-1 p1_1130040046-1 d1_1130040046-1 p1_1123490045-1 p1_1119300044-1 d1_1119300044-1 d1_1123490045-1 d3_1131130047-3 p1_1406120052-1 d1_1406120052-1] V_2:[d13_1114040043-13 d4_0958350034-4 p1_1353340051-1 d1_1353340051-1] V_3:[p1_1154340049-1 d1_1154340049-1] V_4:[d1_1113130042-1 d1_1135140048-1 d1_1104060039-1] V_5:[p1_1218120050-1 p3_1110400041-1 d3_1110400041-3 d1_1218120050-1]
The fitness value before EA: 100598.79777777779
V_1:[d2_1015200038-2 p3_1131130047-1 p1_1130040046-1 d1_1130040046-1 p1_1123490045-1 p1_1119300044-1 d1_1119300044-1 d1_1123490045-1 d3_1131130047-3 p1_1406120052-1 d1_1406120052-1] V_2:[d13_1114040043-13 d4_0958350034-4 p1_1353340051-1 d1_1353340051-1] V_3:[p1_1154340049-1 d1_1154340049-1] V_4:[d1_1113130042-1 d1_1135140048-1 d1_1104060039-1] V_5:[p1_1218120050-1 p3_1110400041-1 d3_1110400041-3 d1_1218120050-1]
The fitness value after EA: 100598.79777777779

Thoi gian thuc hien thuat toan:  2.0635986328125
SUCCESS

2025-10-04 08:45:54,623 [simulate_environment.py | 256] INFO: 2025-10-04 14:10:00, Item 1110400041-1: state = 1 < 2, we can not finish the simulation
2025-10-04 08:45:54,623 [simulate_environment.py | 99] INFO: **************************************************
2025-10-04 08:45:54,623 [simulate_environment.py | 103] INFO: cur time: 2025-10-04 14:20:00, pre time: 2025-10-04 14:10:00
2025-10-04 08:45:54,624 [simulate_environment.py | 140] INFO: Start to update the input of 2025-10-04 14:20:00
2025-10-04 08:45:54,625 [simulate_environment.py | 167] INFO: Get 14 unallocated order items, 22 ongoing order items, 159 completed order items
2025-10-04 08:45:57,387 [simulate_environment.py | 234] INFO: 
Adaptive config applied: {'num_orders': 7, 'num_vehicles': 5, 'time_budget_sec': None, 'POPULATION_SIZE': 40, 'NUMBER_OF_GENERATION': 20, 'MUTATION_RATE': 0.1, 'LS_MAX': 20, 'LS_MAX_TIME_PER_OP': 3, 'LS_MAX_TIME_IN_SINGLE': 1}
LS: mPDG | Count: 0 | TotalTime:0.005s | Cost:100605.54
LS: PDPairExchange | Count: 1 | TotalTime:0.001s | Cost:177587.46
LS: mPDG | Count: 1 | TotalTime:0.004s | Cost:176122.08
LS: PDPairExchange | Count: 1 | TotalTime:0.001s | Cost:173909.24
LS: BlockRelocate | Count: 1 | TotalTime:0.002s | Cost:176122.08
LS: BlockExchange | Count: 0 | TotalTime:0.001s | Cost:180154.04
LS: PDPairExchange | Count: 1 | TotalTime:0.001s | Cost:177587.46
LS: BlockRelocate | Count: 1 | TotalTime:0.001s | Cost:166584.02
LS: mPDG | Count: 1 | TotalTime:0.004s | Cost:176122.08
LS: PDPairExchange | Count: 1 | TotalTime:0.001s | Cost:173909.24
LS: mPDG | Count: 1 | TotalTime:0.004s | Cost:176122.08
Generation 1: Best = 100605.54, Worst = 242569.25, Avg = 178542.70, Time: 0.1614246368408203
LS: mPDG | Count: 0 | TotalTime:0.010s | Cost:100605.54
LS: BlockRelocate | Count: 1 | TotalTime:0.001s | Cost:155887.10
LS: PDPairExchange | Count: 1 | TotalTime:0.002s | Cost:164709.32
LS: PDPairExchange | Count: 1 | TotalTime:0.000s | Cost:164709.32
LS: mPDG | Count: 1 | TotalTime:0.004s | Cost:165422.12
LS: BlockRelocate | Count: 1 | TotalTime:0.001s | Cost:176122.04
LS: mPDG | Count: 1 | TotalTime:0.004s | Cost:165422.12
LS: mPDG | Count: 1 | TotalTime:0.004s | Cost:165422.12
LS: PDPairExchange | Count: 1 | TotalTime:0.001s | Cost:173909.24
LS: PDPairExchange | Count: 1 | TotalTime:0.000s | Cost:173909.24
LS: BlockExchange | Count: 0 | TotalTime:0.000s | Cost:180154.04
Generation 2: Best = 100605.54, Worst = 224526.21, Avg = 206329.00, Time: 0.17539763450622559
LS: PDPairExchange | Count: 0 | TotalTime:0.001s | Cost:100605.54
LS: BlockRelocate | Count: 1 | TotalTime:0.003s | Cost:155884.10
LS: PDPairExchange | Count: 1 | TotalTime:0.001s | Cost:163209.32
LS: PDPairExchange | Count: 1 | TotalTime:0.001s | Cost:163209.32
LS: mPDG | Count: 1 | TotalTime:0.004s | Cost:133521.94
LS: mPDG | Count: 1 | TotalTime:0.003s | Cost:133521.94
LS: mPDG | Count: 1 | TotalTime:0.003s | Cost:133521.94
LS: PDPairExchange | Count: 1 | TotalTime:0.001s | Cost:164709.32
LS: BlockExchange | Count: 1 | TotalTime:0.001s | Cost:173909.24
LS: BlockExchange | Count: 1 | TotalTime:0.001s | Cost:177587.46
LS: BlockRelocate | Count: 1 | TotalTime:0.001s | Cost:202522.93
Generation 3: Best = 100605.54, Worst = 224526.21, Avg = 201563.27, Time: 0.16442608833312988
LS: BlockExchange | Count: 0 | TotalTime:0.002s | Cost:100605.54
LS: mPDG | Count: 1 | TotalTime:0.007s | Cost:119951.92
LS: mPDG | Count: 1 | TotalTime:0.008s | Cost:119951.92
LS: mPDG | Count: 1 | TotalTime:0.007s | Cost:119951.92
LS: BlockRelocate | Count: 1 | TotalTime:0.003s | Cost:118583.86
LS: PDPairExchange | Count: 0 | TotalTime:0.002s | Cost:163209.32
LS: PDPairExchange | Count: 0 | TotalTime:0.003s | Cost:163209.32
LS: PDPairExchange | Count: 1 | TotalTime:0.002s | Cost:163209.32
LS: mPDG | Count: 1 | TotalTime:0.006s | Cost:176122.08
LS: BlockExchange | Count: 1 | TotalTime:0.001s | Cost:169454.12
LS: mPDG | Count: 1 | TotalTime:0.006s | Cost:165422.12
Generation 4: Best = 100605.54, Worst = 224526.21, Avg = 198499.98, Time: 0.22716856002807617
LS: PDPairExchange | Count: 0 | TotalTime:0.002s | Cost:100605.54
LS: BlockRelocate | Count: 1 | TotalTime:0.005s | Cost:108080.72
LS: mPDG | Count: 0 | TotalTime:0.005s | Cost:119951.92
LS: mPDG | Count: 0 | TotalTime:0.005s | Cost:119951.92
LS: mPDG | Count: 0 | TotalTime:0.005s | Cost:119951.92
LS: PDPairExchange | Count: 0 | TotalTime:0.002s | Cost:163209.32
LS: PDPairExchange | Count: 0 | TotalTime:0.002s | Cost:163209.32
LS: PDPairExchange | Count: 0 | TotalTime:0.002s | Cost:163209.32
LS: BlockRelocate | Count: 1 | TotalTime:0.002s | Cost:142853.80
LS: PDPairExchange | Count: 1 | TotalTime:0.001s | Cost:204426.29
LS: PDPairExchange | Count: 1 | TotalTime:0.001s | Cost:204426.29
Generation 5: Best = 100605.54, Worst = 224526.21, Avg = 200434.26, Time: 0.2694268226623535
Stopping early due to lack of improvement.
Total runtime: 1.95s (0.0 minutes)
LS: PDPairExchange:0(0.000s) | mPDG:0(0.006s) | BlockExchange:0(0.002s) | BlockRelocate:0(0.012s) | TotalTime:0.019s | Cost:100605.54
LS: BlockRelocate:4(0.012s) | PDPairExchange:0(0.001s) | BlockExchange:0(0.002s) | mPDG:0(0.007s) | TotalTime:0.022s | Cost:100605.54
LS: mPDG:1(0.004s) | PDPairExchange:0(0.008s) | BlockExchange:0(0.010s) | BlockRelocate:4(0.022s) | TotalTime:0.044s | Cost:100605.54
LS: mPDG:1(0.005s) | PDPairExchange:0(0.011s) | BlockExchange:0(0.013s) | BlockRelocate:5(0.048s) | TotalTime:0.077s | Cost:100605.54
LS: mPDG:0(0.000s) | PDPairExchange:0(0.011s) | BlockExchange:0(0.012s) | BlockRelocate:5(0.036s) | TotalTime:0.059s | Cost:100605.54

The solution initialized by Cheapest Insertion:
V_1:[d1_1130040046-1 p1_1123490045-1 p1_1119300044-1 d1_1119300044-1 d1_1123490045-1 d3_1131130047-3 p1_1406120052-1 p1_1411060053-1 d1_1411060053-1 d1_1406120052-1] V_2:[d13_1114040043-13 d4_0958350034-4 p1_1353340051-1 d1_1353340051-1] V_3:[p1_1154340049-1 d1_1154340049-1] V_4:[d1_1104060039-1 p4_1416140054-1 d4_1416140054-4] V_5:[p1_1218120050-1 p3_1110400041-1 d3_1110400041-3 d1_1218120050-1]
The fitness value before EA: 100605.53777777778
V_1:[d1_1130040046-1 p1_1123490045-1 p1_1119300044-1 d1_1119300044-1 d1_1123490045-1 d3_1131130047-3 p1_1406120052-1 p1_1411060053-1 d1_1411060053-1 d1_1406120052-1] V_2:[d13_1114040043-13 d4_0958350034-4 p1_1353340051-1 d1_1353340051-1] V_3:[p1_1154340049-1 d1_1154340049-1] V_4:[d1_1104060039-1 p4_1416140054-1 d4_1416140054-4] V_5:[p1_1218120050-1 p3_1110400041-1 d3_1110400041-3 d1_1218120050-1]
The fitness value after EA: 100605.53777777778

Thoi gian thuc hien thuat toan:  2.2950687408447266
SUCCESS

2025-10-04 08:45:57,390 [simulate_environment.py | 256] INFO: 2025-10-04 14:20:00, Item 1110400041-1: state = 1 < 2, we can not finish the simulation
2025-10-04 08:45:57,390 [simulate_environment.py | 99] INFO: **************************************************
2025-10-04 08:45:57,390 [simulate_environment.py | 103] INFO: cur time: 2025-10-04 14:30:00, pre time: 2025-10-04 14:20:00
2025-10-04 08:45:57,390 [simulate_environment.py | 140] INFO: Start to update the input of 2025-10-04 14:30:00
2025-10-04 08:45:57,392 [simulate_environment.py | 167] INFO: Get 11 unallocated order items, 13 ongoing order items, 172 completed order items
2025-10-04 08:45:59,905 [simulate_environment.py | 234] INFO: 
Adaptive config applied: {'num_orders': 7, 'num_vehicles': 5, 'time_budget_sec': None, 'POPULATION_SIZE': 40, 'NUMBER_OF_GENERATION': 20, 'MUTATION_RATE': 0.1, 'LS_MAX': 20, 'LS_MAX_TIME_PER_OP': 3, 'LS_MAX_TIME_IN_SINGLE': 1}
LS: BlockRelocate | Count: 0 | TotalTime:0.010s | Cost:100608.20
LS: BlockExchange | Count: 1 | TotalTime:0.001s | Cost:152889.88
LS: BlockRelocate | Count: 1 | TotalTime:0.004s | Cost:150773.37
LS: BlockRelocate | Count: 1 | TotalTime:0.001s | Cost:150773.37
LS: BlockExchange | Count: 1 | TotalTime:0.001s | Cost:145756.66
LS: mPDG | Count: 1 | TotalTime:0.004s | Cost:139289.76
LS: BlockRelocate | Count: 1 | TotalTime:0.002s | Cost:129489.76
LS: BlockRelocate | Count: 1 | TotalTime:0.001s | Cost:139289.76
LS: BlockRelocate | Count: 1 | TotalTime:0.001s | Cost:129489.76
LS: PDPairExchange | Count: 1 | TotalTime:0.000s | Cost:146744.87
LS: BlockRelocate | Count: 1 | TotalTime:0.002s | Cost:147124.60
Generation 1: Best = 100608.20, Worst = 179100.44, Avg = 149783.01, Time: 0.15957903861999512
LS: PDPairExchange | Count: 0 | TotalTime:0.001s | Cost:100608.20
LS: BlockRelocate | Count: 1 | TotalTime:0.001s | Cost:122424.24
LS: BlockRelocate | Count: 1 | TotalTime:0.001s | Cost:127406.34
LS: mPDG | Count: 1 | TotalTime:0.003s | Cost:124944.59
LS: BlockRelocate | Count: 1 | TotalTime:0.002s | Cost:124944.59
LS: BlockExchange | Count: 1 | TotalTime:0.000s | Cost:140178.40
LS: PDPairExchange | Count: 1 | TotalTime:0.001s | Cost:137794.87
LS: BlockRelocate | Count: 1 | TotalTime:0.003s | Cost:147124.24
LS: BlockRelocate | Count: 1 | TotalTime:0.001s | Cost:150773.37
LS: BlockExchange | Count: 1 | TotalTime:0.000s | Cost:200275.12
LS: BlockRelocate | Count: 1 | TotalTime:0.001s | Cost:158239.76
Generation 2: Best = 100608.20, Worst = 205408.37, Avg = 187038.91, Time: 0.14658617973327637
LS: mPDG | Count: 0 | TotalTime:0.004s | Cost:100608.20
LS: BlockRelocate | Count: 1 | TotalTime:0.001s | Cost:109454.44
LS: mPDG | Count: 0 | TotalTime:0.003s | Cost:124944.59
LS: BlockRelocate | Count: 1 | TotalTime:0.002s | Cost:124711.08
LS: BlockRelocate | Count: 1 | TotalTime:0.001s | Cost:120336.86
LS: PDPairExchange | Count: 1 | TotalTime:0.001s | Cost:134894.95
LS: BlockExchange | Count: 1 | TotalTime:0.000s | Cost:126578.28
LS: BlockRelocate | Count: 1 | TotalTime:0.003s | Cost:143751.80
LS: PDPairExchange | Count: 1 | TotalTime:0.000s | Cost:198208.27
LS: mPDG | Count: 1 | TotalTime:0.004s | Cost:189174.68
LS: mPDG | Count: 1 | TotalTime:0.004s | Cost:189174.68
Generation 3: Best = 100608.20, Worst = 233665.32, Avg = 194731.25, Time: 0.1498713493347168
LS: PDPairExchange | Count: 0 | TotalTime:0.001s | Cost:100608.20
LS: BlockRelocate | Count: 1 | TotalTime:0.002s | Cost:101174.78
LS: BlockRelocate | Count: 1 | TotalTime:0.004s | Cost:118256.18
LS: BlockRelocate | Count: 1 | TotalTime:0.004s | Cost:124378.10
LS: mPDG | Count: 0 | TotalTime:0.003s | Cost:124944.59
LS: BlockExchange | Count: 0 | TotalTime:0.002s | Cost:126578.28
LS: PDPairExchange | Count: 1 | TotalTime:0.000s | Cost:134378.28
LS: BlockRelocate | Count: 1 | TotalTime:0.001s | Cost:138214.97
LS: BlockRelocate | Count: 1 | TotalTime:0.001s | Cost:122424.16
LS: PDPairExchange | Count: 1 | TotalTime:0.000s | Cost:144224.52
LS: PDPairExchange | Count: 1 | TotalTime:0.001s | Cost:143906.78
Generation 4: Best = 100608.20, Worst = 233665.32, Avg = 186247.10, Time: 0.14270257949829102
LS: BlockExchange | Count: 0 | TotalTime:0.001s | Cost:100608.20
LS: BlockRelocate | Count: 1 | TotalTime:0.006s | Cost:100608.30
LS: BlockRelocate | Count: 1 | TotalTime:0.003s | Cost:105619.71
LS: BlockRelocate | Count: 1 | TotalTime:0.001s | Cost:119921.06
LS: BlockRelocate | Count: 1 | TotalTime:0.003s | Cost:111578.00
LS: mPDG | Count: 0 | TotalTime:0.003s | Cost:124944.59
LS: BlockExchange | Count: 0 | TotalTime:0.002s | Cost:126578.28
LS: PDPairExchange | Count: 1 | TotalTime:0.001s | Cost:126578.28
LS: PDPairExchange | Count: 1 | TotalTime:0.000s | Cost:145756.66
LS: BlockExchange | Count: 1 | TotalTime:0.001s | Cost:141623.21
LS: BlockExchange | Count: 1 | TotalTime:0.000s | Cost:152323.13
Generation 5: Best = 100608.20, Worst = 233665.32, Avg = 190320.21, Time: 0.14499187469482422
Stopping early due to lack of improvement.
Total runtime: 1.85s (0.0 minutes)
LS: mPDG:0(0.000s) | BlockExchange:0(0.002s) | PDPairExchange:0(0.001s) | BlockRelocate:0(0.009s) | TotalTime:0.011s | Cost:100608.20
LS: BlockRelocate:3(0.015s) | PDPairExchange:0(0.001s) | BlockExchange:0(0.001s) | mPDG:0(0.004s) | TotalTime:0.022s | Cost:100608.20
LS: BlockRelocate:4(0.022s) | PDPairExchange:2(0.003s) | BlockExchange:0(0.001s) | mPDG:0(0.004s) | TotalTime:0.030s | Cost:100608.20
LS: BlockRelocate:3(0.012s) | PDPairExchange:0(0.001s) | BlockExchange:0(0.001s) | mPDG:0(0.005s) | TotalTime:0.020s | Cost:100608.20
LS: BlockRelocate:3(0.014s) | PDPairExchange:0(0.001s) | BlockExchange:0(0.001s) | mPDG:0(0.004s) | TotalTime:0.021s | Cost:100608.20

The solution initialized by Cheapest Insertion:
V_1:[d1_1130040046-1 p1_1123490045-1 p1_1119300044-1 d1_1119300044-1 d1_1123490045-1 d3_1131130047-3 p1_1406120052-1 p1_1411060053-1 d1_1411060053-1 d1_1406120052-1] V_2:[d4_0958350034-4 p1_1353340051-1 d1_1353340051-1] V_3:[p1_1154340049-1 d1_1154340049-1] V_4:[d1_1104060039-1 p4_1416140054-1 d4_1416140054-4] V_5:[d3_1110400041-3 d1_1218120050-1 p1_1420180055-1 d1_1420180055-1]
The fitness value before EA: 100608.19777777778
V_1:[d1_1130040046-1 p1_1123490045-1 p1_1119300044-1 d1_1119300044-1 d1_1123490045-1 d3_1131130047-3 p1_1406120052-1 p1_1411060053-1 d1_1411060053-1 d1_1406120052-1] V_2:[d4_0958350034-4 p1_1353340051-1 d1_1353340051-1] V_3:[p1_1154340049-1 d1_1154340049-1] V_4:[d1_1104060039-1 p4_1416140054-1 d4_1416140054-4] V_5:[d3_1110400041-3 d1_1218120050-1 p1_1420180055-1 d1_1420180055-1]
The fitness value after EA: 100608.19777777778

Thoi gian thuc hien thuat toan:  2.0225789546966553
SUCCESS

2025-10-04 08:45:59,906 [simulate_environment.py | 256] INFO: 2025-10-04 14:30:00, Item 1119300044-1: state = 1 < 2, we can not finish the simulation
2025-10-04 08:45:59,907 [simulate_environment.py | 99] INFO: **************************************************
2025-10-04 08:45:59,907 [simulate_environment.py | 103] INFO: cur time: 2025-10-04 14:40:00, pre time: 2025-10-04 14:30:00
2025-10-04 08:45:59,907 [simulate_environment.py | 140] INFO: Start to update the input of 2025-10-04 14:40:00
2025-10-04 08:45:59,908 [simulate_environment.py | 167] INFO: Get 30 unallocated order items, 13 ongoing order items, 172 completed order items
2025-10-04 08:46:05,973 [simulate_environment.py | 234] INFO: 
Adaptive config applied: {'num_orders': 10, 'num_vehicles': 5, 'time_budget_sec': None, 'POPULATION_SIZE': 40, 'NUMBER_OF_GENERATION': 20, 'MUTATION_RATE': 0.1, 'LS_MAX': 20, 'LS_MAX_TIME_PER_OP': 3, 'LS_MAX_TIME_IN_SINGLE': 1}
LS: PDPairExchange | Count: 1 | TotalTime:0.001s | Cost:501692.24
LS: PDPairExchange | Count: 1 | TotalTime:0.001s | Cost:515524.84
LS: PDPairExchange | Count: 1 | TotalTime:0.000s | Cost:723717.81
LS: BlockRelocate | Count: 1 | TotalTime:0.003s | Cost:719799.38
LS: BlockRelocate | Count: 1 | TotalTime:0.001s | Cost:717590.30
LS: mPDG | Count: 1 | TotalTime:0.008s | Cost:402484.40
LS: PDPairExchange | Count: 1 | TotalTime:0.000s | Cost:532675.04
LS: mPDG | Count: 1 | TotalTime:0.008s | Cost:402484.40
LS: BlockRelocate | Count: 1 | TotalTime:0.001s | Cost:724558.68
LS: BlockRelocate | Count: 1 | TotalTime:0.001s | Cost:719799.38
LS: BlockExchange | Count: 1 | TotalTime:0.001s | Cost:532675.04
Generation 1: Best = 402484.40, Worst = 725890.62, Avg = 688595.74, Time: 0.27287864685058594
LS: mPDG | Count: 1 | TotalTime:0.007s | Cost:389867.78
LS: mPDG | Count: 1 | TotalTime:0.007s | Cost:389867.78
LS: PDPairExchange | Count: 1 | TotalTime:0.001s | Cost:500408.28
LS: PDPairExchange | Count: 1 | TotalTime:0.001s | Cost:497062.65
LS: PDPairExchange | Count: 1 | TotalTime:0.000s | Cost:531260.84
LS: BlockExchange | Count: 1 | TotalTime:0.000s | Cost:532275.04
LS: BlockRelocate | Count: 1 | TotalTime:0.004s | Cost:704832.39
LS: BlockRelocate | Count: 1 | TotalTime:0.003s | Cost:704832.39
LS: BlockExchange | Count: 1 | TotalTime:0.001s | Cost:536947.55
LS: PDPairExchange | Count: 1 | TotalTime:0.001s | Cost:878179.77
LS: mPDG | Count: 1 | TotalTime:0.008s | Cost:736609.42
Generation 2: Best = 389867.78, Worst = 940209.46, Avg = 831445.45, Time: 0.30254459381103516
LS: mPDG | Count: 1 | TotalTime:0.007s | Cost:376581.31
LS: mPDG | Count: 1 | TotalTime:0.008s | Cost:376581.31
LS: PDPairExchange | Count: 1 | TotalTime:0.001s | Cost:436389.76
LS: PDPairExchange | Count: 1 | TotalTime:0.002s | Cost:499891.84
LS: PDPairExchange | Count: 1 | TotalTime:0.000s | Cost:514527.50
LS: BlockExchange | Count: 1 | TotalTime:0.000s | Cost:520658.64
LS: BlockExchange | Count: 1 | TotalTime:0.000s | Cost:519897.79
LS: BlockRelocate | Count: 1 | TotalTime:0.000s | Cost:453333.13
LS: PDPairExchange | Count: 1 | TotalTime:0.000s | Cost:723780.26
LS: BlockRelocate | Count: 1 | TotalTime:0.001s | Cost:713862.95
LS: PDPairExchange | Count: 1 | TotalTime:0.001s | Cost:836207.55
Generation 3: Best = 376581.31, Worst = 940209.46, Avg = 819694.66, Time: 0.29376745223999023
LS: mPDG | Count: 1 | TotalTime:0.008s | Cost:348501.27
LS: mPDG | Count: 1 | TotalTime:0.008s | Cost:348501.27
LS: PDPairExchange | Count: 1 | TotalTime:0.001s | Cost:411651.13
LS: BlockRelocate | Count: 1 | TotalTime:0.001s | Cost:397593.10
LS: PDPairExchange | Count: 1 | TotalTime:0.002s | Cost:499891.66
LS: PDPairExchange | Count: 1 | TotalTime:0.001s | Cost:499544.25
LS: BlockExchange | Count: 1 | TotalTime:0.000s | Cost:503791.93
LS: BlockExchange | Count: 1 | TotalTime:0.001s | Cost:518658.64
LS: PDPairExchange | Count: 1 | TotalTime:0.000s | Cost:758918.88
LS: BlockRelocate | Count: 1 | TotalTime:0.003s | Cost:780926.98
LS: PDPairExchange | Count: 1 | TotalTime:0.001s | Cost:550811.44
Generation 4: Best = 348501.27, Worst = 943209.46, Avg = 792654.25, Time: 0.3043181896209717
LS: mPDG | Count: 1 | TotalTime:0.009s | Cost:340324.63
LS: mPDG | Count: 1 | TotalTime:0.013s | Cost:340324.63
LS: BlockRelocate | Count: 1 | TotalTime:0.002s | Cost:377093.28
LS: PDPairExchange | Count: 1 | TotalTime:0.003s | Cost:409769.90
LS: PDPairExchange | Count: 1 | TotalTime:0.002s | Cost:493344.21
LS: PDPairExchange | Count: 1 | TotalTime:0.001s | Cost:487802.93
LS: BlockExchange | Count: 1 | TotalTime:0.002s | Cost:492477.54
LS: BlockExchange | Count: 1 | TotalTime:0.000s | Cost:517325.42
LS: mPDG | Count: 1 | TotalTime:0.011s | Cost:735376.72
LS: BlockRelocate | Count: 1 | TotalTime:0.001s | Cost:780926.98
LS: PDPairExchange | Count: 1 | TotalTime:0.000s | Cost:725727.02
Generation 5: Best = 340324.63, Worst = 943209.46, Avg = 793553.58, Time: 0.3439807891845703
LS: mPDG | Count: 1 | TotalTime:0.007s | Cost:334407.98
LS: mPDG | Count: 1 | TotalTime:0.007s | Cost:334407.98
LS: BlockRelocate | Count: 1 | TotalTime:0.001s | Cost:356793.00
LS: PDPairExchange | Count: 1 | TotalTime:0.001s | Cost:396817.44
LS: PDPairExchange | Count: 1 | TotalTime:0.000s | Cost:355002.93
LS: BlockExchange | Count: 1 | TotalTime:0.000s | Cost:485094.17
LS: PDPairExchange | Count: 1 | TotalTime:0.001s | Cost:493311.12
LS: BlockExchange | Count: 1 | TotalTime:0.001s | Cost:516408.70
LS: BlockExchange | Count: 1 | TotalTime:0.001s | Cost:448617.96
LS: PDPairExchange | Count: 1 | TotalTime:0.000s | Cost:711481.25
LS: mPDG | Count: 1 | TotalTime:0.007s | Cost:764383.52
Generation 6: Best = 334407.98, Worst = 943209.46, Avg = 752377.92, Time: 0.2957956790924072
LS: mPDG | Count: 0 | TotalTime:0.008s | Cost:334407.98
LS: mPDG | Count: 0 | TotalTime:0.008s | Cost:334407.98
LS: PDPairExchange | Count: 1 | TotalTime:0.001s | Cost:353570.16
LS: BlockRelocate | Count: 1 | TotalTime:0.002s | Cost:337115.44
LS: PDPairExchange | Count: 1 | TotalTime:0.001s | Cost:392917.44
LS: BlockExchange | Count: 1 | TotalTime:0.001s | Cost:435834.58
LS: BlockExchange | Count: 1 | TotalTime:0.001s | Cost:453593.86
LS: PDPairExchange | Count: 1 | TotalTime:0.001s | Cost:492877.52
LS: mPDG | Count: 1 | TotalTime:0.007s | Cost:699183.52
LS: PDPairExchange | Count: 1 | TotalTime:0.001s | Cost:669050.63
LS: PDPairExchange | Count: 1 | TotalTime:0.000s | Cost:701278.45
Generation 7: Best = 334407.98, Worst = 894609.46, Avg = 738025.82, Time: 0.22036981582641602
LS: mPDG | Count: 0 | TotalTime:0.007s | Cost:334407.98
LS: mPDG | Count: 0 | TotalTime:0.008s | Cost:334407.98
LS: BlockRelocate | Count: 1 | TotalTime:0.004s | Cost:336782.11
LS: PDPairExchange | Count: 1 | TotalTime:0.001s | Cost:335330.00
LS: PDPairExchange | Count: 1 | TotalTime:0.001s | Cost:367784.19
LS: BlockExchange | Count: 1 | TotalTime:0.000s | Cost:423184.60
LS: BlockExchange | Count: 0 | TotalTime:0.001s | Cost:453593.86
LS: PDPairExchange | Count: 1 | TotalTime:0.001s | Cost:474044.93
LS: mPDG | Count: 1 | TotalTime:0.007s | Cost:699183.52
LS: mPDG | Count: 1 | TotalTime:0.007s | Cost:699183.52
LS: mPDG | Count: 1 | TotalTime:0.007s | Cost:764383.52
Generation 8: Best = 334407.98, Worst = 897609.46, Avg = 737226.41, Time: 0.22753000259399414
LS: mPDG | Count: 0 | TotalTime:0.007s | Cost:334407.98
LS: mPDG | Count: 0 | TotalTime:0.007s | Cost:334407.98
LS: PDPairExchange | Count: 1 | TotalTime:0.002s | Cost:328791.09
LS: BlockRelocate | Count: 1 | TotalTime:0.001s | Cost:314145.74
LS: PDPairExchange | Count: 0 | TotalTime:0.003s | Cost:367784.19
LS: BlockExchange | Count: 1 | TotalTime:0.000s | Cost:422184.60
LS: BlockExchange | Count: 1 | TotalTime:0.000s | Cost:451593.86
LS: PDPairExchange | Count: 1 | TotalTime:0.001s | Cost:471992.33
LS: BlockExchange | Count: 1 | TotalTime:0.001s | Cost:475525.69
LS: mPDG | Count: 1 | TotalTime:0.007s | Cost:699183.52
LS: BlockRelocate | Count: 1 | TotalTime:0.002s | Cost:700083.86
Generation 9: Best = 314145.74, Worst = 894609.46, Avg = 714449.74, Time: 0.2819180488586426
LS: BlockRelocate | Count: 1 | TotalTime:0.007s | Cost:312809.60
LS: PDPairExchange | Count: 1 | TotalTime:0.003s | Cost:324874.61
LS: mPDG | Count: 0 | TotalTime:0.008s | Cost:334407.98
LS: mPDG | Count: 0 | TotalTime:0.008s | Cost:334407.98
LS: PDPairExchange | Count: 0 | TotalTime:0.003s | Cost:367784.19
LS: BlockExchange | Count: 1 | TotalTime:0.001s | Cost:404911.16
LS: BlockExchange | Count: 1 | TotalTime:0.001s | Cost:432161.17
LS: PDPairExchange | Count: 1 | TotalTime:0.001s | Cost:471661.58
LS: PDPairExchange | Count: 1 | TotalTime:0.000s | Cost:772917.22
LS: BlockRelocate | Count: 1 | TotalTime:0.003s | Cost:773283.86
LS: BlockRelocate | Count: 1 | TotalTime:0.003s | Cost:762716.86
Generation 10: Best = 312809.60, Worst = 897609.46, Avg = 739687.74, Time: 0.28593873977661133
LS: BlockRelocate | Count: 1 | TotalTime:0.011s | Cost:305109.18
LS: PDPairExchange | Count: 0 | TotalTime:0.004s | Cost:324874.61
LS: mPDG | Count: 0 | TotalTime:0.008s | Cost:334407.98
LS: mPDG | Count: 0 | TotalTime:0.008s | Cost:334407.98
LS: PDPairExchange | Count: 0 | TotalTime:0.003s | Cost:367784.19
LS: BlockExchange | Count: 1 | TotalTime:0.000s | Cost:394927.90
LS: BlockExchange | Count: 1 | TotalTime:0.002s | Cost:431093.86
LS: PDPairExchange | Count: 1 | TotalTime:0.001s | Cost:455261.58
LS: BlockRelocate | Count: 1 | TotalTime:0.001s | Cost:689516.86
LS: BlockExchange | Count: 1 | TotalTime:0.000s | Cost:692084.14
LS: BlockExchange | Count: 0 | TotalTime:0.000s | Cost:736310.41
Generation 11: Best = 305109.18, Worst = 897609.46, Avg = 717851.80, Time: 0.3181118965148926
LS: BlockRelocate | Count: 0 | TotalTime:0.019s | Cost:305109.18
LS: PDPairExchange | Count: 0 | TotalTime:0.003s | Cost:324874.61
LS: mPDG | Count: 0 | TotalTime:0.008s | Cost:334407.98
LS: mPDG | Count: 0 | TotalTime:0.008s | Cost:334407.98
LS: PDPairExchange | Count: 0 | TotalTime:0.003s | Cost:367784.19
LS: BlockExchange | Count: 0 | TotalTime:0.004s | Cost:394927.90
LS: BlockExchange | Count: 1 | TotalTime:0.002s | Cost:428160.53
LS: PDPairExchange | Count: 1 | TotalTime:0.003s | Cost:443928.24
LS: BlockExchange | Count: 1 | TotalTime:0.000s | Cost:734310.41
LS: PDPairExchange | Count: 1 | TotalTime:0.001s | Cost:591040.50
LS: BlockExchange | Count: 1 | TotalTime:0.000s | Cost:700117.22
Generation 12: Best = 305109.18, Worst = 940209.46, Avg = 734709.55, Time: 0.23213505744934082
LS: BlockRelocate | Count: 0 | TotalTime:0.019s | Cost:305109.18
LS: PDPairExchange | Count: 0 | TotalTime:0.003s | Cost:324874.61
LS: mPDG | Count: 0 | TotalTime:0.008s | Cost:334407.98
LS: mPDG | Count: 0 | TotalTime:0.008s | Cost:334407.98
LS: PDPairExchange | Count: 0 | TotalTime:0.003s | Cost:367784.19
LS: BlockExchange | Count: 1 | TotalTime:0.001s | Cost:390775.25
LS: BlockExchange | Count: 0 | TotalTime:0.002s | Cost:428160.53
LS: PDPairExchange | Count: 1 | TotalTime:0.001s | Cost:441611.64
LS: BlockExchange | Count: 1 | TotalTime:0.000s | Cost:698117.22
LS: BlockRelocate | Count: 1 | TotalTime:0.001s | Cost:679783.82
LS: BlockExchange | Count: 0 | TotalTime:0.000s | Cost:700117.22
Generation 13: Best = 305109.18, Worst = 943209.46, Avg = 720959.30, Time: 0.22717976570129395
LS: BlockRelocate | Count: 0 | TotalTime:0.019s | Cost:305109.18
LS: PDPairExchange | Count: 0 | TotalTime:0.003s | Cost:324874.61
LS: mPDG | Count: 0 | TotalTime:0.008s | Cost:334407.98
LS: mPDG | Count: 0 | TotalTime:0.008s | Cost:334407.98
LS: PDPairExchange | Count: 0 | TotalTime:0.003s | Cost:367784.19
LS: BlockExchange | Count: 1 | TotalTime:0.003s | Cost:390144.31
LS: BlockExchange | Count: 1 | TotalTime:0.002s | Cost:427643.94
LS: PDPairExchange | Count: 1 | TotalTime:0.000s | Cost:441511.58
LS: mPDG | Count: 1 | TotalTime:0.007s | Cost:699183.52
LS: BlockRelocate | Count: 1 | TotalTime:0.001s | Cost:740250.19
LS: PDPairExchange | Count: 1 | TotalTime:0.000s | Cost:707848.63
Generation 14: Best = 305109.18, Worst = 943209.46, Avg = 744165.82, Time: 0.250274658203125
LS: BlockRelocate | Count: 0 | TotalTime:0.019s | Cost:305109.18
LS: PDPairExchange | Count: 0 | TotalTime:0.003s | Cost:324874.61
LS: mPDG | Count: 0 | TotalTime:0.008s | Cost:334407.98
LS: mPDG | Count: 0 | TotalTime:0.008s | Cost:334407.98
LS: PDPairExchange | Count: 0 | TotalTime:0.003s | Cost:367784.19
LS: BlockExchange | Count: 0 | TotalTime:0.005s | Cost:390144.31
LS: BlockExchange | Count: 0 | TotalTime:0.006s | Cost:427643.94
LS: PDPairExchange | Count: 1 | TotalTime:0.004s | Cost:437495.01
LS: BlockRelocate | Count: 1 | TotalTime:0.001s | Cost:568367.04
LS: PDPairExchange | Count: 1 | TotalTime:0.001s | Cost:700117.22
LS: BlockRelocate | Count: 1 | TotalTime:0.001s | Cost:762716.86
Generation 15: Best = 305109.18, Worst = 943209.46, Avg = 739474.45, Time: 0.23877882957458496
LS: BlockRelocate | Count: 0 | TotalTime:0.019s | Cost:305109.18
LS: PDPairExchange | Count: 0 | TotalTime:0.003s | Cost:324874.61
LS: mPDG | Count: 0 | TotalTime:0.008s | Cost:334407.98
LS: mPDG | Count: 0 | TotalTime:0.008s | Cost:334407.98
LS: PDPairExchange | Count: 0 | TotalTime:0.003s | Cost:367784.19
LS: BlockExchange | Count: 0 | TotalTime:0.004s | Cost:390144.31
LS: BlockExchange | Count: 0 | TotalTime:0.004s | Cost:427643.94
LS: PDPairExchange | Count: 1 | TotalTime:0.001s | Cost:437461.66
LS: PDPairExchange | Count: 1 | TotalTime:0.000s | Cost:669050.63
LS: mPDG | Count: 1 | TotalTime:0.008s | Cost:735376.72
LS: BlockExchange | Count: 1 | TotalTime:0.001s | Cost:773067.22
Generation 16: Best = 305109.18, Worst = 940209.46, Avg = 736722.42, Time: 0.24461007118225098
Stopping early due to lack of improvement.
Total runtime: 5.27s (0.1 minutes)
LS: BlockRelocate:0(0.000s) | PDPairExchange:1(0.004s) | BlockExchange:0(0.003s) | mPDG:0(0.009s) | TotalTime:0.016s | Cost:294685.20
LS: PDPairExchange:2(0.001s) | BlockExchange:2(0.008s) | BlockRelocate:0(0.018s) | mPDG:0(0.007s) | TotalTime:0.033s | Cost:306957.68
LS: mPDG:0(0.000s) | PDPairExchange:1(0.007s) | BlockExchange:0(0.007s) | BlockRelocate:1(0.029s) | TotalTime:0.043s | Cost:297754.90
LS: mPDG:0(0.000s) | PDPairExchange:1(0.006s) | BlockExchange:0(0.006s) | BlockRelocate:1(0.018s) | TotalTime:0.031s | Cost:297754.90
LS: PDPairExchange:9(0.011s) | BlockExchange:4(0.030s) | BlockRelocate:6(0.044s) | mPDG:0(0.000s) | TotalTime:0.085s | Cost:295246.31

The solution initialized by Cheapest Insertion:
V_1:[d1_1130040046-1 p1_1123490045-1 p1_1119300044-1 d1_1119300044-1 d1_1123490045-1 d3_1131130047-3 p1_1406120052-1 p1_1411060053-1 d1_1411060053-1 d1_1406120052-1] V_2:[d4_0958350034-4 p1_1353340051-1 d1_1353340051-1] V_3:[p1_1154340049-1 d1_1154340049-1 p1_1433060056-1 d1_1433060056-1] V_4:[d1_1104060039-1 p3_1434540057-16 p4_1416140054-1 d4_1416140054-4 d3_1434540057-18] V_5:[d3_1110400041-3 d1_1218120050-1 p15_1434540057-1 d15_1434540057-15 p1_1420180055-1 d1_1420180055-1]
The fitness value before EA: 511692.35777777777
V_1:[d1_1130040046-1 p1_1119300044-1 p1_1123490045-1 p1_1406120052-1 d1_1406120052-1 d1_1123490045-1 d1_1119300044-1 d3_1131130047-3 p3_1434540057-16 d3_1434540057-18] V_2:[d4_0958350034-4 p4_1416140054-1 p1_1353340051-1 d1_1353340051-1 d4_1416140054-4] V_3:[p1_1154340049-1 d1_1154340049-1 p1_1420180055-1 d1_1420180055-1] V_4:[d1_1104060039-1 p15_1434540057-1 d15_1434540057-15] V_5:[d3_1110400041-3 d1_1218120050-1 p1_1411060053-1 d1_1411060053-1 p1_1433060056-1 d1_1433060056-1]
The fitness value after EA: 294685.19777777774

Thoi gian thuc hien thuat toan:  5.605632305145264
SUCCESS

2025-10-04 08:46:05,975 [simulate_environment.py | 256] INFO: 2025-10-04 14:40:00, Item 1119300044-1: state = 1 < 2, we can not finish the simulation
2025-10-04 08:46:05,975 [simulate_environment.py | 99] INFO: **************************************************
2025-10-04 08:46:05,975 [simulate_environment.py | 103] INFO: cur time: 2025-10-04 14:50:00, pre time: 2025-10-04 14:40:00
2025-10-04 08:46:05,975 [simulate_environment.py | 140] INFO: Start to update the input of 2025-10-04 14:50:00
2025-10-04 08:46:05,976 [simulate_environment.py | 167] INFO: Get 31 unallocated order items, 13 ongoing order items, 172 completed order items
2025-10-04 08:46:08,986 [simulate_environment.py | 234] INFO: 
Adaptive config applied: {'num_orders': 11, 'num_vehicles': 5, 'time_budget_sec': None, 'POPULATION_SIZE': 40, 'NUMBER_OF_GENERATION': 20, 'MUTATION_RATE': 0.1, 'LS_MAX': 20, 'LS_MAX_TIME_PER_OP': 3, 'LS_MAX_TIME_IN_SINGLE': 1}
LS: BlockRelocate | Count: 0 | TotalTime:0.021s | Cost:296182.02
LS: BlockRelocate | Count: 1 | TotalTime:0.002s | Cost:708346.66
LS: BlockExchange | Count: 1 | TotalTime:0.001s | Cost:671278.04
LS: BlockExchange | Count: 1 | TotalTime:0.001s | Cost:907128.06
LS: PDPairExchange | Count: 1 | TotalTime:0.001s | Cost:689944.67
LS: BlockRelocate | Count: 1 | TotalTime:0.002s | Cost:739547.15
LS: mPDG | Count: 1 | TotalTime:0.013s | Cost:739547.15
LS: BlockRelocate | Count: 1 | TotalTime:0.007s | Cost:577634.86
LS: BlockRelocate | Count: 1 | TotalTime:0.001s | Cost:730527.70
LS: BlockExchange | Count: 1 | TotalTime:0.000s | Cost:689944.67
LS: BlockExchange | Count: 1 | TotalTime:0.001s | Cost:688530.82
Generation 1: Best = 296182.02, Worst = 907128.06, Avg = 730968.14, Time: 0.23051142692565918
LS: BlockExchange | Count: 0 | TotalTime:0.004s | Cost:296182.02
LS: BlockRelocate | Count: 1 | TotalTime:0.002s | Cost:565385.10
LS: BlockExchange | Count: 0 | TotalTime:0.001s | Cost:671278.04
LS: BlockExchange | Count: 1 | TotalTime:0.001s | Cost:576051.31
LS: PDPairExchange | Count: 1 | TotalTime:0.000s | Cost:674194.75
LS: BlockExchange | Count: 1 | TotalTime:0.001s | Cost:655161.34
LS: BlockRelocate | Count: 1 | TotalTime:0.009s | Cost:691146.34
LS: BlockRelocate | Count: 1 | TotalTime:0.005s | Cost:728063.63
LS: PDPairExchange | Count: 1 | TotalTime:0.000s | Cost:916183.07
LS: BlockRelocate | Count: 1 | TotalTime:0.001s | Cost:561898.96
LS: BlockRelocate | Count: 1 | TotalTime:0.001s | Cost:773366.16
Generation 2: Best = 296182.02, Worst = 958983.07, Avg = 864295.49, Time: 0.24767327308654785
LS: PDPairExchange | Count: 0 | TotalTime:0.004s | Cost:296182.02
LS: BlockRelocate | Count: 1 | TotalTime:0.001s | Cost:440787.18
LS: BlockRelocate | Count: 1 | TotalTime:0.001s | Cost:541204.19
LS: BlockExchange | Count: 1 | TotalTime:0.001s | Cost:575801.31
LS: BlockExchange | Count: 1 | TotalTime:0.001s | Cost:651961.16
LS: BlockExchange | Count: 1 | TotalTime:0.002s | Cost:576051.31
LS: PDPairExchange | Count: 1 | TotalTime:0.000s | Cost:618568.02
LS: BlockRelocate | Count: 1 | TotalTime:0.003s | Cost:644696.02
LS: mPDG | Count: 1 | TotalTime:0.010s | Cost:739547.15
LS: PDPairExchange | Count: 1 | TotalTime:0.000s | Cost:853177.37
LS: PDPairExchange | Count: 1 | TotalTime:0.002s | Cost:520225.61
Generation 3: Best = 296182.02, Worst = 954983.07, Avg = 844647.76, Time: 0.25637149810791016
LS: mPDG | Count: 0 | TotalTime:0.009s | Cost:296182.02
LS: BlockRelocate | Count: 1 | TotalTime:0.001s | Cost:440787.16
LS: PDPairExchange | Count: 1 | TotalTime:0.001s | Cost:500625.61
LS: BlockRelocate | Count: 1 | TotalTime:0.001s | Cost:534134.70
LS: BlockExchange | Count: 1 | TotalTime:0.000s | Cost:574801.31
LS: BlockExchange | Count: 0 | TotalTime:0.000s | Cost:576051.31
LS: PDPairExchange | Count: 1 | TotalTime:0.001s | Cost:503368.02
LS: BlockRelocate | Count: 1 | TotalTime:0.002s | Cost:634126.72
LS: mPDG | Count: 1 | TotalTime:0.009s | Cost:739547.15
LS: BlockExchange | Count: 1 | TotalTime:0.001s | Cost:907128.06
LS: mPDG | Count: 1 | TotalTime:0.008s | Cost:765183.03
Generation 4: Best = 296182.02, Worst = 954983.07, Avg = 839401.10, Time: 0.22257709503173828
LS: BlockExchange | Count: 0 | TotalTime:0.004s | Cost:296182.02
LS: BlockRelocate | Count: 1 | TotalTime:0.011s | Cost:435737.06
LS: PDPairExchange | Count: 1 | TotalTime:0.001s | Cost:500490.38
LS: PDPairExchange | Count: 1 | TotalTime:0.001s | Cost:433168.02
LS: BlockRelocate | Count: 1 | TotalTime:0.003s | Cost:534134.34
LS: BlockExchange | Count: 1 | TotalTime:0.001s | Cost:906065.76
LS: BlockExchange | Count: 1 | TotalTime:0.001s | Cost:560334.74
LS: BlockRelocate | Count: 1 | TotalTime:0.002s | Cost:633393.56
LS: BlockRelocate | Count: 1 | TotalTime:0.002s | Cost:802246.58
LS: mPDG | Count: 1 | TotalTime:0.008s | Cost:807982.71
LS: BlockExchange | Count: 1 | TotalTime:0.001s | Cost:798563.58
Generation 5: Best = 296182.02, Worst = 954983.07, Avg = 850722.55, Time: 0.23015522956848145
Stopping early due to lack of improvement.
Total runtime: 2.14s (0.0 minutes)
LS: BlockRelocate:0(0.000s) | BlockExchange:0(0.003s) | PDPairExchange:0(0.003s) | mPDG:0(0.010s) | TotalTime:0.016s | Cost:296182.02
LS: PDPairExchange:15(0.017s) | BlockExchange:2(0.014s) | BlockRelocate:2(0.005s) | mPDG:0(0.000s) | TotalTime:0.037s | Cost:360727.14
LS: BlockRelocate:9(0.066s) | PDPairExchange:0(0.010s) | BlockExchange:2(0.008s) | mPDG:0(0.010s) | TotalTime:0.093s | Cost:296182.02
LS: PDPairExchange:18(0.022s) | BlockExchange:1(0.005s) | BlockRelocate:0(0.000s) | mPDG:0(0.000s) | TotalTime:0.026s | Cost:415148.55
LS: BlockRelocate:13(0.094s) | PDPairExchange:0(0.006s) | BlockExchange:1(0.005s) | mPDG:0(0.011s) | TotalTime:0.116s | Cost:299898.68

The solution initialized by Cheapest Insertion:
V_1:[d1_1130040046-1 p1_1442430058-1 p1_1119300044-1 p1_1123490045-1 p1_1406120052-1 d1_1406120052-1 d1_1123490045-1 d1_1119300044-1 d1_1442430058-1 d3_1131130047-3 p3_1434540057-16 d3_1434540057-18] V_2:[d4_0958350034-4 p4_1416140054-1 p1_1353340051-1 d1_1353340051-1 d4_1416140054-4] V_3:[p1_1154340049-1 d1_1154340049-1 p1_1420180055-1 d1_1420180055-1] V_4:[d1_1104060039-1 p15_1434540057-1 d15_1434540057-15] V_5:[d3_1110400041-3 d1_1218120050-1 p1_1411060053-1 d1_1411060053-1 p1_1433060056-1 d1_1433060056-1]
The fitness value before EA: 296182.01777777774
V_1:[d1_1130040046-1 p1_1442430058-1 p1_1119300044-1 p1_1123490045-1 p1_1406120052-1 d1_1406120052-1 d1_1123490045-1 d1_1119300044-1 d1_1442430058-1 d3_1131130047-3 p3_1434540057-16 d3_1434540057-18] V_2:[d4_0958350034-4 p4_1416140054-1 p1_1353340051-1 d1_1353340051-1 d4_1416140054-4] V_3:[p1_1154340049-1 d1_1154340049-1 p1_1420180055-1 d1_1420180055-1] V_4:[d1_1104060039-1 p15_1434540057-1 d15_1434540057-15] V_5:[d3_1110400041-3 d1_1218120050-1 p1_1411060053-1 d1_1411060053-1 p1_1433060056-1 d1_1433060056-1]
The fitness value after EA: 296182.01777777774

Thoi gian thuc hien thuat toan:  2.59710955619812
SUCCESS

2025-10-04 08:46:08,988 [simulate_environment.py | 256] INFO: 2025-10-04 14:50:00, Item 1119300044-1: state = 1 < 2, we can not finish the simulation
2025-10-04 08:46:08,988 [simulate_environment.py | 99] INFO: **************************************************
2025-10-04 08:46:08,988 [simulate_environment.py | 103] INFO: cur time: 2025-10-04 15:00:00, pre time: 2025-10-04 14:50:00
2025-10-04 08:46:08,988 [simulate_environment.py | 140] INFO: Start to update the input of 2025-10-04 15:00:00
2025-10-04 08:46:08,989 [simulate_environment.py | 167] INFO: Get 28 unallocated order items, 16 ongoing order items, 173 completed order items
2025-10-04 08:46:11,346 [simulate_environment.py | 234] INFO: 
Adaptive config applied: {'num_orders': 8, 'num_vehicles': 5, 'time_budget_sec': None, 'POPULATION_SIZE': 40, 'NUMBER_OF_GENERATION': 20, 'MUTATION_RATE': 0.1, 'LS_MAX': 20, 'LS_MAX_TIME_PER_OP': 3, 'LS_MAX_TIME_IN_SINGLE': 1}
LS: BlockExchange | Count: 0 | TotalTime:0.002s | Cost:296515.05
LS: mPDG | Count: 0 | TotalTime:0.005s | Cost:573143.35
LS: mPDG | Count: 0 | TotalTime:0.005s | Cost:573143.35
LS: BlockRelocate | Count: 1 | TotalTime:0.004s | Cost:573143.27
LS: BlockExchange | Count: 1 | TotalTime:0.001s | Cost:366182.24
LS: BlockExchange | Count: 1 | TotalTime:0.001s | Cost:577643.85
LS: mPDG | Count: 0 | TotalTime:0.005s | Cost:573143.35
LS: BlockExchange | Count: 1 | TotalTime:0.001s | Cost:465833.00
LS: PDPairExchange | Count: 1 | TotalTime:0.000s | Cost:482561.30
LS: BlockExchange | Count: 1 | TotalTime:0.000s | Cost:366182.24
LS: PDPairExchange | Count: 1 | TotalTime:0.001s | Cost:482561.30
Generation 1: Best = 296515.05, Worst = 797542.32, Avg = 554390.21, Time: 0.14504384994506836
LS: mPDG | Count: 0 | TotalTime:0.004s | Cost:296515.05
LS: BlockExchange | Count: 1 | TotalTime:0.000s | Cost:349560.44
LS: BlockExchange | Count: 1 | TotalTime:0.001s | Cost:352493.77
LS: mPDG | Count: 0 | TotalTime:0.006s | Cost:361443.31
LS: PDPairExchange | Count: 1 | TotalTime:0.000s | Cost:352493.77
LS: mPDG | Count: 0 | TotalTime:0.006s | Cost:361443.31
LS: BlockRelocate | Count: 1 | TotalTime:0.003s | Cost:358299.97
LS: BlockRelocate | Count: 1 | TotalTime:0.003s | Cost:331237.57
LS: BlockExchange | Count: 1 | TotalTime:0.001s | Cost:338165.81
LS: BlockExchange | Count: 1 | TotalTime:0.001s | Cost:327782.24
LS: BlockExchange | Count: 1 | TotalTime:0.001s | Cost:464494.87
Generation 2: Best = 296515.05, Worst = 666643.31, Avg = 564448.05, Time: 0.17027020454406738
LS: mPDG | Count: 0 | TotalTime:0.004s | Cost:296515.05
LS: BlockExchange | Count: 0 | TotalTime:0.002s | Cost:327782.24
LS: BlockRelocate | Count: 1 | TotalTime:0.005s | Cost:331209.92
LS: BlockExchange | Count: 1 | TotalTime:0.000s | Cost:324634.36
LS: BlockExchange | Count: 1 | TotalTime:0.000s | Cost:348660.46
LS: BlockExchange | Count: 1 | TotalTime:0.000s | Cost:347193.79
LS: PDPairExchange | Count: 1 | TotalTime:0.001s | Cost:348043.85
LS: BlockRelocate | Count: 1 | TotalTime:0.003s | Cost:331237.57
LS: BlockExchange | Count: 1 | TotalTime:0.001s | Cost:361443.11
LS: mPDG | Count: 0 | TotalTime:0.009s | Cost:361443.31
LS: PDPairExchange | Count: 1 | TotalTime:0.000s | Cost:349560.44
Generation 3: Best = 296515.05, Worst = 666643.31, Avg = 530729.50, Time: 0.1720104217529297
LS: BlockRelocate | Count: 0 | TotalTime:0.014s | Cost:296515.05
LS: BlockExchange | Count: 1 | TotalTime:0.000s | Cost:322414.90
LS: BlockExchange | Count: 0 | TotalTime:0.002s | Cost:327782.24
LS: BlockRelocate | Count: 1 | TotalTime:0.001s | Cost:321721.13
LS: BlockRelocate | Count: 1 | TotalTime:0.013s | Cost:321721.13
LS: BlockExchange | Count: 1 | TotalTime:0.000s | Cost:332232.68
LS: PDPairExchange | Count: 1 | TotalTime:0.001s | Cost:345458.90
LS: BlockExchange | Count: 1 | TotalTime:0.001s | Cost:343357.10
LS: mPDG | Count: 0 | TotalTime:0.006s | Cost:361443.31
LS: BlockExchange | Count: 1 | TotalTime:0.000s | Cost:361443.11
LS: BlockRelocate | Count: 1 | TotalTime:0.009s | Cost:358299.97
Generation 4: Best = 296515.05, Worst = 745086.80, Avg = 501287.22, Time: 0.20585179328918457
LS: BlockExchange | Count: 0 | TotalTime:0.002s | Cost:296515.05
LS: BlockRelocate | Count: 1 | TotalTime:0.005s | Cost:316754.38
LS: BlockRelocate | Count: 1 | TotalTime:0.001s | Cost:320376.74
LS: BlockExchange | Count: 1 | TotalTime:0.000s | Cost:321314.78
LS: BlockExchange | Count: 0 | TotalTime:0.002s | Cost:327782.24
LS: BlockExchange | Count: 1 | TotalTime:0.001s | Cost:328465.57
LS: BlockExchange | Count: 1 | TotalTime:0.001s | Cost:328395.99
LS: PDPairExchange | Count: 1 | TotalTime:0.001s | Cost:325451.90
LS: BlockRelocate | Count: 1 | TotalTime:0.006s | Cost:358299.97
LS: BlockRelocate | Count: 1 | TotalTime:0.007s | Cost:358299.97
LS: mPDG | Count: 0 | TotalTime:0.006s | Cost:361443.31
Generation 5: Best = 296515.05, Worst = 666643.31, Avg = 442346.40, Time: 0.18068408966064453
Stopping early due to lack of improvement.
Total runtime: 1.76s (0.0 minutes)
LS: BlockExchange:0(0.000s) | BlockRelocate:0(0.012s) | PDPairExchange:0(0.002s) | mPDG:0(0.004s) | TotalTime:0.018s | Cost:296515.05
LS: BlockRelocate:0(0.000s) | PDPairExchange:0(0.004s) | BlockExchange:1(0.002s) | mPDG:0(0.004s) | TotalTime:0.010s | Cost:301793.27
LS: BlockRelocate:2(0.009s) | PDPairExchange:0(0.003s) | BlockExchange:1(0.003s) | mPDG:0(0.004s) | TotalTime:0.020s | Cost:299898.38
LS: BlockExchange:5(0.005s) | PDPairExchange:0(0.005s) | BlockRelocate:2(0.025s) | mPDG:0(0.005s) | TotalTime:0.040s | Cost:298672.37
LS: PDPairExchange:3(0.004s) | BlockExchange:2(0.008s) | BlockRelocate:3(0.027s) | mPDG:0(0.005s) | TotalTime:0.045s | Cost:295103.82

The solution initialized by Cheapest Insertion:
V_1:[d1_1406120052-1 d1_1123490045-1 d1_1119300044-1 d1_1442430058-1 d3_1131130047-3 p3_1434540057-16 d3_1434540057-18] V_2:[d4_0958350034-4 p4_1416140054-1 p1_1353340051-1 d1_1353340051-1 d4_1416140054-4] V_3:[p1_1154340049-1 d1_1154340049-1 p1_1420180055-1 d1_1420180055-1] V_4:[d1_1104060039-1 p15_1434540057-1 d15_1434540057-15] V_5:[d3_1110400041-3 d1_1218120050-1 p1_1450260059-1 p1_1411060053-1 d1_1411060053-1 d1_1450260059-1 p1_1433060056-1 d1_1433060056-1]
The fitness value before EA: 296515.0511111111
V_1:[d1_1406120052-1 d1_1123490045-1 d1_1119300044-1 d1_1442430058-1 d3_1131130047-3 p3_1434540057-16 d3_1434540057-18] V_2:[d4_0958350034-4 p1_1353340051-1 p4_1416140054-1 d4_1416140054-4 d1_1353340051-1] V_3:[p1_1154340049-1 d1_1154340049-1 p1_1420180055-1 d1_1420180055-1] V_4:[d1_1104060039-1 p15_1434540057-1 d15_1434540057-15] V_5:[d3_1110400041-3 d1_1218120050-1 p1_1450260059-1 p1_1411060053-1 d1_1411060053-1 d1_1450260059-1 p1_1433060056-1 d1_1433060056-1]
The fitness value after EA: 295103.82

Thoi gian thuc hien thuat toan:  1.9722473621368408
SUCCESS

2025-10-04 08:46:11,348 [simulate_environment.py | 256] INFO: 2025-10-04 15:00:00, Item 1154340049-1: state = 1 < 2, we can not finish the simulation
2025-10-04 08:46:11,349 [simulate_environment.py | 99] INFO: **************************************************
2025-10-04 08:46:11,349 [simulate_environment.py | 103] INFO: cur time: 2025-10-04 15:10:00, pre time: 2025-10-04 15:00:00
2025-10-04 08:46:11,349 [simulate_environment.py | 140] INFO: Start to update the input of 2025-10-04 15:10:00
2025-10-04 08:46:11,350 [simulate_environment.py | 167] INFO: Get 28 unallocated order items, 17 ongoing order items, 173 completed order items
2025-10-04 08:46:13,728 [simulate_environment.py | 234] INFO: 
Adaptive config applied: {'num_orders': 9, 'num_vehicles': 5, 'time_budget_sec': None, 'POPULATION_SIZE': 40, 'NUMBER_OF_GENERATION': 20, 'MUTATION_RATE': 0.1, 'LS_MAX': 20, 'LS_MAX_TIME_PER_OP': 3, 'LS_MAX_TIME_IN_SINGLE': 1}
LS: mPDG | Count: 0 | TotalTime:0.006s | Cost:295437.41
LS: BlockRelocate | Count: 1 | TotalTime:0.003s | Cost:499572.87
LS: PDPairExchange | Count: 1 | TotalTime:0.001s | Cost:349766.05
LS: BlockExchange | Count: 1 | TotalTime:0.001s | Cost:472855.70
LS: BlockExchange | Count: 1 | TotalTime:0.000s | Cost:472855.70
LS: BlockRelocate | Count: 1 | TotalTime:0.005s | Cost:575904.16
LS: BlockRelocate | Count: 1 | TotalTime:0.006s | Cost:575904.78
LS: BlockExchange | Count: 1 | TotalTime:0.000s | Cost:353410.50
LS: BlockRelocate | Count: 1 | TotalTime:0.002s | Cost:575904.78
LS: BlockExchange | Count: 1 | TotalTime:0.000s | Cost:577432.72
LS: BlockExchange | Count: 1 | TotalTime:0.000s | Cost:577432.72
Generation 1: Best = 295437.41, Worst = 730657.29, Avg = 557544.60, Time: 0.15247082710266113
LS: BlockRelocate | Count: 0 | TotalTime:0.021s | Cost:295437.41
LS: PDPairExchange | Count: 1 | TotalTime:0.002s | Cost:328432.80
LS: BlockExchange | Count: 1 | TotalTime:0.001s | Cost:347287.16
LS: BlockExchange | Count: 1 | TotalTime:0.001s | Cost:329540.89
LS: BlockRelocate | Count: 1 | TotalTime:0.014s | Cost:357507.78
LS: BlockExchange | Count: 1 | TotalTime:0.001s | Cost:346487.91
LS: BlockRelocate | Count: 1 | TotalTime:0.015s | Cost:351021.33
LS: BlockRelocate | Count: 1 | TotalTime:0.006s | Cost:357507.78
LS: mPDG | Count: 1 | TotalTime:0.007s | Cost:345504.16
LS: BlockExchange | Count: 1 | TotalTime:0.001s | Cost:329540.89
LS: mPDG | Count: 1 | TotalTime:0.007s | Cost:345504.16
Generation 2: Best = 295437.41, Worst = 678404.98, Avg = 529162.68, Time: 0.23992538452148438
LS: mPDG | Count: 0 | TotalTime:0.006s | Cost:295437.41
LS: PDPairExchange | Count: 0 | TotalTime:0.002s | Cost:328432.80
LS: BlockExchange | Count: 1 | TotalTime:0.001s | Cost:310407.56
LS: BlockExchange | Count: 1 | TotalTime:0.000s | Cost:310407.56
LS: mPDG | Count: 0 | TotalTime:0.007s | Cost:345504.16
LS: mPDG | Count: 0 | TotalTime:0.007s | Cost:345504.16
LS: BlockRelocate | Count: 0 | TotalTime:0.016s | Cost:345504.16
LS: BlockExchange | Count: 1 | TotalTime:0.001s | Cost:325548.60
LS: BlockExchange | Count: 1 | TotalTime:0.001s | Cost:325548.60
LS: BlockExchange | Count: 1 | TotalTime:0.001s | Cost:327354.58
LS: BlockExchange | Count: 0 | TotalTime:0.002s | Cost:347287.16
Generation 3: Best = 295437.41, Worst = 752842.74, Avg = 445387.90, Time: 0.19907617568969727
LS: mPDG | Count: 0 | TotalTime:0.006s | Cost:295437.41
LS: BlockExchange | Count: 1 | TotalTime:0.003s | Cost:299001.68
LS: BlockExchange | Count: 1 | TotalTime:0.002s | Cost:299001.68
LS: BlockExchange | Count: 1 | TotalTime:0.001s | Cost:306415.27
LS: BlockExchange | Count: 1 | TotalTime:0.000s | Cost:306415.27
LS: BlockExchange | Count: 1 | TotalTime:0.002s | Cost:299001.68
LS: PDPairExchange | Count: 0 | TotalTime:0.002s | Cost:328432.80
LS: mPDG | Count: 0 | TotalTime:0.007s | Cost:345504.16
LS: PDPairExchange | Count: 1 | TotalTime:0.002s | Cost:324170.91
LS: PDPairExchange | Count: 1 | TotalTime:0.001s | Cost:324170.91
LS: PDPairExchange | Count: 1 | TotalTime:0.001s | Cost:324170.91
Generation 4: Best = 295437.41, Worst = 678404.98, Avg = 397817.17, Time: 0.1640481948852539
LS: PDPairExchange | Count: 0 | TotalTime:0.002s | Cost:295437.41
LS: BlockExchange | Count: 0 | TotalTime:0.002s | Cost:299001.68
LS: BlockExchange | Count: 0 | TotalTime:0.003s | Cost:299001.68
LS: BlockExchange | Count: 0 | TotalTime:0.002s | Cost:299001.68
LS: BlockExchange | Count: 0 | TotalTime:0.002s | Cost:306415.27
LS: BlockExchange | Count: 0 | TotalTime:0.002s | Cost:306415.27
LS: PDPairExchange | Count: 0 | TotalTime:0.002s | Cost:324170.91
LS: PDPairExchange | Count: 0 | TotalTime:0.002s | Cost:324170.91
LS: BlockRelocate | Count: 0 | TotalTime:0.015s | Cost:345504.16
LS: PDPairExchange | Count: 1 | TotalTime:0.001s | Cost:324170.91
LS: PDPairExchange | Count: 1 | TotalTime:0.002s | Cost:324170.91
Generation 5: Best = 295437.41, Worst = 678404.98, Avg = 421180.55, Time: 0.17076373100280762
Stopping early due to lack of improvement.
Total runtime: 1.84s (0.0 minutes)
LS: BlockRelocate:0(0.000s) | PDPairExchange:0(0.002s) | BlockExchange:0(0.002s) | mPDG:0(0.006s) | TotalTime:0.010s | Cost:295437.41
LS: BlockExchange:0(0.000s) | PDPairExchange:0(0.002s) | BlockRelocate:0(0.015s) | mPDG:0(0.006s) | TotalTime:0.024s | Cost:299001.68
LS: BlockExchange:0(0.000s) | PDPairExchange:0(0.002s) | BlockRelocate:0(0.015s) | mPDG:0(0.006s) | TotalTime:0.024s | Cost:299001.68
LS: BlockExchange:0(0.000s) | PDPairExchange:0(0.002s) | BlockRelocate:0(0.016s) | mPDG:0(0.006s) | TotalTime:0.024s | Cost:299001.68
LS: BlockExchange:0(0.000s) | PDPairExchange:0(0.002s) | BlockRelocate:0(0.015s) | mPDG:0(0.006s) | TotalTime:0.024s | Cost:306415.27

The solution initialized by Cheapest Insertion:
V_1:[d1_1406120052-1 d1_1123490045-1 d1_1119300044-1 d1_1442430058-1 d3_1131130047-3 p3_1434540057-16 d3_1434540057-18] V_2:[d4_0958350034-4 p1_1353340051-1 p4_1416140054-1 d4_1416140054-4 d1_1353340051-1] V_3:[d1_1154340049-1 p1_1509410060-1 p1_1420180055-1 d1_1420180055-1 d1_1509410060-1] V_4:[d1_1104060039-1 p15_1434540057-1 d15_1434540057-15] V_5:[d3_1110400041-3 d1_1218120050-1 p1_1450260059-1 p1_1411060053-1 d1_1411060053-1 d1_1450260059-1 p1_1433060056-1 d1_1433060056-1]
The fitness value before EA: 295437.41333333333
V_1:[d1_1406120052-1 d1_1123490045-1 d1_1119300044-1 d1_1442430058-1 d3_1131130047-3 p3_1434540057-16 d3_1434540057-18] V_2:[d4_0958350034-4 p1_1353340051-1 p4_1416140054-1 d4_1416140054-4 d1_1353340051-1] V_3:[d1_1154340049-1 p1_1509410060-1 p1_1420180055-1 d1_1420180055-1 d1_1509410060-1] V_4:[d1_1104060039-1 p15_1434540057-1 d15_1434540057-15] V_5:[d3_1110400041-3 d1_1218120050-1 p1_1450260059-1 p1_1411060053-1 d1_1411060053-1 d1_1450260059-1 p1_1433060056-1 d1_1433060056-1]
The fitness value after EA: 295437.41333333333

Thoi gian thuc hien thuat toan:  1.984084129333496
SUCCESS

2025-10-04 08:46:13,729 [simulate_environment.py | 256] INFO: 2025-10-04 15:10:00, Item 1353340051-1: state = 1 < 2, we can not finish the simulation
2025-10-04 08:46:13,730 [simulate_environment.py | 99] INFO: **************************************************
2025-10-04 08:46:13,730 [simulate_environment.py | 103] INFO: cur time: 2025-10-04 15:20:00, pre time: 2025-10-04 15:10:00
2025-10-04 08:46:13,730 [simulate_environment.py | 140] INFO: Start to update the input of 2025-10-04 15:20:00
2025-10-04 08:46:13,731 [simulate_environment.py | 167] INFO: Get 30 unallocated order items, 13 ongoing order items, 177 completed order items
2025-10-04 08:46:18,337 [simulate_environment.py | 234] INFO: 
Adaptive config applied: {'num_orders': 9, 'num_vehicles': 5, 'time_budget_sec': None, 'POPULATION_SIZE': 40, 'NUMBER_OF_GENERATION': 20, 'MUTATION_RATE': 0.1, 'LS_MAX': 20, 'LS_MAX_TIME_PER_OP': 3, 'LS_MAX_TIME_IN_SINGLE': 1}
LS: BlockRelocate | Count: 0 | TotalTime:0.016s | Cost:301020.75
LS: mPDG | Count: 0 | TotalTime:0.008s | Cost:335905.08
LS: PDPairExchange | Count: 1 | TotalTime:0.001s | Cost:317305.16
LS: PDPairExchange | Count: 1 | TotalTime:0.002s | Cost:317305.16
LS: PDPairExchange | Count: 1 | TotalTime:0.001s | Cost:317305.16
LS: BlockExchange | Count: 1 | TotalTime:0.001s | Cost:351057.78
LS: BlockRelocate | Count: 0 | TotalTime:0.018s | Cost:335905.08
LS: BlockExchange | Count: 1 | TotalTime:0.002s | Cost:346631.00
LS: mPDG | Count: 0 | TotalTime:0.008s | Cost:335905.08
LS: BlockRelocate | Count: 0 | TotalTime:0.018s | Cost:335905.08
LS: BlockExchange | Count: 1 | TotalTime:0.002s | Cost:346631.00
Generation 1: Best = 301020.75, Worst = 709946.49, Avg = 343904.13, Time: 0.21530938148498535
LS: mPDG | Count: 0 | TotalTime:0.006s | Cost:301020.75
LS: PDPairExchange | Count: 0 | TotalTime:0.003s | Cost:317305.16
LS: PDPairExchange | Count: 0 | TotalTime:0.002s | Cost:317305.16
LS: PDPairExchange | Count: 0 | TotalTime:0.003s | Cost:317305.16
LS: BlockRelocate | Count: 0 | TotalTime:0.016s | Cost:335905.08
LS: BlockRelocate | Count: 0 | TotalTime:0.017s | Cost:335905.08
LS: BlockExchange | Count: 1 | TotalTime:0.001s | Cost:346631.00
LS: PDPairExchange | Count: 1 | TotalTime:0.001s | Cost:317305.16
LS: PDPairExchange | Count: 1 | TotalTime:0.001s | Cost:317305.16
LS: BlockRelocate | Count: 0 | TotalTime:0.017s | Cost:335905.08
LS: BlockExchange | Count: 1 | TotalTime:0.001s | Cost:351057.78
Generation 2: Best = 301020.75, Worst = 382229.17, Avg = 354073.99, Time: 0.21107721328735352
LS: BlockRelocate | Count: 0 | TotalTime:0.016s | Cost:301020.75
LS: PDPairExchange | Count: 0 | TotalTime:0.003s | Cost:317305.16
LS: PDPairExchange | Count: 0 | TotalTime:0.003s | Cost:317305.16
LS: PDPairExchange | Count: 0 | TotalTime:0.003s | Cost:317305.16
LS: PDPairExchange | Count: 0 | TotalTime:0.003s | Cost:317305.16
LS: PDPairExchange | Count: 0 | TotalTime:0.002s | Cost:317305.16
LS: PDPairExchange | Count: 1 | TotalTime:0.000s | Cost:317305.16
LS: BlockRelocate | Count: 0 | TotalTime:0.017s | Cost:335905.08
LS: BlockRelocate | Count: 1 | TotalTime:0.007s | Cost:342059.30
LS: mPDG | Count: 1 | TotalTime:0.008s | Cost:335905.08
LS: PDPairExchange | Count: 1 | TotalTime:0.000s | Cost:317852.72
Generation 3: Best = 301020.75, Worst = 382229.17, Avg = 355344.98, Time: 0.2073805332183838
LS: BlockExchange | Count: 0 | TotalTime:0.003s | Cost:301020.75
LS: PDPairExchange | Count: 0 | TotalTime:0.003s | Cost:317305.16
LS: PDPairExchange | Count: 0 | TotalTime:0.003s | Cost:317305.16
LS: PDPairExchange | Count: 0 | TotalTime:0.003s | Cost:317305.16
LS: PDPairExchange | Count: 0 | TotalTime:0.003s | Cost:317305.16
LS: PDPairExchange | Count: 0 | TotalTime:0.003s | Cost:317305.16
LS: PDPairExchange | Count: 0 | TotalTime:0.003s | Cost:317305.16
LS: PDPairExchange | Count: 0 | TotalTime:0.003s | Cost:317852.72
LS: BlockExchange | Count: 1 | TotalTime:0.001s | Cost:335727.30
LS: mPDG | Count: 1 | TotalTime:0.012s | Cost:335905.08
LS: BlockRelocate | Count: 1 | TotalTime:0.001s | Cost:342059.30
Generation 4: Best = 301020.75, Worst = 382229.17, Avg = 359629.17, Time: 0.2501091957092285
LS: BlockExchange | Count: 0 | TotalTime:0.003s | Cost:301020.75
LS: PDPairExchange | Count: 0 | TotalTime:0.003s | Cost:317305.16
LS: PDPairExchange | Count: 0 | TotalTime:0.003s | Cost:317305.16
LS: PDPairExchange | Count: 0 | TotalTime:0.002s | Cost:317305.16
LS: PDPairExchange | Count: 0 | TotalTime:0.003s | Cost:317305.16
LS: PDPairExchange | Count: 0 | TotalTime:0.003s | Cost:317305.16
LS: PDPairExchange | Count: 0 | TotalTime:0.003s | Cost:317305.16
LS: PDPairExchange | Count: 0 | TotalTime:0.003s | Cost:317852.72
LS: BlockExchange | Count: 1 | TotalTime:0.001s | Cost:378252.90
LS: BlockExchange | Count: 1 | TotalTime:0.001s | Cost:332592.63
LS: mPDG | Count: 1 | TotalTime:0.008s | Cost:335905.08
Generation 5: Best = 301020.75, Worst = 382229.17, Avg = 357775.24, Time: 0.19458937644958496
Stopping early due to lack of improvement.
Total runtime: 1.97s (0.0 minutes)
LS: mPDG:0(0.000s) | PDPairExchange:0(0.002s) | BlockExchange:0(0.003s) | BlockRelocate:0(0.017s) | TotalTime:0.021s | Cost:301020.75
LS: PDPairExchange:0(0.000s) | BlockExchange:2(0.007s) | BlockRelocate:0(0.017s) | mPDG:0(0.008s) | TotalTime:0.032s | Cost:309236.05
LS: PDPairExchange:0(0.000s) | BlockExchange:2(0.005s) | BlockRelocate:0(0.017s) | mPDG:0(0.007s) | TotalTime:0.030s | Cost:309236.05
LS: PDPairExchange:0(0.000s) | BlockExchange:2(0.007s) | BlockRelocate:0(0.017s) | mPDG:0(0.007s) | TotalTime:0.031s | Cost:309236.05
LS: PDPairExchange:2(0.002s) | BlockExchange:1(0.010s) | BlockRelocate:3(0.030s) | mPDG:0(0.006s) | TotalTime:0.048s | Cost:306765.81

The solution initialized by Cheapest Insertion:
V_1:[d1_1406120052-1 d1_1123490045-1 d1_1119300044-1 d1_1442430058-1 d3_1131130047-3 p3_1434540057-16 d3_1434540057-18] V_2:[d4_0958350034-4 p1_1353340051-1 p4_1416140054-1 d4_1416140054-4 d1_1353340051-1] V_3:[d1_1154340049-1 p1_1509410060-1 p1_1420180055-1 d1_1420180055-1 d1_1509410060-1] V_4:[p15_1434540057-1 d15_1434540057-15] V_5:[d1_1218120050-1 p1_1450260059-1 p1_1411060053-1 d1_1411060053-1 d1_1450260059-1 p1_1433060056-1 p2_1510490061-1 d2_1510490061-2 d1_1433060056-1]
The fitness value before EA: 301020.74666666664
V_1:[d1_1406120052-1 d1_1123490045-1 d1_1119300044-1 d1_1442430058-1 d3_1131130047-3 p3_1434540057-16 d3_1434540057-18] V_2:[d4_0958350034-4 p1_1353340051-1 p4_1416140054-1 d4_1416140054-4 d1_1353340051-1] V_3:[d1_1154340049-1 p1_1509410060-1 p1_1420180055-1 d1_1420180055-1 d1_1509410060-1] V_4:[p15_1434540057-1 d15_1434540057-15] V_5:[d1_1218120050-1 p1_1450260059-1 p1_1411060053-1 d1_1411060053-1 d1_1450260059-1 p1_1433060056-1 p2_1510490061-1 d2_1510490061-2 d1_1433060056-1]
The fitness value after EA: 301020.74666666664

Thoi gian thuc hien thuat toan:  4.201231002807617
SUCCESS

2025-10-04 08:46:18,338 [simulate_environment.py | 256] INFO: 2025-10-04 15:20:00, Item 1353340051-1: state = 1 < 2, we can not finish the simulation
2025-10-04 08:46:18,339 [simulate_environment.py | 99] INFO: **************************************************
2025-10-04 08:46:18,339 [simulate_environment.py | 103] INFO: cur time: 2025-10-04 15:30:00, pre time: 2025-10-04 15:20:00
2025-10-04 08:46:18,339 [simulate_environment.py | 140] INFO: Start to update the input of 2025-10-04 15:30:00
2025-10-04 08:46:18,340 [simulate_environment.py | 167] INFO: Get 30 unallocated order items, 13 ongoing order items, 177 completed order items
2025-10-04 08:46:21,061 [simulate_environment.py | 234] INFO: 
Adaptive config applied: {'num_orders': 9, 'num_vehicles': 5, 'time_budget_sec': None, 'POPULATION_SIZE': 40, 'NUMBER_OF_GENERATION': 20, 'MUTATION_RATE': 0.1, 'LS_MAX': 20, 'LS_MAX_TIME_PER_OP': 3, 'LS_MAX_TIME_IN_SINGLE': 1}
LS: PDPairExchange | Count: 0 | TotalTime:0.002s | Cost:301016.69
LS: BlockRelocate | Count: 0 | TotalTime:0.018s | Cost:335901.02
LS: BlockExchange | Count: 1 | TotalTime:0.002s | Cost:346626.94
LS: BlockRelocate | Count: 0 | TotalTime:0.017s | Cost:335901.02
LS: PDPairExchange | Count: 1 | TotalTime:0.001s | Cost:317301.10
LS: BlockRelocate | Count: 0 | TotalTime:0.018s | Cost:335901.02
LS: PDPairExchange | Count: 1 | TotalTime:0.000s | Cost:317301.10
LS: PDPairExchange | Count: 1 | TotalTime:0.002s | Cost:317301.10
LS: PDPairExchange | Count: 1 | TotalTime:0.001s | Cost:317301.10
LS: BlockRelocate | Count: 0 | TotalTime:0.018s | Cost:335901.02
LS: BlockExchange | Count: 1 | TotalTime:0.000s | Cost:335723.24
Generation 1: Best = 301016.69, Worst = 466495.48, Avg = 336697.48, Time: 0.21364760398864746
LS: BlockExchange | Count: 0 | TotalTime:0.003s | Cost:301016.69
LS: PDPairExchange | Count: 0 | TotalTime:0.003s | Cost:317301.10
LS: PDPairExchange | Count: 0 | TotalTime:0.003s | Cost:317301.10
LS: PDPairExchange | Count: 0 | TotalTime:0.003s | Cost:317301.10
LS: PDPairExchange | Count: 0 | TotalTime:0.003s | Cost:317301.10
LS: BlockExchange | Count: 0 | TotalTime:0.004s | Cost:335723.24
LS: BlockExchange | Count: 1 | TotalTime:0.002s | Cost:343541.07
LS: mPDG | Count: 1 | TotalTime:0.011s | Cost:328891.14
LS: mPDG | Count: 1 | TotalTime:0.010s | Cost:328891.14
LS: BlockRelocate | Count: 1 | TotalTime:0.014s | Cost:360781.67
LS: BlockRelocate | Count: 1 | TotalTime:0.013s | Cost:342055.24
Generation 2: Best = 301016.69, Worst = 382225.11, Avg = 354499.90, Time: 0.249680757522583
LS: BlockExchange | Count: 0 | TotalTime:0.003s | Cost:301016.69
LS: PDPairExchange | Count: 0 | TotalTime:0.003s | Cost:317301.10
LS: PDPairExchange | Count: 0 | TotalTime:0.003s | Cost:317301.10
LS: PDPairExchange | Count: 0 | TotalTime:0.003s | Cost:317301.10
LS: PDPairExchange | Count: 0 | TotalTime:0.003s | Cost:317301.10
LS: mPDG | Count: 1 | TotalTime:0.008s | Cost:328890.68
LS: mPDG | Count: 1 | TotalTime:0.008s | Cost:328890.68
LS: BlockExchange | Count: 0 | TotalTime:0.003s | Cost:335723.24
LS: mPDG | Count: 1 | TotalTime:0.009s | Cost:328891.14
LS: BlockRelocate | Count: 0 | TotalTime:0.019s | Cost:335901.02
LS: BlockExchange | Count: 1 | TotalTime:0.001s | Cost:329042.56
Generation 3: Best = 301016.69, Worst = 382225.11, Avg = 354794.54, Time: 0.25965142250061035
LS: mPDG | Count: 0 | TotalTime:0.007s | Cost:301016.69
LS: PDPairExchange | Count: 0 | TotalTime:0.002s | Cost:317301.10
LS: PDPairExchange | Count: 0 | TotalTime:0.002s | Cost:317301.10
LS: PDPairExchange | Count: 0 | TotalTime:0.002s | Cost:317301.10
LS: PDPairExchange | Count: 0 | TotalTime:0.002s | Cost:317301.10
LS: mPDG | Count: 0 | TotalTime:0.009s | Cost:328890.68
LS: mPDG | Count: 0 | TotalTime:0.008s | Cost:328890.68
LS: mPDG | Count: 1 | TotalTime:0.007s | Cost:328890.68
LS: PDPairExchange | Count: 1 | TotalTime:0.001s | Cost:317301.10
LS: PDPairExchange | Count: 1 | TotalTime:0.001s | Cost:353222.48
LS: BlockExchange | Count: 1 | TotalTime:0.000s | Cost:358201.84
Generation 4: Best = 301016.69, Worst = 382225.11, Avg = 355495.99, Time: 0.1949169635772705
LS: BlockExchange | Count: 0 | TotalTime:0.002s | Cost:301016.69
LS: PDPairExchange | Count: 0 | TotalTime:0.002s | Cost:317301.10
LS: PDPairExchange | Count: 0 | TotalTime:0.002s | Cost:317301.10
LS: PDPairExchange | Count: 0 | TotalTime:0.005s | Cost:317301.10
LS: PDPairExchange | Count: 0 | TotalTime:0.005s | Cost:317301.10
LS: PDPairExchange | Count: 0 | TotalTime:0.004s | Cost:317301.10
LS: mPDG | Count: 0 | TotalTime:0.008s | Cost:328890.68
LS: mPDG | Count: 0 | TotalTime:0.008s | Cost:328890.68
LS: BlockRelocate | Count: 0 | TotalTime:0.016s | Cost:335901.02
LS: BlockRelocate | Count: 1 | TotalTime:0.001s | Cost:360781.67
LS: BlockRelocate | Count: 1 | TotalTime:0.003s | Cost:360781.67
Generation 5: Best = 301016.69, Worst = 382225.11, Avg = 357532.96, Time: 0.21346116065979004
Stopping early due to lack of improvement.
Total runtime: 2.02s (0.0 minutes)
LS: BlockExchange:0(0.000s) | BlockRelocate:0(0.015s) | mPDG:0(0.007s) | PDPairExchange:0(0.002s) | TotalTime:0.024s | Cost:301016.69
LS: PDPairExchange:1(0.001s) | BlockExchange:2(0.009s) | BlockRelocate:1(0.031s) | mPDG:0(0.007s) | TotalTime:0.048s | Cost:309231.99
LS: PDPairExchange:0(0.000s) | BlockExchange:2(0.010s) | BlockRelocate:2(0.026s) | mPDG:0(0.006s) | TotalTime:0.043s | Cost:306761.75
LS: PDPairExchange:0(0.000s) | BlockExchange:1(0.005s) | BlockRelocate:1(0.027s) | mPDG:0(0.007s) | TotalTime:0.039s | Cost:309231.99
LS: PDPairExchange:1(0.002s) | BlockExchange:3(0.013s) | BlockRelocate:3(0.040s) | mPDG:0(0.006s) | TotalTime:0.061s | Cost:307764.87

The solution initialized by Cheapest Insertion:
V_1:[d1_1406120052-1 d1_1123490045-1 d1_1119300044-1 d1_1442430058-1 d3_1131130047-3 p3_1434540057-16 d3_1434540057-18] V_2:[d4_0958350034-4 p1_1353340051-1 p4_1416140054-1 d4_1416140054-4 d1_1353340051-1] V_3:[d1_1154340049-1 p1_1509410060-1 p1_1420180055-1 d1_1420180055-1 d1_1509410060-1] V_4:[p15_1434540057-1 d15_1434540057-15] V_5:[d1_1218120050-1 p1_1450260059-1 p1_1411060053-1 d1_1411060053-1 d1_1450260059-1 p1_1433060056-1 p2_1510490061-1 d2_1510490061-2 d1_1433060056-1]
The fitness value before EA: 301016.68666666665
V_1:[d1_1406120052-1 d1_1123490045-1 d1_1119300044-1 d1_1442430058-1 d3_1131130047-3 p3_1434540057-16 d3_1434540057-18] V_2:[d4_0958350034-4 p1_1353340051-1 p4_1416140054-1 d4_1416140054-4 d1_1353340051-1] V_3:[d1_1154340049-1 p1_1509410060-1 p1_1420180055-1 d1_1420180055-1 d1_1509410060-1] V_4:[p15_1434540057-1 d15_1434540057-15] V_5:[d1_1218120050-1 p1_1450260059-1 p1_1411060053-1 d1_1411060053-1 d1_1450260059-1 p1_1433060056-1 p2_1510490061-1 d2_1510490061-2 d1_1433060056-1]
The fitness value after EA: 301016.68666666665

Thoi gian thuc hien thuat toan:  2.298219680786133
SUCCESS

2025-10-04 08:46:21,063 [simulate_environment.py | 256] INFO: 2025-10-04 15:30:00, Item 1353340051-1: state = 1 < 2, we can not finish the simulation
2025-10-04 08:46:21,063 [simulate_environment.py | 99] INFO: **************************************************
2025-10-04 08:46:21,063 [simulate_environment.py | 103] INFO: cur time: 2025-10-04 15:40:00, pre time: 2025-10-04 15:30:00
2025-10-04 08:46:21,063 [simulate_environment.py | 140] INFO: Start to update the input of 2025-10-04 15:40:00
2025-10-04 08:46:21,064 [simulate_environment.py | 167] INFO: Get 30 unallocated order items, 6 ongoing order items, 184 completed order items
2025-10-04 08:46:23,323 [simulate_environment.py | 234] INFO: 
Adaptive config applied: {'num_orders': 8, 'num_vehicles': 5, 'time_budget_sec': None, 'POPULATION_SIZE': 40, 'NUMBER_OF_GENERATION': 20, 'MUTATION_RATE': 0.1, 'LS_MAX': 20, 'LS_MAX_TIME_PER_OP': 3, 'LS_MAX_TIME_IN_SINGLE': 1}
LS: BlockExchange | Count: 0 | TotalTime:0.002s | Cost:296038.73
LS: mPDG | Count: 1 | TotalTime:0.004s | Cost:394676.95
LS: mPDG | Count: 1 | TotalTime:0.005s | Cost:376986.88
LS: PDPairExchange | Count: 1 | TotalTime:0.000s | Cost:350156.54
LS: mPDG | Count: 1 | TotalTime:0.005s | Cost:376986.88
LS: BlockRelocate | Count: 1 | TotalTime:0.001s | Cost:402374.89
LS: PDPairExchange | Count: 1 | TotalTime:0.000s | Cost:350156.54
LS: mPDG | Count: 1 | TotalTime:0.005s | Cost:376986.88
LS: PDPairExchange | Count: 1 | TotalTime:0.000s | Cost:390303.16
LS: BlockExchange | Count: 1 | TotalTime:0.001s | Cost:382728.28
LS: mPDG | Count: 1 | TotalTime:0.005s | Cost:376986.88
Generation 1: Best = 296038.73, Worst = 409269.85, Avg = 398580.21, Time: 0.13453125953674316
LS: BlockExchange | Count: 0 | TotalTime:0.002s | Cost:296038.73
LS: PDPairExchange | Count: 1 | TotalTime:0.000s | Cost:341123.59
LS: PDPairExchange | Count: 1 | TotalTime:0.000s | Cost:340089.86
LS: mPDG | Count: 1 | TotalTime:0.004s | Cost:366266.93
LS: mPDG | Count: 1 | TotalTime:0.004s | Cost:366266.93
LS: mPDG | Count: 1 | TotalTime:0.004s | Cost:366266.93
LS: mPDG | Count: 1 | TotalTime:0.004s | Cost:366266.93
LS: BlockExchange | Count: 1 | TotalTime:0.000s | Cost:372736.58
LS: PDPairExchange | Count: 1 | TotalTime:0.000s | Cost:382116.51
LS: mPDG | Count: 0 | TotalTime:0.006s | Cost:402374.89
LS: mPDG | Count: 0 | TotalTime:0.006s | Cost:402374.89
Generation 2: Best = 296038.73, Worst = 442221.34, Avg = 404256.24, Time: 0.15376973152160645
LS: BlockRelocate | Count: 0 | TotalTime:0.010s | Cost:296038.73
LS: PDPairExchange | Count: 1 | TotalTime:0.001s | Cost:311309.85
LS: PDPairExchange | Count: 1 | TotalTime:0.000s | Cost:330502.91
LS: mPDG | Count: 1 | TotalTime:0.004s | Cost:363905.30
LS: mPDG | Count: 1 | TotalTime:0.004s | Cost:363905.30
LS: mPDG | Count: 1 | TotalTime:0.004s | Cost:363905.30
LS: mPDG | Count: 1 | TotalTime:0.004s | Cost:363905.30
LS: BlockExchange | Count: 0 | TotalTime:0.001s | Cost:372736.58
LS: mPDG | Count: 0 | TotalTime:0.006s | Cost:402374.89
LS: PDPairExchange | Count: 1 | TotalTime:0.001s | Cost:342261.58
LS: BlockExchange | Count: 0 | TotalTime:0.001s | Cost:402374.89
Generation 3: Best = 296038.73, Worst = 436068.52, Avg = 403879.27, Time: 0.17170977592468262
LS: mPDG | Count: 0 | TotalTime:0.005s | Cost:296038.73
LS: PDPairExchange | Count: 0 | TotalTime:0.002s | Cost:311309.85
LS: PDPairExchange | Count: 1 | TotalTime:0.000s | Cost:330441.80
LS: PDPairExchange | Count: 1 | TotalTime:0.000s | Cost:328103.20
LS: mPDG | Count: 1 | TotalTime:0.004s | Cost:356966.87
LS: mPDG | Count: 1 | TotalTime:0.004s | Cost:356966.87
LS: mPDG | Count: 1 | TotalTime:0.004s | Cost:356966.87
LS: mPDG | Count: 1 | TotalTime:0.004s | Cost:356966.87
LS: mPDG | Count: 0 | TotalTime:0.006s | Cost:402374.89
LS: PDPairExchange | Count: 1 | TotalTime:0.000s | Cost:382116.51
LS: PDPairExchange | Count: 1 | TotalTime:0.001s | Cost:382116.51
Generation 4: Best = 296038.73, Worst = 450392.43, Avg = 404838.02, Time: 0.1579127311706543
LS: mPDG | Count: 0 | TotalTime:0.005s | Cost:296038.73
LS: PDPairExchange | Count: 0 | TotalTime:0.002s | Cost:311309.85
LS: PDPairExchange | Count: 1 | TotalTime:0.001s | Cost:307282.76
LS: PDPairExchange | Count: 1 | TotalTime:0.001s | Cost:326522.33
LS: mPDG | Count: 1 | TotalTime:0.004s | Cost:313505.44
LS: mPDG | Count: 1 | TotalTime:0.004s | Cost:313505.44
LS: mPDG | Count: 1 | TotalTime:0.004s | Cost:313505.44
LS: mPDG | Count: 1 | TotalTime:0.004s | Cost:313505.44
LS: BlockExchange | Count: 1 | TotalTime:0.001s | Cost:453221.54
LS: BlockRelocate | Count: 1 | TotalTime:0.001s | Cost:333092.45
LS: mPDG | Count: 0 | TotalTime:0.006s | Cost:402374.89
Generation 5: Best = 296038.73, Worst = 453221.54, Avg = 400790.47, Time: 0.17359709739685059
Stopping early due to lack of improvement.
Total runtime: 1.66s (0.0 minutes)
LS: mPDG:0(0.000s) | PDPairExchange:0(0.002s) | BlockRelocate:0(0.010s) | BlockExchange:0(0.002s) | TotalTime:0.014s | Cost:296038.73
LS: PDPairExchange:0(0.000s) | BlockExchange:0(0.004s) | BlockRelocate:1(0.015s) | mPDG:0(0.005s) | TotalTime:0.024s | Cost:300962.23
LS: PDPairExchange:0(0.000s) | BlockExchange:0(0.007s) | BlockRelocate:3(0.031s) | mPDG:1(0.010s) | TotalTime:0.047s | Cost:303883.57
LS: mPDG:0(0.000s) | PDPairExchange:1(0.006s) | BlockExchange:0(0.004s) | BlockRelocate:2(0.015s) | TotalTime:0.025s | Cost:301295.56
LS: mPDG:0(0.000s) | PDPairExchange:1(0.007s) | BlockExchange:0(0.006s) | BlockRelocate:2(0.019s) | TotalTime:0.031s | Cost:301295.56

The solution initialized by Cheapest Insertion:
V_1:[p3_1434540057-16 d3_1434540057-18] V_2:[d4_0958350034-4 p1_1353340051-1 p4_1416140054-1 d4_1416140054-4 d1_1353340051-1] V_3:[d1_1154340049-1 p1_1509410060-1 p1_1420180055-1 d1_1420180055-1 d1_1509410060-1] V_4:[p15_1434540057-1 d15_1434540057-15] V_5:[d1_1218120050-1 p1_1450260059-1 p1_1411060053-1 d1_1411060053-1 d1_1450260059-1 p1_1433060056-1 p2_1510490061-1 d2_1510490061-2 d1_1433060056-1]
The fitness value before EA: 296038.7288888889
V_1:[p3_1434540057-16 d3_1434540057-18] V_2:[d4_0958350034-4 p1_1353340051-1 p4_1416140054-1 d4_1416140054-4 d1_1353340051-1] V_3:[d1_1154340049-1 p1_1509410060-1 p1_1420180055-1 d1_1420180055-1 d1_1509410060-1] V_4:[p15_1434540057-1 d15_1434540057-15] V_5:[d1_1218120050-1 p1_1450260059-1 p1_1411060053-1 d1_1411060053-1 d1_1450260059-1 p1_1433060056-1 p2_1510490061-1 d2_1510490061-2 d1_1433060056-1]
The fitness value after EA: 296038.7288888889

Thoi gian thuc hien thuat toan:  1.869385004043579
SUCCESS

2025-10-04 08:46:23,325 [simulate_environment.py | 256] INFO: 2025-10-04 15:40:00, Item 1353340051-1: state = 1 < 2, we can not finish the simulation
2025-10-04 08:46:23,325 [simulate_environment.py | 99] INFO: **************************************************
2025-10-04 08:46:23,325 [simulate_environment.py | 103] INFO: cur time: 2025-10-04 15:50:00, pre time: 2025-10-04 15:40:00
2025-10-04 08:46:23,325 [simulate_environment.py | 140] INFO: Start to update the input of 2025-10-04 15:50:00
2025-10-04 08:46:23,326 [simulate_environment.py | 167] INFO: Get 30 unallocated order items, 6 ongoing order items, 184 completed order items
2025-10-04 08:46:25,878 [simulate_environment.py | 234] INFO: 
Adaptive config applied: {'num_orders': 8, 'num_vehicles': 5, 'time_budget_sec': None, 'POPULATION_SIZE': 40, 'NUMBER_OF_GENERATION': 20, 'MUTATION_RATE': 0.1, 'LS_MAX': 20, 'LS_MAX_TIME_PER_OP': 3, 'LS_MAX_TIME_IN_SINGLE': 1}
LS: mPDG | Count: 0 | TotalTime:0.005s | Cost:296029.77
LS: BlockExchange | Count: 1 | TotalTime:0.001s | Cost:390294.20
LS: BlockExchange | Count: 0 | TotalTime:0.000s | Cost:409260.89
LS: BlockRelocate | Count: 1 | TotalTime:0.001s | Cost:402365.93
LS: mPDG | Count: 1 | TotalTime:0.005s | Cost:401032.59
LS: PDPairExchange | Count: 1 | TotalTime:0.001s | Cost:350147.58
LS: PDPairExchange | Count: 1 | TotalTime:0.000s | Cost:350147.58
LS: PDPairExchange | Count: 1 | TotalTime:0.000s | Cost:378127.94
LS: BlockExchange | Count: 1 | TotalTime:0.000s | Cost:452653.78
LS: PDPairExchange | Count: 1 | TotalTime:0.000s | Cost:378127.94
LS: BlockExchange | Count: 1 | TotalTime:0.000s | Cost:390294.20
Generation 1: Best = 296029.77, Worst = 686265.89, Avg = 408601.33, Time: 0.13356900215148926
LS: BlockExchange | Count: 0 | TotalTime:0.002s | Cost:296029.77
LS: PDPairExchange | Count: 1 | TotalTime:0.000s | Cost:340080.90
LS: PDPairExchange | Count: 1 | TotalTime:0.001s | Cost:341114.63
LS: PDPairExchange | Count: 1 | TotalTime:0.001s | Cost:341114.63
LS: PDPairExchange | Count: 1 | TotalTime:0.000s | Cost:341114.63
LS: BlockExchange | Count: 1 | TotalTime:0.000s | Cost:303639.40
LS: BlockExchange | Count: 1 | TotalTime:0.000s | Cost:389999.76
LS: mPDG | Count: 0 | TotalTime:0.005s | Cost:401032.59
LS: BlockExchange | Count: 0 | TotalTime:0.000s | Cost:402365.93
LS: BlockRelocate | Count: 1 | TotalTime:0.004s | Cost:334326.60
LS: BlockExchange | Count: 1 | TotalTime:0.000s | Cost:382107.55
Generation 2: Best = 296029.77, Worst = 442212.38, Avg = 403519.29, Time: 0.1503443717956543
LS: BlockRelocate | Count: 0 | TotalTime:0.010s | Cost:296029.77
LS: BlockExchange | Count: 1 | TotalTime:0.001s | Cost:303344.96
LS: BlockRelocate | Count: 1 | TotalTime:0.010s | Cost:325288.19
LS: PDPairExchange | Count: 1 | TotalTime:0.002s | Cost:311300.89
LS: PDPairExchange | Count: 1 | TotalTime:0.001s | Cost:330493.95
LS: PDPairExchange | Count: 1 | TotalTime:0.000s | Cost:339786.45
LS: PDPairExchange | Count: 1 | TotalTime:0.001s | Cost:316603.99
LS: BlockExchange | Count: 1 | TotalTime:0.002s | Cost:358965.98
LS: mPDG | Count: 0 | TotalTime:0.006s | Cost:402365.93
LS: mPDG | Count: 0 | TotalTime:0.006s | Cost:402365.93
LS: BlockExchange | Count: 1 | TotalTime:0.000s | Cost:404989.83
Generation 3: Best = 296029.77, Worst = 436059.56, Avg = 405083.23, Time: 0.16925692558288574
LS: BlockExchange | Count: 0 | TotalTime:0.002s | Cost:296029.77
LS: BlockExchange | Count: 0 | TotalTime:0.003s | Cost:303344.96
LS: PDPairExchange | Count: 0 | TotalTime:0.002s | Cost:311300.89
LS: PDPairExchange | Count: 1 | TotalTime:0.001s | Cost:311006.45
LS: BlockRelocate | Count: 0 | TotalTime:0.014s | Cost:325288.19
LS: PDPairExchange | Count: 1 | TotalTime:0.001s | Cost:320069.96
LS: PDPairExchange | Count: 1 | TotalTime:0.000s | Cost:339283.39
LS: BlockExchange | Count: 1 | TotalTime:0.002s | Cost:354931.95
LS: BlockRelocate | Count: 1 | TotalTime:0.003s | Cost:389650.16
LS: mPDG | Count: 0 | TotalTime:0.007s | Cost:402365.93
LS: PDPairExchange | Count: 1 | TotalTime:0.001s | Cost:342252.62
Generation 4: Best = 296029.77, Worst = 450383.47, Avg = 395961.84, Time: 0.2581748962402344
LS: PDPairExchange | Count: 0 | TotalTime:0.002s | Cost:296029.77
LS: BlockExchange | Count: 0 | TotalTime:0.002s | Cost:303344.96
LS: PDPairExchange | Count: 0 | TotalTime:0.002s | Cost:311006.45
LS: PDPairExchange | Count: 0 | TotalTime:0.002s | Cost:311300.89
LS: PDPairExchange | Count: 1 | TotalTime:0.001s | Cost:311241.82
LS: BlockRelocate | Count: 0 | TotalTime:0.012s | Cost:325288.19
LS: PDPairExchange | Count: 1 | TotalTime:0.000s | Cost:318462.94
LS: PDPairExchange | Count: 1 | TotalTime:0.002s | Cost:328094.24
LS: mPDG | Count: 0 | TotalTime:0.007s | Cost:402365.93
LS: BlockRelocate | Count: 1 | TotalTime:0.005s | Cost:380299.74
LS: PDPairExchange | Count: 1 | TotalTime:0.000s | Cost:342252.62
Generation 5: Best = 296029.77, Worst = 453702.74, Avg = 395277.43, Time: 0.18288946151733398
Stopping early due to lack of improvement.
Total runtime: 1.91s (0.0 minutes)
LS: PDPairExchange:0(0.000s) | BlockExchange:0(0.002s) | BlockRelocate:0(0.011s) | mPDG:0(0.005s) | TotalTime:0.018s | Cost:296029.77
LS: BlockExchange:0(0.000s) | PDPairExchange:0(0.004s) | BlockRelocate:1(0.013s) | mPDG:0(0.005s) | TotalTime:0.022s | Cost:301074.82
LS: PDPairExchange:0(0.000s) | BlockExchange:0(0.006s) | BlockRelocate:2(0.024s) | mPDG:0(0.006s) | TotalTime:0.036s | Cost:308138.72
LS: PDPairExchange:0(0.000s) | BlockExchange:0(0.012s) | BlockRelocate:3(0.038s) | mPDG:0(0.007s) | TotalTime:0.057s | Cost:300953.27
LS: PDPairExchange:0(0.000s) | BlockExchange:1(0.010s) | BlockRelocate:2(0.020s) | mPDG:0(0.007s) | TotalTime:0.036s | Cost:308138.72

The solution initialized by Cheapest Insertion:
V_1:[p3_1434540057-16 d3_1434540057-18] V_2:[d4_0958350034-4 p1_1353340051-1 p4_1416140054-1 d4_1416140054-4 d1_1353340051-1] V_3:[d1_1154340049-1 p1_1509410060-1 p1_1420180055-1 d1_1420180055-1 d1_1509410060-1] V_4:[p15_1434540057-1 d15_1434540057-15] V_5:[d1_1218120050-1 p1_1450260059-1 p1_1411060053-1 d1_1411060053-1 d1_1450260059-1 p1_1433060056-1 p2_1510490061-1 d2_1510490061-2 d1_1433060056-1]
The fitness value before EA: 296029.7688888889
V_1:[p3_1434540057-16 d3_1434540057-18] V_2:[d4_0958350034-4 p1_1353340051-1 p4_1416140054-1 d4_1416140054-4 d1_1353340051-1] V_3:[d1_1154340049-1 p1_1509410060-1 p1_1420180055-1 d1_1420180055-1 d1_1509410060-1] V_4:[p15_1434540057-1 d15_1434540057-15] V_5:[d1_1218120050-1 p1_1450260059-1 p1_1411060053-1 d1_1411060053-1 d1_1450260059-1 p1_1433060056-1 p2_1510490061-1 d2_1510490061-2 d1_1433060056-1]
The fitness value after EA: 296029.7688888889

Thoi gian thuc hien thuat toan:  2.1181607246398926
SUCCESS

2025-10-04 08:46:25,880 [simulate_environment.py | 256] INFO: 2025-10-04 15:50:00, Item 1353340051-1: state = 1 < 2, we can not finish the simulation
2025-10-04 08:46:25,881 [simulate_environment.py | 99] INFO: **************************************************
2025-10-04 08:46:25,881 [simulate_environment.py | 103] INFO: cur time: 2025-10-04 16:00:00, pre time: 2025-10-04 15:50:00
2025-10-04 08:46:25,881 [simulate_environment.py | 140] INFO: Start to update the input of 2025-10-04 16:00:00
2025-10-04 08:46:25,882 [simulate_environment.py | 167] INFO: Get 41 unallocated order items, 6 ongoing order items, 185 completed order items
2025-10-04 08:46:28,690 [simulate_environment.py | 234] INFO: 
Adaptive config applied: {'num_orders': 9, 'num_vehicles': 5, 'time_budget_sec': None, 'POPULATION_SIZE': 40, 'NUMBER_OF_GENERATION': 20, 'MUTATION_RATE': 0.1, 'LS_MAX': 20, 'LS_MAX_TIME_PER_OP': 3, 'LS_MAX_TIME_IN_SINGLE': 1}
LS: mPDG | Count: 1 | TotalTime:0.008s | Cost:312961.41
LS: PDPairExchange | Count: 1 | TotalTime:0.000s | Cost:524220.79
LS: PDPairExchange | Count: 1 | TotalTime:0.000s | Cost:484162.84
LS: BlockExchange | Count: 1 | TotalTime:0.001s | Cost:519918.36
LS: mPDG | Count: 1 | TotalTime:0.007s | Cost:549342.41
LS: BlockExchange | Count: 1 | TotalTime:0.001s | Cost:658709.12
LS: PDPairExchange | Count: 1 | TotalTime:0.000s | Cost:492017.70
LS: PDPairExchange | Count: 1 | TotalTime:0.001s | Cost:492017.70
LS: PDPairExchange | Count: 1 | TotalTime:0.000s | Cost:484162.84
LS: BlockRelocate | Count: 1 | TotalTime:0.001s | Cost:494015.72
LS: BlockExchange | Count: 1 | TotalTime:0.000s | Cost:545823.05
Generation 1: Best = 312961.41, Worst = 1152038.99, Avg = 557641.16, Time: 0.16524004936218262
LS: mPDG | Count: 0 | TotalTime:0.008s | Cost:312961.41
LS: PDPairExchange | Count: 1 | TotalTime:0.001s | Cost:473589.99
LS: PDPairExchange | Count: 1 | TotalTime:0.001s | Cost:452285.61
LS: PDPairExchange | Count: 1 | TotalTime:0.001s | Cost:475980.96
LS: PDPairExchange | Count: 1 | TotalTime:0.001s | Cost:427438.08
LS: BlockRelocate | Count: 1 | TotalTime:0.001s | Cost:493983.30
LS: BlockExchange | Count: 1 | TotalTime:0.001s | Cost:460899.47
LS: PDPairExchange | Count: 1 | TotalTime:0.001s | Cost:402859.92
LS: BlockExchange | Count: 1 | TotalTime:0.001s | Cost:451201.25
LS: mPDG | Count: 1 | TotalTime:0.008s | Cost:549342.41
LS: PDPairExchange | Count: 1 | TotalTime:0.000s | Cost:541254.34
Generation 2: Best = 312961.41, Worst = 766652.91, Avg = 536517.69, Time: 0.18189191818237305
LS: mPDG | Count: 0 | TotalTime:0.008s | Cost:312961.41
LS: PDPairExchange | Count: 1 | TotalTime:0.001s | Cost:396334.52
LS: PDPairExchange | Count: 1 | TotalTime:0.000s | Cost:420465.68
LS: BlockExchange | Count: 1 | TotalTime:0.002s | Cost:416234.32
LS: PDPairExchange | Count: 1 | TotalTime:0.000s | Cost:443763.47
LS: BlockExchange | Count: 1 | TotalTime:0.001s | Cost:464844.13
LS: PDPairExchange | Count: 1 | TotalTime:0.000s | Cost:472384.82
LS: PDPairExchange | Count: 1 | TotalTime:0.001s | Cost:412201.34
LS: BlockExchange | Count: 0 | TotalTime:0.000s | Cost:557009.12
LS: BlockRelocate | Count: 1 | TotalTime:0.001s | Cost:531599.10
LS: mPDG | Count: 1 | TotalTime:0.009s | Cost:549342.41
Generation 3: Best = 312961.41, Worst = 766652.91, Avg = 553096.70, Time: 0.18903231620788574
LS: mPDG | Count: 0 | TotalTime:0.008s | Cost:312961.41
LS: PDPairExchange | Count: 1 | TotalTime:0.003s | Cost:375814.13
LS: PDPairExchange | Count: 1 | TotalTime:0.001s | Cost:391780.96
LS: BlockExchange | Count: 1 | TotalTime:0.002s | Cost:414147.35
LS: PDPairExchange | Count: 1 | TotalTime:0.001s | Cost:414132.54
LS: PDPairExchange | Count: 1 | TotalTime:0.000s | Cost:443630.06
LS: BlockExchange | Count: 1 | TotalTime:0.000s | Cost:396507.22
LS: PDPairExchange | Count: 1 | TotalTime:0.000s | Cost:410996.17
LS: mPDG | Count: 1 | TotalTime:0.008s | Cost:549342.41
LS: mPDG | Count: 1 | TotalTime:0.008s | Cost:549342.41
LS: BlockRelocate | Count: 1 | TotalTime:0.001s | Cost:548381.36
Generation 4: Best = 312961.41, Worst = 766652.91, Avg = 559807.80, Time: 0.20627689361572266
LS: mPDG | Count: 0 | TotalTime:0.007s | Cost:312961.41
LS: PDPairExchange | Count: 0 | TotalTime:0.003s | Cost:375814.13
LS: PDPairExchange | Count: 1 | TotalTime:0.002s | Cost:382929.96
LS: BlockExchange | Count: 1 | TotalTime:0.003s | Cost:357034.63
LS: PDPairExchange | Count: 1 | TotalTime:0.000s | Cost:407263.26
LS: PDPairExchange | Count: 1 | TotalTime:0.002s | Cost:410879.42
LS: BlockExchange | Count: 0 | TotalTime:0.003s | Cost:414147.35
LS: PDPairExchange | Count: 1 | TotalTime:0.002s | Cost:376247.72
LS: PDPairExchange | Count: 1 | TotalTime:0.000s | Cost:541254.34
LS: BlockRelocate | Count: 1 | TotalTime:0.001s | Cost:514942.53
LS: BlockExchange | Count: 1 | TotalTime:0.000s | Cost:451201.25
Generation 5: Best = 312961.41, Worst = 766652.91, Avg = 538404.31, Time: 0.19782567024230957
Stopping early due to lack of improvement.
Total runtime: 1.94s (0.0 minutes)
LS: mPDG:1(0.006s) | PDPairExchange:1(0.005s) | BlockExchange:0(0.003s) | BlockRelocate:0(0.015s) | TotalTime:0.028s | Cost:309994.84
LS: BlockExchange:2(0.006s) | PDPairExchange:0(0.017s) | BlockRelocate:6(0.050s) | mPDG:0(0.007s) | TotalTime:0.080s | Cost:327665.15
LS: PDPairExchange:1(0.001s) | BlockExchange:1(0.014s) | BlockRelocate:4(0.035s) | mPDG:0(0.007s) | TotalTime:0.057s | Cost:328259.43
LS: PDPairExchange:2(0.002s) | BlockExchange:1(0.018s) | BlockRelocate:4(0.050s) | mPDG:0(0.007s) | TotalTime:0.078s | Cost:328259.43
LS: PDPairExchange:2(0.003s) | BlockExchange:3(0.014s) | BlockRelocate:2(0.040s) | mPDG:0(0.008s) | TotalTime:0.066s | Cost:325728.51

The solution initialized by Cheapest Insertion:
V_1:[p3_1434540057-16 d3_1434540057-18] V_2:[d4_0958350034-4 p1_1353340051-1 p4_1416140054-1 d4_1416140054-4 d1_1353340051-1 p1_1553070063-1 d1_1553070063-1] V_3:[d1_1154340049-1 p1_1509410060-1 p1_1420180055-1 d1_1420180055-1 d1_1509410060-1] V_4:[p15_1434540057-1 d15_1434540057-15] V_5:[p1_1411060053-1 d1_1411060053-1 d1_1450260059-1 p1_1433060056-1 p10_1550060062-1 p2_1510490061-1 d2_1510490061-2 p1_1553320064-1 d1_1553320064-1 d10_1550060062-10 d1_1433060056-1]
The fitness value before EA: 319657.9066666666
V_1:[p3_1434540057-16 d3_1434540057-18] V_2:[d4_0958350034-4 p1_1353340051-1 p4_1416140054-1 d4_1416140054-4 d1_1353340051-1 p1_1433060056-1 d1_1433060056-1] V_3:[d1_1154340049-1 p1_1553070063-1 p1_1509410060-1 p1_1420180055-1 d1_1420180055-1 d1_1509410060-1 d1_1553070063-1] V_4:[p15_1434540057-1 d15_1434540057-15] V_5:[p1_1411060053-1 d1_1411060053-1 d1_1450260059-1 p10_1550060062-1 p2_1510490061-1 d2_1510490061-2 p1_1553320064-1 d1_1553320064-1 d10_1550060062-10]
The fitness value after EA: 309994.84

Thoi gian thuc hien thuat toan:  2.3398020267486572
SUCCESS

2025-10-04 08:46:28,692 [simulate_environment.py | 256] INFO: 2025-10-04 16:00:00, Item 1353340051-1: state = 1 < 2, we can not finish the simulation
2025-10-04 08:46:28,692 [simulate_environment.py | 99] INFO: **************************************************
2025-10-04 08:46:28,692 [simulate_environment.py | 103] INFO: cur time: 2025-10-04 16:10:00, pre time: 2025-10-04 16:00:00
2025-10-04 08:46:28,692 [simulate_environment.py | 140] INFO: Start to update the input of 2025-10-04 16:10:00
2025-10-04 08:46:28,693 [simulate_environment.py | 167] INFO: Get 21 unallocated order items, 22 ongoing order items, 189 completed order items
2025-10-04 08:46:30,844 [simulate_environment.py | 234] INFO: 
Adaptive config applied: {'num_orders': 7, 'num_vehicles': 5, 'time_budget_sec': None, 'POPULATION_SIZE': 40, 'NUMBER_OF_GENERATION': 20, 'MUTATION_RATE': 0.1, 'LS_MAX': 20, 'LS_MAX_TIME_PER_OP': 3, 'LS_MAX_TIME_IN_SINGLE': 1}
LS: BlockRelocate | Count: 0 | TotalTime:0.008s | Cost:224117.06
LS: mPDG | Count: 1 | TotalTime:0.003s | Cost:298442.03
LS: PDPairExchange | Count: 1 | TotalTime:0.000s | Cost:345326.40
LS: BlockRelocate | Count: 1 | TotalTime:0.001s | Cost:280959.71
LS: BlockRelocate | Count: 1 | TotalTime:0.000s | Cost:400462.75
LS: PDPairExchange | Count: 1 | TotalTime:0.000s | Cost:274768.31
LS: mPDG | Count: 1 | TotalTime:0.004s | Cost:368470.72
LS: PDPairExchange | Count: 1 | TotalTime:0.000s | Cost:321604.52
LS: mPDG | Count: 1 | TotalTime:0.004s | Cost:368470.72
LS: BlockExchange | Count: 1 | TotalTime:0.000s | Cost:350496.24
LS: BlockExchange | Count: 1 | TotalTime:0.000s | Cost:377957.99
Generation 1: Best = 224117.06, Worst = 428426.40, Avg = 400886.05, Time: 0.10856795310974121
LS: BlockExchange | Count: 0 | TotalTime:0.001s | Cost:224117.06
LS: PDPairExchange | Count: 1 | TotalTime:0.001s | Cost:265534.97
LS: BlockRelocate | Count: 1 | TotalTime:0.001s | Cost:276093.04
LS: mPDG | Count: 1 | TotalTime:0.003s | Cost:279235.29
LS: PDPairExchange | Count: 0 | TotalTime:0.001s | Cost:321604.52
LS: PDPairExchange | Count: 1 | TotalTime:0.000s | Cost:321604.52
LS: BlockExchange | Count: 1 | TotalTime:0.001s | Cost:349260.38
LS: mPDG | Count: 0 | TotalTime:0.003s | Cost:368470.72
LS: BlockRelocate | Count: 1 | TotalTime:0.001s | Cost:335396.24
LS: PDPairExchange | Count: 1 | TotalTime:0.000s | Cost:274768.31
LS: PDPairExchange | Count: 1 | TotalTime:0.000s | Cost:321604.52
Generation 2: Best = 224117.06, Worst = 433845.58, Avg = 395812.61, Time: 0.12314772605895996
LS: mPDG | Count: 0 | TotalTime:0.003s | Cost:224117.06
LS: PDPairExchange | Count: 0 | TotalTime:0.001s | Cost:265534.97
LS: PDPairExchange | Count: 1 | TotalTime:0.000s | Cost:265534.97
LS: BlockRelocate | Count: 1 | TotalTime:0.005s | Cost:268734.67
LS: mPDG | Count: 0 | TotalTime:0.004s | Cost:279235.29
LS: PDPairExchange | Count: 0 | TotalTime:0.001s | Cost:321604.52
LS: PDPairExchange | Count: 0 | TotalTime:0.001s | Cost:321604.52
LS: PDPairExchange | Count: 0 | TotalTime:0.001s | Cost:321604.52
LS: PDPairExchange | Count: 1 | TotalTime:0.000s | Cost:274768.31
LS: BlockExchange | Count: 1 | TotalTime:0.000s | Cost:274768.31
LS: BlockExchange | Count: 1 | TotalTime:0.000s | Cost:366332.44
Generation 3: Best = 224117.06, Worst = 433845.58, Avg = 391153.48, Time: 0.11983633041381836
LS: BlockExchange | Count: 0 | TotalTime:0.001s | Cost:224117.06
LS: PDPairExchange | Count: 0 | TotalTime:0.002s | Cost:265534.97
LS: PDPairExchange | Count: 0 | TotalTime:0.002s | Cost:265534.97
LS: BlockRelocate | Count: 1 | TotalTime:0.014s | Cost:261517.30
LS: PDPairExchange | Count: 1 | TotalTime:0.001s | Cost:265534.97
LS: BlockExchange | Count: 1 | TotalTime:0.001s | Cost:265534.97
LS: mPDG | Count: 0 | TotalTime:0.005s | Cost:279235.29
LS: PDPairExchange | Count: 0 | TotalTime:0.002s | Cost:321604.52
LS: PDPairExchange | Count: 1 | TotalTime:0.000s | Cost:274768.31
LS: BlockRelocate | Count: 1 | TotalTime:0.005s | Cost:280959.71
LS: BlockRelocate | Count: 1 | TotalTime:0.001s | Cost:400462.75
Generation 4: Best = 224117.06, Worst = 433845.58, Avg = 389177.62, Time: 0.16195034980773926
LS: PDPairExchange | Count: 0 | TotalTime:0.001s | Cost:224117.06
LS: PDPairExchange | Count: 0 | TotalTime:0.001s | Cost:256937.39
LS: mPDG | Count: 1 | TotalTime:0.005s | Cost:233869.80
LS: BlockRelocate | Count: 1 | TotalTime:0.002s | Cost:253003.13
LS: BlockRelocate | Count: 1 | TotalTime:0.004s | Cost:233869.80
LS: mPDG | Count: 1 | TotalTime:0.004s | Cost:233869.80
LS: PDPairExchange | Count: 0 | TotalTime:0.001s | Cost:256937.39
LS: PDPairExchange | Count: 0 | TotalTime:0.001s | Cost:256937.39
LS: BlockExchange | Count: 0 | TotalTime:0.001s | Cost:256937.39
LS: BlockExchange | Count: 0 | TotalTime:0.001s | Cost:256937.39
LS: mPDG | Count: 1 | TotalTime:0.005s | Cost:233869.80
Generation 5: Best = 224117.06, Worst = 433845.58, Avg = 341569.23, Time: 0.15724730491638184
Stopping early due to lack of improvement.
Total runtime: 1.56s (0.0 minutes)
LS: PDPairExchange:0(0.000s) | BlockExchange:0(0.001s) | BlockRelocate:0(0.009s) | mPDG:0(0.003s) | TotalTime:0.014s | Cost:224117.06
LS: mPDG:0(0.000s) | PDPairExchange:0(0.005s) | BlockExchange:0(0.006s) | BlockRelocate:3(0.020s) | TotalTime:0.031s | Cost:224117.06
LS: BlockRelocate:3(0.012s) | PDPairExchange:0(0.001s) | BlockExchange:0(0.001s) | mPDG:0(0.004s) | TotalTime:0.018s | Cost:224117.06
LS: mPDG:0(0.000s) | PDPairExchange:0(0.005s) | BlockExchange:0(0.005s) | BlockRelocate:3(0.024s) | TotalTime:0.034s | Cost:224117.06
LS: mPDG:0(0.000s) | PDPairExchange:0(0.004s) | BlockExchange:1(0.003s) | BlockRelocate:1(0.010s) | TotalTime:0.017s | Cost:224117.06

The solution initialized by Cheapest Insertion:
V_1:[p3_1434540057-16 d3_1434540057-18] V_2:[d4_1416140054-4 d1_1353340051-1 p1_1433060056-1 d1_1433060056-1] V_3:[d1_1154340049-1 p1_1553070063-1 p1_1509410060-1 p1_1420180055-1 d1_1420180055-1 d1_1509410060-1 d1_1553070063-1] V_4:[d15_1434540057-15] V_5:[p1_1411060053-1 d1_1411060053-1 d1_1450260059-1 p10_1550060062-1 p2_1510490061-1 d2_1510490061-2 p1_1553320064-1 d1_1553320064-1 d10_1550060062-10]
The fitness value before EA: 224117.06222222222
V_1:[p3_1434540057-16 d3_1434540057-18] V_2:[d4_1416140054-4 d1_1353340051-1 p1_1433060056-1 d1_1433060056-1] V_3:[d1_1154340049-1 p1_1553070063-1 p1_1509410060-1 p1_1420180055-1 d1_1420180055-1 d1_1509410060-1 d1_1553070063-1] V_4:[d15_1434540057-15] V_5:[p1_1411060053-1 d1_1411060053-1 d1_1450260059-1 p10_1550060062-1 p2_1510490061-1 d2_1510490061-2 p1_1553320064-1 d1_1553320064-1 d10_1550060062-10]
The fitness value after EA: 224117.06222222222

Thoi gian thuc hien thuat toan:  1.7366735935211182
SUCCESS

2025-10-04 08:46:30,846 [simulate_environment.py | 256] INFO: 2025-10-04 16:10:00, Item 1411060053-1: state = 1 < 2, we can not finish the simulation
2025-10-04 08:46:30,847 [simulate_environment.py | 99] INFO: **************************************************
2025-10-04 08:46:30,847 [simulate_environment.py | 103] INFO: cur time: 2025-10-04 16:20:00, pre time: 2025-10-04 16:10:00
2025-10-04 08:46:30,847 [simulate_environment.py | 140] INFO: Start to update the input of 2025-10-04 16:20:00
2025-10-04 08:46:30,847 [simulate_environment.py | 167] INFO: Get 21 unallocated order items, 22 ongoing order items, 189 completed order items
2025-10-04 08:46:32,692 [simulate_environment.py | 234] INFO: 
Adaptive config applied: {'num_orders': 7, 'num_vehicles': 5, 'time_budget_sec': None, 'POPULATION_SIZE': 40, 'NUMBER_OF_GENERATION': 20, 'MUTATION_RATE': 0.1, 'LS_MAX': 20, 'LS_MAX_TIME_PER_OP': 3, 'LS_MAX_TIME_IN_SINGLE': 1}
LS: mPDG | Count: 0 | TotalTime:0.003s | Cost:224112.14
LS: BlockExchange | Count: 1 | TotalTime:0.000s | Cost:345321.48
LS: PDPairExchange | Count: 1 | TotalTime:0.000s | Cost:321599.60
LS: mPDG | Count: 1 | TotalTime:0.004s | Cost:368465.80
LS: BlockRelocate | Count: 1 | TotalTime:0.001s | Cost:323554.89
LS: mPDG | Count: 1 | TotalTime:0.004s | Cost:368465.80
LS: PDPairExchange | Count: 1 | TotalTime:0.000s | Cost:274763.39
LS: mPDG | Count: 1 | TotalTime:0.004s | Cost:368465.80
LS: PDPairExchange | Count: 1 | TotalTime:0.000s | Cost:321599.60
LS: mPDG | Count: 1 | TotalTime:0.004s | Cost:368465.80
LS: PDPairExchange | Count: 1 | TotalTime:0.000s | Cost:274763.39
Generation 1: Best = 224112.14, Worst = 448481.74, Avg = 400096.52, Time: 0.10070657730102539
LS: BlockRelocate | Count: 0 | TotalTime:0.008s | Cost:224112.14
LS: PDPairExchange | Count: 1 | TotalTime:0.000s | Cost:265530.05
LS: PDPairExchange | Count: 1 | TotalTime:0.001s | Cost:265530.05
LS: PDPairExchange | Count: 0 | TotalTime:0.001s | Cost:321599.60
LS: PDPairExchange | Count: 0 | TotalTime:0.001s | Cost:321599.60
LS: BlockRelocate | Count: 1 | TotalTime:0.002s | Cost:318727.78
LS: BlockExchange | Count: 1 | TotalTime:0.001s | Cost:303625.00
LS: mPDG | Count: 0 | TotalTime:0.003s | Cost:368465.80
LS: BlockRelocate | Count: 1 | TotalTime:0.000s | Cost:323554.89
LS: BlockRelocate | Count: 1 | TotalTime:0.001s | Cost:271112.90
LS: PDPairExchange | Count: 1 | TotalTime:0.001s | Cost:345321.48
Generation 2: Best = 224112.14, Worst = 433840.66, Avg = 394512.45, Time: 0.11313486099243164
LS: BlockExchange | Count: 0 | TotalTime:0.001s | Cost:224112.14
LS: BlockRelocate | Count: 1 | TotalTime:0.007s | Cost:224112.14
LS: BlockRelocate | Count: 1 | TotalTime:0.008s | Cost:243245.48
LS: BlockRelocate | Count: 1 | TotalTime:0.002s | Cost:224112.14
LS: BlockRelocate | Count: 1 | TotalTime:0.008s | Cost:224112.14
LS: BlockExchange | Count: 0 | TotalTime:0.001s | Cost:247179.73
LS: mPDG | Count: 0 | TotalTime:0.004s | Cost:247179.73
LS: PDPairExchange | Count: 0 | TotalTime:0.001s | Cost:265530.05
LS: PDPairExchange | Count: 0 | TotalTime:0.001s | Cost:265530.05
LS: BlockRelocate | Count: 1 | TotalTime:0.001s | Cost:267976.25
LS: BlockExchange | Count: 1 | TotalTime:0.001s | Cost:283772.38
Generation 3: Best = 224112.14, Worst = 433840.66, Avg = 370850.13, Time: 0.13636374473571777
LS: PDPairExchange | Count: 0 | TotalTime:0.001s | Cost:224112.14
LS: BlockRelocate | Count: 0 | TotalTime:0.007s | Cost:224112.14
LS: BlockRelocate | Count: 0 | TotalTime:0.008s | Cost:224112.14
LS: BlockRelocate | Count: 0 | TotalTime:0.008s | Cost:224112.14
LS: BlockRelocate | Count: 1 | TotalTime:0.003s | Cost:224112.14
LS: PDPairExchange | Count: 0 | TotalTime:0.001s | Cost:247179.73
LS: BlockRelocate | Count: 1 | TotalTime:0.005s | Cost:224112.14
LS: BlockExchange | Count: 0 | TotalTime:0.001s | Cost:247179.73
LS: BlockRelocate | Count: 1 | TotalTime:0.005s | Cost:224112.14
LS: BlockExchange | Count: 0 | TotalTime:0.001s | Cost:247179.73
LS: mPDG | Count: 0 | TotalTime:0.004s | Cost:247179.73
Generation 4: Best = 224112.14, Worst = 428421.48, Avg = 325160.45, Time: 0.13962340354919434
LS: mPDG | Count: 0 | TotalTime:0.003s | Cost:224112.14
LS: BlockRelocate | Count: 0 | TotalTime:0.008s | Cost:224112.14
LS: BlockRelocate | Count: 0 | TotalTime:0.008s | Cost:224112.14
LS: BlockRelocate | Count: 0 | TotalTime:0.008s | Cost:224112.14
LS: BlockRelocate | Count: 0 | TotalTime:0.008s | Cost:224112.14
LS: BlockRelocate | Count: 0 | TotalTime:0.008s | Cost:224112.14
LS: BlockRelocate | Count: 0 | TotalTime:0.008s | Cost:224112.14
LS: BlockRelocate | Count: 1 | TotalTime:0.002s | Cost:243245.48
LS: PDPairExchange | Count: 0 | TotalTime:0.001s | Cost:247179.73
LS: BlockExchange | Count: 0 | TotalTime:0.001s | Cost:247179.73
LS: mPDG | Count: 0 | TotalTime:0.004s | Cost:247179.73
Generation 5: Best = 224112.14, Worst = 428421.48, Avg = 333665.42, Time: 0.14637160301208496
Stopping early due to lack of improvement.
Total runtime: 1.41s (0.0 minutes)
LS: BlockRelocate:0(0.000s) | BlockExchange:0(0.001s) | mPDG:0(0.003s) | PDPairExchange:0(0.001s) | TotalTime:0.005s | Cost:224112.14
LS: BlockRelocate:0(0.000s) | PDPairExchange:0(0.001s) | BlockExchange:0(0.001s) | mPDG:0(0.003s) | TotalTime:0.005s | Cost:224112.14
LS: BlockRelocate:0(0.000s) | PDPairExchange:0(0.001s) | BlockExchange:0(0.001s) | mPDG:0(0.003s) | TotalTime:0.005s | Cost:224112.14
LS: BlockRelocate:0(0.000s) | PDPairExchange:0(0.001s) | BlockExchange:0(0.001s) | mPDG:0(0.003s) | TotalTime:0.005s | Cost:224112.14
LS: BlockRelocate:0(0.000s) | PDPairExchange:0(0.001s) | BlockExchange:0(0.001s) | mPDG:0(0.003s) | TotalTime:0.005s | Cost:224112.14

The solution initialized by Cheapest Insertion:
V_1:[p3_1434540057-16 d3_1434540057-18] V_2:[d4_1416140054-4 d1_1353340051-1 p1_1433060056-1 d1_1433060056-1] V_3:[d1_1154340049-1 p1_1553070063-1 p1_1509410060-1 p1_1420180055-1 d1_1420180055-1 d1_1509410060-1 d1_1553070063-1] V_4:[d15_1434540057-15] V_5:[p1_1411060053-1 d1_1411060053-1 d1_1450260059-1 p10_1550060062-1 p2_1510490061-1 d2_1510490061-2 p1_1553320064-1 d1_1553320064-1 d10_1550060062-10]
The fitness value before EA: 224112.14222222223
V_1:[p3_1434540057-16 d3_1434540057-18] V_2:[d4_1416140054-4 d1_1353340051-1 p1_1433060056-1 d1_1433060056-1] V_3:[d1_1154340049-1 p1_1553070063-1 p1_1509410060-1 p1_1420180055-1 d1_1420180055-1 d1_1509410060-1 d1_1553070063-1] V_4:[d15_1434540057-15] V_5:[p1_1411060053-1 d1_1411060053-1 d1_1450260059-1 p10_1550060062-1 p2_1510490061-1 d2_1510490061-2 p1_1553320064-1 d1_1553320064-1 d10_1550060062-10]
The fitness value after EA: 224112.14222222223

Thoi gian thuc hien thuat toan:  1.4846718311309814
SUCCESS

2025-10-04 08:46:32,694 [simulate_environment.py | 256] INFO: 2025-10-04 16:20:00, Item 1411060053-1: state = 1 < 2, we can not finish the simulation
2025-10-04 08:46:32,694 [simulate_environment.py | 99] INFO: **************************************************
2025-10-04 08:46:32,694 [simulate_environment.py | 103] INFO: cur time: 2025-10-04 16:30:00, pre time: 2025-10-04 16:20:00
2025-10-04 08:46:32,694 [simulate_environment.py | 140] INFO: Start to update the input of 2025-10-04 16:30:00
2025-10-04 08:46:32,696 [simulate_environment.py | 167] INFO: Get 21 unallocated order items, 23 ongoing order items, 189 completed order items
2025-10-04 08:46:34,571 [simulate_environment.py | 234] INFO: 
Adaptive config applied: {'num_orders': 8, 'num_vehicles': 5, 'time_budget_sec': None, 'POPULATION_SIZE': 40, 'NUMBER_OF_GENERATION': 20, 'MUTATION_RATE': 0.1, 'LS_MAX': 20, 'LS_MAX_TIME_PER_OP': 3, 'LS_MAX_TIME_IN_SINGLE': 1}
LS: PDPairExchange | Count: 0 | TotalTime:0.001s | Cost:227403.83
LS: BlockRelocate | Count: 1 | TotalTime:0.001s | Cost:369640.58
LS: BlockRelocate | Count: 1 | TotalTime:0.001s | Cost:332691.34
LS: BlockExchange | Count: 1 | TotalTime:0.000s | Cost:326966.10
LS: mPDG | Count: 1 | TotalTime:0.004s | Cost:449599.32
LS: BlockRelocate | Count: 1 | TotalTime:0.003s | Cost:283746.42
LS: BlockExchange | Count: 1 | TotalTime:0.000s | Cost:287396.90
LS: PDPairExchange | Count: 1 | TotalTime:0.000s | Cost:444158.29
LS: PDPairExchange | Count: 1 | TotalTime:0.000s | Cost:376960.85
LS: BlockRelocate | Count: 1 | TotalTime:0.003s | Cost:356027.37
LS: BlockExchange | Count: 1 | TotalTime:0.000s | Cost:376960.85
Generation 1: Best = 227403.83, Worst = 454654.99, Avg = 425413.66, Time: 0.1077566146850586
LS: mPDG | Count: 0 | TotalTime:0.004s | Cost:227403.83
LS: BlockExchange | Count: 0 | TotalTime:0.002s | Cost:256413.08
LS: BlockExchange | Count: 1 | TotalTime:0.002s | Cost:250471.42
LS: mPDG | Count: 0 | TotalTime:0.005s | Cost:256413.08
LS: BlockRelocate | Count: 1 | TotalTime:0.001s | Cost:233345.50
LS: BlockExchange | Count: 0 | TotalTime:0.002s | Cost:256413.08
LS: BlockRelocate | Count: 1 | TotalTime:0.003s | Cost:255671.44
LS: PDPairExchange | Count: 1 | TotalTime:0.000s | Cost:250471.42
LS: mPDG | Count: 0 | TotalTime:0.005s | Cost:256413.08
LS: PDPairExchange | Count: 1 | TotalTime:0.001s | Cost:250471.42
LS: BlockExchange | Count: 0 | TotalTime:0.001s | Cost:265732.27
Generation 2: Best = 227403.83, Worst = 506738.85, Avg = 379144.53, Time: 0.12398266792297363
LS: mPDG | Count: 0 | TotalTime:0.004s | Cost:227403.83
LS: BlockRelocate | Count: 0 | TotalTime:0.010s | Cost:233345.50
LS: BlockExchange | Count: 0 | TotalTime:0.002s | Cost:250471.42
LS: PDPairExchange | Count: 0 | TotalTime:0.001s | Cost:250471.42
LS: PDPairExchange | Count: 0 | TotalTime:0.001s | Cost:250471.42
LS: BlockRelocate | Count: 1 | TotalTime:0.008s | Cost:252604.67
LS: PDPairExchange | Count: 1 | TotalTime:0.001s | Cost:250471.42
LS: PDPairExchange | Count: 1 | TotalTime:0.001s | Cost:250471.42
LS: mPDG | Count: 0 | TotalTime:0.005s | Cost:256413.08
LS: PDPairExchange | Count: 1 | TotalTime:0.002s | Cost:250471.42
LS: BlockRelocate | Count: 1 | TotalTime:0.004s | Cost:255671.44
Generation 3: Best = 227403.83, Worst = 454654.99, Avg = 268974.30, Time: 0.1328728199005127
LS: mPDG | Count: 0 | TotalTime:0.004s | Cost:227403.83
LS: BlockRelocate | Count: 0 | TotalTime:0.009s | Cost:233345.50
LS: BlockExchange | Count: 0 | TotalTime:0.002s | Cost:250471.42
LS: PDPairExchange | Count: 0 | TotalTime:0.001s | Cost:250471.42
LS: PDPairExchange | Count: 0 | TotalTime:0.001s | Cost:250471.42
LS: PDPairExchange | Count: 0 | TotalTime:0.001s | Cost:250471.42
LS: PDPairExchange | Count: 0 | TotalTime:0.001s | Cost:250471.42
LS: PDPairExchange | Count: 0 | TotalTime:0.001s | Cost:250471.42
LS: mPDG | Count: 0 | TotalTime:0.005s | Cost:256413.08
LS: BlockRelocate | Count: 1 | TotalTime:0.002s | Cost:233345.50
LS: PDPairExchange | Count: 1 | TotalTime:0.001s | Cost:250471.42
Generation 4: Best = 227403.83, Worst = 454654.99, Avg = 273318.87, Time: 0.12410736083984375
LS: BlockRelocate | Count: 0 | TotalTime:0.009s | Cost:227403.83
LS: BlockRelocate | Count: 0 | TotalTime:0.010s | Cost:233345.50
LS: BlockRelocate | Count: 0 | TotalTime:0.010s | Cost:233345.50
LS: BlockExchange | Count: 0 | TotalTime:0.002s | Cost:250471.42
LS: PDPairExchange | Count: 0 | TotalTime:0.001s | Cost:250471.42
LS: PDPairExchange | Count: 0 | TotalTime:0.001s | Cost:250471.42
LS: PDPairExchange | Count: 0 | TotalTime:0.001s | Cost:250471.42
LS: PDPairExchange | Count: 0 | TotalTime:0.001s | Cost:250471.42
LS: BlockRelocate | Count: 1 | TotalTime:0.004s | Cost:255671.44
LS: mPDG | Count: 0 | TotalTime:0.005s | Cost:256413.08
LS: PDPairExchange | Count: 1 | TotalTime:0.000s | Cost:250471.42
Generation 5: Best = 227403.83, Worst = 454654.99, Avg = 283360.97, Time: 0.13518071174621582
Stopping early due to lack of improvement.
Total runtime: 1.37s (0.0 minutes)
LS: mPDG:0(0.000s) | BlockExchange:0(0.001s) | BlockRelocate:0(0.009s) | PDPairExchange:0(0.001s) | TotalTime:0.011s | Cost:227403.83
LS: BlockRelocate:0(0.000s) | PDPairExchange:1(0.002s) | BlockExchange:0(0.001s) | mPDG:0(0.004s) | TotalTime:0.008s | Cost:227403.83
LS: BlockRelocate:0(0.000s) | PDPairExchange:1(0.002s) | BlockExchange:0(0.001s) | mPDG:0(0.004s) | TotalTime:0.007s | Cost:227403.83
LS: BlockExchange:0(0.000s) | PDPairExchange:0(0.004s) | BlockRelocate:2(0.014s) | mPDG:0(0.004s) | TotalTime:0.022s | Cost:227403.83
LS: PDPairExchange:0(0.000s) | BlockExchange:0(0.003s) | BlockRelocate:1(0.013s) | mPDG:0(0.004s) | TotalTime:0.020s | Cost:227403.83

The solution initialized by Cheapest Insertion:
V_1:[p3_1434540057-16 d3_1434540057-18] V_2:[d4_1416140054-4 d1_1353340051-1 p1_1433060056-1 d1_1433060056-1] V_3:[d1_1154340049-1 p1_1553070063-1 p1_1509410060-1 p1_1420180055-1 d1_1420180055-1 d1_1509410060-1 d1_1553070063-1 p1_1620510065-1 d1_1620510065-1] V_4:[d15_1434540057-15] V_5:[d1_1411060053-1 d1_1450260059-1 p10_1550060062-1 p2_1510490061-1 d2_1510490061-2 p1_1553320064-1 d1_1553320064-1 d10_1550060062-10]
The fitness value before EA: 227403.82888888888
V_1:[p3_1434540057-16 d3_1434540057-18] V_2:[d4_1416140054-4 d1_1353340051-1 p1_1433060056-1 d1_1433060056-1] V_3:[d1_1154340049-1 p1_1553070063-1 p1_1509410060-1 p1_1420180055-1 d1_1420180055-1 d1_1509410060-1 d1_1553070063-1 p1_1620510065-1 d1_1620510065-1] V_4:[d15_1434540057-15] V_5:[d1_1411060053-1 d1_1450260059-1 p10_1550060062-1 p2_1510490061-1 d2_1510490061-2 p1_1553320064-1 d1_1553320064-1 d10_1550060062-10]
The fitness value after EA: 227403.82888888888

Thoi gian thuc hien thuat toan:  1.499739170074463
SUCCESS

2025-10-04 08:46:34,573 [simulate_environment.py | 256] INFO: 2025-10-04 16:30:00, Item 1420180055-1: state = 1 < 2, we can not finish the simulation
2025-10-04 08:46:34,573 [simulate_environment.py | 99] INFO: **************************************************
2025-10-04 08:46:34,573 [simulate_environment.py | 103] INFO: cur time: 2025-10-04 16:40:00, pre time: 2025-10-04 16:30:00
2025-10-04 08:46:34,573 [simulate_environment.py | 140] INFO: Start to update the input of 2025-10-04 16:40:00
2025-10-04 08:46:34,574 [simulate_environment.py | 167] INFO: Get 21 unallocated order items, 23 ongoing order items, 189 completed order items
2025-10-04 08:46:36,614 [simulate_environment.py | 234] INFO: 
Adaptive config applied: {'num_orders': 8, 'num_vehicles': 5, 'time_budget_sec': None, 'POPULATION_SIZE': 40, 'NUMBER_OF_GENERATION': 20, 'MUTATION_RATE': 0.1, 'LS_MAX': 20, 'LS_MAX_TIME_PER_OP': 3, 'LS_MAX_TIME_IN_SINGLE': 1}
LS: mPDG | Count: 0 | TotalTime:0.004s | Cost:227403.83
LS: mPDG | Count: 1 | TotalTime:0.004s | Cost:341177.86
LS: BlockExchange | Count: 1 | TotalTime:0.000s | Cost:308424.60
LS: BlockExchange | Count: 1 | TotalTime:0.001s | Cost:376960.85
LS: BlockRelocate | Count: 1 | TotalTime:0.001s | Cost:283746.42
LS: BlockExchange | Count: 1 | TotalTime:0.000s | Cost:319724.84
LS: mPDG | Count: 1 | TotalTime:0.005s | Cost:449599.32
LS: BlockRelocate | Count: 1 | TotalTime:0.002s | Cost:332691.34
LS: mPDG | Count: 1 | TotalTime:0.005s | Cost:449599.32
LS: BlockExchange | Count: 1 | TotalTime:0.000s | Cost:326966.10
LS: BlockExchange | Count: 0 | TotalTime:0.000s | Cost:454654.99
Generation 1: Best = 227403.83, Worst = 454654.99, Avg = 426398.60, Time: 0.12026715278625488
LS: BlockRelocate | Count: 0 | TotalTime:0.010s | Cost:227403.83
LS: BlockRelocate | Count: 1 | TotalTime:0.002s | Cost:233345.50
LS: mPDG | Count: 0 | TotalTime:0.006s | Cost:256413.08
LS: mPDG | Count: 0 | TotalTime:0.006s | Cost:256413.08
LS: BlockExchange | Count: 0 | TotalTime:0.002s | Cost:256413.08
LS: mPDG | Count: 0 | TotalTime:0.006s | Cost:256413.08
LS: mPDG | Count: 0 | TotalTime:0.005s | Cost:256413.08
LS: BlockExchange | Count: 1 | TotalTime:0.001s | Cost:250471.42
LS: PDPairExchange | Count: 1 | TotalTime:0.000s | Cost:250471.42
LS: BlockExchange | Count: 1 | TotalTime:0.002s | Cost:250471.42
LS: mPDG | Count: 0 | TotalTime:0.006s | Cost:256413.08
Generation 2: Best = 227403.83, Worst = 463974.18, Avg = 361367.57, Time: 0.15298938751220703
LS: mPDG | Count: 0 | TotalTime:0.004s | Cost:227403.83
LS: BlockRelocate | Count: 0 | TotalTime:0.012s | Cost:233345.50
LS: BlockExchange | Count: 0 | TotalTime:0.002s | Cost:250471.42
LS: PDPairExchange | Count: 0 | TotalTime:0.002s | Cost:250471.42
LS: BlockExchange | Count: 0 | TotalTime:0.002s | Cost:250471.42
LS: BlockExchange | Count: 1 | TotalTime:0.002s | Cost:250471.42
LS: BlockRelocate | Count: 1 | TotalTime:0.008s | Cost:233345.50
LS: BlockRelocate | Count: 1 | TotalTime:0.007s | Cost:233345.50
LS: BlockRelocate | Count: 1 | TotalTime:0.000s | Cost:255671.44
LS: PDPairExchange | Count: 1 | TotalTime:0.000s | Cost:250471.42
LS: mPDG | Count: 0 | TotalTime:0.005s | Cost:256413.08
Generation 3: Best = 227403.83, Worst = 454654.99, Avg = 282932.82, Time: 0.1492447853088379
LS: mPDG | Count: 0 | TotalTime:0.004s | Cost:227403.83
LS: BlockRelocate | Count: 0 | TotalTime:0.011s | Cost:233345.50
LS: BlockRelocate | Count: 0 | TotalTime:0.011s | Cost:233345.50
LS: BlockRelocate | Count: 0 | TotalTime:0.011s | Cost:233345.50
LS: BlockExchange | Count: 0 | TotalTime:0.002s | Cost:250471.42
LS: PDPairExchange | Count: 0 | TotalTime:0.002s | Cost:250471.42
LS: BlockExchange | Count: 0 | TotalTime:0.002s | Cost:250471.42
LS: BlockExchange | Count: 0 | TotalTime:0.002s | Cost:250471.42
LS: BlockRelocate | Count: 1 | TotalTime:0.009s | Cost:233345.50
LS: mPDG | Count: 0 | TotalTime:0.006s | Cost:256413.08
LS: BlockRelocate | Count: 1 | TotalTime:0.002s | Cost:255671.44
Generation 4: Best = 227403.83, Worst = 454654.99, Avg = 307284.91, Time: 0.16808605194091797
LS: BlockExchange | Count: 0 | TotalTime:0.002s | Cost:227403.83
LS: BlockRelocate | Count: 0 | TotalTime:0.011s | Cost:233345.50
LS: BlockRelocate | Count: 0 | TotalTime:0.011s | Cost:233345.50
LS: BlockRelocate | Count: 0 | TotalTime:0.011s | Cost:233345.50
LS: BlockRelocate | Count: 0 | TotalTime:0.011s | Cost:233345.50
LS: BlockExchange | Count: 0 | TotalTime:0.002s | Cost:250471.42
LS: PDPairExchange | Count: 0 | TotalTime:0.002s | Cost:250471.42
LS: BlockExchange | Count: 0 | TotalTime:0.002s | Cost:250471.42
LS: BlockRelocate | Count: 1 | TotalTime:0.004s | Cost:255671.44
LS: BlockExchange | Count: 0 | TotalTime:0.002s | Cost:256413.08
LS: BlockExchange | Count: 1 | TotalTime:0.000s | Cost:250471.42
Generation 5: Best = 227403.83, Worst = 454654.99, Avg = 327109.10, Time: 0.1632528305053711
Stopping early due to lack of improvement.
Total runtime: 1.56s (0.0 minutes)
LS: mPDG:0(0.000s) | PDPairExchange:0(0.001s) | BlockRelocate:0(0.008s) | BlockExchange:0(0.001s) | TotalTime:0.010s | Cost:227403.83
LS: BlockRelocate:0(0.000s) | PDPairExchange:1(0.002s) | BlockExchange:0(0.001s) | mPDG:0(0.004s) | TotalTime:0.006s | Cost:227403.83
LS: BlockRelocate:0(0.000s) | PDPairExchange:1(0.002s) | BlockExchange:0(0.001s) | mPDG:0(0.004s) | TotalTime:0.008s | Cost:227403.83
LS: BlockRelocate:0(0.000s) | PDPairExchange:1(0.002s) | BlockExchange:0(0.001s) | mPDG:0(0.004s) | TotalTime:0.007s | Cost:227403.83
LS: BlockRelocate:0(0.000s) | PDPairExchange:1(0.002s) | BlockExchange:0(0.001s) | mPDG:0(0.004s) | TotalTime:0.007s | Cost:227403.83

The solution initialized by Cheapest Insertion:
V_1:[p3_1434540057-16 d3_1434540057-18] V_2:[d4_1416140054-4 d1_1353340051-1 p1_1433060056-1 d1_1433060056-1] V_3:[d1_1154340049-1 p1_1553070063-1 p1_1509410060-1 p1_1420180055-1 d1_1420180055-1 d1_1509410060-1 d1_1553070063-1 p1_1620510065-1 d1_1620510065-1] V_4:[d15_1434540057-15] V_5:[d1_1411060053-1 d1_1450260059-1 p10_1550060062-1 p2_1510490061-1 d2_1510490061-2 p1_1553320064-1 d1_1553320064-1 d10_1550060062-10]
The fitness value before EA: 227403.82888888888
V_1:[p3_1434540057-16 d3_1434540057-18] V_2:[d4_1416140054-4 d1_1353340051-1 p1_1433060056-1 d1_1433060056-1] V_3:[d1_1154340049-1 p1_1553070063-1 p1_1509410060-1 p1_1420180055-1 d1_1420180055-1 d1_1509410060-1 d1_1553070063-1 p1_1620510065-1 d1_1620510065-1] V_4:[d15_1434540057-15] V_5:[d1_1411060053-1 d1_1450260059-1 p10_1550060062-1 p2_1510490061-1 d2_1510490061-2 p1_1553320064-1 d1_1553320064-1 d10_1550060062-10]
The fitness value after EA: 227403.82888888888

Thoi gian thuc hien thuat toan:  1.681351900100708
SUCCESS

2025-10-04 08:46:36,616 [simulate_environment.py | 256] INFO: 2025-10-04 16:40:00, Item 1420180055-1: state = 1 < 2, we can not finish the simulation
2025-10-04 08:46:36,616 [simulate_environment.py | 99] INFO: **************************************************
2025-10-04 08:46:36,616 [simulate_environment.py | 103] INFO: cur time: 2025-10-04 16:50:00, pre time: 2025-10-04 16:40:00
2025-10-04 08:46:36,616 [simulate_environment.py | 140] INFO: Start to update the input of 2025-10-04 16:50:00
2025-10-04 08:46:36,617 [simulate_environment.py | 167] INFO: Get 23 unallocated order items, 23 ongoing order items, 190 completed order items
2025-10-04 08:46:38,623 [simulate_environment.py | 234] INFO: 
Adaptive config applied: {'num_orders': 7, 'num_vehicles': 5, 'time_budget_sec': None, 'POPULATION_SIZE': 40, 'NUMBER_OF_GENERATION': 20, 'MUTATION_RATE': 0.1, 'LS_MAX': 20, 'LS_MAX_TIME_PER_OP': 3, 'LS_MAX_TIME_IN_SINGLE': 1}
LS: PDPairExchange | Count: 0 | TotalTime:0.001s | Cost:220764.94
LS: mPDG | Count: 1 | TotalTime:0.005s | Cost:549915.76
LS: BlockExchange | Count: 1 | TotalTime:0.000s | Cost:486482.77
LS: mPDG | Count: 1 | TotalTime:0.005s | Cost:549915.76
LS: mPDG | Count: 1 | TotalTime:0.005s | Cost:549915.76
LS: PDPairExchange | Count: 1 | TotalTime:0.000s | Cost:376516.54
LS: mPDG | Count: 1 | TotalTime:0.005s | Cost:549915.76
LS: BlockRelocate | Count: 1 | TotalTime:0.001s | Cost:481949.40
LS: mPDG | Count: 1 | TotalTime:0.005s | Cost:549915.76
LS: BlockExchange | Count: 1 | TotalTime:0.000s | Cost:574486.15
LS: BlockExchange | Count: 1 | TotalTime:0.001s | Cost:375844.96
Generation 1: Best = 220764.94, Worst = 604761.31, Avg = 535597.56, Time: 0.13260865211486816
LS: BlockExchange | Count: 0 | TotalTime:0.001s | Cost:220764.94
LS: BlockExchange | Count: 1 | TotalTime:0.001s | Cost:367583.48
LS: PDPairExchange | Count: 1 | TotalTime:0.001s | Cost:339112.07
LS: BlockRelocate | Count: 1 | TotalTime:0.001s | Cost:288596.20
LS: BlockExchange | Count: 1 | TotalTime:0.000s | Cost:406010.71
LS: BlockRelocate | Count: 1 | TotalTime:0.001s | Cost:386441.36
LS: mPDG | Count: 1 | TotalTime:0.005s | Cost:424245.58
LS: mPDG | Count: 1 | TotalTime:0.005s | Cost:424245.58
LS: mPDG | Count: 1 | TotalTime:0.005s | Cost:424245.58
LS: mPDG | Count: 1 | TotalTime:0.005s | Cost:549915.76
LS: mPDG | Count: 1 | TotalTime:0.005s | Cost:549915.76
Generation 2: Best = 220764.94, Worst = 555482.77, Avg = 512251.93, Time: 0.14339089393615723
LS: BlockExchange | Count: 0 | TotalTime:0.001s | Cost:220764.94
LS: mPDG | Count: 1 | TotalTime:0.005s | Cost:271996.42
LS: PDPairExchange | Count: 0 | TotalTime:0.001s | Cost:281063.12
LS: mPDG | Count: 1 | TotalTime:0.005s | Cost:271996.42
LS: BlockExchange | Count: 0 | TotalTime:0.002s | Cost:281063.12
LS: BlockExchange | Count: 0 | TotalTime:0.002s | Cost:281063.12
LS: PDPairExchange | Count: 0 | TotalTime:0.001s | Cost:281063.12
LS: PDPairExchange | Count: 0 | TotalTime:0.001s | Cost:281063.12
LS: BlockRelocate | Count: 1 | TotalTime:0.001s | Cost:271996.42
LS: PDPairExchange | Count: 0 | TotalTime:0.001s | Cost:281063.12
LS: BlockRelocate | Count: 1 | TotalTime:0.004s | Cost:288220.86
Generation 3: Best = 220764.94, Worst = 555482.77, Avg = 406403.50, Time: 0.13741111755371094
LS: BlockExchange | Count: 0 | TotalTime:0.001s | Cost:220764.94
LS: mPDG | Count: 1 | TotalTime:0.004s | Cost:266429.41
LS: mPDG | Count: 1 | TotalTime:0.004s | Cost:266429.41
LS: BlockRelocate | Count: 1 | TotalTime:0.004s | Cost:271621.08
LS: PDPairExchange | Count: 0 | TotalTime:0.001s | Cost:281063.12
LS: mPDG | Count: 1 | TotalTime:0.005s | Cost:271996.42
LS: BlockExchange | Count: 0 | TotalTime:0.002s | Cost:281063.12
LS: BlockRelocate | Count: 1 | TotalTime:0.001s | Cost:277074.19
LS: mPDG | Count: 1 | TotalTime:0.005s | Cost:271996.42
LS: PDPairExchange | Count: 0 | TotalTime:0.001s | Cost:281063.12
LS: mPDG | Count: 1 | TotalTime:0.005s | Cost:271996.42
Generation 4: Best = 220764.94, Worst = 555482.77, Avg = 286865.10, Time: 0.14157772064208984
LS: BlockRelocate | Count: 0 | TotalTime:0.009s | Cost:220764.94
LS: mPDG | Count: 0 | TotalTime:0.004s | Cost:266429.41
LS: mPDG | Count: 0 | TotalTime:0.004s | Cost:266429.41
LS: BlockRelocate | Count: 1 | TotalTime:0.009s | Cost:266429.41
LS: mPDG | Count: 1 | TotalTime:0.004s | Cost:266429.41
LS: mPDG | Count: 1 | TotalTime:0.004s | Cost:266429.41
LS: mPDG | Count: 1 | TotalTime:0.004s | Cost:266429.41
LS: BlockRelocate | Count: 1 | TotalTime:0.001s | Cost:270335.46
LS: BlockExchange | Count: 0 | TotalTime:0.001s | Cost:281063.12
LS: mPDG | Count: 1 | TotalTime:0.005s | Cost:271996.42
LS: PDPairExchange | Count: 0 | TotalTime:0.001s | Cost:281063.12
Generation 5: Best = 220764.94, Worst = 555482.77, Avg = 295716.98, Time: 0.15665078163146973
Stopping early due to lack of improvement.
Total runtime: 1.46s (0.0 minutes)
LS: PDPairExchange:0(0.000s) | BlockExchange:0(0.001s) | BlockRelocate:0(0.009s) | mPDG:0(0.004s) | TotalTime:0.014s | Cost:220764.94
LS: mPDG:2(0.008s) | PDPairExchange:0(0.003s) | BlockExchange:1(0.004s) | BlockRelocate:1(0.012s) | TotalTime:0.028s | Cost:227431.77
LS: mPDG:3(0.013s) | PDPairExchange:1(0.004s) | BlockExchange:1(0.003s) | BlockRelocate:1(0.010s) | TotalTime:0.031s | Cost:230745.54
LS: BlockRelocate:7(0.032s) | PDPairExchange:0(0.002s) | BlockExchange:1(0.002s) | mPDG:0(0.004s) | TotalTime:0.041s | Cost:227431.77
LS: mPDG:1(0.005s) | PDPairExchange:0(0.004s) | BlockExchange:1(0.003s) | BlockRelocate:1(0.015s) | TotalTime:0.027s | Cost:237412.36

The solution initialized by Cheapest Insertion:
V_1:[p3_1434540057-16 d3_1434540057-18] V_2:[d4_1416140054-4 d1_1353340051-1 p1_1433060056-1 d1_1433060056-1] V_3:[p3_1641430066-1 p1_1509410060-1 p1_1420180055-1 d1_1420180055-1 d1_1509410060-1 d3_1641430066-3 d1_1553070063-1 p1_1620510065-1 d1_1620510065-1] V_4:[d15_1434540057-15] V_5:[d1_1411060053-1 d1_1450260059-1 p10_1550060062-1 p2_1510490061-1 d2_1510490061-2 p1_1553320064-1 d1_1553320064-1 d10_1550060062-10]
The fitness value before EA: 220764.94
V_1:[p3_1434540057-16 d3_1434540057-18] V_2:[d4_1416140054-4 d1_1353340051-1 p1_1433060056-1 d1_1433060056-1] V_3:[p3_1641430066-1 p1_1509410060-1 p1_1420180055-1 d1_1420180055-1 d1_1509410060-1 d3_1641430066-3 d1_1553070063-1 p1_1620510065-1 d1_1620510065-1] V_4:[d15_1434540057-15] V_5:[d1_1411060053-1 d1_1450260059-1 p10_1550060062-1 p2_1510490061-1 d2_1510490061-2 p1_1553320064-1 d1_1553320064-1 d10_1550060062-10]
The fitness value after EA: 220764.94

Thoi gian thuc hien thuat toan:  1.6762430667877197
SUCCESS

2025-10-04 08:46:38,624 [simulate_environment.py | 256] INFO: 2025-10-04 16:50:00, Item 1420180055-1: state = 1 < 2, we can not finish the simulation
2025-10-04 08:46:38,625 [simulate_environment.py | 99] INFO: **************************************************
2025-10-04 08:46:38,625 [simulate_environment.py | 103] INFO: cur time: 2025-10-04 17:00:00, pre time: 2025-10-04 16:50:00
2025-10-04 08:46:38,625 [simulate_environment.py | 140] INFO: Start to update the input of 2025-10-04 17:00:00
2025-10-04 08:46:38,626 [simulate_environment.py | 167] INFO: Get 24 unallocated order items, 22 ongoing order items, 191 completed order items
2025-10-04 08:46:40,637 [simulate_environment.py | 234] INFO: 
Adaptive config applied: {'num_orders': 8, 'num_vehicles': 5, 'time_budget_sec': None, 'POPULATION_SIZE': 40, 'NUMBER_OF_GENERATION': 20, 'MUTATION_RATE': 0.1, 'LS_MAX': 20, 'LS_MAX_TIME_PER_OP': 3, 'LS_MAX_TIME_IN_SINGLE': 1}
LS: BlockRelocate | Count: 0 | TotalTime:0.011s | Cost:222017.60
LS: PDPairExchange | Count: 1 | TotalTime:0.001s | Cost:395547.32
LS: BlockRelocate | Count: 1 | TotalTime:0.001s | Cost:482949.28
LS: BlockRelocate | Count: 1 | TotalTime:0.001s | Cost:482949.28
LS: BlockExchange | Count: 1 | TotalTime:0.000s | Cost:557582.31
LS: PDPairExchange | Count: 1 | TotalTime:0.001s | Cost:408511.09
LS: mPDG | Count: 1 | TotalTime:0.006s | Cost:557582.31
LS: BlockExchange | Count: 1 | TotalTime:0.001s | Cost:488149.32
LS: BlockRelocate | Count: 1 | TotalTime:0.002s | Cost:323329.45
LS: BlockExchange | Count: 1 | TotalTime:0.000s | Cost:488149.32
LS: BlockExchange | Count: 1 | TotalTime:0.001s | Cost:488149.32
Generation 1: Best = 222017.60, Worst = 563149.32, Avg = 530656.17, Time: 0.13436460494995117
LS: BlockRelocate | Count: 0 | TotalTime:0.009s | Cost:222017.60
LS: PDPairExchange | Count: 0 | TotalTime:0.001s | Cost:282063.00
LS: BlockExchange | Count: 0 | TotalTime:0.002s | Cost:282063.00
LS: BlockExchange | Count: 0 | TotalTime:0.002s | Cost:282063.00
LS: mPDG | Count: 1 | TotalTime:0.005s | Cost:277863.08
LS: PDPairExchange | Count: 0 | TotalTime:0.001s | Cost:282063.00
LS: mPDG | Count: 1 | TotalTime:0.005s | Cost:277863.08
LS: mPDG | Count: 1 | TotalTime:0.006s | Cost:277863.08
LS: BlockRelocate | Count: 1 | TotalTime:0.000s | Cost:277863.08
LS: PDPairExchange | Count: 0 | TotalTime:0.001s | Cost:282063.00
LS: BlockRelocate | Count: 1 | TotalTime:0.001s | Cost:291857.87
Generation 2: Best = 222017.60, Worst = 609964.46, Avg = 470919.99, Time: 0.13725519180297852
LS: BlockExchange | Count: 0 | TotalTime:0.001s | Cost:222017.60
LS: mPDG | Count: 1 | TotalTime:0.004s | Cost:273662.96
LS: mPDG | Count: 1 | TotalTime:0.004s | Cost:273662.96
LS: mPDG | Count: 1 | TotalTime:0.004s | Cost:273662.96
LS: BlockRelocate | Count: 1 | TotalTime:0.003s | Cost:273662.96
LS: BlockExchange | Count: 0 | TotalTime:0.002s | Cost:282063.00
LS: BlockRelocate | Count: 1 | TotalTime:0.001s | Cost:277863.08
LS: PDPairExchange | Count: 0 | TotalTime:0.002s | Cost:282063.00
LS: PDPairExchange | Count: 0 | TotalTime:0.001s | Cost:282063.00
LS: BlockExchange | Count: 0 | TotalTime:0.002s | Cost:282063.00
LS: BlockRelocate | Count: 1 | TotalTime:0.003s | Cost:277863.08
Generation 3: Best = 222017.60, Worst = 563149.32, Avg = 296538.47, Time: 0.1284627914428711
LS: BlockExchange | Count: 0 | TotalTime:0.002s | Cost:222017.60
LS: mPDG | Count: 1 | TotalTime:0.005s | Cost:268095.96
LS: mPDG | Count: 1 | TotalTime:0.005s | Cost:268095.96
LS: mPDG | Count: 1 | TotalTime:0.005s | Cost:268095.96
LS: BlockRelocate | Count: 1 | TotalTime:0.010s | Cost:273287.62
LS: BlockRelocate | Count: 1 | TotalTime:0.003s | Cost:272296.08
LS: BlockRelocate | Count: 1 | TotalTime:0.002s | Cost:273662.96
LS: PDPairExchange | Count: 0 | TotalTime:0.002s | Cost:282063.00
LS: PDPairExchange | Count: 0 | TotalTime:0.002s | Cost:282063.00
LS: BlockExchange | Count: 0 | TotalTime:0.002s | Cost:282063.00
LS: BlockExchange | Count: 0 | TotalTime:0.002s | Cost:282063.00
Generation 4: Best = 222017.60, Worst = 563149.32, Avg = 304065.91, Time: 0.15113353729248047
LS: BlockExchange | Count: 0 | TotalTime:0.002s | Cost:222017.60
LS: mPDG | Count: 0 | TotalTime:0.005s | Cost:268095.96
LS: mPDG | Count: 0 | TotalTime:0.005s | Cost:268095.96
LS: mPDG | Count: 0 | TotalTime:0.005s | Cost:268095.96
LS: BlockRelocate | Count: 1 | TotalTime:0.003s | Cost:268095.96
LS: BlockRelocate | Count: 1 | TotalTime:0.011s | Cost:268095.96
LS: BlockRelocate | Count: 1 | TotalTime:0.008s | Cost:273287.62
LS: BlockExchange | Count: 0 | TotalTime:0.002s | Cost:282063.00
LS: BlockRelocate | Count: 1 | TotalTime:0.002s | Cost:281862.66
LS: PDPairExchange | Count: 0 | TotalTime:0.001s | Cost:282063.00
LS: BlockRelocate | Count: 1 | TotalTime:0.001s | Cost:277863.08
Generation 5: Best = 222017.60, Worst = 563149.32, Avg = 327528.09, Time: 0.15041303634643555
Stopping early due to lack of improvement.
Total runtime: 1.47s (0.0 minutes)
LS: BlockExchange:0(0.000s) | mPDG:0(0.004s) | PDPairExchange:0(0.001s) | BlockRelocate:0(0.009s) | TotalTime:0.014s | Cost:222017.60
LS: mPDG:3(0.014s) | PDPairExchange:1(0.005s) | BlockExchange:2(0.004s) | BlockRelocate:0(0.010s) | TotalTime:0.034s | Cost:226222.21
LS: mPDG:2(0.011s) | PDPairExchange:1(0.004s) | BlockExchange:1(0.002s) | BlockRelocate:0(0.015s) | TotalTime:0.032s | Cost:231998.19
LS: mPDG:2(0.008s) | PDPairExchange:1(0.005s) | BlockExchange:1(0.004s) | BlockRelocate:1(0.012s) | TotalTime:0.028s | Cost:222017.60
LS: BlockRelocate:7(0.029s) | PDPairExchange:0(0.003s) | BlockExchange:1(0.002s) | mPDG:0(0.006s) | TotalTime:0.039s | Cost:228431.65

The solution initialized by Cheapest Insertion:
V_1:[p3_1434540057-16 d3_1434540057-18] V_2:[d4_1416140054-4 d1_1353340051-1 p1_1433060056-1 d1_1433060056-1] V_3:[p3_1641430066-1 p1_1509410060-1 p1_1651110067-1 p1_1420180055-1 d1_1420180055-1 d1_1651110067-1 d1_1509410060-1 d3_1641430066-3 d1_1553070063-1 p1_1620510065-1 d1_1620510065-1] V_4:[d15_1434540057-15] V_5:[d1_1450260059-1 p10_1550060062-1 p2_1510490061-1 d2_1510490061-2 p1_1553320064-1 d1_1553320064-1 d10_1550060062-10]
The fitness value before EA: 222017.5977777778
V_1:[p3_1434540057-16 d3_1434540057-18] V_2:[d4_1416140054-4 d1_1353340051-1 p1_1433060056-1 d1_1433060056-1] V_3:[p3_1641430066-1 p1_1509410060-1 p1_1651110067-1 p1_1420180055-1 d1_1420180055-1 d1_1651110067-1 d1_1509410060-1 d3_1641430066-3 d1_1553070063-1 p1_1620510065-1 d1_1620510065-1] V_4:[d15_1434540057-15] V_5:[d1_1450260059-1 p10_1550060062-1 p2_1510490061-1 d2_1510490061-2 p1_1553320064-1 d1_1553320064-1 d10_1550060062-10]
The fitness value after EA: 222017.5977777778

Thoi gian thuc hien thuat toan:  1.7012939453125
SUCCESS

2025-10-04 08:46:40,639 [simulate_environment.py | 256] INFO: 2025-10-04 17:00:00, Item 1420180055-1: state = 1 < 2, we can not finish the simulation
2025-10-04 08:46:40,639 [simulate_environment.py | 99] INFO: **************************************************
2025-10-04 08:46:40,639 [simulate_environment.py | 103] INFO: cur time: 2025-10-04 17:10:00, pre time: 2025-10-04 17:00:00
2025-10-04 08:46:40,639 [simulate_environment.py | 140] INFO: Start to update the input of 2025-10-04 17:10:00
2025-10-04 08:46:40,640 [simulate_environment.py | 167] INFO: Get 28 unallocated order items, 25 ongoing order items, 191 completed order items
2025-10-04 08:46:42,853 [simulate_environment.py | 234] INFO: 
Adaptive config applied: {'num_orders': 10, 'num_vehicles': 5, 'time_budget_sec': None, 'POPULATION_SIZE': 40, 'NUMBER_OF_GENERATION': 20, 'MUTATION_RATE': 0.1, 'LS_MAX': 20, 'LS_MAX_TIME_PER_OP': 3, 'LS_MAX_TIME_IN_SINGLE': 1}
LS: mPDG | Count: 0 | TotalTime:0.008s | Cost:226179.32
LS: mPDG | Count: 1 | TotalTime:0.008s | Cost:657591.07
LS: BlockExchange | Count: 1 | TotalTime:0.000s | Cost:608633.58
LS: mPDG | Count: 1 | TotalTime:0.008s | Cost:657591.07
LS: BlockRelocate | Count: 1 | TotalTime:0.001s | Cost:387984.69
LS: mPDG | Count: 1 | TotalTime:0.008s | Cost:657591.07
LS: BlockExchange | Count: 1 | TotalTime:0.000s | Cost:653113.82
LS: PDPairExchange | Count: 1 | TotalTime:0.001s | Cost:631257.66
LS: PDPairExchange | Count: 1 | TotalTime:0.001s | Cost:635224.90
LS: PDPairExchange | Count: 1 | TotalTime:0.000s | Cost:633200.47
LS: mPDG | Count: 1 | TotalTime:0.008s | Cost:657591.07
Generation 1: Best = 226179.32, Worst = 915665.31, Avg = 646760.96, Time: 0.18173885345458984
LS: BlockExchange | Count: 0 | TotalTime:0.003s | Cost:226179.32
LS: BlockExchange | Count: 1 | TotalTime:0.001s | Cost:403311.96
LS: BlockExchange | Count: 1 | TotalTime:0.000s | Cost:349464.88
LS: PDPairExchange | Count: 1 | TotalTime:0.001s | Cost:354323.22
LS: BlockRelocate | Count: 1 | TotalTime:0.001s | Cost:336576.19
LS: PDPairExchange | Count: 1 | TotalTime:0.002s | Cost:349464.88
LS: BlockRelocate | Count: 1 | TotalTime:0.005s | Cost:346711.92
LS: BlockRelocate | Count: 1 | TotalTime:0.001s | Cost:328361.62
LS: BlockExchange | Count: 1 | TotalTime:0.001s | Cost:354323.22
LS: BlockRelocate | Count: 1 | TotalTime:0.001s | Cost:356778.71
LS: BlockRelocate | Count: 1 | TotalTime:0.003s | Cost:365998.24
Generation 2: Best = 226179.32, Worst = 747374.02, Avg = 584365.52, Time: 0.16643786430358887
LS: BlockExchange | Count: 0 | TotalTime:0.002s | Cost:226179.32
LS: BlockRelocate | Count: 1 | TotalTime:0.003s | Cost:307724.75
LS: BlockRelocate | Count: 1 | TotalTime:0.001s | Cost:310620.76
LS: BlockRelocate | Count: 1 | TotalTime:0.001s | Cost:320756.49
LS: BlockExchange | Count: 1 | TotalTime:0.001s | Cost:345865.06
LS: PDPairExchange | Count: 1 | TotalTime:0.001s | Cost:329081.53
LS: PDPairExchange | Count: 1 | TotalTime:0.001s | Cost:353376.62
LS: BlockExchange | Count: 1 | TotalTime:0.001s | Cost:335689.86
LS: PDPairExchange | Count: 1 | TotalTime:0.002s | Cost:354323.22
LS: BlockRelocate | Count: 1 | TotalTime:0.003s | Cost:342201.19
LS: BlockExchange | Count: 1 | TotalTime:0.000s | Cost:352301.46
Generation 3: Best = 226179.32, Worst = 702850.79, Avg = 380983.83, Time: 0.15947914123535156
LS: mPDG | Count: 0 | TotalTime:0.006s | Cost:226179.32
LS: BlockRelocate | Count: 1 | TotalTime:0.005s | Cost:293921.93
LS: BlockRelocate | Count: 1 | TotalTime:0.002s | Cost:304086.50
LS: BlockRelocate | Count: 1 | TotalTime:0.002s | Cost:309622.82
LS: PDPairExchange | Count: 0 | TotalTime:0.003s | Cost:329081.53
LS: BlockExchange | Count: 1 | TotalTime:0.001s | Cost:329081.53
LS: BlockRelocate | Count: 1 | TotalTime:0.001s | Cost:303841.08
LS: BlockExchange | Count: 1 | TotalTime:0.000s | Cost:336315.56
LS: BlockRelocate | Count: 1 | TotalTime:0.000s | Cost:323285.19
LS: PDPairExchange | Count: 1 | TotalTime:0.001s | Cost:349464.88
LS: mPDG | Count: 1 | TotalTime:0.007s | Cost:341778.27
Generation 4: Best = 226179.32, Worst = 662457.66, Avg = 361009.65, Time: 0.16135811805725098
LS: BlockRelocate | Count: 0 | TotalTime:0.014s | Cost:226179.32
LS: BlockRelocate | Count: 1 | TotalTime:0.005s | Cost:286317.06
LS: BlockRelocate | Count: 1 | TotalTime:0.003s | Cost:293644.10
LS: BlockRelocate | Count: 1 | TotalTime:0.008s | Cost:286024.93
LS: BlockRelocate | Count: 1 | TotalTime:0.012s | Cost:303489.41
LS: BlockRelocate | Count: 1 | TotalTime:0.001s | Cost:318418.60
LS: PDPairExchange | Count: 0 | TotalTime:0.002s | Cost:329081.53
LS: BlockExchange | Count: 0 | TotalTime:0.003s | Cost:329081.53
LS: PDPairExchange | Count: 1 | TotalTime:0.002s | Cost:350668.44
LS: PDPairExchange | Count: 1 | TotalTime:0.002s | Cost:354323.22
LS: BlockRelocate | Count: 1 | TotalTime:0.001s | Cost:350801.86
Generation 5: Best = 226179.32, Worst = 400179.84, Avg = 350746.18, Time: 0.17623448371887207
Stopping early due to lack of improvement.
Total runtime: 1.61s (0.0 minutes)
LS: BlockExchange:0(0.000s) | BlockRelocate:0(0.014s) | PDPairExchange:0(0.002s) | mPDG:0(0.007s) | TotalTime:0.023s | Cost:226179.32
LS: BlockRelocate:6(0.033s) | PDPairExchange:0(0.002s) | BlockExchange:0(0.002s) | mPDG:0(0.008s) | TotalTime:0.046s | Cost:232012.70
LS: BlockRelocate:6(0.040s) | PDPairExchange:0(0.002s) | BlockExchange:0(0.002s) | mPDG:0(0.007s) | TotalTime:0.052s | Cost:226179.32
LS: BlockRelocate:6(0.021s) | PDPairExchange:0(0.002s) | BlockExchange:0(0.002s) | mPDG:0(0.007s) | TotalTime:0.032s | Cost:226179.32
LS: BlockRelocate:6(0.037s) | PDPairExchange:1(0.006s) | BlockExchange:1(0.003s) | mPDG:0(0.008s) | TotalTime:0.053s | Cost:226179.32

The solution initialized by Cheapest Insertion:
V_1:[d3_1434540057-18] V_2:[d4_1416140054-4 d1_1353340051-1 p1_1433060056-1 p6_1700010068-1 d6_1700010068-6 d1_1433060056-1] V_3:[p3_1641430066-1 p1_1509410060-1 p1_1651110067-1 p1_1420180055-1 d1_1420180055-1 d1_1651110067-1 d1_1509410060-1 d3_1641430066-3 d1_1553070063-1 p1_1700300069-1 p1_1620510065-1 d1_1620510065-1 d1_1700300069-1] V_4:[d15_1434540057-15] V_5:[d1_1450260059-1 p10_1550060062-1 p2_1510490061-1 d2_1510490061-2 p1_1553320064-1 d1_1553320064-1 d10_1550060062-10]
The fitness value before EA: 226179.32444444444
V_1:[d3_1434540057-18] V_2:[d4_1416140054-4 d1_1353340051-1 p1_1433060056-1 p6_1700010068-1 d6_1700010068-6 d1_1433060056-1] V_3:[p3_1641430066-1 p1_1509410060-1 p1_1651110067-1 p1_1420180055-1 d1_1420180055-1 d1_1651110067-1 d1_1509410060-1 d3_1641430066-3 d1_1553070063-1 p1_1700300069-1 p1_1620510065-1 d1_1620510065-1 d1_1700300069-1] V_4:[d15_1434540057-15] V_5:[d1_1450260059-1 p10_1550060062-1 p2_1510490061-1 d2_1510490061-2 p1_1553320064-1 d1_1553320064-1 d10_1550060062-10]
The fitness value after EA: 226179.32444444444

Thoi gian thuc hien thuat toan:  1.923816442489624
SUCCESS

2025-10-04 08:46:42,855 [simulate_environment.py | 256] INFO: 2025-10-04 17:10:00, Item 1420180055-1: state = 1 < 2, we can not finish the simulation
2025-10-04 08:46:42,855 [simulate_environment.py | 99] INFO: **************************************************
2025-10-04 08:46:42,855 [simulate_environment.py | 103] INFO: cur time: 2025-10-04 17:20:00, pre time: 2025-10-04 17:10:00
2025-10-04 08:46:42,855 [simulate_environment.py | 140] INFO: Start to update the input of 2025-10-04 17:20:00
2025-10-04 08:46:42,856 [simulate_environment.py | 167] INFO: Get 28 unallocated order items, 25 ongoing order items, 191 completed order items
2025-10-04 08:46:45,156 [simulate_environment.py | 234] INFO: 
Adaptive config applied: {'num_orders': 10, 'num_vehicles': 5, 'time_budget_sec': None, 'POPULATION_SIZE': 40, 'NUMBER_OF_GENERATION': 20, 'MUTATION_RATE': 0.1, 'LS_MAX': 20, 'LS_MAX_TIME_PER_OP': 3, 'LS_MAX_TIME_IN_SINGLE': 1}
LS: BlockExchange | Count: 0 | TotalTime:0.002s | Cost:226179.32
LS: mPDG | Count: 1 | TotalTime:0.007s | Cost:657591.07
LS: BlockExchange | Count: 1 | TotalTime:0.001s | Cost:635224.90
LS: BlockRelocate | Count: 1 | TotalTime:0.001s | Cost:657591.07
LS: BlockExchange | Count: 1 | TotalTime:0.000s | Cost:441255.96
LS: BlockRelocate | Count: 1 | TotalTime:0.001s | Cost:487876.76
LS: PDPairExchange | Count: 1 | TotalTime:0.001s | Cost:628340.61
LS: BlockRelocate | Count: 1 | TotalTime:0.001s | Cost:487876.76
LS: PDPairExchange | Count: 1 | TotalTime:0.000s | Cost:633200.47
LS: PDPairExchange | Count: 1 | TotalTime:0.001s | Cost:635224.90
LS: mPDG | Count: 1 | TotalTime:0.007s | Cost:657591.07
Generation 1: Best = 226179.32, Worst = 759530.74, Avg = 636407.45, Time: 0.1359577178955078
LS: PDPairExchange | Count: 0 | TotalTime:0.002s | Cost:226179.32
LS: BlockExchange | Count: 1 | TotalTime:0.001s | Cost:433014.79
LS: BlockRelocate | Count: 1 | TotalTime:0.003s | Cost:462317.59
LS: BlockRelocate | Count: 1 | TotalTime:0.001s | Cost:457180.38
LS: PDPairExchange | Count: 1 | TotalTime:0.000s | Cost:597016.54
LS: PDPairExchange | Count: 1 | TotalTime:0.000s | Cost:616856.12
LS: BlockExchange | Count: 1 | TotalTime:0.001s | Cost:609269.47
LS: PDPairExchange | Count: 1 | TotalTime:0.000s | Cost:439089.87
LS: PDPairExchange | Count: 1 | TotalTime:0.001s | Cost:595199.56
LS: PDPairExchange | Count: 1 | TotalTime:0.000s | Cost:635123.96
LS: BlockRelocate | Count: 1 | TotalTime:0.001s | Cost:639504.34
Generation 2: Best = 226179.32, Worst = 747374.02, Avg = 629983.77, Time: 0.14281105995178223
LS: PDPairExchange | Count: 0 | TotalTime:0.002s | Cost:226179.32
LS: BlockExchange | Count: 1 | TotalTime:0.001s | Cost:414947.63
LS: PDPairExchange | Count: 1 | TotalTime:0.000s | Cost:432936.85
LS: BlockRelocate | Count: 1 | TotalTime:0.005s | Cost:430788.37
LS: BlockRelocate | Count: 1 | TotalTime:0.001s | Cost:428717.67
LS: PDPairExchange | Count: 1 | TotalTime:0.000s | Cost:595066.15
LS: PDPairExchange | Count: 1 | TotalTime:0.001s | Cost:479974.97
LS: BlockExchange | Count: 1 | TotalTime:0.000s | Cost:515841.21
LS: BlockExchange | Count: 0 | TotalTime:0.000s | Cost:639768.29
LS: BlockRelocate | Count: 1 | TotalTime:0.002s | Cost:387984.69
LS: mPDG | Count: 1 | TotalTime:0.006s | Cost:657537.69
Generation 3: Best = 226179.32, Worst = 772549.29, Avg = 612268.03, Time: 0.15458202362060547
LS: mPDG | Count: 0 | TotalTime:0.006s | Cost:226179.32
LS: BlockExchange | Count: 1 | TotalTime:0.000s | Cost:356178.63
LS: mPDG | Count: 1 | TotalTime:0.007s | Cost:341778.27
LS: PDPairExchange | Count: 1 | TotalTime:0.002s | Cost:349464.88
LS: BlockRelocate | Count: 1 | TotalTime:0.000s | Cost:329893.52
LS: mPDG | Count: 1 | TotalTime:0.008s | Cost:341778.27
LS: BlockExchange | Count: 1 | TotalTime:0.001s | Cost:692727.75
LS: BlockRelocate | Count: 1 | TotalTime:0.004s | Cost:371518.10
LS: BlockExchange | Count: 1 | TotalTime:0.001s | Cost:405033.96
LS: BlockRelocate | Count: 1 | TotalTime:0.005s | Cost:421364.39
LS: BlockRelocate | Count: 1 | TotalTime:0.001s | Cost:421588.17
Generation 4: Best = 226179.32, Worst = 747374.02, Avg = 581627.09, Time: 0.16186189651489258
LS: BlockRelocate | Count: 0 | TotalTime:0.014s | Cost:226179.32
LS: BlockRelocate | Count: 1 | TotalTime:0.001s | Cost:325026.94
LS: mPDG | Count: 0 | TotalTime:0.009s | Cost:341778.27
LS: mPDG | Count: 0 | TotalTime:0.009s | Cost:341778.27
LS: PDPairExchange | Count: 1 | TotalTime:0.001s | Cost:329081.53
LS: BlockExchange | Count: 1 | TotalTime:0.003s | Cost:355689.88
LS: mPDG | Count: 1 | TotalTime:0.008s | Cost:341778.27
LS: mPDG | Count: 1 | TotalTime:0.008s | Cost:341778.27
LS: PDPairExchange | Count: 1 | TotalTime:0.001s | Cost:349464.88
LS: mPDG | Count: 1 | TotalTime:0.008s | Cost:341778.27
LS: BlockExchange | Count: 1 | TotalTime:0.001s | Cost:352301.46
Generation 5: Best = 226179.32, Worst = 727204.60, Avg = 418920.42, Time: 0.19573020935058594
Stopping early due to lack of improvement.
Total runtime: 1.51s (0.0 minutes)
LS: PDPairExchange:0(0.000s) | BlockExchange:0(0.002s) | mPDG:0(0.007s) | BlockRelocate:0(0.014s) | TotalTime:0.023s | Cost:226179.32
LS: BlockRelocate:9(0.032s) | PDPairExchange:0(0.002s) | BlockExchange:0(0.002s) | mPDG:0(0.010s) | TotalTime:0.047s | Cost:271171.95
LS: PDPairExchange:6(0.006s) | BlockExchange:4(0.028s) | BlockRelocate:8(0.046s) | mPDG:1(0.007s) | TotalTime:0.087s | Cost:251432.28
LS: mPDG:5(0.034s) | PDPairExchange:1(0.011s) | BlockExchange:2(0.008s) | BlockRelocate:1(0.022s) | TotalTime:0.074s | Cost:245284.90
LS: mPDG:6(0.044s) | PDPairExchange:0(0.015s) | BlockExchange:3(0.016s) | BlockRelocate:3(0.024s) | TotalTime:0.098s | Cost:245284.90

The solution initialized by Cheapest Insertion:
V_1:[d3_1434540057-18] V_2:[d4_1416140054-4 d1_1353340051-1 p1_1433060056-1 p6_1700010068-1 d6_1700010068-6 d1_1433060056-1] V_3:[p3_1641430066-1 p1_1509410060-1 p1_1651110067-1 p1_1420180055-1 d1_1420180055-1 d1_1651110067-1 d1_1509410060-1 d3_1641430066-3 d1_1553070063-1 p1_1700300069-1 p1_1620510065-1 d1_1620510065-1 d1_1700300069-1] V_4:[d15_1434540057-15] V_5:[d1_1450260059-1 p10_1550060062-1 p2_1510490061-1 d2_1510490061-2 p1_1553320064-1 d1_1553320064-1 d10_1550060062-10]
The fitness value before EA: 226179.32444444444
V_1:[d3_1434540057-18] V_2:[d4_1416140054-4 d1_1353340051-1 p1_1433060056-1 p6_1700010068-1 d6_1700010068-6 d1_1433060056-1] V_3:[p3_1641430066-1 p1_1509410060-1 p1_1651110067-1 p1_1420180055-1 d1_1420180055-1 d1_1651110067-1 d1_1509410060-1 d3_1641430066-3 d1_1553070063-1 p1_1700300069-1 p1_1620510065-1 d1_1620510065-1 d1_1700300069-1] V_4:[d15_1434540057-15] V_5:[d1_1450260059-1 p10_1550060062-1 p2_1510490061-1 d2_1510490061-2 p1_1553320064-1 d1_1553320064-1 d10_1550060062-10]
The fitness value after EA: 226179.32444444444

Thoi gian thuc hien thuat toan:  1.9914541244506836
SUCCESS

2025-10-04 08:46:45,158 [simulate_environment.py | 256] INFO: 2025-10-04 17:20:00, Item 1420180055-1: state = 1 < 2, we can not finish the simulation
2025-10-04 08:46:45,158 [simulate_environment.py | 99] INFO: **************************************************
2025-10-04 08:46:45,158 [simulate_environment.py | 103] INFO: cur time: 2025-10-04 17:30:00, pre time: 2025-10-04 17:20:00
2025-10-04 08:46:45,158 [simulate_environment.py | 140] INFO: Start to update the input of 2025-10-04 17:30:00
2025-10-04 08:46:45,159 [simulate_environment.py | 167] INFO: Get 28 unallocated order items, 25 ongoing order items, 191 completed order items
2025-10-04 08:46:50,331 [simulate_environment.py | 234] INFO: 
Adaptive config applied: {'num_orders': 10, 'num_vehicles': 5, 'time_budget_sec': None, 'POPULATION_SIZE': 40, 'NUMBER_OF_GENERATION': 20, 'MUTATION_RATE': 0.1, 'LS_MAX': 20, 'LS_MAX_TIME_PER_OP': 3, 'LS_MAX_TIME_IN_SINGLE': 1}
LS: mPDG | Count: 0 | TotalTime:0.017s | Cost:226177.80
LS: PDPairExchange | Count: 1 | TotalTime:0.001s | Cost:441254.44
LS: PDPairExchange | Count: 1 | TotalTime:0.000s | Cost:596751.32
LS: BlockRelocate | Count: 1 | TotalTime:0.002s | Cost:634939.47
LS: PDPairExchange | Count: 1 | TotalTime:0.001s | Cost:441254.44
LS: BlockExchange | Count: 1 | TotalTime:0.001s | Cost:636500.70
LS: PDPairExchange | Count: 1 | TotalTime:0.000s | Cost:631256.14
LS: mPDG | Count: 1 | TotalTime:0.035s | Cost:654503.78
LS: BlockRelocate | Count: 1 | TotalTime:0.003s | Cost:617133.15
LS: mPDG | Count: 1 | TotalTime:0.040s | Cost:654503.78
LS: mPDG | Count: 1 | TotalTime:0.038s | Cost:654503.78
Generation 1: Best = 226177.80, Worst = 673524.15, Avg = 635276.87, Time: 0.5865037441253662
LS: mPDG | Count: 0 | TotalTime:0.019s | Cost:226177.80
LS: PDPairExchange | Count: 1 | TotalTime:0.000s | Cost:439088.35
LS: PDPairExchange | Count: 1 | TotalTime:0.001s | Cost:439088.35
LS: PDPairExchange | Count: 1 | TotalTime:0.002s | Cost:596617.91
LS: BlockRelocate | Count: 1 | TotalTime:0.011s | Cost:614063.67
LS: PDPairExchange | Count: 1 | TotalTime:0.003s | Cost:597139.09
LS: BlockRelocate | Count: 1 | TotalTime:0.013s | Cost:623805.80
LS: BlockExchange | Count: 1 | TotalTime:0.002s | Cost:582676.63
LS: PDPairExchange | Count: 1 | TotalTime:0.001s | Cost:629578.78
LS: BlockExchange | Count: 1 | TotalTime:0.007s | Cost:629578.78
LS: mPDG | Count: 1 | TotalTime:0.032s | Cost:611852.50
Generation 2: Best = 226177.80, Worst = 702569.52, Avg = 632060.10, Time: 0.5368363857269287
LS: mPDG | Count: 0 | TotalTime:0.025s | Cost:226177.80
LS: PDPairExchange | Count: 1 | TotalTime:0.001s | Cost:432935.33
LS: PDPairExchange | Count: 1 | TotalTime:0.001s | Cost:413571.33
LS: BlockExchange | Count: 1 | TotalTime:0.004s | Cost:531821.07
LS: PDPairExchange | Count: 1 | TotalTime:0.002s | Cost:517450.74
LS: PDPairExchange | Count: 1 | TotalTime:0.003s | Cost:495622.46
LS: mPDG | Count: 1 | TotalTime:0.033s | Cost:597500.14
LS: BlockRelocate | Count: 1 | TotalTime:0.007s | Cost:610328.14
LS: BlockRelocate | Count: 1 | TotalTime:0.002s | Cost:387983.17
LS: BlockRelocate | Count: 1 | TotalTime:0.002s | Cost:622452.86
LS: PDPairExchange | Count: 1 | TotalTime:0.005s | Cost:548803.70
Generation 3: Best = 226177.80, Worst = 733311.86, Avg = 627931.35, Time: 0.5046498775482178
LS: PDPairExchange | Count: 0 | TotalTime:0.004s | Cost:226177.80
LS: PDPairExchange | Count: 1 | TotalTime:0.002s | Cost:354321.70
LS: BlockExchange | Count: 1 | TotalTime:0.001s | Cost:356177.11
LS: PDPairExchange | Count: 1 | TotalTime:0.001s | Cost:354321.70
LS: BlockRelocate | Count: 1 | TotalTime:0.001s | Cost:323283.67
LS: BlockRelocate | Count: 1 | TotalTime:0.002s | Cost:358713.42
LS: PDPairExchange | Count: 1 | TotalTime:0.005s | Cost:354321.70
LS: BlockExchange | Count: 1 | TotalTime:0.002s | Cost:692726.23
LS: BlockExchange | Count: 1 | TotalTime:0.000s | Cost:354321.70
LS: BlockRelocate | Count: 1 | TotalTime:0.010s | Cost:360116.46
LS: BlockRelocate | Count: 1 | TotalTime:0.004s | Cost:395110.52
Generation 4: Best = 226177.80, Worst = 702569.52, Avg = 560969.56, Time: 0.40305304527282715
LS: mPDG | Count: 0 | TotalTime:0.016s | Cost:226177.80
LS: BlockRelocate | Count: 1 | TotalTime:0.006s | Cost:303839.56
LS: PDPairExchange | Count: 1 | TotalTime:0.002s | Cost:353375.10
LS: PDPairExchange | Count: 1 | TotalTime:0.004s | Cost:335688.34
LS: PDPairExchange | Count: 1 | TotalTime:0.003s | Cost:335688.34
LS: BlockExchange | Count: 1 | TotalTime:0.001s | Cost:808661.07
LS: BlockExchange | Count: 1 | TotalTime:0.001s | Cost:337055.01
LS: BlockRelocate | Count: 1 | TotalTime:0.004s | Cost:338443.22
LS: mPDG | Count: 1 | TotalTime:0.019s | Cost:341776.75
LS: BlockRelocate | Count: 1 | TotalTime:0.001s | Cost:341776.75
LS: BlockExchange | Count: 1 | TotalTime:0.001s | Cost:335688.34
Generation 5: Best = 226177.80, Worst = 808661.07, Avg = 386168.09, Time: 0.48854494094848633
Stopping early due to lack of improvement.
Total runtime: 3.74s (0.1 minutes)
LS: BlockRelocate:0(0.000s) | BlockExchange:0(0.004s) | mPDG:0(0.011s) | PDPairExchange:0(0.003s) | TotalTime:0.018s | Cost:226177.80
LS: BlockRelocate:6(0.087s) | PDPairExchange:0(0.011s) | BlockExchange:1(0.011s) | mPDG:0(0.030s) | TotalTime:0.139s | Cost:232011.18
LS: PDPairExchange:13(0.036s) | BlockExchange:2(0.020s) | BlockRelocate:4(0.018s) | mPDG:0(0.000s) | TotalTime:0.074s | Cost:353652.72
LS: PDPairExchange:1(0.005s) | BlockExchange:7(0.101s) | BlockRelocate:7(0.139s) | mPDG:1(0.033s) | TotalTime:0.278s | Cost:226177.80
LS: BlockExchange:13(0.029s) | PDPairExchange:0(0.043s) | BlockRelocate:5(0.060s) | mPDG:0(0.023s) | TotalTime:0.154s | Cost:280882.51

The solution initialized by Cheapest Insertion:
V_1:[d3_1434540057-18] V_2:[d4_1416140054-4 d1_1353340051-1 p1_1433060056-1 p6_1700010068-1 d6_1700010068-6 d1_1433060056-1] V_3:[p3_1641430066-1 p1_1509410060-1 p1_1651110067-1 p1_1420180055-1 d1_1420180055-1 d1_1651110067-1 d1_1509410060-1 d3_1641430066-3 d1_1553070063-1 p1_1700300069-1 p1_1620510065-1 d1_1620510065-1 d1_1700300069-1] V_4:[d15_1434540057-15] V_5:[d1_1450260059-1 p10_1550060062-1 p2_1510490061-1 d2_1510490061-2 p1_1553320064-1 d1_1553320064-1 d10_1550060062-10]
The fitness value before EA: 226177.80444444442
V_1:[d3_1434540057-18] V_2:[d4_1416140054-4 d1_1353340051-1 p1_1433060056-1 p6_1700010068-1 d6_1700010068-6 d1_1433060056-1] V_3:[p3_1641430066-1 p1_1509410060-1 p1_1651110067-1 p1_1420180055-1 d1_1420180055-1 d1_1651110067-1 d1_1509410060-1 d3_1641430066-3 d1_1553070063-1 p1_1700300069-1 p1_1620510065-1 d1_1620510065-1 d1_1700300069-1] V_4:[d15_1434540057-15] V_5:[d1_1450260059-1 p10_1550060062-1 p2_1510490061-1 d2_1510490061-2 p1_1553320064-1 d1_1553320064-1 d10_1550060062-10]
The fitness value after EA: 226177.80444444442

Thoi gian thuc hien thuat toan:  4.739593029022217
SUCCESS

2025-10-04 08:46:50,337 [simulate_environment.py | 256] INFO: 2025-10-04 17:30:00, Item 1420180055-1: state = 1 < 2, we can not finish the simulation
2025-10-04 08:46:50,338 [simulate_environment.py | 99] INFO: **************************************************
2025-10-04 08:46:50,338 [simulate_environment.py | 103] INFO: cur time: 2025-10-04 17:40:00, pre time: 2025-10-04 17:30:00
2025-10-04 08:46:50,339 [simulate_environment.py | 140] INFO: Start to update the input of 2025-10-04 17:40:00
2025-10-04 08:46:50,342 [simulate_environment.py | 167] INFO: Get 11 unallocated order items, 42 ongoing order items, 192 completed order items
2025-10-04 08:46:54,472 [simulate_environment.py | 234] INFO: 
Adaptive config applied: {'num_orders': 6, 'num_vehicles': 5, 'time_budget_sec': None, 'POPULATION_SIZE': 40, 'NUMBER_OF_GENERATION': 20, 'MUTATION_RATE': 0.1, 'LS_MAX': 20, 'LS_MAX_TIME_PER_OP': 3, 'LS_MAX_TIME_IN_SINGLE': 1}
LS: PDPairExchange | Count: 0 | TotalTime:0.001s | Cost:239975.76
LS: mPDG | Count: 1 | TotalTime:0.004s | Cost:277419.12
LS: BlockExchange | Count: 0 | TotalTime:0.001s | Cost:347717.06
LS: BlockRelocate | Count: 1 | TotalTime:0.005s | Cost:334397.10
LS: BlockRelocate | Count: 1 | TotalTime:0.002s | Cost:306111.02
LS: BlockExchange | Count: 1 | TotalTime:0.000s | Cost:344864.04
LS: BlockRelocate | Count: 1 | TotalTime:0.001s | Cost:306111.02
LS: BlockExchange | Count: 1 | TotalTime:0.000s | Cost:347361.73
LS: PDPairExchange | Count: 1 | TotalTime:0.001s | Cost:347361.73
LS: BlockExchange | Count: 1 | TotalTime:0.001s | Cost:344864.04
LS: mPDG | Count: 1 | TotalTime:0.007s | Cost:334397.10
Generation 1: Best = 239975.76, Worst = 347717.06, Avg = 340359.36, Time: 0.15784096717834473
LS: PDPairExchange | Count: 0 | TotalTime:0.002s | Cost:239975.76
LS: mPDG | Count: 1 | TotalTime:0.010s | Cost:262352.45
LS: BlockRelocate | Count: 1 | TotalTime:0.002s | Cost:306110.74
LS: BlockRelocate | Count: 1 | TotalTime:0.001s | Cost:254781.60
LS: BlockRelocate | Count: 1 | TotalTime:0.004s | Cost:283067.67
LS: mPDG | Count: 0 | TotalTime:0.006s | Cost:334397.10
LS: BlockExchange | Count: 1 | TotalTime:0.001s | Cost:401264.38
LS: BlockExchange | Count: 1 | TotalTime:0.001s | Cost:364800.46
LS: BlockRelocate | Count: 1 | TotalTime:0.003s | Cost:306111.02
LS: BlockRelocate | Count: 1 | TotalTime:0.002s | Cost:306111.02
LS: BlockExchange | Count: 1 | TotalTime:0.001s | Cost:347361.73
Generation 2: Best = 239975.76, Worst = 411122.72, Avg = 374942.58, Time: 0.34143543243408203
LS: mPDG | Count: 0 | TotalTime:0.006s | Cost:239975.76
LS: BlockRelocate | Count: 1 | TotalTime:0.001s | Cost:254781.32
LS: mPDG | Count: 1 | TotalTime:0.005s | Cost:243942.47
LS: BlockRelocate | Count: 1 | TotalTime:0.008s | Cost:254781.32
LS: BlockRelocate | Count: 1 | TotalTime:0.003s | Cost:301180.27
LS: BlockRelocate | Count: 1 | TotalTime:0.002s | Cost:306110.74
LS: BlockRelocate | Count: 1 | TotalTime:0.001s | Cost:303972.42
LS: mPDG | Count: 0 | TotalTime:0.010s | Cost:334397.10
LS: BlockRelocate | Count: 1 | TotalTime:0.004s | Cost:334397.10
LS: mPDG | Count: 1 | TotalTime:0.006s | Cost:334397.10
LS: BlockRelocate | Count: 1 | TotalTime:0.002s | Cost:304601.36
Generation 3: Best = 239975.76, Worst = 411122.72, Avg = 372144.06, Time: 0.4089491367340088
LS: mPDG | Count: 0 | TotalTime:0.005s | Cost:239975.76
LS: mPDG | Count: 0 | TotalTime:0.010s | Cost:243942.47
LS: BlockRelocate | Count: 1 | TotalTime:0.004s | Cost:249850.84
LS: BlockRelocate | Count: 1 | TotalTime:0.015s | Cost:249850.84
LS: BlockRelocate | Count: 1 | TotalTime:0.007s | Cost:249850.84
LS: BlockRelocate | Count: 1 | TotalTime:0.001s | Cost:293745.72
LS: BlockRelocate | Count: 1 | TotalTime:0.010s | Cost:276648.34
LS: BlockRelocate | Count: 1 | TotalTime:0.005s | Cost:294638.02
LS: BlockRelocate | Count: 1 | TotalTime:0.012s | Cost:334397.10
LS: mPDG | Count: 1 | TotalTime:0.018s | Cost:334397.10
LS: mPDG | Count: 1 | TotalTime:0.012s | Cost:334397.10
Generation 4: Best = 239975.76, Worst = 411122.72, Avg = 370766.83, Time: 0.467559814453125
LS: PDPairExchange | Count: 0 | TotalTime:0.003s | Cost:239975.76
LS: mPDG | Count: 0 | TotalTime:0.016s | Cost:243942.47
LS: BlockRelocate | Count: 0 | TotalTime:0.025s | Cost:249850.84
LS: BlockRelocate | Count: 0 | TotalTime:0.024s | Cost:249850.84
LS: BlockRelocate | Count: 0 | TotalTime:0.033s | Cost:249850.84
LS: BlockRelocate | Count: 1 | TotalTime:0.007s | Cost:257945.69
LS: BlockRelocate | Count: 1 | TotalTime:0.002s | Cost:284606.69
LS: BlockRelocate | Count: 1 | TotalTime:0.002s | Cost:294429.34
LS: mPDG | Count: 1 | TotalTime:0.007s | Cost:334397.10
LS: mPDG | Count: 1 | TotalTime:0.009s | Cost:334397.10
LS: BlockRelocate | Count: 1 | TotalTime:0.001s | Cost:351454.02
Generation 5: Best = 239975.76, Worst = 411122.72, Avg = 370239.29, Time: 0.5753743648529053
Stopping early due to lack of improvement.
Total runtime: 3.23s (0.1 minutes)
LS: mPDG:0(0.000s) | BlockExchange:0(0.002s) | BlockRelocate:0(0.023s) | PDPairExchange:0(0.002s) | TotalTime:0.027s | Cost:239975.76
LS: mPDG:0(0.000s) | PDPairExchange:0(0.004s) | BlockExchange:0(0.004s) | BlockRelocate:1(0.026s) | TotalTime:0.033s | Cost:239975.76
LS: BlockRelocate:1(0.007s) | PDPairExchange:0(0.003s) | BlockExchange:1(0.002s) | mPDG:0(0.006s) | TotalTime:0.018s | Cost:239975.76
LS: BlockRelocate:1(0.017s) | PDPairExchange:0(0.006s) | BlockExchange:1(0.004s) | mPDG:0(0.014s) | TotalTime:0.041s | Cost:239975.76
LS: BlockRelocate:2(0.033s) | PDPairExchange:0(0.004s) | BlockExchange:1(0.003s) | mPDG:0(0.005s) | TotalTime:0.045s | Cost:239975.76

The solution initialized by Cheapest Insertion:
V_1:[d3_1434540057-18] V_2:[d4_1416140054-4 d1_1353340051-1 p1_1433060056-1 p6_1700010068-1 d6_1700010068-6 d1_1433060056-1] V_3:[d1_1420180055-1 d1_1651110067-1 d1_1509410060-1 d3_1641430066-3 d1_1553070063-1 p1_1700300069-1 p1_1620510065-1 d1_1620510065-1 d1_1700300069-1] V_4:[d15_1434540057-15] V_5:[d2_1510490061-2 p1_1553320064-1 d1_1553320064-1 d10_1550060062-10 p1_1735470070-1 d1_1735470070-1]
The fitness value before EA: 239975.76222222223
V_1:[d3_1434540057-18] V_2:[d4_1416140054-4 d1_1353340051-1 p1_1433060056-1 p6_1700010068-1 d6_1700010068-6 d1_1433060056-1] V_3:[d1_1420180055-1 d1_1651110067-1 d1_1509410060-1 d3_1641430066-3 d1_1553070063-1 p1_1700300069-1 p1_1620510065-1 d1_1620510065-1 d1_1700300069-1] V_4:[d15_1434540057-15] V_5:[d2_1510490061-2 p1_1553320064-1 d1_1553320064-1 d10_1550060062-10 p1_1735470070-1 d1_1735470070-1]
The fitness value after EA: 239975.76222222223

Thoi gian thuc hien thuat toan:  3.545318841934204
SUCCESS

2025-10-04 08:46:54,479 [simulate_environment.py | 256] INFO: 2025-10-04 17:40:00, Item 1433060056-1: state = 1 < 2, we can not finish the simulation
2025-10-04 08:46:54,480 [simulate_environment.py | 99] INFO: **************************************************
2025-10-04 08:46:54,480 [simulate_environment.py | 103] INFO: cur time: 2025-10-04 17:50:00, pre time: 2025-10-04 17:40:00
2025-10-04 08:46:54,481 [simulate_environment.py | 140] INFO: Start to update the input of 2025-10-04 17:50:00
2025-10-04 08:46:54,493 [simulate_environment.py | 167] INFO: Get 12 unallocated order items, 42 ongoing order items, 192 completed order items
2025-10-04 08:46:58,087 [simulate_environment.py | 234] INFO: 
Adaptive config applied: {'num_orders': 7, 'num_vehicles': 5, 'time_budget_sec': None, 'POPULATION_SIZE': 40, 'NUMBER_OF_GENERATION': 20, 'MUTATION_RATE': 0.1, 'LS_MAX': 20, 'LS_MAX_TIME_PER_OP': 3, 'LS_MAX_TIME_IN_SINGLE': 1}
LS: BlockRelocate | Count: 0 | TotalTime:0.011s | Cost:240131.05
LS: mPDG | Count: 1 | TotalTime:0.006s | Cost:342533.98
LS: mPDG | Count: 0 | TotalTime:0.005s | Cost:358262.30
LS: mPDG | Count: 0 | TotalTime:0.005s | Cost:358262.30
LS: PDPairExchange | Count: 1 | TotalTime:0.002s | Cost:357906.97
LS: mPDG | Count: 0 | TotalTime:0.005s | Cost:358262.30
LS: PDPairExchange | Count: 1 | TotalTime:0.001s | Cost:357906.97
LS: BlockExchange | Count: 1 | TotalTime:0.002s | Cost:433212.38
LS: BlockRelocate | Count: 1 | TotalTime:0.003s | Cost:344942.34
LS: mPDG | Count: 0 | TotalTime:0.005s | Cost:358262.30
LS: PDPairExchange | Count: 1 | TotalTime:0.000s | Cost:357906.97
Generation 1: Best = 240131.05, Worst = 433212.38, Avg = 356429.92, Time: 0.20186567306518555
LS: BlockRelocate | Count: 0 | TotalTime:0.010s | Cost:240131.05
LS: mPDG | Count: 1 | TotalTime:0.004s | Cost:331677.06
LS: BlockRelocate | Count: 1 | TotalTime:0.005s | Cost:293612.91
LS: PDPairExchange | Count: 1 | TotalTime:0.000s | Cost:348670.86
LS: PDPairExchange | Count: 1 | TotalTime:0.000s | Cost:348670.86
LS: PDPairExchange | Count: 1 | TotalTime:0.000s | Cost:354737.26
LS: PDPairExchange | Count: 1 | TotalTime:0.002s | Cost:357906.97
LS: mPDG | Count: 0 | TotalTime:0.005s | Cost:358262.30
LS: mPDG | Count: 1 | TotalTime:0.005s | Cost:400852.40
LS: BlockExchange | Count: 0 | TotalTime:0.000s | Cost:404219.09
LS: mPDG | Count: 1 | TotalTime:0.004s | Cost:395585.38
Generation 2: Best = 240131.05, Worst = 470778.82, Avg = 405701.78, Time: 0.17839956283569336
LS: mPDG | Count: 0 | TotalTime:0.006s | Cost:240131.05
LS: BlockRelocate | Count: 1 | TotalTime:0.006s | Cost:265326.56
LS: mPDG | Count: 1 | TotalTime:0.004s | Cost:250521.00
LS: PDPairExchange | Count: 1 | TotalTime:0.002s | Cost:344220.60
LS: PDPairExchange | Count: 1 | TotalTime:0.001s | Cost:344220.60
LS: PDPairExchange | Count: 1 | TotalTime:0.000s | Cost:349637.20
LS: PDPairExchange | Count: 1 | TotalTime:0.001s | Cost:348670.86
LS: BlockRelocate | Count: 1 | TotalTime:0.001s | Cost:316656.26
LS: BlockRelocate | Count: 1 | TotalTime:0.003s | Cost:306932.88
LS: PDPairExchange | Count: 1 | TotalTime:0.001s | Cost:357906.97
LS: BlockRelocate | Count: 1 | TotalTime:0.004s | Cost:316656.26
Generation 3: Best = 240131.05, Worst = 470778.82, Avg = 383097.04, Time: 0.17575311660766602
LS: mPDG | Count: 0 | TotalTime:0.005s | Cost:240131.05
LS: mPDG | Count: 0 | TotalTime:0.005s | Cost:250521.00
LS: BlockRelocate | Count: 1 | TotalTime:0.002s | Cost:260396.08
LS: BlockRelocate | Count: 1 | TotalTime:0.002s | Cost:304303.16
LS: BlockRelocate | Count: 1 | TotalTime:0.001s | Cost:314517.66
LS: BlockRelocate | Count: 1 | TotalTime:0.001s | Cost:316655.98
LS: PDPairExchange | Count: 1 | TotalTime:0.001s | Cost:343237.26
LS: PDPairExchange | Count: 1 | TotalTime:0.001s | Cost:343237.26
LS: BlockExchange | Count: 1 | TotalTime:0.000s | Cost:357906.97
LS: BlockExchange | Count: 1 | TotalTime:0.001s | Cost:357906.97
LS: mPDG | Count: 1 | TotalTime:0.005s | Cost:366585.38
Generation 4: Best = 240131.05, Worst = 470778.82, Avg = 383709.71, Time: 0.17357826232910156
LS: BlockExchange | Count: 0 | TotalTime:0.001s | Cost:240131.05
LS: mPDG | Count: 0 | TotalTime:0.005s | Cost:250521.00
LS: BlockRelocate | Count: 1 | TotalTime:0.002s | Cost:254029.42
LS: BlockRelocate | Count: 1 | TotalTime:0.002s | Cost:293612.91
LS: BlockRelocate | Count: 1 | TotalTime:0.001s | Cost:304050.71
LS: BlockRelocate | Count: 1 | TotalTime:0.001s | Cost:311725.51
LS: PDPairExchange | Count: 0 | TotalTime:0.001s | Cost:343237.26
LS: PDPairExchange | Count: 0 | TotalTime:0.001s | Cost:343237.26
LS: PDPairExchange | Count: 1 | TotalTime:0.000s | Cost:370172.67
LS: BlockExchange | Count: 1 | TotalTime:0.000s | Cost:377052.32
LS: BlockRelocate | Count: 1 | TotalTime:0.001s | Cost:338299.30
Generation 5: Best = 240131.05, Worst = 411219.09, Avg = 382004.36, Time: 0.1658649444580078
Stopping early due to lack of improvement.
Total runtime: 2.54s (0.0 minutes)
LS: BlockRelocate:0(0.000s) | PDPairExchange:0(0.001s) | BlockExchange:0(0.001s) | mPDG:0(0.005s) | TotalTime:0.007s | Cost:240131.05
LS: mPDG:0(0.000s) | PDPairExchange:0(0.005s) | BlockExchange:0(0.006s) | BlockRelocate:3(0.021s) | TotalTime:0.032s | Cost:240131.05
LS: BlockRelocate:3(0.019s) | PDPairExchange:0(0.004s) | BlockExchange:1(0.002s) | mPDG:0(0.005s) | TotalTime:0.030s | Cost:240131.05
LS: BlockRelocate:8(0.030s) | PDPairExchange:0(0.001s) | BlockExchange:0(0.001s) | mPDG:0(0.005s) | TotalTime:0.037s | Cost:240131.05
LS: BlockRelocate:6(0.025s) | PDPairExchange:0(0.001s) | BlockExchange:0(0.001s) | mPDG:0(0.004s) | TotalTime:0.032s | Cost:240131.05

The solution initialized by Cheapest Insertion:
V_1:[d3_1434540057-18] V_2:[d4_1416140054-4 d1_1353340051-1 p1_1433060056-1 p6_1700010068-1 d6_1700010068-6 d1_1433060056-1] V_3:[d1_1420180055-1 d1_1651110067-1 d1_1509410060-1 d3_1641430066-3 d1_1553070063-1 p1_1742060071-1 p1_1700300069-1 p1_1620510065-1 d1_1620510065-1 d1_1700300069-1 d1_1742060071-1] V_4:[d15_1434540057-15] V_5:[d2_1510490061-2 p1_1553320064-1 d1_1553320064-1 d10_1550060062-10 p1_1735470070-1 d1_1735470070-1]
The fitness value before EA: 240131.04888888888
V_1:[d3_1434540057-18] V_2:[d4_1416140054-4 d1_1353340051-1 p1_1433060056-1 p6_1700010068-1 d6_1700010068-6 d1_1433060056-1] V_3:[d1_1420180055-1 d1_1651110067-1 d1_1509410060-1 d3_1641430066-3 d1_1553070063-1 p1_1742060071-1 p1_1700300069-1 p1_1620510065-1 d1_1620510065-1 d1_1700300069-1 d1_1742060071-1] V_4:[d15_1434540057-15] V_5:[d2_1510490061-2 p1_1553320064-1 d1_1553320064-1 d10_1550060062-10 p1_1735470070-1 d1_1735470070-1]
The fitness value after EA: 240131.04888888888

Thoi gian thuc hien thuat toan:  2.7602415084838867
SUCCESS

2025-10-04 08:46:58,089 [simulate_environment.py | 256] INFO: 2025-10-04 17:50:00, Item 1433060056-1: state = 1 < 2, we can not finish the simulation
2025-10-04 08:46:58,089 [simulate_environment.py | 99] INFO: **************************************************
2025-10-04 08:46:58,090 [simulate_environment.py | 103] INFO: cur time: 2025-10-04 18:00:00, pre time: 2025-10-04 17:50:00
2025-10-04 08:46:58,090 [simulate_environment.py | 140] INFO: Start to update the input of 2025-10-04 18:00:00
2025-10-04 08:46:58,090 [simulate_environment.py | 167] INFO: Get 12 unallocated order items, 38 ongoing order items, 196 completed order items
2025-10-04 08:47:09,726 [simulate_environment.py | 234] INFO: 
Adaptive config applied: {'num_orders': 7, 'num_vehicles': 5, 'time_budget_sec': None, 'POPULATION_SIZE': 40, 'NUMBER_OF_GENERATION': 20, 'MUTATION_RATE': 0.1, 'LS_MAX': 20, 'LS_MAX_TIME_PER_OP': 3, 'LS_MAX_TIME_IN_SINGLE': 1}
LS: mPDG | Count: 0 | TotalTime:0.017s | Cost:240131.05
LS: BlockRelocate | Count: 1 | TotalTime:0.016s | Cost:344942.34
LS: PDPairExchange | Count: 1 | TotalTime:0.002s | Cost:357906.97
LS: BlockExchange | Count: 1 | TotalTime:0.002s | Cost:357906.97
LS: PDPairExchange | Count: 1 | TotalTime:0.003s | Cost:357906.97
LS: PDPairExchange | Count: 1 | TotalTime:0.003s | Cost:357906.97
LS: BlockRelocate | Count: 1 | TotalTime:0.004s | Cost:316656.26
LS: BlockExchange | Count: 1 | TotalTime:0.002s | Cost:357906.97
LS: mPDG | Count: 0 | TotalTime:0.016s | Cost:358262.30
LS: PDPairExchange | Count: 1 | TotalTime:0.002s | Cost:357906.97
LS: mPDG | Count: 0 | TotalTime:0.017s | Cost:358262.30
Generation 1: Best = 240131.05, Worst = 440664.52, Avg = 355942.63, Time: 0.5291924476623535
LS: BlockRelocate | Count: 0 | TotalTime:0.028s | Cost:240131.05
LS: BlockRelocate | Count: 1 | TotalTime:0.003s | Cost:316655.98
LS: BlockRelocate | Count: 1 | TotalTime:0.005s | Cost:293612.91
LS: PDPairExchange | Count: 1 | TotalTime:0.002s | Cost:354737.26
LS: BlockExchange | Count: 1 | TotalTime:0.002s | Cost:348970.96
LS: PDPairExchange | Count: 1 | TotalTime:0.011s | Cost:348970.96
LS: PDPairExchange | Count: 1 | TotalTime:0.001s | Cost:354737.26
LS: BlockExchange | Count: 1 | TotalTime:0.002s | Cost:348970.96
LS: PDPairExchange | Count: 1 | TotalTime:0.001s | Cost:357906.97
LS: BlockExchange | Count: 1 | TotalTime:0.009s | Cost:433212.38
LS: BlockExchange | Count: 1 | TotalTime:0.001s | Cost:336947.39
Generation 2: Best = 240131.05, Worst = 433212.38, Avg = 390781.47, Time: 0.6375384330749512
LS: BlockRelocate | Count: 0 | TotalTime:0.031s | Cost:240131.05
LS: BlockRelocate | Count: 1 | TotalTime:0.019s | Cost:265326.56
LS: BlockRelocate | Count: 1 | TotalTime:0.014s | Cost:304050.71
LS: BlockExchange | Count: 1 | TotalTime:0.004s | Cost:335964.06
LS: BlockExchange | Count: 0 | TotalTime:0.006s | Cost:348970.96
LS: PDPairExchange | Count: 0 | TotalTime:0.004s | Cost:348970.96
LS: BlockExchange | Count: 0 | TotalTime:0.004s | Cost:348970.96
LS: PDPairExchange | Count: 1 | TotalTime:0.002s | Cost:349637.20
LS: mPDG | Count: 0 | TotalTime:0.013s | Cost:358262.30
LS: mPDG | Count: 1 | TotalTime:0.023s | Cost:366585.38
LS: mPDG | Count: 1 | TotalTime:0.013s | Cost:366585.38
Generation 3: Best = 240131.05, Worst = 411219.09, Avg = 386639.01, Time: 0.6832766532897949
LS: mPDG | Count: 0 | TotalTime:0.054s | Cost:240131.05
LS: BlockRelocate | Count: 1 | TotalTime:0.059s | Cost:260396.08
LS: BlockRelocate | Count: 1 | TotalTime:0.014s | Cost:294581.60
LS: BlockExchange | Count: 1 | TotalTime:0.015s | Cost:335730.66
LS: BlockExchange | Count: 0 | TotalTime:0.001s | Cost:348970.96
LS: PDPairExchange | Count: 0 | TotalTime:0.013s | Cost:348970.96
LS: BlockExchange | Count: 0 | TotalTime:0.015s | Cost:348970.96
LS: PDPairExchange | Count: 0 | TotalTime:0.025s | Cost:349637.20
LS: BlockExchange | Count: 1 | TotalTime:0.001s | Cost:357906.97
LS: BlockRelocate | Count: 1 | TotalTime:0.014s | Cost:306932.88
LS: PDPairExchange | Count: 1 | TotalTime:0.004s | Cost:370172.67
Generation 4: Best = 240131.05, Worst = 415513.68, Avg = 385127.61, Time: 1.131129264831543
LS: BlockRelocate | Count: 0 | TotalTime:0.085s | Cost:240131.05
LS: BlockRelocate | Count: 1 | TotalTime:0.026s | Cost:254029.42
LS: BlockRelocate | Count: 1 | TotalTime:0.015s | Cost:279095.01
LS: BlockRelocate | Count: 1 | TotalTime:0.017s | Cost:293612.91
LS: BlockExchange | Count: 0 | TotalTime:0.016s | Cost:335730.66
LS: BlockExchange | Count: 0 | TotalTime:0.015s | Cost:348970.96
LS: PDPairExchange | Count: 0 | TotalTime:0.014s | Cost:348970.96
LS: BlockExchange | Count: 0 | TotalTime:0.015s | Cost:348970.96
LS: PDPairExchange | Count: 1 | TotalTime:0.001s | Cost:357906.97
LS: PDPairExchange | Count: 1 | TotalTime:0.002s | Cost:357906.97
LS: BlockRelocate | Count: 1 | TotalTime:0.015s | Cost:313823.00
Generation 5: Best = 240131.05, Worst = 415513.68, Avg = 384153.92, Time: 2.8342928886413574
Stopping early due to lack of improvement.
Total runtime: 9.01s (0.2 minutes)
LS: BlockExchange:0(0.000s) | mPDG:0(0.042s) | BlockRelocate:0(0.061s) | PDPairExchange:0(0.004s) | TotalTime:0.106s | Cost:240131.05
LS: BlockRelocate:3(0.040s) | PDPairExchange:0(0.023s) | BlockExchange:1(0.020s) | mPDG:0(0.031s) | TotalTime:0.114s | Cost:240131.05
LS: BlockRelocate:4(0.115s) | PDPairExchange:0(0.014s) | BlockExchange:0(0.013s) | mPDG:0(0.033s) | TotalTime:0.175s | Cost:245484.03
LS: BlockRelocate:8(0.166s) | PDPairExchange:0(0.004s) | BlockExchange:0(0.014s) | mPDG:0(0.057s) | TotalTime:0.240s | Cost:240131.05
LS: BlockRelocate:6(0.251s) | PDPairExchange:0(0.014s) | BlockExchange:0(0.013s) | mPDG:0(0.045s) | TotalTime:0.322s | Cost:240131.05

The solution initialized by Cheapest Insertion:
V_1:[d3_1434540057-18] V_2:[d1_1353340051-1 p1_1433060056-1 p6_1700010068-1 d6_1700010068-6 d1_1433060056-1] V_3:[d1_1420180055-1 d1_1651110067-1 d1_1509410060-1 d3_1641430066-3 d1_1553070063-1 p1_1742060071-1 p1_1700300069-1 p1_1620510065-1 d1_1620510065-1 d1_1700300069-1 d1_1742060071-1] V_4:[d15_1434540057-15] V_5:[d2_1510490061-2 p1_1553320064-1 d1_1553320064-1 d10_1550060062-10 p1_1735470070-1 d1_1735470070-1]
The fitness value before EA: 240131.04888888888
V_1:[d3_1434540057-18] V_2:[d1_1353340051-1 p1_1433060056-1 p6_1700010068-1 d6_1700010068-6 d1_1433060056-1] V_3:[d1_1420180055-1 d1_1651110067-1 d1_1509410060-1 d3_1641430066-3 d1_1553070063-1 p1_1742060071-1 p1_1700300069-1 p1_1620510065-1 d1_1620510065-1 d1_1700300069-1 d1_1742060071-1] V_4:[d15_1434540057-15] V_5:[d2_1510490061-2 p1_1553320064-1 d1_1553320064-1 d10_1550060062-10 p1_1735470070-1 d1_1735470070-1]
The fitness value after EA: 240131.04888888888

Thoi gian thuc hien thuat toan:  10.455076217651367
SUCCESS

2025-10-04 08:47:09,761 [simulate_environment.py | 256] INFO: 2025-10-04 18:00:00, Item 1433060056-1: state = 1 < 2, we can not finish the simulation
2025-10-04 08:47:09,762 [simulate_environment.py | 99] INFO: **************************************************
2025-10-04 08:47:09,763 [simulate_environment.py | 103] INFO: cur time: 2025-10-04 18:10:00, pre time: 2025-10-04 18:00:00
2025-10-04 08:47:09,763 [simulate_environment.py | 140] INFO: Start to update the input of 2025-10-04 18:10:00
2025-10-04 08:47:09,766 [simulate_environment.py | 167] INFO: Get 12 unallocated order items, 38 ongoing order items, 196 completed order items
2025-10-04 08:47:15,166 [simulate_environment.py | 234] INFO: 
Adaptive config applied: {'num_orders': 7, 'num_vehicles': 5, 'time_budget_sec': None, 'POPULATION_SIZE': 40, 'NUMBER_OF_GENERATION': 20, 'MUTATION_RATE': 0.1, 'LS_MAX': 20, 'LS_MAX_TIME_PER_OP': 3, 'LS_MAX_TIME_IN_SINGLE': 1}
LS: BlockRelocate | Count: 0 | TotalTime:0.020s | Cost:240131.05
LS: BlockRelocate | Count: 1 | TotalTime:0.002s | Cost:316656.26
LS: BlockRelocate | Count: 1 | TotalTime:0.018s | Cost:306932.88
LS: PDPairExchange | Count: 1 | TotalTime:0.002s | Cost:357906.97
LS: BlockRelocate | Count: 1 | TotalTime:0.002s | Cost:316656.26
LS: BlockExchange | Count: 1 | TotalTime:0.002s | Cost:433212.38
LS: BlockRelocate | Count: 1 | TotalTime:0.008s | Cost:316656.26
LS: BlockExchange | Count: 1 | TotalTime:0.002s | Cost:357906.97
LS: BlockRelocate | Count: 1 | TotalTime:0.008s | Cost:344942.34
LS: mPDG | Count: 0 | TotalTime:0.010s | Cost:358262.30
LS: BlockExchange | Count: 0 | TotalTime:0.001s | Cost:358262.30
Generation 1: Best = 240131.05, Worst = 560541.21, Avg = 357485.29, Time: 0.26306700706481934
LS: PDPairExchange | Count: 0 | TotalTime:0.001s | Cost:240131.05
LS: BlockRelocate | Count: 1 | TotalTime:0.005s | Cost:265326.84
LS: BlockRelocate | Count: 1 | TotalTime:0.001s | Cost:314517.66
LS: BlockRelocate | Count: 1 | TotalTime:0.001s | Cost:314517.66
LS: BlockRelocate | Count: 1 | TotalTime:0.003s | Cost:315650.20
LS: BlockRelocate | Count: 1 | TotalTime:0.001s | Cost:316655.98
LS: PDPairExchange | Count: 1 | TotalTime:0.001s | Cost:354737.26
LS: BlockExchange | Count: 1 | TotalTime:0.000s | Cost:348670.86
LS: PDPairExchange | Count: 1 | TotalTime:0.001s | Cost:357906.97
LS: BlockExchange | Count: 1 | TotalTime:0.001s | Cost:374762.60
LS: BlockRelocate | Count: 1 | TotalTime:0.001s | Cost:364699.40
Generation 2: Best = 240131.05, Worst = 411219.09, Avg = 386067.41, Time: 0.24977898597717285
LS: PDPairExchange | Count: 0 | TotalTime:0.001s | Cost:240131.05
LS: BlockRelocate | Count: 1 | TotalTime:0.005s | Cost:265326.56
LS: BlockRelocate | Count: 1 | TotalTime:0.001s | Cost:303344.77
LS: BlockRelocate | Count: 1 | TotalTime:0.001s | Cost:309684.90
LS: BlockRelocate | Count: 1 | TotalTime:0.002s | Cost:309283.54
LS: BlockRelocate | Count: 1 | TotalTime:0.003s | Cost:304050.71
LS: BlockExchange | Count: 1 | TotalTime:0.001s | Cost:344220.60
LS: PDPairExchange | Count: 1 | TotalTime:0.001s | Cost:349637.20
LS: mPDG | Count: 0 | TotalTime:0.004s | Cost:358262.30
LS: BlockRelocate | Count: 1 | TotalTime:0.001s | Cost:306932.88
LS: PDPairExchange | Count: 1 | TotalTime:0.000s | Cost:378572.43
Generation 3: Best = 240131.05, Worst = 411219.09, Avg = 384496.88, Time: 0.18027877807617188
LS: mPDG | Count: 0 | TotalTime:0.005s | Cost:240131.05
LS: BlockRelocate | Count: 1 | TotalTime:0.004s | Cost:264726.72
LS: BlockRelocate | Count: 1 | TotalTime:0.001s | Cost:296978.10
LS: BlockRelocate | Count: 1 | TotalTime:0.001s | Cost:285974.06
LS: BlockRelocate | Count: 1 | TotalTime:0.005s | Cost:265326.84
LS: BlockRelocate | Count: 1 | TotalTime:0.003s | Cost:298816.59
LS: BlockRelocate | Count: 1 | TotalTime:0.002s | Cost:304050.71
LS: BlockExchange | Count: 1 | TotalTime:0.001s | Cost:343237.26
LS: BlockExchange | Count: 1 | TotalTime:0.001s | Cost:357906.97
LS: PDPairExchange | Count: 1 | TotalTime:0.001s | Cost:357906.97
LS: BlockExchange | Count: 0 | TotalTime:0.000s | Cost:404219.09
Generation 4: Best = 240131.05, Worst = 411219.09, Avg = 381119.43, Time: 0.16244769096374512
LS: BlockRelocate | Count: 0 | TotalTime:0.009s | Cost:240131.05
LS: BlockRelocate | Count: 1 | TotalTime:0.002s | Cost:260351.70
LS: BlockRelocate | Count: 1 | TotalTime:0.002s | Cost:258953.55
LS: BlockRelocate | Count: 1 | TotalTime:0.001s | Cost:279607.40
LS: BlockRelocate | Count: 1 | TotalTime:0.004s | Cost:290074.34
LS: BlockRelocate | Count: 1 | TotalTime:0.002s | Cost:258959.89
LS: BlockRelocate | Count: 1 | TotalTime:0.001s | Cost:301189.94
LS: BlockExchange | Count: 0 | TotalTime:0.002s | Cost:343237.26
LS: BlockExchange | Count: 1 | TotalTime:0.001s | Cost:357906.97
LS: mPDG | Count: 1 | TotalTime:0.005s | Cost:400852.40
LS: PDPairExchange | Count: 1 | TotalTime:0.001s | Cost:378572.43
Generation 5: Best = 240131.05, Worst = 415513.68, Avg = 381164.82, Time: 0.16836214065551758
Stopping early due to lack of improvement.
Total runtime: 3.37s (0.1 minutes)
LS: BlockRelocate:0(0.000s) | mPDG:0(0.005s) | BlockExchange:0(0.001s) | PDPairExchange:0(0.001s) | TotalTime:0.008s | Cost:240131.05
LS: BlockRelocate:3(0.016s) | PDPairExchange:0(0.002s) | BlockExchange:1(0.002s) | mPDG:0(0.005s) | TotalTime:0.025s | Cost:240131.05
LS: BlockRelocate:5(0.015s) | PDPairExchange:0(0.001s) | BlockExchange:0(0.001s) | mPDG:0(0.004s) | TotalTime:0.022s | Cost:240131.05
LS: BlockRelocate:3(0.011s) | PDPairExchange:0(0.001s) | BlockExchange:0(0.001s) | mPDG:0(0.004s) | TotalTime:0.018s | Cost:240131.05
LS: BlockRelocate:7(0.029s) | PDPairExchange:0(0.001s) | BlockExchange:0(0.001s) | mPDG:0(0.004s) | TotalTime:0.035s | Cost:240131.05

The solution initialized by Cheapest Insertion:
V_1:[d3_1434540057-18] V_2:[d1_1353340051-1 p1_1433060056-1 p6_1700010068-1 d6_1700010068-6 d1_1433060056-1] V_3:[d1_1420180055-1 d1_1651110067-1 d1_1509410060-1 d3_1641430066-3 d1_1553070063-1 p1_1742060071-1 p1_1700300069-1 p1_1620510065-1 d1_1620510065-1 d1_1700300069-1 d1_1742060071-1] V_4:[d15_1434540057-15] V_5:[d2_1510490061-2 p1_1553320064-1 d1_1553320064-1 d10_1550060062-10 p1_1735470070-1 d1_1735470070-1]
The fitness value before EA: 240131.04888888888
V_1:[d3_1434540057-18] V_2:[d1_1353340051-1 p1_1433060056-1 p6_1700010068-1 d6_1700010068-6 d1_1433060056-1] V_3:[d1_1420180055-1 d1_1651110067-1 d1_1509410060-1 d3_1641430066-3 d1_1553070063-1 p1_1742060071-1 p1_1700300069-1 p1_1620510065-1 d1_1620510065-1 d1_1700300069-1 d1_1742060071-1] V_4:[d15_1434540057-15] V_5:[d2_1510490061-2 p1_1553320064-1 d1_1553320064-1 d10_1550060062-10 p1_1735470070-1 d1_1735470070-1]
The fitness value after EA: 240131.04888888888

Thoi gian thuc hien thuat toan:  3.5430164337158203
SUCCESS

2025-10-04 08:47:15,168 [simulate_environment.py | 256] INFO: 2025-10-04 18:10:00, Item 1433060056-1: state = 1 < 2, we can not finish the simulation
2025-10-04 08:47:15,168 [simulate_environment.py | 99] INFO: **************************************************
2025-10-04 08:47:15,168 [simulate_environment.py | 103] INFO: cur time: 2025-10-04 18:20:00, pre time: 2025-10-04 18:10:00
2025-10-04 08:47:15,169 [simulate_environment.py | 140] INFO: Start to update the input of 2025-10-04 18:20:00
2025-10-04 08:47:15,169 [simulate_environment.py | 167] INFO: Get 12 unallocated order items, 38 ongoing order items, 196 completed order items
2025-10-04 08:47:17,365 [simulate_environment.py | 234] INFO: 
Adaptive config applied: {'num_orders': 7, 'num_vehicles': 5, 'time_budget_sec': None, 'POPULATION_SIZE': 40, 'NUMBER_OF_GENERATION': 20, 'MUTATION_RATE': 0.1, 'LS_MAX': 20, 'LS_MAX_TIME_PER_OP': 3, 'LS_MAX_TIME_IN_SINGLE': 1}
LS: mPDG | Count: 0 | TotalTime:0.004s | Cost:240129.57
LS: BlockRelocate | Count: 1 | TotalTime:0.003s | Cost:281773.24
LS: PDPairExchange | Count: 1 | TotalTime:0.001s | Cost:357905.49
LS: mPDG | Count: 1 | TotalTime:0.005s | Cost:344940.86
LS: BlockRelocate | Count: 1 | TotalTime:0.005s | Cost:316654.78
LS: BlockExchange | Count: 1 | TotalTime:0.000s | Cost:433210.90
LS: mPDG | Count: 1 | TotalTime:0.004s | Cost:344940.86
LS: PDPairExchange | Count: 1 | TotalTime:0.001s | Cost:357905.49
LS: BlockRelocate | Count: 1 | TotalTime:0.005s | Cost:316654.78
LS: BlockRelocate | Count: 1 | TotalTime:0.002s | Cost:316654.78
LS: PDPairExchange | Count: 1 | TotalTime:0.001s | Cost:357905.49
Generation 1: Best = 240129.57, Worst = 433210.90, Avg = 351456.00, Time: 0.15379047393798828
LS: mPDG | Count: 0 | TotalTime:0.004s | Cost:240129.57
LS: BlockRelocate | Count: 1 | TotalTime:0.001s | Cost:265239.55
LS: BlockRelocate | Count: 1 | TotalTime:0.001s | Cost:316654.50
LS: BlockRelocate | Count: 1 | TotalTime:0.001s | Cost:310281.50
LS: BlockRelocate | Count: 1 | TotalTime:0.001s | Cost:316654.50
LS: mPDG | Count: 1 | TotalTime:0.003s | Cost:316654.50
LS: mPDG | Count: 1 | TotalTime:0.003s | Cost:316654.50
LS: PDPairExchange | Count: 1 | TotalTime:0.000s | Cost:354735.78
LS: BlockRelocate | Count: 1 | TotalTime:0.001s | Cost:306931.40
LS: PDPairExchange | Count: 1 | TotalTime:0.001s | Cost:370171.19
LS: BlockRelocate | Count: 1 | TotalTime:0.001s | Cost:343156.16
Generation 2: Best = 240129.57, Worst = 416666.48, Avg = 381839.44, Time: 0.15835309028625488
LS: BlockExchange | Count: 0 | TotalTime:0.001s | Cost:240129.57
LS: BlockRelocate | Count: 1 | TotalTime:0.005s | Cost:258872.88
LS: BlockRelocate | Count: 1 | TotalTime:0.001s | Cost:265325.36
LS: BlockRelocate | Count: 1 | TotalTime:0.002s | Cost:306256.22
LS: BlockRelocate | Count: 1 | TotalTime:0.004s | Cost:311724.03
LS: BlockRelocate | Count: 1 | TotalTime:0.002s | Cost:306256.22
LS: mPDG | Count: 1 | TotalTime:0.006s | Cost:306097.88
LS: mPDG | Count: 1 | TotalTime:0.004s | Cost:306097.88
LS: PDPairExchange | Count: 1 | TotalTime:0.001s | Cost:357905.49
LS: BlockExchange | Count: 1 | TotalTime:0.000s | Cost:357905.49
LS: mPDG | Count: 1 | TotalTime:0.004s | Cost:344940.86
Generation 3: Best = 240129.57, Worst = 411217.61, Avg = 374660.80, Time: 0.16808819770812988
LS: BlockExchange | Count: 0 | TotalTime:0.001s | Cost:240129.57
LS: BlockRelocate | Count: 1 | TotalTime:0.002s | Cost:240129.57
LS: BlockRelocate | Count: 1 | TotalTime:0.002s | Cost:265325.08
LS: mPDG | Count: 0 | TotalTime:0.004s | Cost:306097.88
LS: mPDG | Count: 0 | TotalTime:0.004s | Cost:306097.88
LS: BlockRelocate | Count: 1 | TotalTime:0.002s | Cost:306097.90
LS: BlockRelocate | Count: 1 | TotalTime:0.002s | Cost:306097.90
LS: BlockRelocate | Count: 1 | TotalTime:0.001s | Cost:307259.08
LS: mPDG | Count: 1 | TotalTime:0.003s | Cost:344940.86
LS: BlockExchange | Count: 1 | TotalTime:0.001s | Cost:357905.49
LS: BlockExchange | Count: 1 | TotalTime:0.000s | Cost:355407.80
Generation 4: Best = 240129.57, Worst = 414094.16, Avg = 379042.82, Time: 0.15643882751464844
LS: BlockRelocate | Count: 0 | TotalTime:0.009s | Cost:240129.57
LS: BlockRelocate | Count: 0 | TotalTime:0.009s | Cost:240129.57
LS: BlockRelocate | Count: 1 | TotalTime:0.001s | Cost:264725.24
LS: mPDG | Count: 0 | TotalTime:0.004s | Cost:306097.88
LS: mPDG | Count: 0 | TotalTime:0.004s | Cost:306097.88
LS: BlockRelocate | Count: 1 | TotalTime:0.005s | Cost:306097.88
LS: BlockRelocate | Count: 1 | TotalTime:0.005s | Cost:305024.84
LS: BlockRelocate | Count: 1 | TotalTime:0.001s | Cost:306256.22
LS: mPDG | Count: 1 | TotalTime:0.004s | Cost:344940.86
LS: BlockRelocate | Count: 1 | TotalTime:0.001s | Cost:306931.40
LS: mPDG | Count: 1 | TotalTime:0.004s | Cost:344940.86
Generation 5: Best = 240129.57, Worst = 415512.20, Avg = 377191.14, Time: 0.18598127365112305
Stopping early due to lack of improvement.
Total runtime: 1.64s (0.0 minutes)
LS: BlockExchange:0(0.000s) | PDPairExchange:0(0.001s) | mPDG:0(0.004s) | BlockRelocate:0(0.009s) | TotalTime:0.014s | Cost:240129.57
LS: BlockRelocate:0(0.000s) | PDPairExchange:0(0.001s) | BlockExchange:0(0.001s) | mPDG:0(0.004s) | TotalTime:0.006s | Cost:240129.57
LS: BlockRelocate:7(0.025s) | PDPairExchange:0(0.001s) | BlockExchange:0(0.001s) | mPDG:0(0.005s) | TotalTime:0.033s | Cost:240129.57
LS: BlockRelocate:2(0.011s) | PDPairExchange:0(0.002s) | BlockExchange:1(0.001s) | mPDG:0(0.004s) | TotalTime:0.019s | Cost:240129.57
LS: mPDG:2(0.007s) | PDPairExchange:3(0.003s) | BlockExchange:0(0.001s) | BlockRelocate:0(0.009s) | TotalTime:0.020s | Cost:240129.57

The solution initialized by Cheapest Insertion:
V_1:[d3_1434540057-18] V_2:[d1_1353340051-1 p1_1433060056-1 p6_1700010068-1 d6_1700010068-6 d1_1433060056-1] V_3:[d1_1420180055-1 d1_1651110067-1 d1_1509410060-1 d3_1641430066-3 d1_1553070063-1 p1_1742060071-1 p1_1700300069-1 p1_1620510065-1 d1_1620510065-1 d1_1700300069-1 d1_1742060071-1] V_4:[d15_1434540057-15] V_5:[d2_1510490061-2 p1_1553320064-1 d1_1553320064-1 d10_1550060062-10 p1_1735470070-1 d1_1735470070-1]
The fitness value before EA: 240129.56888888887
V_1:[d3_1434540057-18] V_2:[d1_1353340051-1 p1_1433060056-1 p6_1700010068-1 d6_1700010068-6 d1_1433060056-1] V_3:[d1_1420180055-1 d1_1651110067-1 d1_1509410060-1 d3_1641430066-3 d1_1553070063-1 p1_1742060071-1 p1_1700300069-1 p1_1620510065-1 d1_1620510065-1 d1_1700300069-1 d1_1742060071-1] V_4:[d15_1434540057-15] V_5:[d2_1510490061-2 p1_1553320064-1 d1_1553320064-1 d10_1550060062-10 p1_1735470070-1 d1_1735470070-1]
The fitness value after EA: 240129.56888888887

Thoi gian thuc hien thuat toan:  1.7982306480407715
SUCCESS

2025-10-04 08:47:17,367 [simulate_environment.py | 256] INFO: 2025-10-04 18:20:00, Item 1433060056-1: state = 1 < 2, we can not finish the simulation
2025-10-04 08:47:17,368 [simulate_environment.py | 99] INFO: **************************************************
2025-10-04 08:47:17,368 [simulate_environment.py | 103] INFO: cur time: 2025-10-04 18:30:00, pre time: 2025-10-04 18:20:00
2025-10-04 08:47:17,368 [simulate_environment.py | 140] INFO: Start to update the input of 2025-10-04 18:30:00
2025-10-04 08:47:17,369 [simulate_environment.py | 167] INFO: Get 12 unallocated order items, 38 ongoing order items, 196 completed order items
2025-10-04 08:47:19,363 [simulate_environment.py | 234] INFO: 
Adaptive config applied: {'num_orders': 7, 'num_vehicles': 5, 'time_budget_sec': None, 'POPULATION_SIZE': 40, 'NUMBER_OF_GENERATION': 20, 'MUTATION_RATE': 0.1, 'LS_MAX': 20, 'LS_MAX_TIME_PER_OP': 3, 'LS_MAX_TIME_IN_SINGLE': 1}
LS: mPDG | Count: 0 | TotalTime:0.006s | Cost:240129.57
LS: BlockExchange | Count: 1 | TotalTime:0.000s | Cost:357905.49
LS: BlockExchange | Count: 1 | TotalTime:0.000s | Cost:357905.49
LS: mPDG | Count: 1 | TotalTime:0.004s | Cost:344940.86
LS: BlockExchange | Count: 1 | TotalTime:0.001s | Cost:357905.49
LS: BlockExchange | Count: 1 | TotalTime:0.001s | Cost:357905.49
LS: BlockExchange | Count: 1 | TotalTime:0.001s | Cost:357905.49
LS: PDPairExchange | Count: 1 | TotalTime:0.001s | Cost:357905.49
LS: mPDG | Count: 1 | TotalTime:0.004s | Cost:344940.86
LS: BlockRelocate | Count: 1 | TotalTime:0.004s | Cost:316654.78
LS: PDPairExchange | Count: 1 | TotalTime:0.001s | Cost:357905.49
Generation 1: Best = 240129.57, Worst = 413824.83, Avg = 354928.31, Time: 0.13229703903198242
LS: PDPairExchange | Count: 0 | TotalTime:0.001s | Cost:240129.57
LS: BlockRelocate | Count: 1 | TotalTime:0.001s | Cost:315648.72
LS: mPDG | Count: 1 | TotalTime:0.003s | Cost:316654.50
LS: mPDG | Count: 1 | TotalTime:0.003s | Cost:316654.50
LS: BlockExchange | Count: 1 | TotalTime:0.000s | Cost:354735.78
LS: BlockExchange | Count: 1 | TotalTime:0.000s | Cost:348669.38
LS: BlockExchange | Count: 0 | TotalTime:0.000s | Cost:357905.49
LS: BlockExchange | Count: 1 | TotalTime:0.001s | Cost:348669.38
LS: BlockRelocate | Count: 1 | TotalTime:0.003s | Cost:338297.82
LS: mPDG | Count: 1 | TotalTime:0.004s | Cost:366583.90
LS: mPDG | Count: 1 | TotalTime:0.004s | Cost:400850.92
Generation 2: Best = 240129.57, Worst = 411217.61, Avg = 389926.99, Time: 0.15149474143981934
LS: BlockExchange | Count: 0 | TotalTime:0.001s | Cost:240129.57
LS: BlockRelocate | Count: 1 | TotalTime:0.002s | Cost:305181.78
LS: mPDG | Count: 1 | TotalTime:0.003s | Cost:306097.88
LS: mPDG | Count: 1 | TotalTime:0.003s | Cost:306097.88
LS: BlockRelocate | Count: 1 | TotalTime:0.001s | Cost:310281.50
LS: BlockExchange | Count: 1 | TotalTime:0.002s | Cost:344219.12
LS: BlockExchange | Count: 0 | TotalTime:0.002s | Cost:348669.38
LS: BlockExchange | Count: 0 | TotalTime:0.002s | Cost:354735.78
LS: mPDG | Count: 1 | TotalTime:0.003s | Cost:344940.86
LS: BlockRelocate | Count: 1 | TotalTime:0.003s | Cost:316654.78
LS: BlockRelocate | Count: 1 | TotalTime:0.001s | Cost:306931.40
Generation 3: Best = 240129.57, Worst = 411217.61, Avg = 383176.76, Time: 0.14633727073669434
LS: PDPairExchange | Count: 0 | TotalTime:0.001s | Cost:240129.57
LS: BlockRelocate | Count: 1 | TotalTime:0.002s | Cost:304973.10
LS: mPDG | Count: 0 | TotalTime:0.004s | Cost:306097.88
LS: mPDG | Count: 0 | TotalTime:0.004s | Cost:306097.88
LS: BlockRelocate | Count: 1 | TotalTime:0.001s | Cost:293611.43
LS: BlockRelocate | Count: 1 | TotalTime:0.001s | Cost:306256.22
LS: BlockRelocate | Count: 1 | TotalTime:0.004s | Cost:265325.36
LS: BlockExchange | Count: 1 | TotalTime:0.001s | Cost:343235.78
LS: mPDG | Count: 1 | TotalTime:0.003s | Cost:344940.86
LS: BlockExchange | Count: 0 | TotalTime:0.001s | Cost:358260.82
LS: PDPairExchange | Count: 1 | TotalTime:0.000s | Cost:357905.49
Generation 4: Best = 240129.57, Worst = 414094.16, Avg = 380456.55, Time: 0.148148775100708
LS: PDPairExchange | Count: 0 | TotalTime:0.001s | Cost:240129.57
LS: BlockRelocate | Count: 1 | TotalTime:0.002s | Cost:258952.07
LS: BlockRelocate | Count: 1 | TotalTime:0.002s | Cost:287244.76
LS: BlockRelocate | Count: 1 | TotalTime:0.002s | Cost:298606.44
LS: mPDG | Count: 0 | TotalTime:0.003s | Cost:306097.88
LS: mPDG | Count: 0 | TotalTime:0.003s | Cost:306097.88
LS: BlockRelocate | Count: 1 | TotalTime:0.003s | Cost:254926.79
LS: BlockExchange | Count: 0 | TotalTime:0.001s | Cost:343235.78
LS: PDPairExchange | Count: 1 | TotalTime:0.001s | Cost:357905.49
LS: mPDG | Count: 1 | TotalTime:0.003s | Cost:344940.86
LS: PDPairExchange | Count: 1 | TotalTime:0.001s | Cost:357905.49
Generation 5: Best = 240129.57, Worst = 415512.20, Avg = 379052.77, Time: 0.13261103630065918
Stopping early due to lack of improvement.
Total runtime: 1.44s (0.0 minutes)
LS: PDPairExchange:0(0.000s) | BlockRelocate:0(0.007s) | mPDG:0(0.004s) | BlockExchange:0(0.001s) | TotalTime:0.012s | Cost:240129.57
LS: BlockRelocate:2(0.006s) | PDPairExchange:0(0.002s) | BlockExchange:1(0.002s) | mPDG:0(0.004s) | TotalTime:0.014s | Cost:240129.57
LS: BlockRelocate:3(0.006s) | PDPairExchange:0(0.002s) | BlockExchange:1(0.001s) | mPDG:0(0.004s) | TotalTime:0.013s | Cost:240129.57
LS: BlockRelocate:5(0.013s) | PDPairExchange:0(0.002s) | BlockExchange:1(0.002s) | mPDG:0(0.004s) | TotalTime:0.021s | Cost:240129.57
LS: BlockRelocate:11(0.042s) | PDPairExchange:1(0.002s) | BlockExchange:0(0.001s) | mPDG:0(0.004s) | TotalTime:0.049s | Cost:240129.57

The solution initialized by Cheapest Insertion:
V_1:[d3_1434540057-18] V_2:[d1_1353340051-1 p1_1433060056-1 p6_1700010068-1 d6_1700010068-6 d1_1433060056-1] V_3:[d1_1420180055-1 d1_1651110067-1 d1_1509410060-1 d3_1641430066-3 d1_1553070063-1 p1_1742060071-1 p1_1700300069-1 p1_1620510065-1 d1_1620510065-1 d1_1700300069-1 d1_1742060071-1] V_4:[d15_1434540057-15] V_5:[d2_1510490061-2 p1_1553320064-1 d1_1553320064-1 d10_1550060062-10 p1_1735470070-1 d1_1735470070-1]
The fitness value before EA: 240129.56888888887
V_1:[d3_1434540057-18] V_2:[d1_1353340051-1 p1_1433060056-1 p6_1700010068-1 d6_1700010068-6 d1_1433060056-1] V_3:[d1_1420180055-1 d1_1651110067-1 d1_1509410060-1 d3_1641430066-3 d1_1553070063-1 p1_1742060071-1 p1_1700300069-1 p1_1620510065-1 d1_1620510065-1 d1_1700300069-1 d1_1742060071-1] V_4:[d15_1434540057-15] V_5:[d2_1510490061-2 p1_1553320064-1 d1_1553320064-1 d10_1550060062-10 p1_1735470070-1 d1_1735470070-1]
The fitness value after EA: 240129.56888888887

Thoi gian thuc hien thuat toan:  1.6193289756774902
SUCCESS

2025-10-04 08:47:19,365 [simulate_environment.py | 256] INFO: 2025-10-04 18:30:00, Item 1433060056-1: state = 1 < 2, we can not finish the simulation
2025-10-04 08:47:19,365 [simulate_environment.py | 99] INFO: **************************************************
2025-10-04 08:47:19,365 [simulate_environment.py | 103] INFO: cur time: 2025-10-04 18:40:00, pre time: 2025-10-04 18:30:00
2025-10-04 08:47:19,365 [simulate_environment.py | 140] INFO: Start to update the input of 2025-10-04 18:40:00
2025-10-04 08:47:19,366 [simulate_environment.py | 167] INFO: Get 12 unallocated order items, 35 ongoing order items, 199 completed order items
2025-10-04 08:47:21,210 [simulate_environment.py | 234] INFO: 
Adaptive config applied: {'num_orders': 6, 'num_vehicles': 5, 'time_budget_sec': None, 'POPULATION_SIZE': 40, 'NUMBER_OF_GENERATION': 20, 'MUTATION_RATE': 0.1, 'LS_MAX': 20, 'LS_MAX_TIME_PER_OP': 3, 'LS_MAX_TIME_IN_SINGLE': 1}
LS: BlockRelocate | Count: 0 | TotalTime:0.005s | Cost:230507.21
LS: BlockExchange | Count: 1 | TotalTime:0.000s | Cost:410430.69
LS: PDPairExchange | Count: 1 | TotalTime:0.001s | Cost:374200.25
LS: BlockExchange | Count: 1 | TotalTime:0.000s | Cost:374200.25
LS: BlockExchange | Count: 1 | TotalTime:0.000s | Cost:374200.25
LS: mPDG | Count: 1 | TotalTime:0.002s | Cost:391740.43
LS: mPDG | Count: 1 | TotalTime:0.002s | Cost:391740.43
LS: BlockRelocate | Count: 1 | TotalTime:0.001s | Cost:291273.77
LS: BlockExchange | Count: 1 | TotalTime:0.001s | Cost:410430.69
LS: BlockRelocate | Count: 1 | TotalTime:0.001s | Cost:391740.43
LS: PDPairExchange | Count: 1 | TotalTime:0.001s | Cost:374200.25
Generation 1: Best = 230507.21, Worst = 487854.38, Avg = 394147.79, Time: 0.11162209510803223
LS: PDPairExchange | Count: 0 | TotalTime:0.001s | Cost:230507.21
LS: BlockRelocate | Count: 1 | TotalTime:0.001s | Cost:280750.18
LS: PDPairExchange | Count: 0 | TotalTime:0.001s | Cost:374200.25
LS: BlockExchange | Count: 0 | TotalTime:0.001s | Cost:374200.25
LS: BlockExchange | Count: 0 | TotalTime:0.001s | Cost:374200.25
LS: PDPairExchange | Count: 0 | TotalTime:0.001s | Cost:374200.25
LS: mPDG | Count: 1 | TotalTime:0.003s | Cost:351887.41
LS: mPDG | Count: 1 | TotalTime:0.003s | Cost:351887.41
LS: PDPairExchange | Count: 1 | TotalTime:0.001s | Cost:374200.25
LS: BlockExchange | Count: 1 | TotalTime:0.000s | Cost:402264.02
LS: mPDG | Count: 0 | TotalTime:0.003s | Cost:405630.11
Generation 2: Best = 230507.21, Worst = 437820.36, Avg = 414595.87, Time: 0.13267874717712402
LS: BlockRelocate | Count: 0 | TotalTime:0.008s | Cost:230507.21
LS: BlockRelocate | Count: 1 | TotalTime:0.001s | Cost:240897.16
LS: mPDG | Count: 1 | TotalTime:0.002s | Cost:240897.16
LS: mPDG | Count: 1 | TotalTime:0.002s | Cost:240897.16
LS: PDPairExchange | Count: 0 | TotalTime:0.001s | Cost:374200.25
LS: BlockExchange | Count: 0 | TotalTime:0.001s | Cost:374200.25
LS: BlockExchange | Count: 0 | TotalTime:0.001s | Cost:374200.25
LS: PDPairExchange | Count: 0 | TotalTime:0.001s | Cost:374200.25
LS: PDPairExchange | Count: 1 | TotalTime:0.000s | Cost:374200.25
LS: mPDG | Count: 0 | TotalTime:0.003s | Cost:405630.11
LS: BlockExchange | Count: 1 | TotalTime:0.001s | Cost:374233.61
Generation 3: Best = 230507.21, Worst = 437820.36, Avg = 405666.01, Time: 0.1364119052886963
LS: BlockExchange | Count: 0 | TotalTime:0.001s | Cost:230507.21
LS: BlockRelocate | Count: 1 | TotalTime:0.003s | Cost:233723.89
LS: mPDG | Count: 0 | TotalTime:0.002s | Cost:240897.16
LS: mPDG | Count: 0 | TotalTime:0.002s | Cost:240897.16
LS: PDPairExchange | Count: 0 | TotalTime:0.001s | Cost:374200.25
LS: BlockExchange | Count: 0 | TotalTime:0.001s | Cost:374200.25
LS: BlockExchange | Count: 0 | TotalTime:0.001s | Cost:374200.25
LS: PDPairExchange | Count: 0 | TotalTime:0.001s | Cost:374200.25
LS: mPDG | Count: 1 | TotalTime:0.002s | Cost:391740.43
LS: mPDG | Count: 0 | TotalTime:0.003s | Cost:405630.11
LS: BlockExchange | Count: 1 | TotalTime:0.000s | Cost:374233.61
Generation 4: Best = 230507.21, Worst = 437820.36, Avg = 403560.08, Time: 0.13542723655700684
LS: PDPairExchange | Count: 0 | TotalTime:0.001s | Cost:230507.21
LS: BlockRelocate | Count: 1 | TotalTime:0.006s | Cost:230507.21
LS: mPDG | Count: 0 | TotalTime:0.002s | Cost:240897.16
LS: mPDG | Count: 0 | TotalTime:0.002s | Cost:240897.16
LS: PDPairExchange | Count: 0 | TotalTime:0.001s | Cost:374200.25
LS: BlockExchange | Count: 0 | TotalTime:0.001s | Cost:374200.25
LS: BlockExchange | Count: 0 | TotalTime:0.001s | Cost:374200.25
LS: PDPairExchange | Count: 0 | TotalTime:0.001s | Cost:374200.25
LS: PDPairExchange | Count: 1 | TotalTime:0.001s | Cost:374200.25
LS: BlockExchange | Count: 1 | TotalTime:0.000s | Cost:374233.61
LS: PDPairExchange | Count: 1 | TotalTime:0.001s | Cost:405596.75
Generation 5: Best = 230507.21, Worst = 437820.36, Avg = 403771.33, Time: 0.1290574073791504
Stopping early due to lack of improvement.
Total runtime: 1.37s (0.0 minutes)
LS: mPDG:0(0.000s) | PDPairExchange:0(0.001s) | BlockExchange:0(0.001s) | BlockRelocate:0(0.005s) | TotalTime:0.007s | Cost:230507.21
LS: BlockRelocate:0(0.000s) | PDPairExchange:0(0.001s) | BlockExchange:0(0.001s) | mPDG:0(0.003s) | TotalTime:0.004s | Cost:230507.21
LS: mPDG:0(0.000s) | PDPairExchange:0(0.002s) | BlockExchange:0(0.002s) | BlockRelocate:2(0.016s) | TotalTime:0.021s | Cost:230507.21
LS: mPDG:0(0.000s) | PDPairExchange:0(0.003s) | BlockExchange:0(0.003s) | BlockRelocate:3(0.018s) | TotalTime:0.023s | Cost:230507.21
LS: PDPairExchange:3(0.002s) | BlockExchange:1(0.006s) | BlockRelocate:5(0.015s) | mPDG:0(0.003s) | TotalTime:0.025s | Cost:230507.21

The solution initialized by Cheapest Insertion:
V_1:[d3_1434540057-18] V_2:[p1_1433060056-1 p6_1700010068-1 d6_1700010068-6 d1_1433060056-1] V_3:[d1_1509410060-1 d3_1641430066-3 d1_1553070063-1 p1_1742060071-1 p1_1700300069-1 p1_1620510065-1 d1_1620510065-1 d1_1700300069-1 d1_1742060071-1] V_4:[d15_1434540057-15] V_5:[d2_1510490061-2 p1_1553320064-1 d1_1553320064-1 d10_1550060062-10 p1_1735470070-1 d1_1735470070-1]
The fitness value before EA: 230507.20666666667
V_1:[d3_1434540057-18] V_2:[p1_1433060056-1 p6_1700010068-1 d6_1700010068-6 d1_1433060056-1] V_3:[d1_1509410060-1 d3_1641430066-3 d1_1553070063-1 p1_1742060071-1 p1_1700300069-1 p1_1620510065-1 d1_1620510065-1 d1_1700300069-1 d1_1742060071-1] V_4:[d15_1434540057-15] V_5:[d2_1510490061-2 p1_1553320064-1 d1_1553320064-1 d10_1550060062-10 p1_1735470070-1 d1_1735470070-1]
The fitness value after EA: 230507.20666666667

Thoi gian thuc hien thuat toan:  1.4900352954864502
SUCCESS

2025-10-04 08:47:21,213 [simulate_environment.py | 256] INFO: 2025-10-04 18:40:00, Item 1433060056-1: state = 1 < 2, we can not finish the simulation
2025-10-04 08:47:21,213 [simulate_environment.py | 99] INFO: **************************************************
2025-10-04 08:47:21,213 [simulate_environment.py | 103] INFO: cur time: 2025-10-04 18:50:00, pre time: 2025-10-04 18:40:00
2025-10-04 08:47:21,213 [simulate_environment.py | 140] INFO: Start to update the input of 2025-10-04 18:50:00
2025-10-04 08:47:21,214 [simulate_environment.py | 167] INFO: Get 12 unallocated order items, 35 ongoing order items, 199 completed order items
2025-10-04 08:47:22,958 [simulate_environment.py | 234] INFO: 
Adaptive config applied: {'num_orders': 6, 'num_vehicles': 5, 'time_budget_sec': None, 'POPULATION_SIZE': 40, 'NUMBER_OF_GENERATION': 20, 'MUTATION_RATE': 0.1, 'LS_MAX': 20, 'LS_MAX_TIME_PER_OP': 3, 'LS_MAX_TIME_IN_SINGLE': 1}
LS: BlockExchange | Count: 0 | TotalTime:0.001s | Cost:230507.21
LS: mPDG | Count: 1 | TotalTime:0.002s | Cost:391740.43
LS: PDPairExchange | Count: 1 | TotalTime:0.000s | Cost:374200.25
LS: BlockExchange | Count: 1 | TotalTime:0.001s | Cost:374200.25
LS: BlockRelocate | Count: 1 | TotalTime:0.003s | Cost:391740.43
LS: PDPairExchange | Count: 1 | TotalTime:0.000s | Cost:374200.25
LS: BlockExchange | Count: 1 | TotalTime:0.001s | Cost:374200.25
LS: BlockRelocate | Count: 1 | TotalTime:0.001s | Cost:391740.43
LS: PDPairExchange | Count: 1 | TotalTime:0.000s | Cost:374200.25
LS: PDPairExchange | Count: 1 | TotalTime:0.000s | Cost:374200.25
LS: BlockRelocate | Count: 1 | TotalTime:0.003s | Cost:362744.33
Generation 1: Best = 230507.21, Worst = 846345.77, Avg = 403085.32, Time: 0.09698104858398438
LS: BlockExchange | Count: 0 | TotalTime:0.001s | Cost:230507.21
LS: BlockRelocate | Count: 1 | TotalTime:0.001s | Cost:358121.05
LS: PDPairExchange | Count: 0 | TotalTime:0.001s | Cost:374200.25
LS: BlockExchange | Count: 0 | TotalTime:0.001s | Cost:374200.25
LS: PDPairExchange | Count: 0 | TotalTime:0.001s | Cost:374200.25
LS: BlockExchange | Count: 0 | TotalTime:0.001s | Cost:374200.25
LS: PDPairExchange | Count: 0 | TotalTime:0.001s | Cost:374200.25
LS: PDPairExchange | Count: 0 | TotalTime:0.001s | Cost:374200.25
LS: mPDG | Count: 1 | TotalTime:0.002s | Cost:391740.43
LS: BlockRelocate | Count: 1 | TotalTime:0.001s | Cost:391740.43
LS: PDPairExchange | Count: 1 | TotalTime:0.001s | Cost:405596.75
Generation 2: Best = 230507.21, Worst = 437820.36, Avg = 417869.53, Time: 0.11065483093261719
LS: BlockExchange | Count: 0 | TotalTime:0.001s | Cost:230507.21
LS: BlockRelocate | Count: 1 | TotalTime:0.001s | Cost:247130.79
LS: PDPairExchange | Count: 0 | TotalTime:0.001s | Cost:374200.25
LS: BlockExchange | Count: 0 | TotalTime:0.001s | Cost:374200.25
LS: PDPairExchange | Count: 0 | TotalTime:0.001s | Cost:374200.25
LS: BlockExchange | Count: 0 | TotalTime:0.001s | Cost:374200.25
LS: PDPairExchange | Count: 0 | TotalTime:0.001s | Cost:374200.25
LS: PDPairExchange | Count: 0 | TotalTime:0.001s | Cost:374200.25
LS: BlockRelocate | Count: 1 | TotalTime:0.002s | Cost:362744.33
LS: PDPairExchange | Count: 1 | TotalTime:0.000s | Cost:436470.14
LS: PDPairExchange | Count: 1 | TotalTime:0.000s | Cost:420970.34
Generation 3: Best = 230507.21, Worst = 437820.36, Avg = 415798.70, Time: 0.1107032299041748
LS: mPDG | Count: 0 | TotalTime:0.003s | Cost:230507.21
LS: BlockRelocate | Count: 1 | TotalTime:0.002s | Cost:244247.48
LS: BlockRelocate | Count: 1 | TotalTime:0.000s | Cost:251754.08
LS: PDPairExchange | Count: 0 | TotalTime:0.001s | Cost:374200.25
LS: BlockExchange | Count: 0 | TotalTime:0.001s | Cost:374200.25
LS: PDPairExchange | Count: 0 | TotalTime:0.001s | Cost:374200.25
LS: BlockExchange | Count: 0 | TotalTime:0.001s | Cost:374200.25
LS: PDPairExchange | Count: 0 | TotalTime:0.001s | Cost:374200.25
LS: PDPairExchange | Count: 1 | TotalTime:0.001s | Cost:374200.25
LS: BlockRelocate | Count: 1 | TotalTime:0.002s | Cost:291273.77
LS: PDPairExchange | Count: 1 | TotalTime:0.001s | Cost:374200.25
Generation 4: Best = 230507.21, Worst = 437820.36, Avg = 408251.04, Time: 0.11679387092590332
LS: mPDG | Count: 0 | TotalTime:0.003s | Cost:230507.21
LS: BlockRelocate | Count: 1 | TotalTime:0.001s | Cost:241364.13
LS: BlockRelocate | Count: 1 | TotalTime:0.002s | Cost:247130.79
LS: BlockRelocate | Count: 1 | TotalTime:0.003s | Cost:291070.13
LS: PDPairExchange | Count: 0 | TotalTime:0.001s | Cost:374200.25
LS: BlockExchange | Count: 0 | TotalTime:0.001s | Cost:374200.25
LS: PDPairExchange | Count: 0 | TotalTime:0.001s | Cost:374200.25
LS: BlockExchange | Count: 0 | TotalTime:0.001s | Cost:374200.25
LS: BlockRelocate | Count: 1 | TotalTime:0.001s | Cost:311046.75
LS: BlockRelocate | Count: 1 | TotalTime:0.001s | Cost:392343.77
LS: BlockRelocate | Count: 1 | TotalTime:0.001s | Cost:434770.34
Generation 5: Best = 230507.21, Worst = 437820.36, Avg = 408545.61, Time: 0.11721253395080566
Stopping early due to lack of improvement.
Total runtime: 1.27s (0.0 minutes)
LS: PDPairExchange:0(0.000s) | mPDG:0(0.003s) | BlockExchange:0(0.001s) | BlockRelocate:0(0.005s) | TotalTime:0.008s | Cost:230507.21
LS: BlockRelocate:1(0.003s) | PDPairExchange:0(0.001s) | BlockExchange:0(0.001s) | mPDG:0(0.003s) | TotalTime:0.007s | Cost:230507.21
LS: BlockRelocate:3(0.011s) | PDPairExchange:0(0.001s) | BlockExchange:0(0.001s) | mPDG:0(0.003s) | TotalTime:0.015s | Cost:230507.21
LS: BlockRelocate:5(0.007s) | PDPairExchange:0(0.001s) | BlockExchange:0(0.001s) | mPDG:0(0.003s) | TotalTime:0.011s | Cost:230507.21
LS: BlockRelocate:7(0.012s) | PDPairExchange:0(0.001s) | BlockExchange:0(0.001s) | mPDG:0(0.003s) | TotalTime:0.016s | Cost:230507.21

The solution initialized by Cheapest Insertion:
V_1:[d3_1434540057-18] V_2:[p1_1433060056-1 p6_1700010068-1 d6_1700010068-6 d1_1433060056-1] V_3:[d1_1509410060-1 d3_1641430066-3 d1_1553070063-1 p1_1742060071-1 p1_1700300069-1 p1_1620510065-1 d1_1620510065-1 d1_1700300069-1 d1_1742060071-1] V_4:[d15_1434540057-15] V_5:[d2_1510490061-2 p1_1553320064-1 d1_1553320064-1 d10_1550060062-10 p1_1735470070-1 d1_1735470070-1]
The fitness value before EA: 230507.20666666667
V_1:[d3_1434540057-18] V_2:[p1_1433060056-1 p6_1700010068-1 d6_1700010068-6 d1_1433060056-1] V_3:[d1_1509410060-1 d3_1641430066-3 d1_1553070063-1 p1_1742060071-1 p1_1700300069-1 p1_1620510065-1 d1_1620510065-1 d1_1700300069-1 d1_1742060071-1] V_4:[d15_1434540057-15] V_5:[d2_1510490061-2 p1_1553320064-1 d1_1553320064-1 d10_1550060062-10 p1_1735470070-1 d1_1735470070-1]
The fitness value after EA: 230507.20666666667

Thoi gian thuc hien thuat toan:  1.3514361381530762
SUCCESS

2025-10-04 08:47:22,960 [simulate_environment.py | 256] INFO: 2025-10-04 18:50:00, Item 1433060056-1: state = 1 < 2, we can not finish the simulation
2025-10-04 08:47:22,960 [simulate_environment.py | 99] INFO: **************************************************
2025-10-04 08:47:22,960 [simulate_environment.py | 103] INFO: cur time: 2025-10-04 19:00:00, pre time: 2025-10-04 18:50:00
2025-10-04 08:47:22,960 [simulate_environment.py | 140] INFO: Start to update the input of 2025-10-04 19:00:00
2025-10-04 08:47:22,961 [simulate_environment.py | 167] INFO: Get 11 unallocated order items, 34 ongoing order items, 201 completed order items
2025-10-04 08:47:24,549 [simulate_environment.py | 234] INFO: 
Adaptive config applied: {'num_orders': 5, 'num_vehicles': 5, 'time_budget_sec': None, 'POPULATION_SIZE': 40, 'NUMBER_OF_GENERATION': 20, 'MUTATION_RATE': 0.1, 'LS_MAX': 20, 'LS_MAX_TIME_PER_OP': 3, 'LS_MAX_TIME_IN_SINGLE': 1}
LS: mPDG | Count: 0 | TotalTime:0.002s | Cost:230506.75
LS: BlockRelocate | Count: 1 | TotalTime:0.002s | Cost:345520.29
LS: mPDG | Count: 1 | TotalTime:0.002s | Cost:345520.29
LS: mPDG | Count: 1 | TotalTime:0.002s | Cost:345520.29
LS: mPDG | Count: 1 | TotalTime:0.002s | Cost:345520.29
LS: BlockExchange | Count: 1 | TotalTime:0.000s | Cost:322073.45
LS: BlockRelocate | Count: 1 | TotalTime:0.002s | Cost:345520.29
LS: BlockExchange | Count: 1 | TotalTime:0.000s | Cost:322073.45
LS: mPDG | Count: 1 | TotalTime:0.002s | Cost:345520.29
LS: BlockRelocate | Count: 1 | TotalTime:0.002s | Cost:345520.29
LS: mPDG | Count: 1 | TotalTime:0.002s | Cost:345520.29
Generation 1: Best = 230506.75, Worst = 360876.41, Avg = 348611.71, Time: 0.09925198554992676
LS: PDPairExchange | Count: 0 | TotalTime:0.000s | Cost:230506.75
LS: BlockExchange | Count: 0 | TotalTime:0.001s | Cost:322073.45
LS: BlockExchange | Count: 0 | TotalTime:0.001s | Cost:322073.45
LS: BlockRelocate | Count: 1 | TotalTime:0.001s | Cost:234530.03
LS: mPDG | Count: 1 | TotalTime:0.002s | Cost:234530.03
LS: mPDG | Count: 1 | TotalTime:0.002s | Cost:234530.03
LS: mPDG | Count: 1 | TotalTime:0.002s | Cost:234530.03
LS: BlockRelocate | Count: 1 | TotalTime:0.001s | Cost:344713.69
LS: PDPairExchange | Count: 1 | TotalTime:0.000s | Cost:355237.27
LS: PDPairExchange | Count: 1 | TotalTime:0.000s | Cost:355237.27
LS: mPDG | Count: 1 | TotalTime:0.002s | Cost:349480.31
Generation 2: Best = 230506.75, Worst = 358570.01, Avg = 340364.40, Time: 0.0954437255859375
LS: BlockExchange | Count: 0 | TotalTime:0.000s | Cost:230506.75
LS: BlockRelocate | Count: 1 | TotalTime:0.003s | Cost:233723.43
LS: mPDG | Count: 0 | TotalTime:0.002s | Cost:234530.03
LS: mPDG | Count: 0 | TotalTime:0.002s | Cost:234530.03
LS: mPDG | Count: 0 | TotalTime:0.002s | Cost:234530.03
LS: BlockExchange | Count: 0 | TotalTime:0.001s | Cost:322073.45
LS: BlockExchange | Count: 0 | TotalTime:0.001s | Cost:322073.45
LS: BlockRelocate | Count: 1 | TotalTime:0.002s | Cost:233723.43
LS: BlockExchange | Count: 1 | TotalTime:0.000s | Cost:322073.45
LS: mPDG | Count: 1 | TotalTime:0.002s | Cost:345520.29
LS: BlockExchange | Count: 1 | TotalTime:0.000s | Cost:358303.88
Generation 3: Best = 230506.75, Worst = 359553.34, Avg = 336727.78, Time: 0.09175992012023926
LS: mPDG | Count: 0 | TotalTime:0.002s | Cost:230506.75
LS: BlockRelocate | Count: 1 | TotalTime:0.004s | Cost:230506.75
LS: BlockRelocate | Count: 1 | TotalTime:0.003s | Cost:230506.75
LS: mPDG | Count: 0 | TotalTime:0.002s | Cost:234530.03
LS: mPDG | Count: 0 | TotalTime:0.002s | Cost:234530.03
LS: mPDG | Count: 0 | TotalTime:0.002s | Cost:234530.03
LS: BlockExchange | Count: 0 | TotalTime:0.001s | Cost:322073.45
LS: BlockExchange | Count: 0 | TotalTime:0.001s | Cost:322073.45
LS: mPDG | Count: 1 | TotalTime:0.002s | Cost:349480.31
LS: mPDG | Count: 1 | TotalTime:0.002s | Cost:349480.31
LS: PDPairExchange | Count: 1 | TotalTime:0.000s | Cost:358303.88
Generation 4: Best = 230506.75, Worst = 359553.34, Avg = 337430.69, Time: 0.10091710090637207
LS: PDPairExchange | Count: 0 | TotalTime:0.000s | Cost:230506.75
LS: BlockRelocate | Count: 0 | TotalTime:0.004s | Cost:230506.75
LS: BlockRelocate | Count: 0 | TotalTime:0.004s | Cost:230506.75
LS: mPDG | Count: 0 | TotalTime:0.002s | Cost:234530.03
LS: mPDG | Count: 0 | TotalTime:0.002s | Cost:234530.03
LS: mPDG | Count: 0 | TotalTime:0.002s | Cost:234530.03
LS: BlockExchange | Count: 0 | TotalTime:0.001s | Cost:322073.45
LS: BlockExchange | Count: 0 | TotalTime:0.001s | Cost:322073.45
LS: PDPairExchange | Count: 1 | TotalTime:0.000s | Cost:322073.45
LS: mPDG | Count: 1 | TotalTime:0.002s | Cost:345520.29
LS: BlockRelocate | Count: 1 | TotalTime:0.001s | Cost:345520.29
Generation 5: Best = 230506.75, Worst = 358570.01, Avg = 335845.30, Time: 0.1014106273651123
Stopping early due to lack of improvement.
Total runtime: 1.20s (0.0 minutes)
LS: BlockExchange:0(0.000s) | BlockRelocate:0(0.004s) | PDPairExchange:0(0.000s) | mPDG:0(0.002s) | TotalTime:0.006s | Cost:230506.75
LS: BlockRelocate:0(0.000s) | PDPairExchange:0(0.000s) | BlockExchange:0(0.000s) | mPDG:0(0.002s) | TotalTime:0.003s | Cost:230506.75
LS: BlockRelocate:0(0.000s) | PDPairExchange:0(0.000s) | BlockExchange:0(0.000s) | mPDG:0(0.002s) | TotalTime:0.003s | Cost:230506.75
LS: mPDG:0(0.000s) | PDPairExchange:0(0.002s) | BlockExchange:0(0.001s) | BlockRelocate:2(0.007s) | TotalTime:0.010s | Cost:230506.75
LS: mPDG:0(0.000s) | PDPairExchange:0(0.001s) | BlockExchange:0(0.001s) | BlockRelocate:2(0.010s) | TotalTime:0.012s | Cost:230506.75

The solution initialized by Cheapest Insertion:
V_1:[d3_1434540057-18] V_2:[p1_1433060056-1 p6_1700010068-1 d6_1700010068-6 d1_1433060056-1] V_3:[d1_1509410060-1 d3_1641430066-3 d1_1553070063-1 p1_1742060071-1 p1_1700300069-1 p1_1620510065-1 d1_1620510065-1 d1_1700300069-1 d1_1742060071-1] V_4:[d15_1434540057-15] V_5:[d1_1553320064-1 d10_1550060062-10 p1_1735470070-1 d1_1735470070-1]
The fitness value before EA: 230506.74666666664
V_1:[d3_1434540057-18] V_2:[p1_1433060056-1 p6_1700010068-1 d6_1700010068-6 d1_1433060056-1] V_3:[d1_1509410060-1 d3_1641430066-3 d1_1553070063-1 p1_1742060071-1 p1_1700300069-1 p1_1620510065-1 d1_1620510065-1 d1_1700300069-1 d1_1742060071-1] V_4:[d15_1434540057-15] V_5:[d1_1553320064-1 d10_1550060062-10 p1_1735470070-1 d1_1735470070-1]
The fitness value after EA: 230506.74666666664

Thoi gian thuc hien thuat toan:  1.264113187789917
SUCCESS

2025-10-04 08:47:24,551 [simulate_environment.py | 256] INFO: 2025-10-04 19:00:00, Item 1433060056-1: state = 1 < 2, we can not finish the simulation
2025-10-04 08:47:24,551 [simulate_environment.py | 99] INFO: **************************************************
2025-10-04 08:47:24,551 [simulate_environment.py | 103] INFO: cur time: 2025-10-04 19:10:00, pre time: 2025-10-04 19:00:00
2025-10-04 08:47:24,551 [simulate_environment.py | 140] INFO: Start to update the input of 2025-10-04 19:10:00
2025-10-04 08:47:24,553 [simulate_environment.py | 167] INFO: Get 12 unallocated order items, 34 ongoing order items, 201 completed order items
2025-10-04 08:47:26,243 [simulate_environment.py | 234] INFO: 
Adaptive config applied: {'num_orders': 6, 'num_vehicles': 5, 'time_budget_sec': None, 'POPULATION_SIZE': 40, 'NUMBER_OF_GENERATION': 20, 'MUTATION_RATE': 0.1, 'LS_MAX': 20, 'LS_MAX_TIME_PER_OP': 3, 'LS_MAX_TIME_IN_SINGLE': 1}
LS: BlockRelocate | Count: 0 | TotalTime:0.005s | Cost:230510.47
LS: PDPairExchange | Count: 1 | TotalTime:0.000s | Cost:320005.83
LS: mPDG | Count: 1 | TotalTime:0.002s | Cost:351889.61
LS: PDPairExchange | Count: 1 | TotalTime:0.000s | Cost:320005.83
LS: BlockExchange | Count: 1 | TotalTime:0.000s | Cost:320005.83
LS: mPDG | Count: 1 | TotalTime:0.002s | Cost:351889.61
LS: BlockRelocate | Count: 1 | TotalTime:0.001s | Cost:251756.28
LS: mPDG | Count: 1 | TotalTime:0.002s | Cost:351889.61
LS: BlockRelocate | Count: 1 | TotalTime:0.001s | Cost:251756.28
LS: BlockRelocate | Count: 1 | TotalTime:0.001s | Cost:358123.25
LS: BlockRelocate | Count: 1 | TotalTime:0.001s | Cost:251756.28
Generation 1: Best = 230510.47, Worst = 492867.71, Avg = 350233.99, Time: 0.10174131393432617
LS: PDPairExchange | Count: 0 | TotalTime:0.001s | Cost:230510.47
LS: BlockRelocate | Count: 1 | TotalTime:0.002s | Cost:251552.64
LS: BlockRelocate | Count: 1 | TotalTime:0.001s | Cost:251552.64
LS: BlockRelocate | Count: 1 | TotalTime:0.001s | Cost:240899.36
LS: PDPairExchange | Count: 0 | TotalTime:0.001s | Cost:320005.83
LS: PDPairExchange | Count: 0 | TotalTime:0.001s | Cost:320005.83
LS: BlockExchange | Count: 0 | TotalTime:0.001s | Cost:320005.83
LS: mPDG | Count: 1 | TotalTime:0.002s | Cost:341658.19
LS: mPDG | Count: 1 | TotalTime:0.002s | Cost:351889.61
LS: PDPairExchange | Count: 1 | TotalTime:0.000s | Cost:320039.18
LS: mPDG | Count: 1 | TotalTime:0.002s | Cost:363926.51
Generation 2: Best = 230510.47, Worst = 373733.43, Avg = 353278.51, Time: 0.10958600044250488
LS: mPDG | Count: 0 | TotalTime:0.003s | Cost:230510.47
LS: BlockRelocate | Count: 1 | TotalTime:0.001s | Cost:234532.69
LS: BlockRelocate | Count: 1 | TotalTime:0.001s | Cost:240695.72
LS: BlockRelocate | Count: 1 | TotalTime:0.002s | Cost:247132.99
LS: PDPairExchange | Count: 0 | TotalTime:0.001s | Cost:320005.83
LS: PDPairExchange | Count: 0 | TotalTime:0.001s | Cost:320005.83
LS: BlockExchange | Count: 0 | TotalTime:0.001s | Cost:320005.83
LS: PDPairExchange | Count: 1 | TotalTime:0.000s | Cost:320005.83
LS: mPDG | Count: 1 | TotalTime:0.002s | Cost:351889.61
LS: mPDG | Count: 1 | TotalTime:0.002s | Cost:355689.51
LS: BlockRelocate | Count: 1 | TotalTime:0.003s | Cost:364096.83
Generation 3: Best = 230510.47, Worst = 373733.43, Avg = 353325.18, Time: 0.11337709426879883
LS: BlockExchange | Count: 0 | TotalTime:0.001s | Cost:230510.47
LS: BlockRelocate | Count: 0 | TotalTime:0.005s | Cost:234532.69
LS: BlockRelocate | Count: 1 | TotalTime:0.002s | Cost:234532.69
LS: BlockRelocate | Count: 1 | TotalTime:0.004s | Cost:241392.74
LS: PDPairExchange | Count: 0 | TotalTime:0.001s | Cost:320005.83
LS: PDPairExchange | Count: 0 | TotalTime:0.001s | Cost:320005.83
LS: BlockExchange | Count: 0 | TotalTime:0.001s | Cost:320005.83
LS: PDPairExchange | Count: 0 | TotalTime:0.001s | Cost:320005.83
LS: BlockExchange | Count: 1 | TotalTime:0.000s | Cost:364713.24
LS: mPDG | Count: 1 | TotalTime:0.002s | Cost:348889.03
LS: PDPairExchange | Count: 1 | TotalTime:0.000s | Cost:372483.97
Generation 4: Best = 230510.47, Worst = 373733.43, Avg = 353412.44, Time: 0.10645842552185059
LS: mPDG | Count: 0 | TotalTime:0.002s | Cost:230510.47
LS: BlockRelocate | Count: 0 | TotalTime:0.005s | Cost:234532.69
LS: BlockRelocate | Count: 0 | TotalTime:0.005s | Cost:234532.69
LS: BlockRelocate | Count: 1 | TotalTime:0.002s | Cost:234532.69
LS: PDPairExchange | Count: 0 | TotalTime:0.001s | Cost:320005.83
LS: PDPairExchange | Count: 0 | TotalTime:0.001s | Cost:320005.83
LS: BlockExchange | Count: 0 | TotalTime:0.001s | Cost:320005.83
LS: PDPairExchange | Count: 0 | TotalTime:0.001s | Cost:320005.83
LS: BlockExchange | Count: 1 | TotalTime:0.000s | Cost:320005.83
LS: PDPairExchange | Count: 1 | TotalTime:0.000s | Cost:320005.83
LS: PDPairExchange | Count: 1 | TotalTime:0.000s | Cost:367062.60
Generation 5: Best = 230510.47, Worst = 373733.43, Avg = 350933.76, Time: 0.1082155704498291
Stopping early due to lack of improvement.
Total runtime: 1.25s (0.0 minutes)
LS: mPDG:0(0.000s) | PDPairExchange:0(0.001s) | BlockRelocate:0(0.005s) | BlockExchange:0(0.001s) | TotalTime:0.006s | Cost:230510.47
LS: BlockRelocate:2(0.008s) | PDPairExchange:1(0.001s) | BlockExchange:0(0.001s) | mPDG:0(0.003s) | TotalTime:0.013s | Cost:230510.47
LS: BlockRelocate:2(0.002s) | PDPairExchange:1(0.001s) | BlockExchange:0(0.001s) | mPDG:0(0.003s) | TotalTime:0.007s | Cost:230510.47
LS: BlockRelocate:2(0.006s) | PDPairExchange:1(0.001s) | BlockExchange:0(0.001s) | mPDG:0(0.003s) | TotalTime:0.010s | Cost:230510.47
LS: PDPairExchange:4(0.002s) | BlockExchange:0(0.009s) | BlockRelocate:11(0.023s) | mPDG:0(0.003s) | TotalTime:0.037s | Cost:230510.47

The solution initialized by Cheapest Insertion:
V_1:[d3_1434540057-18] V_2:[p1_1433060056-1 p6_1700010068-1 d6_1700010068-6 d1_1433060056-1 p1_1906390072-1 d1_1906390072-1] V_3:[d1_1509410060-1 d3_1641430066-3 d1_1553070063-1 p1_1742060071-1 p1_1700300069-1 p1_1620510065-1 d1_1620510065-1 d1_1700300069-1 d1_1742060071-1] V_4:[d15_1434540057-15] V_5:[d1_1553320064-1 d10_1550060062-10 p1_1735470070-1 d1_1735470070-1]
The fitness value before EA: 230510.46666666665
V_1:[d3_1434540057-18] V_2:[p1_1433060056-1 p6_1700010068-1 d6_1700010068-6 d1_1433060056-1 p1_1906390072-1 d1_1906390072-1] V_3:[d1_1509410060-1 d3_1641430066-3 d1_1553070063-1 p1_1742060071-1 p1_1700300069-1 p1_1620510065-1 d1_1620510065-1 d1_1700300069-1 d1_1742060071-1] V_4:[d15_1434540057-15] V_5:[d1_1553320064-1 d10_1550060062-10 p1_1735470070-1 d1_1735470070-1]
The fitness value after EA: 230510.46666666665

Thoi gian thuc hien thuat toan:  1.3681819438934326
SUCCESS

2025-10-04 08:47:26,245 [simulate_environment.py | 256] INFO: 2025-10-04 19:10:00, Item 1433060056-1: state = 1 < 2, we can not finish the simulation
2025-10-04 08:47:26,245 [simulate_environment.py | 99] INFO: **************************************************
2025-10-04 08:47:26,245 [simulate_environment.py | 103] INFO: cur time: 2025-10-04 19:20:00, pre time: 2025-10-04 19:10:00
2025-10-04 08:47:26,245 [simulate_environment.py | 140] INFO: Start to update the input of 2025-10-04 19:20:00
2025-10-04 08:47:26,246 [simulate_environment.py | 167] INFO: Get 5 unallocated order items, 40 ongoing order items, 202 completed order items
2025-10-04 08:47:27,760 [simulate_environment.py | 234] INFO: 
Adaptive config applied: {'num_orders': 5, 'num_vehicles': 5, 'time_budget_sec': None, 'POPULATION_SIZE': 40, 'NUMBER_OF_GENERATION': 20, 'MUTATION_RATE': 0.1, 'LS_MAX': 20, 'LS_MAX_TIME_PER_OP': 3, 'LS_MAX_TIME_IN_SINGLE': 1}
LS: mPDG | Count: 0 | TotalTime:0.002s | Cost:230257.39
LS: BlockExchange | Count: 1 | TotalTime:0.000s | Cost:251266.21
LS: BlockExchange | Count: 1 | TotalTime:0.000s | Cost:251266.21
LS: BlockExchange | Count: 1 | TotalTime:0.000s | Cost:251266.21
LS: mPDG | Count: 1 | TotalTime:0.002s | Cost:240442.64
LS: BlockRelocate | Count: 1 | TotalTime:0.001s | Cost:240442.64
LS: BlockExchange | Count: 1 | TotalTime:0.000s | Cost:243997.66
LS: BlockExchange | Count: 1 | TotalTime:0.000s | Cost:243997.66
LS: BlockExchange | Count: 1 | TotalTime:0.000s | Cost:243997.66
LS: mPDG | Count: 1 | TotalTime:0.002s | Cost:240442.64
LS: BlockRelocate | Count: 1 | TotalTime:0.000s | Cost:240442.64
Generation 1: Best = 230257.39, Worst = 251771.54, Avg = 249149.47, Time: 0.07593393325805664
LS: BlockExchange | Count: 0 | TotalTime:0.000s | Cost:230257.39
LS: mPDG | Count: 0 | TotalTime:0.002s | Cost:240442.64
LS: BlockRelocate | Count: 1 | TotalTime:0.000s | Cost:234279.62
LS: mPDG | Count: 0 | TotalTime:0.002s | Cost:240442.64
LS: BlockRelocate | Count: 1 | TotalTime:0.003s | Cost:234279.62
LS: PDPairExchange | Count: 0 | TotalTime:0.001s | Cost:243930.96
LS: PDPairExchange | Count: 0 | TotalTime:0.000s | Cost:243930.96
LS: PDPairExchange | Count: 0 | TotalTime:0.000s | Cost:243930.96
LS: PDPairExchange | Count: 0 | TotalTime:0.001s | Cost:243930.96
LS: mPDG | Count: 1 | TotalTime:0.002s | Cost:234280.68
LS: mPDG | Count: 1 | TotalTime:0.002s | Cost:234280.68
Generation 2: Best = 230257.39, Worst = 251299.56, Avg = 243233.06, Time: 0.08955001831054688
LS: mPDG | Count: 0 | TotalTime:0.002s | Cost:230257.39
LS: BlockRelocate | Count: 0 | TotalTime:0.003s | Cost:234279.62
LS: BlockRelocate | Count: 0 | TotalTime:0.003s | Cost:234279.62
LS: mPDG | Count: 1 | TotalTime:0.001s | Cost:234279.62
LS: mPDG | Count: 1 | TotalTime:0.001s | Cost:234279.62
LS: mPDG | Count: 0 | TotalTime:0.002s | Cost:240442.64
LS: mPDG | Count: 0 | TotalTime:0.002s | Cost:240442.64
LS: BlockExchange | Count: 0 | TotalTime:0.001s | Cost:243930.96
LS: mPDG | Count: 1 | TotalTime:0.002s | Cost:234280.68
LS: mPDG | Count: 1 | TotalTime:0.002s | Cost:234280.68
LS: mPDG | Count: 1 | TotalTime:0.002s | Cost:234280.68
Generation 3: Best = 230257.39, Worst = 251299.56, Avg = 242453.40, Time: 0.09754467010498047
LS: BlockExchange | Count: 0 | TotalTime:0.000s | Cost:230257.39
LS: BlockRelocate | Count: 0 | TotalTime:0.004s | Cost:234279.62
LS: BlockRelocate | Count: 0 | TotalTime:0.003s | Cost:234279.62
LS: mPDG | Count: 0 | TotalTime:0.002s | Cost:234279.62
LS: mPDG | Count: 0 | TotalTime:0.002s | Cost:234279.62
LS: mPDG | Count: 1 | TotalTime:0.001s | Cost:234279.62
LS: mPDG | Count: 1 | TotalTime:0.001s | Cost:234279.62
LS: mPDG | Count: 1 | TotalTime:0.001s | Cost:234279.62
LS: mPDG | Count: 1 | TotalTime:0.002s | Cost:234280.68
LS: BlockExchange | Count: 0 | TotalTime:0.001s | Cost:243930.96
LS: BlockExchange | Count: 0 | TotalTime:0.001s | Cost:243930.96
Generation 4: Best = 230257.39, Worst = 244981.00, Avg = 241857.64, Time: 0.09335494041442871
LS: PDPairExchange | Count: 0 | TotalTime:0.000s | Cost:230257.39
LS: BlockRelocate | Count: 0 | TotalTime:0.004s | Cost:234279.62
LS: BlockRelocate | Count: 0 | TotalTime:0.004s | Cost:234279.62
LS: mPDG | Count: 0 | TotalTime:0.002s | Cost:234279.62
LS: mPDG | Count: 0 | TotalTime:0.002s | Cost:234279.62
LS: mPDG | Count: 0 | TotalTime:0.002s | Cost:234279.62
LS: mPDG | Count: 0 | TotalTime:0.002s | Cost:234279.62
LS: mPDG | Count: 0 | TotalTime:0.002s | Cost:234279.62
LS: PDPairExchange | Count: 0 | TotalTime:0.001s | Cost:243930.96
LS: PDPairExchange | Count: 0 | TotalTime:0.001s | Cost:243930.96
LS: mPDG | Count: 1 | TotalTime:0.002s | Cost:234280.68
Generation 5: Best = 230257.39, Worst = 251299.56, Avg = 242382.37, Time: 0.09893083572387695
Stopping early due to lack of improvement.
Total runtime: 1.12s (0.0 minutes)
LS: mPDG:0(0.000s) | BlockRelocate:0(0.003s) | PDPairExchange:0(0.000s) | BlockExchange:0(0.000s) | TotalTime:0.004s | Cost:230257.39
LS: BlockRelocate:2(0.003s) | PDPairExchange:1(0.001s) | BlockExchange:0(0.000s) | mPDG:0(0.002s) | TotalTime:0.007s | Cost:230257.39
LS: BlockRelocate:2(0.005s) | PDPairExchange:1(0.001s) | BlockExchange:0(0.000s) | mPDG:0(0.002s) | TotalTime:0.009s | Cost:230257.39
LS: mPDG:0(0.000s) | PDPairExchange:1(0.002s) | BlockExchange:0(0.001s) | BlockRelocate:2(0.006s) | TotalTime:0.009s | Cost:230257.39
LS: mPDG:0(0.000s) | PDPairExchange:1(0.002s) | BlockExchange:0(0.001s) | BlockRelocate:2(0.008s) | TotalTime:0.011s | Cost:230257.39

The solution initialized by Cheapest Insertion:
V_1:[d3_1434540057-18] V_2:[d6_1700010068-6 d1_1433060056-1 p1_1906390072-1 d1_1906390072-1] V_3:[d3_1641430066-3 d1_1553070063-1 p1_1742060071-1 p1_1700300069-1 p1_1620510065-1 d1_1620510065-1 d1_1700300069-1 d1_1742060071-1] V_4:[d15_1434540057-15] V_5:[d1_1553320064-1 d10_1550060062-10 p1_1735470070-1 d1_1735470070-1]
The fitness value before EA: 230257.38888888888
V_1:[d3_1434540057-18] V_2:[d6_1700010068-6 d1_1433060056-1 p1_1906390072-1 d1_1906390072-1] V_3:[d3_1641430066-3 d1_1553070063-1 p1_1742060071-1 p1_1700300069-1 p1_1620510065-1 d1_1620510065-1 d1_1700300069-1 d1_1742060071-1] V_4:[d15_1434540057-15] V_5:[d1_1553320064-1 d10_1550060062-10 p1_1735470070-1 d1_1735470070-1]
The fitness value after EA: 230257.38888888888

Thoi gian thuc hien thuat toan:  1.1986324787139893
SUCCESS

2025-10-04 08:47:27,762 [simulate_environment.py | 256] INFO: 2025-10-04 19:20:00, Item 1620510065-1: state = 1 < 2, we can not finish the simulation
2025-10-04 08:47:27,762 [simulate_environment.py | 99] INFO: **************************************************
2025-10-04 08:47:27,762 [simulate_environment.py | 103] INFO: cur time: 2025-10-04 19:30:00, pre time: 2025-10-04 19:20:00
2025-10-04 08:47:27,762 [simulate_environment.py | 140] INFO: Start to update the input of 2025-10-04 19:30:00
2025-10-04 08:47:27,763 [simulate_environment.py | 167] INFO: Get 6 unallocated order items, 40 ongoing order items, 202 completed order items
2025-10-04 08:47:29,420 [simulate_environment.py | 234] INFO: 
Adaptive config applied: {'num_orders': 6, 'num_vehicles': 5, 'time_budget_sec': None, 'POPULATION_SIZE': 40, 'NUMBER_OF_GENERATION': 20, 'MUTATION_RATE': 0.1, 'LS_MAX': 20, 'LS_MAX_TIME_PER_OP': 3, 'LS_MAX_TIME_IN_SINGLE': 1}
LS: mPDG | Count: 0 | TotalTime:0.003s | Cost:230257.93
LS: BlockRelocate | Count: 1 | TotalTime:0.001s | Cost:251299.74
LS: BlockExchange | Count: 1 | TotalTime:0.000s | Cost:244331.00
LS: mPDG | Count: 1 | TotalTime:0.002s | Cost:251299.74
LS: BlockRelocate | Count: 1 | TotalTime:0.001s | Cost:249521.80
LS: BlockExchange | Count: 1 | TotalTime:0.000s | Cost:248858.32
LS: BlockRelocate | Count: 1 | TotalTime:0.002s | Cost:251299.74
LS: BlockExchange | Count: 1 | TotalTime:0.000s | Cost:251266.41
LS: BlockRelocate | Count: 1 | TotalTime:0.002s | Cost:251299.74
LS: PDPairExchange | Count: 1 | TotalTime:0.000s | Cost:244331.00
LS: BlockRelocate | Count: 1 | TotalTime:0.001s | Cost:249521.80
Generation 1: Best = 230257.93, Worst = 340465.70, Avg = 252503.66, Time: 0.0904233455657959
LS: PDPairExchange | Count: 0 | TotalTime:0.001s | Cost:230257.93
LS: BlockExchange | Count: 0 | TotalTime:0.001s | Cost:243931.14
LS: BlockRelocate | Count: 1 | TotalTime:0.001s | Cost:234280.86
LS: mPDG | Count: 1 | TotalTime:0.003s | Cost:234280.86
LS: BlockExchange | Count: 0 | TotalTime:0.001s | Cost:243931.14
LS: mPDG | Count: 1 | TotalTime:0.003s | Cost:234280.86
LS: mPDG | Count: 1 | TotalTime:0.003s | Cost:234280.86
LS: PDPairExchange | Count: 0 | TotalTime:0.001s | Cost:243931.14
LS: BlockExchange | Count: 0 | TotalTime:0.001s | Cost:244331.00
LS: PDPairExchange | Count: 0 | TotalTime:0.001s | Cost:244331.00
LS: PDPairExchange | Count: 0 | TotalTime:0.001s | Cost:244914.47
Generation 2: Best = 230257.93, Worst = 251299.74, Avg = 244029.16, Time: 0.11241984367370605
LS: PDPairExchange | Count: 0 | TotalTime:0.001s | Cost:230257.93
LS: BlockRelocate | Count: 1 | TotalTime:0.003s | Cost:233474.62
LS: mPDG | Count: 0 | TotalTime:0.003s | Cost:234280.86
LS: mPDG | Count: 0 | TotalTime:0.003s | Cost:234280.86
LS: mPDG | Count: 0 | TotalTime:0.003s | Cost:234280.86
LS: PDPairExchange | Count: 0 | TotalTime:0.001s | Cost:243931.14
LS: PDPairExchange | Count: 0 | TotalTime:0.001s | Cost:243931.14
LS: PDPairExchange | Count: 0 | TotalTime:0.001s | Cost:243931.14
LS: PDPairExchange | Count: 0 | TotalTime:0.001s | Cost:243931.14
LS: mPDG | Count: 1 | TotalTime:0.003s | Cost:234280.86
LS: BlockRelocate | Count: 1 | TotalTime:0.001s | Cost:234280.86
Generation 3: Best = 230257.93, Worst = 251299.76, Avg = 242914.18, Time: 0.13198375701904297
LS: BlockExchange | Count: 0 | TotalTime:0.001s | Cost:230257.93
LS: BlockRelocate | Count: 1 | TotalTime:0.003s | Cost:230257.93
LS: mPDG | Count: 0 | TotalTime:0.003s | Cost:234280.86
LS: mPDG | Count: 0 | TotalTime:0.003s | Cost:234280.86
LS: mPDG | Count: 0 | TotalTime:0.003s | Cost:234280.86
LS: mPDG | Count: 0 | TotalTime:0.003s | Cost:234280.86
LS: BlockRelocate | Count: 1 | TotalTime:0.003s | Cost:233474.62
LS: BlockExchange | Count: 0 | TotalTime:0.001s | Cost:243931.14
LS: BlockRelocate | Count: 1 | TotalTime:0.003s | Cost:234280.86
LS: mPDG | Count: 1 | TotalTime:0.003s | Cost:234280.86
LS: BlockExchange | Count: 0 | TotalTime:0.001s | Cost:243931.14
Generation 4: Best = 230257.93, Worst = 244914.47, Avg = 241825.97, Time: 0.12315249443054199
LS: BlockRelocate | Count: 0 | TotalTime:0.006s | Cost:230257.93
LS: BlockRelocate | Count: 0 | TotalTime:0.006s | Cost:230257.93
LS: BlockRelocate | Count: 1 | TotalTime:0.005s | Cost:230257.93
LS: mPDG | Count: 0 | TotalTime:0.003s | Cost:234280.86
LS: mPDG | Count: 0 | TotalTime:0.003s | Cost:234280.86
LS: mPDG | Count: 0 | TotalTime:0.003s | Cost:234280.86
LS: mPDG | Count: 0 | TotalTime:0.003s | Cost:234280.86
LS: BlockRelocate | Count: 1 | TotalTime:0.005s | Cost:234279.80
LS: PDPairExchange | Count: 0 | TotalTime:0.001s | Cost:243931.14
LS: mPDG | Count: 1 | TotalTime:0.003s | Cost:234280.86
LS: BlockExchange | Count: 0 | TotalTime:0.001s | Cost:243931.14
Generation 5: Best = 230257.93, Worst = 252283.10, Avg = 242576.13, Time: 0.14519119262695312
Stopping early due to lack of improvement.
Total runtime: 1.25s (0.0 minutes)
LS: PDPairExchange:0(0.000s) | BlockRelocate:0(0.005s) | BlockExchange:0(0.001s) | mPDG:0(0.003s) | TotalTime:0.009s | Cost:230257.93
LS: BlockRelocate:0(0.000s) | PDPairExchange:0(0.001s) | BlockExchange:0(0.001s) | mPDG:0(0.003s) | TotalTime:0.005s | Cost:230257.93
LS: BlockRelocate:0(0.000s) | PDPairExchange:0(0.001s) | BlockExchange:0(0.001s) | mPDG:0(0.003s) | TotalTime:0.005s | Cost:230257.93
LS: BlockRelocate:2(0.007s) | PDPairExchange:1(0.001s) | BlockExchange:0(0.001s) | mPDG:0(0.003s) | TotalTime:0.011s | Cost:230263.19
LS: mPDG:0(0.000s) | PDPairExchange:1(0.003s) | BlockExchange:0(0.002s) | BlockRelocate:2(0.010s) | TotalTime:0.015s | Cost:230257.93

The solution initialized by Cheapest Insertion:
V_1:[d3_1434540057-18] V_2:[d6_1700010068-6 d1_1433060056-1 p1_1906390072-1 d1_1906390072-1] V_3:[d3_1641430066-3 d1_1553070063-1 p1_1742060071-1 p1_1700300069-1 p1_1620510065-1 d1_1620510065-1 d1_1700300069-1 d1_1742060071-1 p1_1922280073-1 d1_1922280073-1] V_4:[d15_1434540057-15] V_5:[d1_1553320064-1 d10_1550060062-10 p1_1735470070-1 d1_1735470070-1]
The fitness value before EA: 230257.92888888888
V_1:[d3_1434540057-18] V_2:[d6_1700010068-6 d1_1433060056-1 p1_1906390072-1 d1_1906390072-1] V_3:[d3_1641430066-3 d1_1553070063-1 p1_1742060071-1 p1_1700300069-1 p1_1620510065-1 d1_1620510065-1 d1_1700300069-1 d1_1742060071-1 p1_1922280073-1 d1_1922280073-1] V_4:[d15_1434540057-15] V_5:[d1_1553320064-1 d10_1550060062-10 p1_1735470070-1 d1_1735470070-1]
The fitness value after EA: 230257.92888888888

Thoi gian thuc hien thuat toan:  1.337109088897705
SUCCESS

2025-10-04 08:47:29,422 [simulate_environment.py | 256] INFO: 2025-10-04 19:30:00, Item 1620510065-1: state = 1 < 2, we can not finish the simulation
2025-10-04 08:47:29,423 [simulate_environment.py | 99] INFO: **************************************************
2025-10-04 08:47:29,423 [simulate_environment.py | 103] INFO: cur time: 2025-10-04 19:40:00, pre time: 2025-10-04 19:30:00
2025-10-04 08:47:29,423 [simulate_environment.py | 140] INFO: Start to update the input of 2025-10-04 19:40:00
2025-10-04 08:47:29,424 [simulate_environment.py | 167] INFO: Get 7 unallocated order items, 25 ongoing order items, 217 completed order items
2025-10-04 08:47:31,285 [simulate_environment.py | 234] INFO: 
Adaptive config applied: {'num_orders': 7, 'num_vehicles': 5, 'time_budget_sec': None, 'POPULATION_SIZE': 40, 'NUMBER_OF_GENERATION': 20, 'MUTATION_RATE': 0.1, 'LS_MAX': 20, 'LS_MAX_TIME_PER_OP': 3, 'LS_MAX_TIME_IN_SINGLE': 1}
LS: BlockExchange | Count: 0 | TotalTime:0.001s | Cost:81004.97
LS: BlockExchange | Count: 1 | TotalTime:0.001s | Cost:95078.04
LS: PDPairExchange | Count: 1 | TotalTime:0.001s | Cost:102013.45
LS: BlockRelocate | Count: 1 | TotalTime:0.000s | Cost:91398.22
LS: mPDG | Count: 1 | TotalTime:0.003s | Cost:102046.78
LS: BlockExchange | Count: 1 | TotalTime:0.000s | Cost:102013.45
LS: BlockExchange | Count: 1 | TotalTime:0.000s | Cost:102013.45
LS: BlockRelocate | Count: 1 | TotalTime:0.000s | Cost:102046.78
LS: mPDG | Count: 1 | TotalTime:0.003s | Cost:102046.78
LS: mPDG | Count: 1 | TotalTime:0.003s | Cost:102046.78
LS: BlockRelocate | Count: 1 | TotalTime:0.001s | Cost:91398.22
Generation 1: Best = 81004.97, Worst = 137198.32, Avg = 101690.39, Time: 0.0966641902923584
LS: BlockExchange | Count: 0 | TotalTime:0.001s | Cost:81004.97
LS: BlockRelocate | Count: 1 | TotalTime:0.000s | Cost:85235.19
LS: BlockRelocate | Count: 1 | TotalTime:0.001s | Cost:91196.54
LS: mPDG | Count: 1 | TotalTime:0.003s | Cost:85027.90
LS: mPDG | Count: 1 | TotalTime:0.003s | Cost:85027.90
LS: BlockExchange | Count: 0 | TotalTime:0.001s | Cost:94678.18
LS: BlockExchange | Count: 1 | TotalTime:0.001s | Cost:94745.24
LS: mPDG | Count: 1 | TotalTime:0.003s | Cost:85027.90
LS: BlockExchange | Count: 0 | TotalTime:0.000s | Cost:95661.51
LS: BlockRelocate | Count: 1 | TotalTime:0.003s | Cost:94678.18
LS: BlockExchange | Count: 0 | TotalTime:0.000s | Cost:95661.51
Generation 2: Best = 81004.97, Worst = 102046.80, Avg = 94888.86, Time: 0.0983428955078125
LS: BlockRelocate | Count: 0 | TotalTime:0.008s | Cost:81004.97
LS: mPDG | Count: 0 | TotalTime:0.004s | Cost:85027.90
LS: mPDG | Count: 0 | TotalTime:0.004s | Cost:85027.90
LS: mPDG | Count: 0 | TotalTime:0.004s | Cost:85027.90
LS: BlockRelocate | Count: 1 | TotalTime:0.004s | Cost:85027.90
LS: BlockRelocate | Count: 1 | TotalTime:0.003s | Cost:84227.28
LS: mPDG | Count: 1 | TotalTime:0.004s | Cost:85027.90
LS: BlockRelocate | Count: 1 | TotalTime:0.001s | Cost:85027.90
LS: BlockExchange | Count: 0 | TotalTime:0.001s | Cost:94678.18
LS: BlockExchange | Count: 0 | TotalTime:0.001s | Cost:94678.18
LS: BlockExchange | Count: 0 | TotalTime:0.001s | Cost:94678.18
Generation 3: Best = 81004.97, Worst = 102046.80, Avg = 93253.42, Time: 0.13594722747802734
LS: BlockRelocate | Count: 0 | TotalTime:0.006s | Cost:81004.97
LS: BlockRelocate | Count: 1 | TotalTime:0.004s | Cost:84221.66
LS: mPDG | Count: 0 | TotalTime:0.003s | Cost:85027.90
LS: mPDG | Count: 0 | TotalTime:0.003s | Cost:85027.90
LS: mPDG | Count: 0 | TotalTime:0.003s | Cost:85027.90
LS: BlockRelocate | Count: 1 | TotalTime:0.001s | Cost:84221.66
LS: mPDG | Count: 0 | TotalTime:0.003s | Cost:85027.90
LS: BlockRelocate | Count: 1 | TotalTime:0.002s | Cost:84221.66
LS: mPDG | Count: 1 | TotalTime:0.003s | Cost:85027.90
LS: mPDG | Count: 1 | TotalTime:0.003s | Cost:85027.90
LS: mPDG | Count: 1 | TotalTime:0.003s | Cost:85027.90
Generation 4: Best = 81004.97, Worst = 102046.80, Avg = 92294.99, Time: 0.1379256248474121
LS: mPDG | Count: 0 | TotalTime:0.004s | Cost:81004.97
LS: BlockRelocate | Count: 1 | TotalTime:0.005s | Cost:81004.97
LS: BlockRelocate | Count: 1 | TotalTime:0.003s | Cost:81004.97
LS: BlockRelocate | Count: 1 | TotalTime:0.005s | Cost:81004.97
LS: mPDG | Count: 0 | TotalTime:0.003s | Cost:85027.90
LS: mPDG | Count: 0 | TotalTime:0.004s | Cost:85027.90
LS: mPDG | Count: 0 | TotalTime:0.003s | Cost:85027.90
LS: mPDG | Count: 0 | TotalTime:0.003s | Cost:85027.90
LS: BlockRelocate | Count: 1 | TotalTime:0.004s | Cost:85027.90
LS: mPDG | Count: 1 | TotalTime:0.004s | Cost:85027.90
LS: BlockRelocate | Count: 1 | TotalTime:0.001s | Cost:85027.90
Generation 5: Best = 81004.97, Worst = 102046.80, Avg = 92293.34, Time: 0.13007783889770508
Stopping early due to lack of improvement.
Total runtime: 1.39s (0.0 minutes)
LS: BlockRelocate:0(0.000s) | mPDG:0(0.004s) | PDPairExchange:0(0.001s) | BlockExchange:0(0.001s) | TotalTime:0.006s | Cost:81004.97
LS: BlockRelocate:0(0.000s) | PDPairExchange:0(0.001s) | BlockExchange:0(0.001s) | mPDG:0(0.004s) | TotalTime:0.006s | Cost:81004.97
LS: BlockRelocate:0(0.000s) | PDPairExchange:0(0.001s) | BlockExchange:0(0.001s) | mPDG:0(0.004s) | TotalTime:0.006s | Cost:81004.97
LS: BlockRelocate:0(0.000s) | PDPairExchange:0(0.001s) | BlockExchange:0(0.001s) | mPDG:0(0.004s) | TotalTime:0.006s | Cost:81004.97
LS: mPDG:0(0.000s) | PDPairExchange:1(0.004s) | BlockExchange:0(0.003s) | BlockRelocate:2(0.014s) | TotalTime:0.021s | Cost:81004.97

The solution initialized by Cheapest Insertion:
V_1:[d3_1434540057-18] V_2:[d6_1700010068-6 d1_1433060056-1 p1_1936210074-1 p1_1906390072-1 d1_1906390072-1 d1_1936210074-1] V_3:[d3_1641430066-3 d1_1553070063-1 p1_1742060071-1 p1_1700300069-1 p1_1620510065-1 d1_1620510065-1 d1_1700300069-1 d1_1742060071-1 p1_1922280073-1 d1_1922280073-1] V_4:[] V_5:[d1_1553320064-1 d10_1550060062-10 p1_1735470070-1 d1_1735470070-1]
The fitness value before EA: 81004.96888888889
V_1:[d3_1434540057-18] V_2:[d6_1700010068-6 d1_1433060056-1 p1_1936210074-1 p1_1906390072-1 d1_1906390072-1 d1_1936210074-1] V_3:[d3_1641430066-3 d1_1553070063-1 p1_1742060071-1 p1_1700300069-1 p1_1620510065-1 d1_1620510065-1 d1_1700300069-1 d1_1742060071-1 p1_1922280073-1 d1_1922280073-1] V_4:[] V_5:[d1_1553320064-1 d10_1550060062-10 p1_1735470070-1 d1_1735470070-1]
The fitness value after EA: 81004.96888888889

Thoi gian thuc hien thuat toan:  1.4867165088653564
SUCCESS

2025-10-04 08:47:31,286 [simulate_environment.py | 256] INFO: 2025-10-04 19:40:00, Item 1620510065-1: state = 1 < 2, we can not finish the simulation
2025-10-04 08:47:31,286 [simulate_environment.py | 99] INFO: **************************************************
2025-10-04 08:47:31,287 [simulate_environment.py | 103] INFO: cur time: 2025-10-04 19:50:00, pre time: 2025-10-04 19:40:00
2025-10-04 08:47:31,287 [simulate_environment.py | 140] INFO: Start to update the input of 2025-10-04 19:50:00
2025-10-04 08:47:31,287 [simulate_environment.py | 167] INFO: Get 7 unallocated order items, 19 ongoing order items, 224 completed order items
2025-10-04 08:47:32,908 [simulate_environment.py | 234] INFO: 
Adaptive config applied: {'num_orders': 6, 'num_vehicles': 5, 'time_budget_sec': None, 'POPULATION_SIZE': 40, 'NUMBER_OF_GENERATION': 20, 'MUTATION_RATE': 0.1, 'LS_MAX': 20, 'LS_MAX_TIME_PER_OP': 3, 'LS_MAX_TIME_IN_SINGLE': 1}
LS: BlockExchange | Count: 0 | TotalTime:0.001s | Cost:46255.03
LS: mPDG | Count: 1 | TotalTime:0.002s | Cost:57928.62
LS: BlockRelocate | Count: 1 | TotalTime:0.000s | Cost:46262.09
LS: mPDG | Count: 1 | TotalTime:0.002s | Cost:57928.62
LS: PDPairExchange | Count: 0 | TotalTime:0.001s | Cost:57928.78
LS: PDPairExchange | Count: 0 | TotalTime:0.001s | Cost:57928.78
LS: BlockExchange | Count: 0 | TotalTime:0.001s | Cost:57928.78
LS: BlockRelocate | Count: 1 | TotalTime:0.001s | Cost:57928.62
LS: PDPairExchange | Count: 0 | TotalTime:0.001s | Cost:57928.78
LS: PDPairExchange | Count: 0 | TotalTime:0.001s | Cost:57928.78
LS: PDPairExchange | Count: 0 | TotalTime:0.001s | Cost:57928.78
Generation 1: Best = 46255.03, Worst = 103887.27, Avg = 58494.22, Time: 0.07441306114196777
LS: mPDG | Count: 0 | TotalTime:0.002s | Cost:46255.03
LS: BlockRelocate | Count: 1 | TotalTime:0.003s | Cost:46261.85
LS: mPDG | Count: 1 | TotalTime:0.002s | Cost:46255.03
LS: mPDG | Count: 1 | TotalTime:0.002s | Cost:46255.03
LS: BlockRelocate | Count: 1 | TotalTime:0.001s | Cost:57928.26
LS: mPDG | Count: 1 | TotalTime:0.002s | Cost:57928.62
LS: mPDG | Count: 1 | TotalTime:0.002s | Cost:57928.62
LS: PDPairExchange | Count: 0 | TotalTime:0.001s | Cost:57928.78
LS: BlockRelocate | Count: 1 | TotalTime:0.001s | Cost:57928.62
LS: BlockRelocate | Count: 1 | TotalTime:0.002s | Cost:57928.62
LS: mPDG | Count: 1 | TotalTime:0.002s | Cost:57928.62
Generation 2: Best = 46255.03, Worst = 57928.78, Avg = 56761.54, Time: 0.08515810966491699
LS: BlockRelocate | Count: 0 | TotalTime:0.004s | Cost:46255.03
LS: mPDG | Count: 0 | TotalTime:0.002s | Cost:46255.03
LS: mPDG | Count: 0 | TotalTime:0.002s | Cost:46255.03
LS: BlockRelocate | Count: 0 | TotalTime:0.004s | Cost:46261.85
LS: BlockRelocate | Count: 1 | TotalTime:0.003s | Cost:46261.57
LS: mPDG | Count: 1 | TotalTime:0.002s | Cost:46255.03
LS: mPDG | Count: 1 | TotalTime:0.002s | Cost:46255.03
LS: BlockRelocate | Count: 1 | TotalTime:0.003s | Cost:46255.03
LS: mPDG | Count: 1 | TotalTime:0.002s | Cost:57928.62
LS: BlockRelocate | Count: 1 | TotalTime:0.001s | Cost:57928.62
LS: BlockRelocate | Count: 1 | TotalTime:0.001s | Cost:46262.09
Generation 3: Best = 46255.03, Worst = 57928.78, Avg = 55302.69, Time: 0.09491872787475586
LS: BlockExchange | Count: 0 | TotalTime:0.001s | Cost:46255.03
LS: mPDG | Count: 0 | TotalTime:0.002s | Cost:46255.03
LS: mPDG | Count: 0 | TotalTime:0.002s | Cost:46255.03
LS: mPDG | Count: 0 | TotalTime:0.002s | Cost:46255.03
LS: mPDG | Count: 0 | TotalTime:0.002s | Cost:46255.03
LS: BlockRelocate | Count: 0 | TotalTime:0.005s | Cost:46255.03
LS: BlockRelocate | Count: 1 | TotalTime:0.005s | Cost:46255.03
LS: BlockRelocate | Count: 0 | TotalTime:0.005s | Cost:46261.85
LS: BlockRelocate | Count: 1 | TotalTime:0.001s | Cost:46262.09
LS: PDPairExchange | Count: 0 | TotalTime:0.001s | Cost:57928.78
LS: BlockRelocate | Count: 1 | TotalTime:0.003s | Cost:57928.62
Generation 4: Best = 46255.03, Worst = 57928.78, Avg = 55302.53, Time: 0.09603214263916016
LS: BlockExchange | Count: 0 | TotalTime:0.001s | Cost:46255.03
LS: mPDG | Count: 0 | TotalTime:0.002s | Cost:46255.03
LS: mPDG | Count: 0 | TotalTime:0.002s | Cost:46255.03
LS: mPDG | Count: 0 | TotalTime:0.002s | Cost:46255.03
LS: mPDG | Count: 0 | TotalTime:0.002s | Cost:46255.03
LS: BlockRelocate | Count: 0 | TotalTime:0.005s | Cost:46255.03
LS: BlockRelocate | Count: 0 | TotalTime:0.005s | Cost:46255.03
LS: BlockRelocate | Count: 0 | TotalTime:0.005s | Cost:46261.85
LS: mPDG | Count: 1 | TotalTime:0.002s | Cost:57928.62
LS: BlockRelocate | Count: 1 | TotalTime:0.002s | Cost:46262.09
LS: PDPairExchange | Count: 0 | TotalTime:0.001s | Cost:57928.78
Generation 5: Best = 46255.03, Worst = 57928.78, Avg = 55302.53, Time: 0.10242843627929688
Stopping early due to lack of improvement.
Total runtime: 1.19s (0.0 minutes)
LS: BlockRelocate:0(0.000s) | PDPairExchange:0(0.001s) | mPDG:0(0.002s) | BlockExchange:0(0.001s) | TotalTime:0.004s | Cost:46255.03
LS: mPDG:0(0.000s) | PDPairExchange:0(0.001s) | BlockExchange:0(0.001s) | BlockRelocate:0(0.004s) | TotalTime:0.006s | Cost:46255.03
LS: mPDG:0(0.000s) | PDPairExchange:0(0.001s) | BlockExchange:0(0.001s) | BlockRelocate:0(0.005s) | TotalTime:0.006s | Cost:46255.03
LS: mPDG:0(0.000s) | PDPairExchange:0(0.001s) | BlockExchange:0(0.001s) | BlockRelocate:0(0.005s) | TotalTime:0.006s | Cost:46255.03
LS: mPDG:0(0.000s) | PDPairExchange:0(0.001s) | BlockExchange:0(0.001s) | BlockRelocate:0(0.004s) | TotalTime:0.006s | Cost:46255.03

The solution initialized by Cheapest Insertion:
V_1:[] V_2:[d6_1700010068-6 d1_1433060056-1 p1_1936210074-1 p1_1906390072-1 d1_1906390072-1 d1_1936210074-1] V_3:[p1_1700300069-1 p1_1620510065-1 d1_1620510065-1 d1_1700300069-1 d1_1742060071-1 p1_1948360075-1 p1_1922280073-1 d1_1922280073-1 d1_1948360075-1] V_4:[] V_5:[d1_1553320064-1 d10_1550060062-10 p1_1735470070-1 d1_1735470070-1]
The fitness value before EA: 46255.02888888889
V_1:[] V_2:[d6_1700010068-6 d1_1433060056-1 p1_1936210074-1 p1_1906390072-1 d1_1906390072-1 d1_1936210074-1] V_3:[p1_1700300069-1 p1_1620510065-1 d1_1620510065-1 d1_1700300069-1 d1_1742060071-1 p1_1948360075-1 p1_1922280073-1 d1_1922280073-1 d1_1948360075-1] V_4:[] V_5:[d1_1553320064-1 d10_1550060062-10 p1_1735470070-1 d1_1735470070-1]
The fitness value after EA: 46255.02888888889

Thoi gian thuc hien thuat toan:  1.2401058673858643
SUCCESS

2025-10-04 08:47:32,910 [simulate_environment.py | 256] INFO: 2025-10-04 19:50:00, Item 1620510065-1: state = 1 < 2, we can not finish the simulation
2025-10-04 08:47:32,910 [simulate_environment.py | 99] INFO: **************************************************
2025-10-04 08:47:32,910 [simulate_environment.py | 103] INFO: cur time: 2025-10-04 20:00:00, pre time: 2025-10-04 19:50:00
2025-10-04 08:47:32,910 [simulate_environment.py | 140] INFO: Start to update the input of 2025-10-04 20:00:00
2025-10-04 08:47:32,911 [simulate_environment.py | 167] INFO: Get 9 unallocated order items, 19 ongoing order items, 224 completed order items
2025-10-04 08:47:34,761 [simulate_environment.py | 234] INFO: 
Adaptive config applied: {'num_orders': 8, 'num_vehicles': 5, 'time_budget_sec': None, 'POPULATION_SIZE': 40, 'NUMBER_OF_GENERATION': 20, 'MUTATION_RATE': 0.1, 'LS_MAX': 20, 'LS_MAX_TIME_PER_OP': 3, 'LS_MAX_TIME_IN_SINGLE': 1}
LS: BlockRelocate | Count: 1 | TotalTime:0.007s | Cost:46594.98
LS: BlockExchange | Count: 1 | TotalTime:0.000s | Cost:62301.35
LS: BlockExchange | Count: 1 | TotalTime:0.000s | Cost:65108.44
LS: BlockExchange | Count: 1 | TotalTime:0.001s | Cost:65108.44
LS: mPDG | Count: 1 | TotalTime:0.003s | Cost:72112.30
LS: BlockRelocate | Count: 1 | TotalTime:0.005s | Cost:58262.33
LS: BlockExchange | Count: 1 | TotalTime:0.001s | Cost:65108.44
LS: PDPairExchange | Count: 1 | TotalTime:0.001s | Cost:62301.35
LS: PDPairExchange | Count: 1 | TotalTime:0.000s | Cost:62301.35
LS: mPDG | Count: 1 | TotalTime:0.004s | Cost:72112.30
LS: BlockExchange | Count: 1 | TotalTime:0.001s | Cost:65108.44
Generation 1: Best = 46594.98, Worst = 500202.55, Avg = 80394.28, Time: 0.10841870307922363
LS: BlockRelocate | Count: 0 | TotalTime:0.008s | Cost:46594.98
LS: BlockRelocate | Count: 1 | TotalTime:0.012s | Cost:46595.64
LS: BlockExchange | Count: 1 | TotalTime:0.002s | Cost:61141.78
LS: PDPairExchange | Count: 0 | TotalTime:0.002s | Cost:62301.35
LS: PDPairExchange | Count: 0 | TotalTime:0.001s | Cost:62301.35
LS: PDPairExchange | Count: 0 | TotalTime:0.002s | Cost:62301.35
LS: mPDG | Count: 1 | TotalTime:0.003s | Cost:62301.19
LS: BlockExchange | Count: 1 | TotalTime:0.000s | Cost:61141.78
LS: BlockExchange | Count: 1 | TotalTime:0.000s | Cost:61141.78
LS: mPDG | Count: 1 | TotalTime:0.003s | Cost:62301.19
LS: PDPairExchange | Count: 0 | TotalTime:0.002s | Cost:62301.35
Generation 2: Best = 46594.98, Worst = 72112.46, Avg = 65073.49, Time: 0.13001632690429688
LS: BlockRelocate | Count: 0 | TotalTime:0.008s | Cost:46594.98
LS: BlockRelocate | Count: 1 | TotalTime:0.003s | Cost:46595.50
LS: BlockExchange | Count: 0 | TotalTime:0.002s | Cost:61141.78
LS: BlockExchange | Count: 0 | TotalTime:0.002s | Cost:61141.78
LS: BlockExchange | Count: 0 | TotalTime:0.002s | Cost:61141.78
LS: mPDG | Count: 1 | TotalTime:0.003s | Cost:58262.17
LS: mPDG | Count: 1 | TotalTime:0.004s | Cost:58262.17
LS: PDPairExchange | Count: 0 | TotalTime:0.002s | Cost:62301.35
LS: BlockExchange | Count: 1 | TotalTime:0.001s | Cost:61141.78
LS: BlockExchange | Count: 1 | TotalTime:0.001s | Cost:61141.78
LS: mPDG | Count: 1 | TotalTime:0.004s | Cost:62301.19
Generation 3: Best = 46594.98, Worst = 72112.46, Avg = 67301.08, Time: 0.12623023986816406
LS: BlockRelocate | Count: 0 | TotalTime:0.009s | Cost:46594.98
LS: BlockRelocate | Count: 1 | TotalTime:0.004s | Cost:46595.34
LS: mPDG | Count: 0 | TotalTime:0.004s | Cost:58262.17
LS: mPDG | Count: 0 | TotalTime:0.004s | Cost:58262.17
LS: BlockExchange | Count: 0 | TotalTime:0.002s | Cost:61141.78
LS: BlockExchange | Count: 0 | TotalTime:0.002s | Cost:61141.78
LS: BlockExchange | Count: 0 | TotalTime:0.002s | Cost:61141.78
LS: BlockExchange | Count: 0 | TotalTime:0.002s | Cost:61141.78
LS: BlockExchange | Count: 1 | TotalTime:0.002s | Cost:61141.78
LS: BlockRelocate | Count: 1 | TotalTime:0.009s | Cost:58262.33
LS: BlockExchange | Count: 1 | TotalTime:0.001s | Cost:61141.78
Generation 4: Best = 46594.98, Worst = 72112.46, Avg = 65699.45, Time: 0.1373293399810791
LS: BlockRelocate | Count: 0 | TotalTime:0.009s | Cost:46594.98
LS: BlockRelocate | Count: 1 | TotalTime:0.007s | Cost:46594.98
LS: mPDG | Count: 0 | TotalTime:0.004s | Cost:58262.17
LS: mPDG | Count: 0 | TotalTime:0.004s | Cost:58262.17
LS: BlockRelocate | Count: 1 | TotalTime:0.010s | Cost:46595.64
LS: BlockExchange | Count: 0 | TotalTime:0.002s | Cost:61141.78
LS: BlockExchange | Count: 0 | TotalTime:0.002s | Cost:61141.78
LS: BlockExchange | Count: 0 | TotalTime:0.002s | Cost:61141.78
LS: BlockExchange | Count: 1 | TotalTime:0.001s | Cost:61141.78
LS: BlockRelocate | Count: 1 | TotalTime:0.003s | Cost:50634.66
LS: BlockRelocate | Count: 1 | TotalTime:0.005s | Cost:58262.33
Generation 5: Best = 46594.98, Worst = 72112.46, Avg = 65318.39, Time: 0.14128589630126953
Stopping early due to lack of improvement.
Total runtime: 1.34s (0.0 minutes)
LS: BlockRelocate:0(0.000s) | PDPairExchange:0(0.001s) | BlockExchange:0(0.001s) | mPDG:0(0.005s) | TotalTime:0.007s | Cost:46594.98
LS: BlockRelocate:0(0.000s) | PDPairExchange:0(0.001s) | BlockExchange:0(0.001s) | mPDG:0(0.004s) | TotalTime:0.006s | Cost:46594.98
LS: BlockRelocate:3(0.016s) | PDPairExchange:0(0.001s) | BlockExchange:0(0.001s) | mPDG:0(0.005s) | TotalTime:0.023s | Cost:46594.98
LS: BlockRelocate:4(0.024s) | PDPairExchange:0(0.001s) | BlockExchange:0(0.001s) | mPDG:0(0.005s) | TotalTime:0.031s | Cost:46594.98
LS: mPDG:0(0.000s) | PDPairExchange:0(0.005s) | BlockExchange:1(0.006s) | BlockRelocate:2(0.019s) | TotalTime:0.031s | Cost:46594.98

The solution initialized by Cheapest Insertion:
V_1:[p1_1955060076-1 d1_1955060076-1] V_2:[d6_1700010068-6 d1_1433060056-1 p1_1936210074-1 p1_1906390072-1 d1_1906390072-1 d1_1936210074-1] V_3:[p1_1700300069-1 p1_1620510065-1 d1_1620510065-1 d1_1700300069-1 d1_1742060071-1 p1_1948360075-1 p1_1922280073-1 d1_1922280073-1 d1_1948360075-1] V_4:[] V_5:[d1_1553320064-1 d10_1550060062-10 p1_1735470070-1 p1_1958280077-1 d1_1958280077-1 d1_1735470070-1]
The fitness value before EA: 46595.34222222222
V_1:[p1_1955060076-1 d1_1955060076-1 p1_1948360075-1 p1_1922280073-1 d1_1922280073-1 d1_1948360075-1] V_2:[d6_1700010068-6 d1_1433060056-1 p1_1936210074-1 p1_1906390072-1 d1_1906390072-1 d1_1936210074-1] V_3:[p1_1700300069-1 p1_1620510065-1 d1_1620510065-1 d1_1700300069-1 d1_1742060071-1] V_4:[] V_5:[d1_1553320064-1 d10_1550060062-10 p1_1735470070-1 p1_1958280077-1 d1_1958280077-1 d1_1735470070-1]
The fitness value after EA: 46594.98222222222

Thoi gian thuc hien thuat toan:  1.4955463409423828
SUCCESS

2025-10-04 08:47:34,762 [simulate_environment.py | 256] INFO: 2025-10-04 20:00:00, Item 1620510065-1: state = 1 < 2, we can not finish the simulation
2025-10-04 08:47:34,762 [simulate_environment.py | 99] INFO: **************************************************
2025-10-04 08:47:34,762 [simulate_environment.py | 103] INFO: cur time: 2025-10-04 20:10:00, pre time: 2025-10-04 20:00:00
2025-10-04 08:47:34,762 [simulate_environment.py | 140] INFO: Start to update the input of 2025-10-04 20:10:00
2025-10-04 08:47:34,763 [simulate_environment.py | 167] INFO: Get 10 unallocated order items, 8 ongoing order items, 235 completed order items
2025-10-04 08:47:36,508 [simulate_environment.py | 234] INFO: 
Adaptive config applied: {'num_orders': 7, 'num_vehicles': 5, 'time_budget_sec': None, 'POPULATION_SIZE': 40, 'NUMBER_OF_GENERATION': 20, 'MUTATION_RATE': 0.1, 'LS_MAX': 20, 'LS_MAX_TIME_PER_OP': 3, 'LS_MAX_TIME_IN_SINGLE': 1}
LS: PDPairExchange | Count: 0 | TotalTime:0.001s | Cost:42067.20
LS: BlockExchange | Count: 1 | TotalTime:0.001s | Cost:72276.45
LS: BlockRelocate | Count: 1 | TotalTime:0.001s | Cost:72276.45
LS: PDPairExchange | Count: 1 | TotalTime:0.000s | Cost:72276.45
LS: mPDG | Count: 1 | TotalTime:0.003s | Cost:58610.74
LS: BlockExchange | Count: 1 | TotalTime:0.000s | Cost:68784.77
LS: BlockExchange | Count: 1 | TotalTime:0.001s | Cost:68784.77
LS: mPDG | Count: 1 | TotalTime:0.003s | Cost:58610.74
LS: PDPairExchange | Count: 1 | TotalTime:0.000s | Cost:68784.77
LS: BlockExchange | Count: 1 | TotalTime:0.001s | Cost:68784.77
LS: BlockRelocate | Count: 1 | TotalTime:0.001s | Cost:56209.75
Generation 1: Best = 42067.20, Worst = 98042.86, Avg = 71057.90, Time: 0.08306527137756348
LS: BlockRelocate | Count: 0 | TotalTime:0.006s | Cost:42067.20
LS: BlockRelocate | Count: 1 | TotalTime:0.005s | Cost:51365.24
LS: mPDG | Count: 0 | TotalTime:0.003s | Cost:58610.74
LS: mPDG | Count: 0 | TotalTime:0.003s | Cost:58610.74
LS: BlockExchange | Count: 1 | TotalTime:0.000s | Cost:68518.26
LS: BlockExchange | Count: 1 | TotalTime:0.000s | Cost:65783.52
LS: PDPairExchange | Count: 1 | TotalTime:0.000s | Cost:68518.26
LS: BlockExchange | Count: 1 | TotalTime:0.001s | Cost:65783.52
LS: PDPairExchange | Count: 1 | TotalTime:0.001s | Cost:72276.45
LS: BlockExchange | Count: 1 | TotalTime:0.001s | Cost:68784.77
LS: BlockExchange | Count: 1 | TotalTime:0.001s | Cost:68784.77
Generation 2: Best = 42067.20, Worst = 72743.08, Avg = 69966.32, Time: 0.10275745391845703
LS: BlockRelocate | Count: 0 | TotalTime:0.007s | Cost:42067.20
LS: BlockRelocate | Count: 1 | TotalTime:0.002s | Cost:50743.12
LS: mPDG | Count: 0 | TotalTime:0.003s | Cost:58610.74
LS: mPDG | Count: 0 | TotalTime:0.003s | Cost:58610.74
LS: BlockExchange | Count: 1 | TotalTime:0.001s | Cost:65517.02
LS: BlockExchange | Count: 1 | TotalTime:0.000s | Cost:65517.02
LS: BlockExchange | Count: 1 | TotalTime:0.001s | Cost:65517.02
LS: PDPairExchange | Count: 1 | TotalTime:0.001s | Cost:63276.59
LS: PDPairExchange | Count: 1 | TotalTime:0.001s | Cost:72276.45
LS: mPDG | Count: 1 | TotalTime:0.003s | Cost:58610.74
LS: BlockExchange | Count: 1 | TotalTime:0.001s | Cost:68784.77
Generation 3: Best = 42067.20, Worst = 76343.14, Avg = 69657.02, Time: 0.11528873443603516
LS: PDPairExchange | Count: 0 | TotalTime:0.001s | Cost:42067.20
LS: BlockRelocate | Count: 1 | TotalTime:0.001s | Cost:50342.78
LS: mPDG | Count: 0 | TotalTime:0.003s | Cost:58610.74
LS: mPDG | Count: 0 | TotalTime:0.003s | Cost:58610.74
LS: mPDG | Count: 0 | TotalTime:0.003s | Cost:58610.74
LS: PDPairExchange | Count: 0 | TotalTime:0.001s | Cost:63276.59
LS: BlockExchange | Count: 0 | TotalTime:0.001s | Cost:65517.02
LS: BlockExchange | Count: 0 | TotalTime:0.001s | Cost:65517.02
LS: mPDG | Count: 1 | TotalTime:0.003s | Cost:58610.74
LS: mPDG | Count: 1 | TotalTime:0.003s | Cost:58610.74
LS: mPDG | Count: 1 | TotalTime:0.003s | Cost:58610.74
Generation 4: Best = 42067.20, Worst = 72743.08, Avg = 68698.36, Time: 0.10566854476928711
LS: mPDG | Count: 0 | TotalTime:0.006s | Cost:42067.20
LS: BlockRelocate | Count: 1 | TotalTime:0.001s | Cost:42077.24
LS: mPDG | Count: 0 | TotalTime:0.003s | Cost:58610.74
LS: mPDG | Count: 0 | TotalTime:0.003s | Cost:58610.74
LS: mPDG | Count: 0 | TotalTime:0.003s | Cost:58610.74
LS: mPDG | Count: 0 | TotalTime:0.003s | Cost:58610.74
LS: mPDG | Count: 0 | TotalTime:0.003s | Cost:58610.74
LS: mPDG | Count: 0 | TotalTime:0.003s | Cost:58610.74
LS: BlockExchange | Count: 1 | TotalTime:0.000s | Cost:68784.77
LS: BlockExchange | Count: 1 | TotalTime:0.000s | Cost:68784.77
LS: BlockRelocate | Count: 1 | TotalTime:0.000s | Cost:56209.75
Generation 5: Best = 42067.20, Worst = 72743.08, Avg = 68478.44, Time: 0.10777997970581055
Stopping early due to lack of improvement.
Total runtime: 1.26s (0.0 minutes)
LS: mPDG:0(0.000s) | PDPairExchange:0(0.001s) | BlockExchange:0(0.001s) | BlockRelocate:0(0.007s) | TotalTime:0.009s | Cost:42067.20
LS: BlockRelocate:1(0.005s) | PDPairExchange:0(0.001s) | BlockExchange:0(0.001s) | mPDG:0(0.003s) | TotalTime:0.011s | Cost:42070.40
LS: BlockRelocate:7(0.025s) | PDPairExchange:0(0.001s) | BlockExchange:0(0.001s) | mPDG:0(0.003s) | TotalTime:0.031s | Cost:42070.40
LS: mPDG:2(0.007s) | PDPairExchange:0(0.003s) | BlockExchange:0(0.003s) | BlockRelocate:2(0.013s) | TotalTime:0.026s | Cost:42070.34
LS: mPDG:2(0.006s) | PDPairExchange:0(0.003s) | BlockExchange:0(0.004s) | BlockRelocate:2(0.018s) | TotalTime:0.030s | Cost:42070.40

The solution initialized by Cheapest Insertion:
V_1:[p1_1955060076-1 d1_1955060076-1 p1_1948360075-1 p1_1922280073-1 d1_1922280073-1 d1_1948360075-1] V_2:[d6_1700010068-6 d1_1433060056-1 p1_1936210074-1 p1_2007580078-1 p1_1906390072-1 d1_1906390072-1 d1_2007580078-1 d1_1936210074-1] V_3:[p1_1700300069-1 p1_1620510065-1 d1_1620510065-1 d1_1700300069-1 d1_1742060071-1] V_4:[] V_5:[p1_1735470070-1 p1_1958280077-1 d1_1958280077-1 d1_1735470070-1]
The fitness value before EA: 42067.20444444445
V_1:[p1_1955060076-1 d1_1955060076-1 p1_1948360075-1 p1_1922280073-1 d1_1922280073-1 d1_1948360075-1] V_2:[d6_1700010068-6 d1_1433060056-1 p1_1936210074-1 p1_2007580078-1 p1_1906390072-1 d1_1906390072-1 d1_2007580078-1 d1_1936210074-1] V_3:[p1_1700300069-1 p1_1620510065-1 d1_1620510065-1 d1_1700300069-1 d1_1742060071-1] V_4:[] V_5:[p1_1735470070-1 p1_1958280077-1 d1_1958280077-1 d1_1735470070-1]
The fitness value after EA: 42067.20444444445

Thoi gian thuc hien thuat toan:  1.4052059650421143
SUCCESS

2025-10-04 08:47:36,509 [simulate_environment.py | 256] INFO: 2025-10-04 20:10:00, Item 1620510065-1: state = 1 < 2, we can not finish the simulation
2025-10-04 08:47:36,509 [simulate_environment.py | 99] INFO: **************************************************
2025-10-04 08:47:36,509 [simulate_environment.py | 103] INFO: cur time: 2025-10-04 20:20:00, pre time: 2025-10-04 20:10:00
2025-10-04 08:47:36,509 [simulate_environment.py | 140] INFO: Start to update the input of 2025-10-04 20:20:00
2025-10-04 08:47:36,510 [simulate_environment.py | 167] INFO: Get 16 unallocated order items, 8 ongoing order items, 235 completed order items
2025-10-04 08:47:38,535 [simulate_environment.py | 234] INFO: 
Adaptive config applied: {'num_orders': 9, 'num_vehicles': 5, 'time_budget_sec': None, 'POPULATION_SIZE': 40, 'NUMBER_OF_GENERATION': 20, 'MUTATION_RATE': 0.1, 'LS_MAX': 20, 'LS_MAX_TIME_PER_OP': 3, 'LS_MAX_TIME_IN_SINGLE': 1}
LS: mPDG | Count: 0 | TotalTime:0.005s | Cost:42067.50
LS: PDPairExchange | Count: 1 | TotalTime:0.001s | Cost:84681.83
LS: BlockExchange | Count: 1 | TotalTime:0.001s | Cost:84681.83
LS: BlockExchange | Count: 1 | TotalTime:0.001s | Cost:87348.65
LS: PDPairExchange | Count: 1 | TotalTime:0.001s | Cost:84681.83
LS: BlockRelocate | Count: 1 | TotalTime:0.001s | Cost:87615.00
LS: PDPairExchange | Count: 1 | TotalTime:0.001s | Cost:87348.65
LS: PDPairExchange | Count: 1 | TotalTime:0.001s | Cost:84681.83
LS: BlockExchange | Count: 1 | TotalTime:0.001s | Cost:84681.83
LS: BlockExchange | Count: 1 | TotalTime:0.002s | Cost:84681.83
LS: mPDG | Count: 1 | TotalTime:0.004s | Cost:68352.44
Generation 1: Best = 42067.50, Worst = 138893.29, Avg = 86823.52, Time: 0.11907744407653809
LS: PDPairExchange | Count: 0 | TotalTime:0.002s | Cost:42067.50
LS: mPDG | Count: 1 | TotalTime:0.004s | Cost:51819.11
LS: PDPairExchange | Count: 1 | TotalTime:0.002s | Cost:79412.38
LS: BlockExchange | Count: 1 | TotalTime:0.001s | Cost:84415.32
LS: PDPairExchange | Count: 1 | TotalTime:0.002s | Cost:79412.38
LS: PDPairExchange | Count: 1 | TotalTime:0.001s | Cost:79412.38
LS: BlockExchange | Count: 0 | TotalTime:0.002s | Cost:84681.83
LS: BlockExchange | Count: 1 | TotalTime:0.001s | Cost:84415.32
LS: mPDG | Count: 1 | TotalTime:0.005s | Cost:87549.66
LS: mPDG | Count: 1 | TotalTime:0.005s | Cost:87549.66
LS: BlockExchange | Count: 1 | TotalTime:0.000s | Cost:88118.28
Generation 2: Best = 42067.50, Worst = 92076.59, Avg = 87976.88, Time: 0.13049578666687012
LS: BlockExchange | Count: 0 | TotalTime:0.002s | Cost:42067.50
LS: mPDG | Count: 0 | TotalTime:0.004s | Cost:51819.11
LS: PDPairExchange | Count: 1 | TotalTime:0.001s | Cost:79173.65
LS: PDPairExchange | Count: 1 | TotalTime:0.000s | Cost:79173.65
LS: PDPairExchange | Count: 1 | TotalTime:0.001s | Cost:79173.65
LS: BlockExchange | Count: 0 | TotalTime:0.002s | Cost:84415.32
LS: BlockExchange | Count: 0 | TotalTime:0.002s | Cost:84415.32
LS: BlockExchange | Count: 1 | TotalTime:0.002s | Cost:84415.32
LS: PDPairExchange | Count: 1 | TotalTime:0.000s | Cost:88418.34
LS: mPDG | Count: 1 | TotalTime:0.005s | Cost:87549.66
LS: BlockRelocate | Count: 1 | TotalTime:0.002s | Cost:87132.73
Generation 3: Best = 42067.50, Worst = 92076.59, Avg = 87949.39, Time: 0.12994790077209473
LS: BlockExchange | Count: 0 | TotalTime:0.002s | Cost:42067.50
LS: mPDG | Count: 0 | TotalTime:0.005s | Cost:51819.11
LS: PDPairExchange | Count: 0 | TotalTime:0.002s | Cost:79173.65
LS: PDPairExchange | Count: 0 | TotalTime:0.002s | Cost:79173.65
LS: PDPairExchange | Count: 0 | TotalTime:0.002s | Cost:79173.65
LS: BlockExchange | Count: 0 | TotalTime:0.002s | Cost:84415.32
LS: BlockExchange | Count: 0 | TotalTime:0.002s | Cost:84415.32
LS: BlockExchange | Count: 0 | TotalTime:0.002s | Cost:84415.32
LS: BlockRelocate | Count: 1 | TotalTime:0.002s | Cost:88852.13
LS: mPDG | Count: 1 | TotalTime:0.005s | Cost:75010.92
LS: mPDG | Count: 1 | TotalTime:0.005s | Cost:75010.92
Generation 4: Best = 42067.50, Worst = 92076.59, Avg = 87343.72, Time: 0.13868379592895508
LS: mPDG | Count: 0 | TotalTime:0.005s | Cost:42067.50
LS: mPDG | Count: 0 | TotalTime:0.005s | Cost:51819.11
LS: mPDG | Count: 1 | TotalTime:0.007s | Cost:42077.58
LS: mPDG | Count: 1 | TotalTime:0.006s | Cost:42077.58
LS: PDPairExchange | Count: 0 | TotalTime:0.002s | Cost:79173.65
LS: PDPairExchange | Count: 0 | TotalTime:0.002s | Cost:79173.65
LS: PDPairExchange | Count: 0 | TotalTime:0.002s | Cost:79173.65
LS: BlockExchange | Count: 0 | TotalTime:0.002s | Cost:84415.32
LS: PDPairExchange | Count: 1 | TotalTime:0.001s | Cost:84681.83
LS: mPDG | Count: 1 | TotalTime:0.005s | Cost:75010.92
LS: mPDG | Count: 1 | TotalTime:0.005s | Cost:75010.92
Generation 5: Best = 42067.50, Worst = 92076.59, Avg = 85122.57, Time: 0.15511441230773926
Stopping early due to lack of improvement.
Total runtime: 1.45s (0.0 minutes)
LS: mPDG:0(0.000s) | PDPairExchange:0(0.002s) | BlockRelocate:0(0.011s) | BlockExchange:0(0.002s) | TotalTime:0.015s | Cost:42067.50
LS: mPDG:1(0.005s) | PDPairExchange:0(0.004s) | BlockExchange:0(0.005s) | BlockRelocate:1(0.026s) | TotalTime:0.039s | Cost:42067.74
LS: mPDG:1(0.005s) | PDPairExchange:0(0.004s) | BlockExchange:0(0.004s) | BlockRelocate:1(0.016s) | TotalTime:0.030s | Cost:42067.74
LS: mPDG:3(0.016s) | PDPairExchange:2(0.003s) | BlockExchange:0(0.003s) | BlockRelocate:0(0.014s) | TotalTime:0.036s | Cost:42074.10
LS: mPDG:2(0.013s) | PDPairExchange:0(0.005s) | BlockExchange:0(0.005s) | BlockRelocate:1(0.015s) | TotalTime:0.039s | Cost:42067.74

The solution initialized by Cheapest Insertion:
V_1:[p1_1955060076-1 d1_1955060076-1 p1_1948360075-1 p1_1922280073-1 d1_1922280073-1 d1_1948360075-1] V_2:[d6_1700010068-6 d1_1433060056-1 p1_1936210074-1 p1_2007580078-1 p1_1906390072-1 d1_1906390072-1 d1_2007580078-1 d1_1936210074-1] V_3:[p1_1700300069-1 p1_1620510065-1 d1_1620510065-1 d1_1700300069-1 d1_1742060071-1 p4_2015240080-1 d4_2015240080-4] V_4:[] V_5:[p1_1735470070-1 p1_1958280077-1 d1_1958280077-1 d1_1735470070-1 p2_2014230079-1 d2_2014230079-2]
The fitness value before EA: 42067.50444444444
V_1:[p1_1955060076-1 d1_1955060076-1 p1_1948360075-1 p1_1922280073-1 d1_1922280073-1 d1_1948360075-1] V_2:[d6_1700010068-6 d1_1433060056-1 p1_1936210074-1 p1_2007580078-1 p1_1906390072-1 d1_1906390072-1 d1_2007580078-1 d1_1936210074-1] V_3:[p1_1700300069-1 p1_1620510065-1 d1_1620510065-1 d1_1700300069-1 d1_1742060071-1 p4_2015240080-1 d4_2015240080-4] V_4:[] V_5:[p1_1735470070-1 p1_1958280077-1 d1_1958280077-1 d1_1735470070-1 p2_2014230079-1 d2_2014230079-2]
The fitness value after EA: 42067.50444444444

Thoi gian thuc hien thuat toan:  1.67803955078125
SUCCESS

2025-10-04 08:47:38,536 [simulate_environment.py | 256] INFO: 2025-10-04 20:20:00, Item 1620510065-1: state = 1 < 2, we can not finish the simulation
2025-10-04 08:47:38,536 [simulate_environment.py | 99] INFO: **************************************************
2025-10-04 08:47:38,536 [simulate_environment.py | 103] INFO: cur time: 2025-10-04 20:30:00, pre time: 2025-10-04 20:20:00
2025-10-04 08:47:38,536 [simulate_environment.py | 140] INFO: Start to update the input of 2025-10-04 20:30:00
2025-10-04 08:47:38,538 [simulate_environment.py | 167] INFO: Get 17 unallocated order items, 10 ongoing order items, 235 completed order items
2025-10-04 08:47:42,317 [simulate_environment.py | 234] INFO: 
Adaptive config applied: {'num_orders': 10, 'num_vehicles': 5, 'time_budget_sec': None, 'POPULATION_SIZE': 40, 'NUMBER_OF_GENERATION': 20, 'MUTATION_RATE': 0.1, 'LS_MAX': 20, 'LS_MAX_TIME_PER_OP': 3, 'LS_MAX_TIME_IN_SINGLE': 1}
LS: mPDG | Count: 0 | TotalTime:0.007s | Cost:42060.92
LS: BlockRelocate | Count: 1 | TotalTime:0.003s | Cost:97882.53
LS: mPDG | Count: 1 | TotalTime:0.011s | Cost:63278.43
LS: BlockExchange | Count: 1 | TotalTime:0.001s | Cost:112847.37
LS: BlockExchange | Count: 1 | TotalTime:0.001s | Cost:115048.47
LS: BlockExchange | Count: 0 | TotalTime:0.003s | Cost:116081.89
LS: PDPairExchange | Count: 1 | TotalTime:0.001s | Cost:73698.55
LS: mPDG | Count: 1 | TotalTime:0.011s | Cost:63278.43
LS: BlockRelocate | Count: 1 | TotalTime:0.003s | Cost:90228.31
LS: mPDG | Count: 1 | TotalTime:0.025s | Cost:63278.43
LS: mPDG | Count: 1 | TotalTime:0.025s | Cost:63278.43
Generation 1: Best = 42060.92, Worst = 315012.87, Avg = 111656.69, Time: 0.22971320152282715
LS: BlockRelocate | Count: 0 | TotalTime:0.030s | Cost:42060.92
LS: mPDG | Count: 1 | TotalTime:0.016s | Cost:61217.30
LS: mPDG | Count: 1 | TotalTime:0.013s | Cost:61217.30
LS: mPDG | Count: 1 | TotalTime:0.013s | Cost:61217.30
LS: mPDG | Count: 1 | TotalTime:0.012s | Cost:61217.30
LS: BlockRelocate | Count: 1 | TotalTime:0.011s | Cost:64756.99
LS: PDPairExchange | Count: 1 | TotalTime:0.004s | Cost:72665.14
LS: BlockRelocate | Count: 1 | TotalTime:0.003s | Cost:84426.99
LS: mPDG | Count: 1 | TotalTime:0.016s | Cost:69941.61
LS: PDPairExchange | Count: 1 | TotalTime:0.002s | Cost:71078.89
LS: PDPairExchange | Count: 1 | TotalTime:0.002s | Cost:71078.89
Generation 2: Best = 42060.92, Worst = 116081.89, Avg = 84777.25, Time: 0.5088577270507812
LS: PDPairExchange | Count: 0 | TotalTime:0.004s | Cost:42060.92
LS: mPDG | Count: 1 | TotalTime:0.011s | Cost:53058.76
LS: mPDG | Count: 1 | TotalTime:0.011s | Cost:53058.76
LS: mPDG | Count: 1 | TotalTime:0.011s | Cost:53058.76
LS: mPDG | Count: 1 | TotalTime:0.011s | Cost:53058.76
LS: BlockRelocate | Count: 1 | TotalTime:0.014s | Cost:52845.79
LS: BlockExchange | Count: 0 | TotalTime:0.006s | Cost:64757.17
LS: mPDG | Count: 0 | TotalTime:0.017s | Cost:69941.61
LS: PDPairExchange | Count: 1 | TotalTime:0.002s | Cost:67078.89
LS: PDPairExchange | Count: 1 | TotalTime:0.007s | Cost:72298.00
LS: BlockExchange | Count: 0 | TotalTime:0.007s | Cost:75725.77
Generation 3: Best = 42060.92, Worst = 116081.89, Avg = 81839.03, Time: 0.3587520122528076
LS: BlockRelocate | Count: 0 | TotalTime:0.021s | Cost:42060.92
LS: BlockRelocate | Count: 1 | TotalTime:0.013s | Cost:49325.37
LS: mPDG | Count: 1 | TotalTime:0.009s | Cost:49686.40
LS: mPDG | Count: 1 | TotalTime:0.009s | Cost:49686.40
LS: mPDG | Count: 1 | TotalTime:0.009s | Cost:49686.40
LS: mPDG | Count: 1 | TotalTime:0.009s | Cost:49686.40
LS: BlockRelocate | Count: 1 | TotalTime:0.009s | Cost:58179.41
LS: BlockRelocate | Count: 1 | TotalTime:0.006s | Cost:61392.31
LS: BlockRelocate | Count: 1 | TotalTime:0.008s | Cost:61392.31
LS: BlockRelocate | Count: 1 | TotalTime:0.010s | Cost:45296.50
LS: mPDG | Count: 1 | TotalTime:0.009s | Cost:62358.72
Generation 4: Best = 42060.92, Worst = 86440.50, Avg = 63157.69, Time: 0.35294222831726074
LS: PDPairExchange | Count: 0 | TotalTime:0.004s | Cost:42060.92
LS: BlockRelocate | Count: 1 | TotalTime:0.002s | Cost:45296.32
LS: BlockRelocate | Count: 1 | TotalTime:0.019s | Cost:45286.34
LS: mPDG | Count: 0 | TotalTime:0.021s | Cost:49686.40
LS: mPDG | Count: 0 | TotalTime:0.015s | Cost:49686.40
LS: mPDG | Count: 0 | TotalTime:0.028s | Cost:49686.40
LS: mPDG | Count: 0 | TotalTime:0.022s | Cost:49686.40
LS: BlockRelocate | Count: 1 | TotalTime:0.027s | Cost:53012.58
LS: PDPairExchange | Count: 0 | TotalTime:0.007s | Cost:62362.18
LS: BlockRelocate | Count: 1 | TotalTime:0.030s | Cost:62362.00
LS: mPDG | Count: 1 | TotalTime:0.026s | Cost:62358.72
Generation 5: Best = 42060.92, Worst = 106685.20, Avg = 62050.20, Time: 0.39101362228393555
Stopping early due to lack of improvement.
Total runtime: 2.62s (0.0 minutes)
LS: mPDG:0(0.000s) | BlockExchange:0(0.005s) | BlockRelocate:0(0.032s) | PDPairExchange:0(0.007s) | TotalTime:0.044s | Cost:42060.92
LS: BlockRelocate:1(0.013s) | PDPairExchange:0(0.008s) | BlockExchange:0(0.005s) | mPDG:0(0.017s) | TotalTime:0.044s | Cost:42071.00
LS: BlockRelocate:2(0.050s) | PDPairExchange:0(0.011s) | BlockExchange:0(0.007s) | mPDG:0(0.032s) | TotalTime:0.100s | Cost:42071.00
LS: mPDG:3(0.041s) | PDPairExchange:1(0.026s) | BlockExchange:1(0.018s) | BlockRelocate:2(0.054s) | TotalTime:0.139s | Cost:42070.46
LS: mPDG:4(0.048s) | PDPairExchange:2(0.019s) | BlockExchange:1(0.011s) | BlockRelocate:1(0.038s) | TotalTime:0.117s | Cost:42070.46

The solution initialized by Cheapest Insertion:
V_1:[p1_1955060076-1 d1_1955060076-1 p1_1948360075-1 p2_2029180082-1 p1_1922280073-1 d1_1922280073-1 d2_2029180082-2 d1_1948360075-1] V_2:[d6_1700010068-6 d1_1433060056-1 p1_1936210074-1 p1_2007580078-1 p1_1906390072-1 d1_1906390072-1 d1_2007580078-1 d1_1936210074-1] V_3:[d1_1620510065-1 d1_1700300069-1 d1_1742060071-1 p4_2015240080-1 p1_2020060081-1 d1_2020060081-1 d4_2015240080-4] V_4:[] V_5:[p1_1735470070-1 p1_1958280077-1 d1_1958280077-1 d1_1735470070-1 p2_2014230079-1 d2_2014230079-2]
The fitness value before EA: 42060.92444444445
V_1:[p1_1955060076-1 d1_1955060076-1 p1_1948360075-1 p2_2029180082-1 p1_1922280073-1 d1_1922280073-1 d2_2029180082-2 d1_1948360075-1] V_2:[d6_1700010068-6 d1_1433060056-1 p1_1936210074-1 p1_2007580078-1 p1_1906390072-1 d1_1906390072-1 d1_2007580078-1 d1_1936210074-1] V_3:[d1_1620510065-1 d1_1700300069-1 d1_1742060071-1 p4_2015240080-1 p1_2020060081-1 d1_2020060081-1 d4_2015240080-4] V_4:[] V_5:[p1_1735470070-1 p1_1958280077-1 d1_1958280077-1 d1_1735470070-1 p2_2014230079-1 d2_2014230079-2]
The fitness value after EA: 42060.92444444445

Thoi gian thuc hien thuat toan:  3.334718704223633
SUCCESS

2025-10-04 08:47:42,318 [simulate_environment.py | 256] INFO: 2025-10-04 20:30:00, Item 1735470070-1: state = 1 < 2, we can not finish the simulation
2025-10-04 08:47:42,318 [simulate_environment.py | 99] INFO: **************************************************
2025-10-04 08:47:42,319 [simulate_environment.py | 103] INFO: cur time: 2025-10-04 20:40:00, pre time: 2025-10-04 20:30:00
2025-10-04 08:47:42,319 [simulate_environment.py | 140] INFO: Start to update the input of 2025-10-04 20:40:00
2025-10-04 08:47:42,320 [simulate_environment.py | 167] INFO: Get 19 unallocated order items, 10 ongoing order items, 235 completed order items
2025-10-04 08:47:45,833 [simulate_environment.py | 234] INFO: 
Adaptive config applied: {'num_orders': 12, 'num_vehicles': 5, 'time_budget_sec': None, 'POPULATION_SIZE': 40, 'NUMBER_OF_GENERATION': 20, 'MUTATION_RATE': 0.1, 'LS_MAX': 20, 'LS_MAX_TIME_PER_OP': 3, 'LS_MAX_TIME_IN_SINGLE': 1}
LS: BlockExchange | Count: 0 | TotalTime:0.004s | Cost:42060.96
LS: mPDG | Count: 1 | TotalTime:0.012s | Cost:59342.36
LS: mPDG | Count: 1 | TotalTime:0.011s | Cost:59342.36
LS: BlockRelocate | Count: 1 | TotalTime:0.009s | Cost:79453.53
LS: PDPairExchange | Count: 1 | TotalTime:0.001s | Cost:79653.65
LS: BlockRelocate | Count: 1 | TotalTime:0.017s | Cost:70411.86
LS: PDPairExchange | Count: 1 | TotalTime:0.001s | Cost:79653.65
LS: mPDG | Count: 1 | TotalTime:0.015s | Cost:59342.36
LS: mPDG | Count: 1 | TotalTime:0.015s | Cost:59342.36
LS: PDPairExchange | Count: 1 | TotalTime:0.001s | Cost:77653.93
LS: BlockExchange | Count: 1 | TotalTime:0.001s | Cost:79436.98
Generation 1: Best = 42060.96, Worst = 251576.58, Avg = 80759.36, Time: 0.22400784492492676
LS: PDPairExchange | Count: 0 | TotalTime:0.004s | Cost:42060.96
LS: mPDG | Count: 0 | TotalTime:0.011s | Cost:59342.36
LS: mPDG | Count: 0 | TotalTime:0.011s | Cost:59342.36
LS: mPDG | Count: 0 | TotalTime:0.012s | Cost:59342.36
LS: mPDG | Count: 0 | TotalTime:0.010s | Cost:59342.36
LS: mPDG | Count: 1 | TotalTime:0.009s | Cost:66550.67
LS: BlockRelocate | Count: 1 | TotalTime:0.016s | Cost:64803.39
LS: PDPairExchange | Count: 1 | TotalTime:0.001s | Cost:72886.46
LS: PDPairExchange | Count: 1 | TotalTime:0.001s | Cost:72886.46
LS: PDPairExchange | Count: 1 | TotalTime:0.001s | Cost:66553.69
LS: BlockRelocate | Count: 1 | TotalTime:0.002s | Cost:57129.80
Generation 2: Best = 42060.96, Worst = 95545.88, Avg = 77398.65, Time: 0.2589588165283203
LS: BlockExchange | Count: 0 | TotalTime:0.003s | Cost:42060.96
LS: BlockRelocate | Count: 1 | TotalTime:0.007s | Cost:57129.62
LS: mPDG | Count: 0 | TotalTime:0.010s | Cost:59342.36
LS: mPDG | Count: 0 | TotalTime:0.011s | Cost:59342.36
LS: mPDG | Count: 0 | TotalTime:0.011s | Cost:59342.36
LS: mPDG | Count: 0 | TotalTime:0.011s | Cost:59342.36
LS: BlockRelocate | Count: 1 | TotalTime:0.011s | Cost:46304.50
LS: mPDG | Count: 1 | TotalTime:0.011s | Cost:62709.14
LS: BlockExchange | Count: 0 | TotalTime:0.005s | Cost:66553.69
LS: BlockExchange | Count: 1 | TotalTime:0.001s | Cost:70359.24
LS: mPDG | Count: 1 | TotalTime:0.011s | Cost:66550.67
Generation 3: Best = 42060.96, Worst = 95545.88, Avg = 79858.71, Time: 0.23232746124267578
LS: PDPairExchange | Count: 0 | TotalTime:0.004s | Cost:42060.96
LS: BlockRelocate | Count: 1 | TotalTime:0.002s | Cost:43543.59
LS: BlockRelocate | Count: 1 | TotalTime:0.014s | Cost:53393.45
LS: mPDG | Count: 0 | TotalTime:0.012s | Cost:59342.36
LS: mPDG | Count: 0 | TotalTime:0.012s | Cost:59342.36
LS: mPDG | Count: 0 | TotalTime:0.013s | Cost:59342.36
LS: mPDG | Count: 0 | TotalTime:0.013s | Cost:59342.36
LS: mPDG | Count: 1 | TotalTime:0.012s | Cost:54647.93
LS: BlockRelocate | Count: 1 | TotalTime:0.009s | Cost:58350.83
LS: BlockRelocate | Count: 1 | TotalTime:0.005s | Cost:58350.83
LS: PDPairExchange | Count: 1 | TotalTime:0.004s | Cost:66553.69
Generation 4: Best = 42060.96, Worst = 102245.04, Avg = 75351.23, Time: 0.26576876640319824
LS: BlockExchange | Count: 0 | TotalTime:0.003s | Cost:42060.96
LS: BlockRelocate | Count: 1 | TotalTime:0.023s | Cost:43543.41
LS: BlockRelocate | Count: 1 | TotalTime:0.005s | Cost:51109.95
LS: mPDG | Count: 1 | TotalTime:0.010s | Cost:51856.00
LS: BlockRelocate | Count: 1 | TotalTime:0.004s | Cost:58350.65
LS: BlockRelocate | Count: 1 | TotalTime:0.007s | Cost:55889.70
LS: mPDG | Count: 0 | TotalTime:0.010s | Cost:59342.36
LS: mPDG | Count: 0 | TotalTime:0.010s | Cost:59342.36
LS: BlockRelocate | Count: 1 | TotalTime:0.001s | Cost:60367.56
LS: PDPairExchange | Count: 0 | TotalTime:0.004s | Cost:64870.41
LS: BlockRelocate | Count: 1 | TotalTime:0.003s | Cost:62409.28
Generation 5: Best = 42060.96, Worst = 102245.04, Avg = 74259.08, Time: 0.24154019355773926
Stopping early due to lack of improvement.
Total runtime: 2.31s (0.0 minutes)
LS: BlockExchange:0(0.000s) | PDPairExchange:0(0.003s) | BlockRelocate:0(0.019s) | mPDG:0(0.009s) | TotalTime:0.031s | Cost:42060.96
LS: BlockRelocate:2(0.025s) | PDPairExchange:0(0.012s) | BlockExchange:2(0.009s) | mPDG:0(0.011s) | TotalTime:0.057s | Cost:42071.12
LS: BlockRelocate:6(0.048s) | PDPairExchange:0(0.007s) | BlockExchange:1(0.007s) | mPDG:0(0.009s) | TotalTime:0.072s | Cost:43543.33
LS: mPDG:4(0.038s) | PDPairExchange:1(0.016s) | BlockExchange:1(0.012s) | BlockRelocate:2(0.035s) | TotalTime:0.101s | Cost:42067.56
LS: BlockRelocate:8(0.129s) | PDPairExchange:0(0.022s) | BlockExchange:2(0.018s) | mPDG:2(0.028s) | TotalTime:0.196s | Cost:42070.56

The solution initialized by Cheapest Insertion:
V_1:[p1_1955060076-1 d1_1955060076-1 p1_1948360075-1 p2_2029180082-1 p1_1922280073-1 d1_1922280073-1 d2_2029180082-2 d1_1948360075-1] V_2:[d6_1700010068-6 d1_1433060056-1 p1_1936210074-1 p1_2007580078-1 p1_2036230083-1 p1_1906390072-1 d1_1906390072-1 d1_2036230083-1 d1_2007580078-1 d1_1936210074-1] V_3:[d1_1620510065-1 d1_1700300069-1 d1_1742060071-1 p1_2039070084-1 p4_2015240080-1 p1_2020060081-1 d1_2020060081-1 d4_2015240080-4 d1_2039070084-1] V_4:[] V_5:[p1_1735470070-1 p1_1958280077-1 d1_1958280077-1 d1_1735470070-1 p2_2014230079-1 d2_2014230079-2]
The fitness value before EA: 42060.96444444444
V_1:[p1_1955060076-1 d1_1955060076-1 p1_1948360075-1 p2_2029180082-1 p1_1922280073-1 d1_1922280073-1 d2_2029180082-2 d1_1948360075-1] V_2:[d6_1700010068-6 d1_1433060056-1 p1_1936210074-1 p1_2007580078-1 p1_2036230083-1 p1_1906390072-1 d1_1906390072-1 d1_2036230083-1 d1_2007580078-1 d1_1936210074-1] V_3:[d1_1620510065-1 d1_1700300069-1 d1_1742060071-1 p1_2039070084-1 p4_2015240080-1 p1_2020060081-1 d1_2020060081-1 d4_2015240080-4 d1_2039070084-1] V_4:[] V_5:[p1_1735470070-1 p1_1958280077-1 d1_1958280077-1 d1_1735470070-1 p2_2014230079-1 d2_2014230079-2]
The fitness value after EA: 42060.96444444444

Thoi gian thuc hien thuat toan:  3.074878215789795
SUCCESS

2025-10-04 08:47:45,834 [simulate_environment.py | 256] INFO: 2025-10-04 20:40:00, Item 1735470070-1: state = 1 < 2, we can not finish the simulation
2025-10-04 08:47:45,835 [simulate_environment.py | 99] INFO: **************************************************
2025-10-04 08:47:45,835 [simulate_environment.py | 103] INFO: cur time: 2025-10-04 20:50:00, pre time: 2025-10-04 20:40:00
2025-10-04 08:47:45,835 [simulate_environment.py | 140] INFO: Start to update the input of 2025-10-04 20:50:00
2025-10-04 08:47:45,836 [simulate_environment.py | 167] INFO: Get 22 unallocated order items, 3 ongoing order items, 242 completed order items
2025-10-04 08:47:49,467 [simulate_environment.py | 234] INFO: 
Adaptive config applied: {'num_orders': 13, 'num_vehicles': 5, 'time_budget_sec': None, 'POPULATION_SIZE': 40, 'NUMBER_OF_GENERATION': 20, 'MUTATION_RATE': 0.1, 'LS_MAX': 20, 'LS_MAX_TIME_PER_OP': 3, 'LS_MAX_TIME_IN_SINGLE': 1}
LS: BlockExchange | Count: 0 | TotalTime:0.006s | Cost:20111.26
LS: BlockExchange | Count: 1 | TotalTime:0.003s | Cost:127396.42
LS: PDPairExchange | Count: 1 | TotalTime:0.002s | Cost:89663.32
LS: BlockExchange | Count: 1 | TotalTime:0.006s | Cost:96054.69
LS: BlockRelocate | Count: 1 | TotalTime:0.001s | Cost:83230.86
LS: PDPairExchange | Count: 1 | TotalTime:0.000s | Cost:96054.69
LS: BlockExchange | Count: 1 | TotalTime:0.001s | Cost:89663.32
LS: BlockExchange | Count: 1 | TotalTime:0.003s | Cost:96054.69
LS: PDPairExchange | Count: 1 | TotalTime:0.002s | Cost:89663.32
LS: BlockRelocate | Count: 1 | TotalTime:0.001s | Cost:91832.41
LS: PDPairExchange | Count: 1 | TotalTime:0.001s | Cost:96054.69
Generation 1: Best = 20111.26, Worst = 198111.27, Avg = 98108.10, Time: 0.21543216705322266
LS: mPDG | Count: 0 | TotalTime:0.015s | Cost:20111.26
LS: BlockRelocate | Count: 1 | TotalTime:0.001s | Cost:81897.83
LS: PDPairExchange | Count: 1 | TotalTime:0.001s | Cost:87488.26
LS: BlockExchange | Count: 0 | TotalTime:0.001s | Cost:89663.32
LS: PDPairExchange | Count: 1 | TotalTime:0.002s | Cost:80499.44
LS: BlockRelocate | Count: 1 | TotalTime:0.001s | Cost:65166.85
LS: BlockExchange | Count: 1 | TotalTime:0.007s | Cost:95354.57
LS: PDPairExchange | Count: 1 | TotalTime:0.004s | Cost:95354.57
LS: BlockRelocate | Count: 1 | TotalTime:0.002s | Cost:76218.40
LS: BlockRelocate | Count: 1 | TotalTime:0.001s | Cost:112560.59
LS: mPDG | Count: 1 | TotalTime:0.015s | Cost:106351.67
Generation 2: Best = 20111.26, Worst = 119796.58, Avg = 109619.19, Time: 0.24997591972351074
LS: PDPairExchange | Count: 0 | TotalTime:0.006s | Cost:20111.26
LS: BlockRelocate | Count: 1 | TotalTime:0.001s | Cost:60316.61
LS: BlockRelocate | Count: 1 | TotalTime:0.008s | Cost:72884.60
LS: PDPairExchange | Count: 1 | TotalTime:0.001s | Cost:80199.26
LS: BlockRelocate | Count: 1 | TotalTime:0.001s | Cost:66546.91
LS: PDPairExchange | Count: 1 | TotalTime:0.002s | Cost:83857.77
LS: BlockExchange | Count: 1 | TotalTime:0.001s | Cost:89363.14
LS: BlockExchange | Count: 0 | TotalTime:0.003s | Cost:91862.48
LS: BlockExchange | Count: 0 | TotalTime:0.007s | Cost:95354.57
LS: BlockExchange | Count: 1 | TotalTime:0.002s | Cost:127396.42
LS: PDPairExchange | Count: 1 | TotalTime:0.002s | Cost:99385.37
Generation 3: Best = 20111.26, Worst = 127396.42, Avg = 107896.29, Time: 0.2269906997680664
LS: PDPairExchange | Count: 0 | TotalTime:0.004s | Cost:20111.26
LS: BlockRelocate | Count: 1 | TotalTime:0.004s | Cost:52841.45
LS: BlockRelocate | Count: 1 | TotalTime:0.001s | Cost:43535.64
LS: BlockRelocate | Count: 1 | TotalTime:0.004s | Cost:71026.27
LS: PDPairExchange | Count: 1 | TotalTime:0.001s | Cost:76429.79
LS: PDPairExchange | Count: 1 | TotalTime:0.001s | Cost:77824.22
LS: BlockExchange | Count: 1 | TotalTime:0.002s | Cost:89363.14
LS: mPDG | Count: 1 | TotalTime:0.015s | Cost:73751.19
LS: PDPairExchange | Count: 1 | TotalTime:0.003s | Cost:90562.54
LS: BlockRelocate | Count: 1 | TotalTime:0.002s | Cost:90696.24
LS: mPDG | Count: 1 | TotalTime:0.013s | Cost:85721.24
Generation 4: Best = 20111.26, Worst = 119796.58, Avg = 103011.71, Time: 0.23633551597595215
LS: mPDG | Count: 0 | TotalTime:0.030s | Cost:20111.26
LS: BlockRelocate | Count: 1 | TotalTime:0.007s | Cost:43291.13
LS: BlockRelocate | Count: 1 | TotalTime:0.002s | Cost:52841.27
LS: BlockRelocate | Count: 1 | TotalTime:0.015s | Cost:49194.05
LS: mPDG | Count: 1 | TotalTime:0.027s | Cost:69942.62
LS: PDPairExchange | Count: 1 | TotalTime:0.012s | Cost:74999.24
LS: PDPairExchange | Count: 1 | TotalTime:0.006s | Cost:73824.08
LS: PDPairExchange | Count: 1 | TotalTime:0.000s | Cost:82020.66
LS: mPDG | Count: 1 | TotalTime:0.021s | Cost:79020.64
LS: BlockRelocate | Count: 1 | TotalTime:0.002s | Cost:79353.97
LS: BlockRelocate | Count: 1 | TotalTime:0.010s | Cost:59155.12
Generation 5: Best = 20111.26, Worst = 119796.58, Avg = 94928.24, Time: 0.5104620456695557
Stopping early due to lack of improvement.
Total runtime: 2.24s (0.0 minutes)
LS: mPDG:0(0.000s) | BlockExchange:0(0.007s) | BlockRelocate:0(0.041s) | PDPairExchange:0(0.006s) | TotalTime:0.053s | Cost:20111.26
LS: BlockRelocate:9(0.131s) | PDPairExchange:0(0.008s) | BlockExchange:0(0.011s) | mPDG:0(0.030s) | TotalTime:0.179s | Cost:20117.90
LS: BlockRelocate:13(0.159s) | PDPairExchange:1(0.024s) | BlockExchange:2(0.016s) | mPDG:0(0.012s) | TotalTime:0.211s | Cost:20276.58
LS: BlockRelocate:12(0.074s) | PDPairExchange:0(0.006s) | BlockExchange:0(0.006s) | mPDG:0(0.012s) | TotalTime:0.097s | Cost:20121.44
LS: BlockRelocate:7(0.055s) | PDPairExchange:1(0.013s) | BlockExchange:1(0.009s) | mPDG:0(0.010s) | TotalTime:0.087s | Cost:23263.93

The solution initialized by Cheapest Insertion:
V_1:[p2_2048120085-1 p1_1955060076-1 d1_1955060076-1 p1_1948360075-1 p2_2029180082-1 p1_1922280073-1 d1_1922280073-1 d2_2029180082-2 d1_1948360075-1 d2_2048120085-2] V_2:[p1_2049530086-1 p1_1936210074-1 p1_2007580078-1 p1_2036230083-1 p1_1906390072-1 d1_1906390072-1 d1_2036230083-1 d1_2007580078-1 d1_1936210074-1 d1_2049530086-1] V_3:[d1_1620510065-1 d1_1700300069-1 d1_1742060071-1 p1_2039070084-1 p4_2015240080-1 p1_2020060081-1 d1_2020060081-1 d4_2015240080-4 d1_2039070084-1] V_4:[] V_5:[p1_1735470070-1 p1_1958280077-1 d1_1958280077-1 d1_1735470070-1 p2_2014230079-1 d2_2014230079-2]
The fitness value before EA: 20111.264444444445
V_1:[p2_2048120085-1 p1_1955060076-1 d1_1955060076-1 p1_1948360075-1 p2_2029180082-1 p1_1922280073-1 d1_1922280073-1 d2_2029180082-2 d1_1948360075-1 d2_2048120085-2] V_2:[p1_2049530086-1 p1_1936210074-1 p1_2007580078-1 p1_2036230083-1 p1_1906390072-1 d1_1906390072-1 d1_2036230083-1 d1_2007580078-1 d1_1936210074-1 d1_2049530086-1] V_3:[d1_1620510065-1 d1_1700300069-1 d1_1742060071-1 p1_2039070084-1 p4_2015240080-1 p1_2020060081-1 d1_2020060081-1 d4_2015240080-4 d1_2039070084-1] V_4:[] V_5:[p1_1735470070-1 p1_1958280077-1 d1_1958280077-1 d1_1735470070-1 p2_2014230079-1 d2_2014230079-2]
The fitness value after EA: 20111.264444444445

Thoi gian thuc hien thuat toan:  3.2365899085998535
SUCCESS

2025-10-04 08:47:49,468 [simulate_environment.py | 256] INFO: 2025-10-04 20:50:00, Item 1735470070-1: state = 1 < 2, we can not finish the simulation
2025-10-04 08:47:49,468 [simulate_environment.py | 99] INFO: **************************************************
2025-10-04 08:47:49,468 [simulate_environment.py | 103] INFO: cur time: 2025-10-04 21:00:00, pre time: 2025-10-04 20:50:00
2025-10-04 08:47:49,468 [simulate_environment.py | 140] INFO: Start to update the input of 2025-10-04 21:00:00
2025-10-04 08:47:49,469 [simulate_environment.py | 167] INFO: Get 22 unallocated order items, 1 ongoing order items, 244 completed order items
2025-10-04 08:47:52,326 [simulate_environment.py | 234] INFO: 
Adaptive config applied: {'num_orders': 13, 'num_vehicles': 5, 'time_budget_sec': None, 'POPULATION_SIZE': 40, 'NUMBER_OF_GENERATION': 20, 'MUTATION_RATE': 0.1, 'LS_MAX': 20, 'LS_MAX_TIME_PER_OP': 3, 'LS_MAX_TIME_IN_SINGLE': 1}
LS: BlockExchange | Count: 0 | TotalTime:0.004s | Cost:14152.79
LS: BlockRelocate | Count: 1 | TotalTime:0.001s | Cost:70259.92
LS: PDPairExchange | Count: 1 | TotalTime:0.001s | Cost:89504.83
LS: BlockExchange | Count: 1 | TotalTime:0.002s | Cost:90096.22
LS: PDPairExchange | Count: 1 | TotalTime:0.002s | Cost:83107.39
LS: BlockRelocate | Count: 1 | TotalTime:0.001s | Cost:87540.62
LS: BlockRelocate | Count: 1 | TotalTime:0.002s | Cost:77272.39
LS: PDPairExchange | Count: 1 | TotalTime:0.001s | Cost:83704.85
LS: BlockRelocate | Count: 1 | TotalTime:0.001s | Cost:88937.48
LS: BlockRelocate | Count: 1 | TotalTime:0.003s | Cost:89792.82
LS: BlockExchange | Count: 1 | TotalTime:0.001s | Cost:89504.83
Generation 1: Best = 14152.79, Worst = 127104.68, Avg = 89364.37, Time: 0.14780330657958984
LS: BlockRelocate | Count: 0 | TotalTime:0.021s | Cost:14152.79
LS: BlockRelocate | Count: 1 | TotalTime:0.005s | Cost:65226.57
LS: BlockRelocate | Count: 1 | TotalTime:0.001s | Cost:64005.72
LS: PDPairExchange | Count: 1 | TotalTime:0.003s | Cost:80340.94
LS: PDPairExchange | Count: 1 | TotalTime:0.000s | Cost:83404.67
LS: BlockRelocate | Count: 1 | TotalTime:0.006s | Cost:84206.83
LS: BlockRelocate | Count: 1 | TotalTime:0.003s | Cost:88937.46
LS: PDPairExchange | Count: 1 | TotalTime:0.001s | Cost:80340.94
LS: PDPairExchange | Count: 1 | TotalTime:0.000s | Cost:90096.22
LS: mPDG | Count: 1 | TotalTime:0.011s | Cost:79762.76
LS: BlockRelocate | Count: 1 | TotalTime:0.006s | Cost:98080.16
Generation 2: Best = 14152.79, Worst = 113838.10, Avg = 102409.21, Time: 0.20087218284606934
LS: BlockExchange | Count: 0 | TotalTime:0.004s | Cost:14152.79
LS: BlockRelocate | Count: 1 | TotalTime:0.001s | Cost:58972.37
LS: BlockRelocate | Count: 1 | TotalTime:0.001s | Cost:62748.12
LS: mPDG | Count: 1 | TotalTime:0.010s | Cost:57751.41
LS: PDPairExchange | Count: 1 | TotalTime:0.003s | Cost:65007.27
LS: PDPairExchange | Count: 1 | TotalTime:0.004s | Cost:65007.27
LS: PDPairExchange | Count: 1 | TotalTime:0.001s | Cost:83304.61
LS: BlockRelocate | Count: 1 | TotalTime:0.004s | Cost:76237.20
LS: PDPairExchange | Count: 1 | TotalTime:0.001s | Cost:90096.22
LS: BlockExchange | Count: 1 | TotalTime:0.001s | Cost:85607.31
LS: mPDG | Count: 1 | TotalTime:0.011s | Cost:84465.80
Generation 3: Best = 14152.79, Worst = 113838.10, Avg = 99720.89, Time: 0.2032184600830078
LS: BlockExchange | Count: 0 | TotalTime:0.004s | Cost:14152.79
LS: mPDG | Count: 1 | TotalTime:0.010s | Cost:41419.19
LS: BlockRelocate | Count: 1 | TotalTime:0.001s | Cost:58360.92
LS: BlockRelocate | Count: 1 | TotalTime:0.002s | Cost:55272.95
LS: PDPairExchange | Count: 0 | TotalTime:0.004s | Cost:65007.27
LS: PDPairExchange | Count: 0 | TotalTime:0.004s | Cost:65007.27
LS: BlockRelocate | Count: 1 | TotalTime:0.000s | Cost:76237.18
LS: PDPairExchange | Count: 1 | TotalTime:0.001s | Cost:81129.55
LS: mPDG | Count: 1 | TotalTime:0.009s | Cost:67792.72
LS: PDPairExchange | Count: 1 | TotalTime:0.001s | Cost:84604.07
LS: BlockRelocate | Count: 1 | TotalTime:0.003s | Cost:80837.30
Generation 4: Best = 14152.79, Worst = 113838.10, Avg = 94569.95, Time: 0.1965961456298828
LS: BlockExchange | Count: 0 | TotalTime:0.004s | Cost:14152.79
LS: mPDG | Count: 1 | TotalTime:0.010s | Cost:40752.46
LS: BlockRelocate | Count: 1 | TotalTime:0.003s | Cost:55194.86
LS: BlockRelocate | Count: 1 | TotalTime:0.001s | Cost:55882.46
LS: PDPairExchange | Count: 0 | TotalTime:0.005s | Cost:65007.27
LS: PDPairExchange | Count: 0 | TotalTime:0.005s | Cost:65007.27
LS: mPDG | Count: 1 | TotalTime:0.011s | Cost:63984.14
LS: BlockRelocate | Count: 1 | TotalTime:0.001s | Cost:73167.68
LS: PDPairExchange | Count: 1 | TotalTime:0.002s | Cost:77128.91
LS: BlockRelocate | Count: 1 | TotalTime:0.004s | Cost:84204.23
LS: BlockExchange | Count: 1 | TotalTime:0.001s | Cost:79604.33
Generation 5: Best = 14152.79, Worst = 113838.10, Avg = 90101.92, Time: 0.18929147720336914
Stopping early due to lack of improvement.
Total runtime: 1.68s (0.0 minutes)
LS: mPDG:0(0.000s) | BlockRelocate:0(0.019s) | PDPairExchange:0(0.003s) | BlockExchange:0(0.003s) | TotalTime:0.025s | Cost:14152.79
LS: mPDG:7(0.056s) | PDPairExchange:3(0.027s) | BlockExchange:2(0.017s) | BlockRelocate:2(0.032s) | TotalTime:0.132s | Cost:14159.25
LS: BlockRelocate:10(0.108s) | PDPairExchange:0(0.017s) | BlockExchange:3(0.011s) | mPDG:0(0.012s) | TotalTime:0.147s | Cost:14159.27
LS: BlockRelocate:13(0.088s) | PDPairExchange:0(0.004s) | BlockExchange:0(0.004s) | mPDG:0(0.011s) | TotalTime:0.106s | Cost:14152.81
LS: mPDG:9(0.081s) | PDPairExchange:2(0.019s) | BlockExchange:0(0.016s) | BlockRelocate:3(0.038s) | TotalTime:0.154s | Cost:14166.49

The solution initialized by Cheapest Insertion:
V_1:[p2_2048120085-1 p1_1955060076-1 d1_1955060076-1 p1_1948360075-1 p2_2029180082-1 p1_1922280073-1 d1_1922280073-1 d2_2029180082-2 d1_1948360075-1 d2_2048120085-2] V_2:[p1_2049530086-1 p1_1936210074-1 p1_2007580078-1 p1_2036230083-1 p1_1906390072-1 d1_1906390072-1 d1_2036230083-1 d1_2007580078-1 d1_1936210074-1 d1_2049530086-1] V_3:[d1_1742060071-1 p1_2039070084-1 p4_2015240080-1 p1_2020060081-1 d1_2020060081-1 d4_2015240080-4 d1_2039070084-1] V_4:[] V_5:[p1_1735470070-1 p1_1958280077-1 d1_1958280077-1 d1_1735470070-1 p2_2014230079-1 d2_2014230079-2]
The fitness value before EA: 14152.791111111112
V_1:[p2_2048120085-1 p1_1955060076-1 d1_1955060076-1 p1_1948360075-1 p2_2029180082-1 p1_1922280073-1 d1_1922280073-1 d2_2029180082-2 d1_1948360075-1 d2_2048120085-2] V_2:[p1_2049530086-1 p1_1936210074-1 p1_2007580078-1 p1_2036230083-1 p1_1906390072-1 d1_1906390072-1 d1_2036230083-1 d1_2007580078-1 d1_1936210074-1 d1_2049530086-1] V_3:[d1_1742060071-1 p1_2039070084-1 p4_2015240080-1 p1_2020060081-1 d1_2020060081-1 d4_2015240080-4 d1_2039070084-1] V_4:[] V_5:[p1_1735470070-1 p1_1958280077-1 d1_1958280077-1 d1_1735470070-1 p2_2014230079-1 d2_2014230079-2]
The fitness value after EA: 14152.791111111112

Thoi gian thuc hien thuat toan:  2.507187604904175
SUCCESS

2025-10-04 08:47:52,327 [simulate_environment.py | 256] INFO: 2025-10-04 21:00:00, Item 1735470070-1: state = 1 < 2, we can not finish the simulation
2025-10-04 08:47:52,327 [simulate_environment.py | 99] INFO: **************************************************
2025-10-04 08:47:52,327 [simulate_environment.py | 103] INFO: cur time: 2025-10-04 21:10:00, pre time: 2025-10-04 21:00:00
2025-10-04 08:47:52,327 [simulate_environment.py | 140] INFO: Start to update the input of 2025-10-04 21:10:00
2025-10-04 08:47:52,328 [simulate_environment.py | 167] INFO: Get 26 unallocated order items, 1 ongoing order items, 244 completed order items
2025-10-04 08:47:58,602 [simulate_environment.py | 234] INFO: 
Adaptive config applied: {'num_orders': 14, 'num_vehicles': 5, 'time_budget_sec': None, 'POPULATION_SIZE': 40, 'NUMBER_OF_GENERATION': 20, 'MUTATION_RATE': 0.1, 'LS_MAX': 20, 'LS_MAX_TIME_PER_OP': 3, 'LS_MAX_TIME_IN_SINGLE': 1}
LS: PDPairExchange | Count: 1 | TotalTime:0.003s | Cost:14162.75
LS: PDPairExchange | Count: 1 | TotalTime:0.002s | Cost:103608.45
LS: PDPairExchange | Count: 1 | TotalTime:0.001s | Cost:113208.51
LS: BlockExchange | Count: 1 | TotalTime:0.001s | Cost:114769.58
LS: mPDG | Count: 1 | TotalTime:0.013s | Cost:97566.62
LS: mPDG | Count: 1 | TotalTime:0.013s | Cost:97566.62
LS: PDPairExchange | Count: 1 | TotalTime:0.001s | Cost:113208.51
LS: mPDG | Count: 1 | TotalTime:0.013s | Cost:97566.62
LS: mPDG | Count: 1 | TotalTime:0.013s | Cost:97566.62
LS: PDPairExchange | Count: 1 | TotalTime:0.002s | Cost:114769.58
LS: mPDG | Count: 1 | TotalTime:0.013s | Cost:97566.62
Generation 1: Best = 14162.75, Worst = 298080.65, Avg = 116643.67, Time: 0.24101567268371582
LS: PDPairExchange | Count: 0 | TotalTime:0.005s | Cost:14162.75
LS: mPDG | Count: 1 | TotalTime:0.013s | Cost:96066.44
LS: mPDG | Count: 1 | TotalTime:0.013s | Cost:96066.44
LS: mPDG | Count: 1 | TotalTime:0.013s | Cost:96066.44
LS: mPDG | Count: 1 | TotalTime:0.013s | Cost:96066.44
LS: mPDG | Count: 1 | TotalTime:0.012s | Cost:96066.44
LS: PDPairExchange | Count: 1 | TotalTime:0.000s | Cost:100302.84
LS: PDPairExchange | Count: 1 | TotalTime:0.001s | Cost:107341.32
LS: BlockRelocate | Count: 1 | TotalTime:0.004s | Cost:149189.10
LS: mPDG | Count: 1 | TotalTime:0.013s | Cost:139552.77
LS: BlockRelocate | Count: 1 | TotalTime:0.001s | Cost:136768.61
Generation 2: Best = 14162.75, Worst = 269928.32, Avg = 144736.09, Time: 0.25853419303894043
LS: PDPairExchange | Count: 0 | TotalTime:0.005s | Cost:14162.75
LS: mPDG | Count: 1 | TotalTime:0.011s | Cost:87474.78
LS: mPDG | Count: 1 | TotalTime:0.011s | Cost:87474.78
LS: mPDG | Count: 1 | TotalTime:0.011s | Cost:87474.78
LS: mPDG | Count: 1 | TotalTime:0.011s | Cost:87474.78
LS: mPDG | Count: 1 | TotalTime:0.011s | Cost:87474.78
LS: PDPairExchange | Count: 1 | TotalTime:0.005s | Cost:100202.78
LS: PDPairExchange | Count: 1 | TotalTime:0.001s | Cost:98766.26
LS: BlockExchange | Count: 1 | TotalTime:0.001s | Cost:92941.00
LS: mPDG | Count: 1 | TotalTime:0.013s | Cost:116496.58
LS: BlockRelocate | Count: 1 | TotalTime:0.002s | Cost:87731.20
Generation 3: Best = 14162.75, Worst = 269928.32, Avg = 129001.55, Time: 0.24980902671813965
LS: PDPairExchange | Count: 0 | TotalTime:0.005s | Cost:14162.75
LS: mPDG | Count: 0 | TotalTime:0.013s | Cost:87474.78
LS: mPDG | Count: 0 | TotalTime:0.013s | Cost:87474.78
LS: mPDG | Count: 0 | TotalTime:0.013s | Cost:87474.78
LS: mPDG | Count: 0 | TotalTime:0.013s | Cost:87474.78
LS: mPDG | Count: 0 | TotalTime:0.013s | Cost:87474.78
LS: BlockRelocate | Count: 1 | TotalTime:0.001s | Cost:85222.69
LS: BlockExchange | Count: 0 | TotalTime:0.005s | Cost:92941.00
LS: BlockExchange | Count: 1 | TotalTime:0.003s | Cost:90232.59
LS: BlockRelocate | Count: 1 | TotalTime:0.001s | Cost:80725.65
LS: mPDG | Count: 1 | TotalTime:0.013s | Cost:110491.02
Generation 4: Best = 14162.75, Worst = 152664.35, Avg = 117345.18, Time: 0.25065088272094727
LS: PDPairExchange | Count: 0 | TotalTime:0.005s | Cost:14162.75
LS: BlockRelocate | Count: 1 | TotalTime:0.005s | Cost:79225.47
LS: BlockRelocate | Count: 1 | TotalTime:0.001s | Cost:83722.67
LS: mPDG | Count: 0 | TotalTime:0.013s | Cost:87474.78
LS: mPDG | Count: 0 | TotalTime:0.013s | Cost:87474.78
LS: mPDG | Count: 0 | TotalTime:0.013s | Cost:87474.78
LS: mPDG | Count: 0 | TotalTime:0.013s | Cost:87474.78
LS: mPDG | Count: 0 | TotalTime:0.012s | Cost:87474.78
LS: BlockExchange | Count: 1 | TotalTime:0.007s | Cost:92941.00
LS: BlockExchange | Count: 1 | TotalTime:0.004s | Cost:90232.59
LS: BlockExchange | Count: 1 | TotalTime:0.004s | Cost:90232.59
Generation 5: Best = 14162.75, Worst = 269928.32, Avg = 123851.78, Time: 2.5947108268737793
Stopping early due to lack of improvement.
Total runtime: 4.58s (0.1 minutes)
LS: PDPairExchange:0(0.000s) | BlockExchange:0(0.010s) | BlockRelocate:1(0.047s) | mPDG:0(0.013s) | TotalTime:0.070s | Cost:14162.59
LS: BlockRelocate:13(0.139s) | PDPairExchange:1(0.020s) | BlockExchange:2(0.015s) | mPDG:0(0.013s) | TotalTime:0.187s | Cost:14165.73
LS: BlockRelocate:14(0.097s) | PDPairExchange:0(0.025s) | BlockExchange:3(0.012s) | mPDG:0(0.012s) | TotalTime:0.147s | Cost:14166.39
LS: mPDG:9(0.103s) | PDPairExchange:5(0.038s) | BlockExchange:1(0.018s) | BlockRelocate:4(0.013s) | TotalTime:0.172s | Cost:16021.93
LS: mPDG:5(0.051s) | PDPairExchange:5(0.038s) | BlockExchange:0(0.029s) | BlockRelocate:4(0.077s) | TotalTime:0.194s | Cost:14166.05

The solution initialized by Cheapest Insertion:
V_1:[p2_2048120085-1 p1_1955060076-1 d1_1955060076-1 p1_1948360075-1 p2_2029180082-1 p1_1922280073-1 d1_1922280073-1 d2_2029180082-2 d1_1948360075-1 d2_2048120085-2] V_2:[p1_2049530086-1 p1_1936210074-1 p1_2007580078-1 p1_2036230083-1 p1_1906390072-1 d1_1906390072-1 d1_2036230083-1 d1_2007580078-1 d1_1936210074-1 d1_2049530086-1] V_3:[d1_1742060071-1 p1_2039070084-1 p4_2015240080-1 p1_2020060081-1 d1_2020060081-1 d4_2015240080-4 d1_2039070084-1] V_4:[p4_2102190087-1 d4_2102190087-4] V_5:[p1_1735470070-1 p1_1958280077-1 d1_1958280077-1 d1_1735470070-1 p2_2014230079-1 d2_2014230079-2]
The fitness value before EA: 14162.771111111111
V_1:[p2_2048120085-1 p1_1955060076-1 d1_1955060076-1 p1_1948360075-1 p2_2029180082-1 p1_1922280073-1 d1_1922280073-1 d2_2029180082-2 d1_1948360075-1 d2_2048120085-2] V_2:[p1_2049530086-1 p1_1936210074-1 p1_2007580078-1 p1_2036230083-1 p1_1906390072-1 d1_1906390072-1 d1_2036230083-1 d1_2007580078-1 d1_1936210074-1 d1_2049530086-1] V_3:[d1_1742060071-1 p4_2102190087-1 p4_2015240080-1 p1_2020060081-1 d1_2020060081-1 d4_2015240080-4 d4_2102190087-4] V_4:[p1_2039070084-1 p2_2014230079-1 d2_2014230079-2 d1_2039070084-1] V_5:[p1_1735470070-1 p1_1958280077-1 d1_1958280077-1 d1_1735470070-1]
The fitness value after EA: 14162.59111111111

Thoi gian thuc hien thuat toan:  5.873183488845825
SUCCESS

2025-10-04 08:47:58,602 [simulate_environment.py | 256] INFO: 2025-10-04 21:10:00, Item 1735470070-1: state = 1 < 2, we can not finish the simulation
2025-10-04 08:47:58,603 [simulate_environment.py | 99] INFO: **************************************************
2025-10-04 08:47:58,603 [simulate_environment.py | 103] INFO: cur time: 2025-10-04 21:20:00, pre time: 2025-10-04 21:10:00
2025-10-04 08:47:58,603 [simulate_environment.py | 140] INFO: Start to update the input of 2025-10-04 21:20:00
2025-10-04 08:47:58,604 [simulate_environment.py | 167] INFO: Get 26 unallocated order items, 1 ongoing order items, 244 completed order items
2025-10-04 08:48:01,907 [simulate_environment.py | 234] INFO: 
Adaptive config applied: {'num_orders': 13, 'num_vehicles': 5, 'time_budget_sec': None, 'POPULATION_SIZE': 40, 'NUMBER_OF_GENERATION': 20, 'MUTATION_RATE': 0.1, 'LS_MAX': 20, 'LS_MAX_TIME_PER_OP': 3, 'LS_MAX_TIME_IN_SINGLE': 1}
LS: BlockExchange | Count: 0 | TotalTime:0.003s | Cost:14154.01
LS: mPDG | Count: 1 | TotalTime:0.010s | Cost:182093.45
LS: PDPairExchange | Count: 1 | TotalTime:0.000s | Cost:257249.12
LS: BlockRelocate | Count: 1 | TotalTime:0.001s | Cost:271451.94
LS: BlockRelocate | Count: 1 | TotalTime:0.001s | Cost:266110.05
LS: mPDG | Count: 1 | TotalTime:0.012s | Cost:257573.72
LS: PDPairExchange | Count: 1 | TotalTime:0.000s | Cost:249417.90
LS: BlockExchange | Count: 1 | TotalTime:0.000s | Cost:240253.04
LS: mPDG | Count: 1 | TotalTime:0.013s | Cost:257573.72
LS: mPDG | Count: 1 | TotalTime:0.014s | Cost:257573.72
LS: mPDG | Count: 1 | TotalTime:0.013s | Cost:257573.72
Generation 1: Best = 14154.01, Worst = 281518.62, Avg = 266876.61, Time: 0.23999714851379395
LS: PDPairExchange | Count: 0 | TotalTime:0.004s | Cost:14154.01
LS: mPDG | Count: 1 | TotalTime:0.011s | Cost:104996.19
LS: BlockExchange | Count: 1 | TotalTime:0.002s | Cost:230386.03
LS: PDPairExchange | Count: 1 | TotalTime:0.001s | Cost:247917.90
LS: PDPairExchange | Count: 1 | TotalTime:0.001s | Cost:254841.54
LS: BlockRelocate | Count: 1 | TotalTime:0.001s | Cost:250718.98
LS: BlockExchange | Count: 1 | TotalTime:0.000s | Cost:248685.99
LS: PDPairExchange | Count: 1 | TotalTime:0.000s | Cost:252616.50
LS: BlockExchange | Count: 1 | TotalTime:0.001s | Cost:224385.99
LS: BlockRelocate | Count: 1 | TotalTime:0.001s | Cost:225373.47
LS: BlockExchange | Count: 1 | TotalTime:0.000s | Cost:232552.66
Generation 2: Best = 14154.01, Worst = 300648.86, Avg = 246568.47, Time: 0.20351409912109375
LS: PDPairExchange | Count: 0 | TotalTime:0.005s | Cost:14154.01
LS: mPDG | Count: 1 | TotalTime:0.011s | Cost:47406.98
LS: BlockExchange | Count: 1 | TotalTime:0.001s | Cost:248685.99
LS: BlockRelocate | Count: 1 | TotalTime:0.007s | Cost:152136.24
LS: BlockExchange | Count: 1 | TotalTime:0.001s | Cost:194886.09
LS: BlockExchange | Count: 1 | TotalTime:0.001s | Cost:267970.02
LS: PDPairExchange | Count: 1 | TotalTime:0.001s | Cost:233915.98
LS: BlockExchange | Count: 1 | TotalTime:0.000s | Cost:247515.38
LS: mPDG | Count: 1 | TotalTime:0.015s | Cost:175809.61
LS: PDPairExchange | Count: 1 | TotalTime:0.000s | Cost:244282.99
LS: PDPairExchange | Count: 1 | TotalTime:0.000s | Cost:240504.44
Generation 3: Best = 14154.01, Worst = 281518.62, Avg = 238032.35, Time: 0.2679867744445801
LS: mPDG | Count: 0 | TotalTime:0.011s | Cost:14154.01
LS: mPDG | Count: 0 | TotalTime:0.012s | Cost:47406.98
LS: BlockRelocate | Count: 1 | TotalTime:0.002s | Cost:140358.24
LS: mPDG | Count: 1 | TotalTime:0.012s | Cost:168364.46
LS: BlockExchange | Count: 1 | TotalTime:0.001s | Cost:189219.36
LS: PDPairExchange | Count: 1 | TotalTime:0.000s | Cost:190060.43
LS: PDPairExchange | Count: 1 | TotalTime:0.001s | Cost:235468.24
LS: mPDG | Count: 1 | TotalTime:0.014s | Cost:214585.64
LS: BlockExchange | Count: 1 | TotalTime:0.000s | Cost:197563.40
LS: PDPairExchange | Count: 1 | TotalTime:0.001s | Cost:242318.44
LS: BlockRelocate | Count: 1 | TotalTime:0.001s | Cost:187417.36
Generation 4: Best = 14154.01, Worst = 281518.62, Avg = 232223.85, Time: 0.2798619270324707
LS: mPDG | Count: 0 | TotalTime:0.011s | Cost:14154.01
LS: mPDG | Count: 0 | TotalTime:0.013s | Cost:47406.98
LS: BlockRelocate | Count: 1 | TotalTime:0.004s | Cost:124895.56
LS: mPDG | Count: 1 | TotalTime:0.019s | Cost:131697.70
LS: BlockRelocate | Count: 1 | TotalTime:0.009s | Cost:169922.92
LS: BlockExchange | Count: 1 | TotalTime:0.004s | Cost:187785.89
LS: PDPairExchange | Count: 1 | TotalTime:0.002s | Cost:178893.70
LS: BlockExchange | Count: 1 | TotalTime:0.001s | Cost:185191.12
LS: mPDG | Count: 1 | TotalTime:0.027s | Cost:225574.01
LS: PDPairExchange | Count: 1 | TotalTime:0.001s | Cost:242948.30
LS: BlockRelocate | Count: 1 | TotalTime:0.002s | Cost:243778.83
Generation 5: Best = 14154.01, Worst = 281518.62, Avg = 229803.84, Time: 0.30071067810058594
Stopping early due to lack of improvement.
Total runtime: 2.03s (0.0 minutes)
LS: PDPairExchange:0(0.000s) | BlockRelocate:0(0.053s) | mPDG:0(0.021s) | BlockExchange:0(0.007s) | TotalTime:0.081s | Cost:14154.01
LS: mPDG:4(0.042s) | PDPairExchange:1(0.023s) | BlockExchange:3(0.013s) | BlockRelocate:0(0.031s) | TotalTime:0.109s | Cost:17716.28
LS: BlockRelocate:14(0.073s) | PDPairExchange:0(0.009s) | BlockExchange:0(0.008s) | mPDG:1(0.019s) | TotalTime:0.109s | Cost:14154.01
LS: mPDG:4(0.040s) | PDPairExchange:7(0.049s) | BlockExchange:1(0.037s) | BlockRelocate:7(0.069s) | TotalTime:0.195s | Cost:14154.13
LS: BlockRelocate:18(0.119s) | PDPairExchange:0(0.004s) | BlockExchange:0(0.004s) | mPDG:0(0.010s) | TotalTime:0.138s | Cost:17819.32

The solution initialized by Cheapest Insertion:
V_1:[p2_2048120085-1 p1_1955060076-1 d1_1955060076-1 p1_1948360075-1 p2_2029180082-1 p1_1922280073-1 d1_1922280073-1 d2_2029180082-2 d1_1948360075-1 d2_2048120085-2] V_2:[p1_2049530086-1 p1_1936210074-1 p1_2007580078-1 p1_2036230083-1 p1_1906390072-1 d1_1906390072-1 d1_2036230083-1 d1_2007580078-1 d1_1936210074-1 d1_2049530086-1] V_3:[d1_1742060071-1 p4_2102190087-1 p4_2015240080-1 p1_2020060081-1 d1_2020060081-1 d4_2015240080-4 d4_2102190087-4] V_4:[p1_2039070084-1 p2_2014230079-1 d2_2014230079-2 d1_2039070084-1] V_5:[p1_1735470070-1 p1_1958280077-1 d1_1958280077-1 d1_1735470070-1]
The fitness value before EA: 14154.011111111111
V_1:[p2_2048120085-1 p1_1955060076-1 d1_1955060076-1 p1_1948360075-1 p2_2029180082-1 p1_1922280073-1 d1_1922280073-1 d2_2029180082-2 d1_1948360075-1 d2_2048120085-2] V_2:[p1_2049530086-1 p1_1936210074-1 p1_2007580078-1 p1_2036230083-1 p1_1906390072-1 d1_1906390072-1 d1_2036230083-1 d1_2007580078-1 d1_1936210074-1 d1_2049530086-1] V_3:[d1_1742060071-1 p4_2102190087-1 p4_2015240080-1 p1_2020060081-1 d1_2020060081-1 d4_2015240080-4 d4_2102190087-4] V_4:[p1_2039070084-1 p2_2014230079-1 d2_2014230079-2 d1_2039070084-1] V_5:[p1_1735470070-1 p1_1958280077-1 d1_1958280077-1 d1_1735470070-1]
The fitness value after EA: 14154.011111111111

Thoi gian thuc hien thuat toan:  2.972491502761841
SUCCESS

2025-10-04 08:48:01,908 [simulate_environment.py | 256] INFO: 2025-10-04 21:20:00, Item 1735470070-1: state = 1 < 2, we can not finish the simulation
2025-10-04 08:48:01,908 [simulate_environment.py | 99] INFO: **************************************************
2025-10-04 08:48:01,908 [simulate_environment.py | 103] INFO: cur time: 2025-10-04 21:30:00, pre time: 2025-10-04 21:20:00
2025-10-04 08:48:01,908 [simulate_environment.py | 140] INFO: Start to update the input of 2025-10-04 21:30:00
2025-10-04 08:48:01,909 [simulate_environment.py | 167] INFO: Get 26 unallocated order items, 1 ongoing order items, 244 completed order items
2025-10-04 08:48:04,620 [simulate_environment.py | 234] INFO: 
Adaptive config applied: {'num_orders': 13, 'num_vehicles': 5, 'time_budget_sec': None, 'POPULATION_SIZE': 40, 'NUMBER_OF_GENERATION': 20, 'MUTATION_RATE': 0.1, 'LS_MAX': 20, 'LS_MAX_TIME_PER_OP': 3, 'LS_MAX_TIME_IN_SINGLE': 1}
LS: mPDG | Count: 0 | TotalTime:0.010s | Cost:14153.65
LS: PDPairExchange | Count: 1 | TotalTime:0.000s | Cost:257248.76
LS: BlockRelocate | Count: 1 | TotalTime:0.001s | Cost:229748.44
LS: BlockExchange | Count: 1 | TotalTime:0.001s | Cost:246085.71
LS: PDPairExchange | Count: 1 | TotalTime:0.000s | Cost:236718.26
LS: mPDG | Count: 1 | TotalTime:0.012s | Cost:257573.36
LS: mPDG | Count: 1 | TotalTime:0.012s | Cost:257573.36
LS: BlockRelocate | Count: 1 | TotalTime:0.001s | Cost:214754.17
LS: mPDG | Count: 1 | TotalTime:0.013s | Cost:257573.36
LS: BlockRelocate | Count: 1 | TotalTime:0.001s | Cost:265388.92
LS: BlockExchange | Count: 1 | TotalTime:0.000s | Cost:233182.37
Generation 1: Best = 14153.65, Worst = 307663.86, Avg = 266504.39, Time: 0.21042823791503906
LS: BlockRelocate | Count: 0 | TotalTime:0.020s | Cost:14153.65
LS: BlockRelocate | Count: 1 | TotalTime:0.001s | Cost:213134.95
LS: BlockRelocate | Count: 1 | TotalTime:0.001s | Cost:197040.10
LS: BlockExchange | Count: 1 | TotalTime:0.001s | Cost:265197.20
LS: PDPairExchange | Count: 1 | TotalTime:0.000s | Cost:191899.66
LS: BlockExchange | Count: 1 | TotalTime:0.001s | Cost:244874.60
LS: BlockExchange | Count: 1 | TotalTime:0.000s | Cost:249260.85
LS: PDPairExchange | Count: 1 | TotalTime:0.001s | Cost:251249.44
LS: BlockRelocate | Count: 1 | TotalTime:0.003s | Cost:204348.56
LS: BlockRelocate | Count: 1 | TotalTime:0.001s | Cost:218886.74
LS: BlockExchange | Count: 1 | TotalTime:0.000s | Cost:249260.85
Generation 2: Best = 14153.65, Worst = 281518.26, Avg = 245238.46, Time: 0.19888043403625488
LS: BlockExchange | Count: 0 | TotalTime:0.004s | Cost:14153.65
LS: PDPairExchange | Count: 1 | TotalTime:0.002s | Cost:169078.13
LS: BlockRelocate | Count: 1 | TotalTime:0.002s | Cost:186270.66
LS: BlockRelocate | Count: 1 | TotalTime:0.002s | Cost:189517.76
LS: BlockRelocate | Count: 1 | TotalTime:0.001s | Cost:161245.14
LS: BlockRelocate | Count: 1 | TotalTime:0.001s | Cost:156583.00
LS: BlockExchange | Count: 1 | TotalTime:0.003s | Cost:243176.62
LS: BlockExchange | Count: 1 | TotalTime:0.000s | Cost:246508.44
LS: BlockExchange | Count: 1 | TotalTime:0.000s | Cost:230495.74
LS: mPDG | Count: 1 | TotalTime:0.013s | Cost:182974.32
LS: BlockRelocate | Count: 1 | TotalTime:0.001s | Cost:204348.56
Generation 3: Best = 14153.65, Worst = 256285.63, Avg = 235415.88, Time: 0.20671391487121582
LS: BlockExchange | Count: 0 | TotalTime:0.004s | Cost:14153.65
LS: BlockRelocate | Count: 1 | TotalTime:0.004s | Cost:142010.90
LS: BlockRelocate | Count: 1 | TotalTime:0.003s | Cost:111915.80
LS: PDPairExchange | Count: 1 | TotalTime:0.000s | Cost:167578.13
LS: mPDG | Count: 1 | TotalTime:0.011s | Cost:170384.73
LS: BlockRelocate | Count: 1 | TotalTime:0.001s | Cost:183439.54
LS: BlockRelocate | Count: 1 | TotalTime:0.001s | Cost:184484.40
LS: BlockRelocate | Count: 1 | TotalTime:0.001s | Cost:183815.46
LS: BlockRelocate | Count: 1 | TotalTime:0.004s | Cost:187417.00
LS: BlockExchange | Count: 1 | TotalTime:0.000s | Cost:246051.26
LS: mPDG | Count: 1 | TotalTime:0.013s | Cost:182974.32
Generation 4: Best = 14153.65, Worst = 281518.26, Avg = 230793.53, Time: 0.22864627838134766
LS: PDPairExchange | Count: 0 | TotalTime:0.004s | Cost:14153.65
LS: BlockRelocate | Count: 1 | TotalTime:0.006s | Cost:106648.97
LS: BlockRelocate | Count: 1 | TotalTime:0.001s | Cost:121334.60
LS: PDPairExchange | Count: 1 | TotalTime:0.000s | Cost:156411.41
LS: mPDG | Count: 1 | TotalTime:0.011s | Cost:170384.51
LS: mPDG | Count: 1 | TotalTime:0.011s | Cost:170384.73
LS: BlockRelocate | Count: 1 | TotalTime:0.006s | Cost:182939.75
LS: BlockRelocate | Count: 1 | TotalTime:0.001s | Cost:147148.61
LS: BlockExchange | Count: 1 | TotalTime:0.001s | Cost:244282.63
LS: BlockRelocate | Count: 1 | TotalTime:0.001s | Cost:187417.00
LS: PDPairExchange | Count: 1 | TotalTime:0.000s | Cost:231921.46
Generation 5: Best = 14153.65, Worst = 281518.26, Avg = 231379.38, Time: 0.22951173782348633
Stopping early due to lack of improvement.
Total runtime: 1.80s (0.0 minutes)
LS: BlockExchange:0(0.000s) | BlockRelocate:0(0.024s) | PDPairExchange:0(0.004s) | mPDG:0(0.010s) | TotalTime:0.038s | Cost:14153.65
LS: BlockRelocate:12(0.055s) | PDPairExchange:0(0.005s) | BlockExchange:0(0.005s) | mPDG:0(0.011s) | TotalTime:0.077s | Cost:18726.37
LS: BlockRelocate:16(0.109s) | PDPairExchange:2(0.008s) | BlockExchange:0(0.005s) | mPDG:0(0.010s) | TotalTime:0.131s | Cost:22087.63
LS: BlockRelocate:15(0.086s) | PDPairExchange:0(0.004s) | BlockExchange:0(0.004s) | mPDG:0(0.011s) | TotalTime:0.106s | Cost:18664.20
LS: PDPairExchange:12(0.022s) | BlockExchange:1(0.030s) | BlockRelocate:6(0.011s) | mPDG:0(0.000s) | TotalTime:0.062s | Cost:68982.44

The solution initialized by Cheapest Insertion:
V_1:[p2_2048120085-1 p1_1955060076-1 d1_1955060076-1 p1_1948360075-1 p2_2029180082-1 p1_1922280073-1 d1_1922280073-1 d2_2029180082-2 d1_1948360075-1 d2_2048120085-2] V_2:[p1_2049530086-1 p1_1936210074-1 p1_2007580078-1 p1_2036230083-1 p1_1906390072-1 d1_1906390072-1 d1_2036230083-1 d1_2007580078-1 d1_1936210074-1 d1_2049530086-1] V_3:[d1_1742060071-1 p4_2102190087-1 p4_2015240080-1 p1_2020060081-1 d1_2020060081-1 d4_2015240080-4 d4_2102190087-4] V_4:[p1_2039070084-1 p2_2014230079-1 d2_2014230079-2 d1_2039070084-1] V_5:[p1_1735470070-1 p1_1958280077-1 d1_1958280077-1 d1_1735470070-1]
The fitness value before EA: 14153.651111111112
V_1:[p2_2048120085-1 p1_1955060076-1 d1_1955060076-1 p1_1948360075-1 p2_2029180082-1 p1_1922280073-1 d1_1922280073-1 d2_2029180082-2 d1_1948360075-1 d2_2048120085-2] V_2:[p1_2049530086-1 p1_1936210074-1 p1_2007580078-1 p1_2036230083-1 p1_1906390072-1 d1_1906390072-1 d1_2036230083-1 d1_2007580078-1 d1_1936210074-1 d1_2049530086-1] V_3:[d1_1742060071-1 p4_2102190087-1 p4_2015240080-1 p1_2020060081-1 d1_2020060081-1 d4_2015240080-4 d4_2102190087-4] V_4:[p1_2039070084-1 p2_2014230079-1 d2_2014230079-2 d1_2039070084-1] V_5:[p1_1735470070-1 p1_1958280077-1 d1_1958280077-1 d1_1735470070-1]
The fitness value after EA: 14153.651111111112

Thoi gian thuc hien thuat toan:  2.3896751403808594
SUCCESS

2025-10-04 08:48:04,620 [simulate_environment.py | 256] INFO: 2025-10-04 21:30:00, Item 1735470070-1: state = 1 < 2, we can not finish the simulation
2025-10-04 08:48:04,620 [simulate_environment.py | 99] INFO: **************************************************
2025-10-04 08:48:04,621 [simulate_environment.py | 103] INFO: cur time: 2025-10-04 21:40:00, pre time: 2025-10-04 21:30:00
2025-10-04 08:48:04,621 [simulate_environment.py | 140] INFO: Start to update the input of 2025-10-04 21:40:00
2025-10-04 08:48:04,621 [simulate_environment.py | 167] INFO: Get 21 unallocated order items, 5 ongoing order items, 245 completed order items
2025-10-04 08:48:07,333 [simulate_environment.py | 234] INFO: 
Adaptive config applied: {'num_orders': 10, 'num_vehicles': 5, 'time_budget_sec': None, 'POPULATION_SIZE': 40, 'NUMBER_OF_GENERATION': 20, 'MUTATION_RATE': 0.1, 'LS_MAX': 20, 'LS_MAX_TIME_PER_OP': 3, 'LS_MAX_TIME_IN_SINGLE': 1}
LS: BlockExchange | Count: 0 | TotalTime:0.002s | Cost:14151.07
LS: mPDG | Count: 1 | TotalTime:0.007s | Cost:188996.83
LS: mPDG | Count: 1 | TotalTime:0.007s | Cost:188996.83
LS: mPDG | Count: 1 | TotalTime:0.007s | Cost:188996.83
LS: BlockExchange | Count: 1 | TotalTime:0.000s | Cost:194383.24
LS: mPDG | Count: 1 | TotalTime:0.007s | Cost:188996.83
LS: mPDG | Count: 1 | TotalTime:0.007s | Cost:188996.83
LS: BlockRelocate | Count: 1 | TotalTime:0.001s | Cost:201085.74
LS: BlockRelocate | Count: 1 | TotalTime:0.001s | Cost:171322.01
LS: PDPairExchange | Count: 1 | TotalTime:0.001s | Cost:202486.08
LS: BlockExchange | Count: 0 | TotalTime:0.001s | Cost:203986.08
Generation 1: Best = 14151.07, Worst = 616121.35, Avg = 206503.25, Time: 0.18564867973327637
LS: BlockRelocate | Count: 0 | TotalTime:0.015s | Cost:14151.07
LS: BlockRelocate | Count: 1 | TotalTime:0.001s | Cost:160269.07
LS: BlockExchange | Count: 1 | TotalTime:0.000s | Cost:162950.63
LS: mPDG | Count: 1 | TotalTime:0.007s | Cost:157394.71
LS: mPDG | Count: 1 | TotalTime:0.007s | Cost:157394.71
LS: BlockRelocate | Count: 1 | TotalTime:0.001s | Cost:156272.61
LS: mPDG | Count: 1 | TotalTime:0.020s | Cost:157394.71
LS: BlockRelocate | Count: 1 | TotalTime:0.002s | Cost:126350.53
LS: mPDG | Count: 1 | TotalTime:0.019s | Cost:157394.71
LS: PDPairExchange | Count: 1 | TotalTime:0.003s | Cost:166550.63
LS: PDPairExchange | Count: 1 | TotalTime:0.001s | Cost:141351.67
Generation 2: Best = 14151.07, Worst = 203986.08, Avg = 170595.33, Time: 0.24205875396728516
LS: BlockRelocate | Count: 0 | TotalTime:0.017s | Cost:14151.07
LS: BlockRelocate | Count: 1 | TotalTime:0.001s | Cost:119328.30
LS: PDPairExchange | Count: 1 | TotalTime:0.000s | Cost:135684.94
LS: BlockRelocate | Count: 1 | TotalTime:0.001s | Cost:107402.48
LS: mPDG | Count: 1 | TotalTime:0.008s | Cost:141015.65
LS: mPDG | Count: 1 | TotalTime:0.007s | Cost:146285.10
LS: mPDG | Count: 1 | TotalTime:0.007s | Cost:146285.10
LS: mPDG | Count: 1 | TotalTime:0.007s | Cost:146285.10
LS: PDPairExchange | Count: 1 | TotalTime:0.001s | Cost:162950.63
LS: mPDG | Count: 1 | TotalTime:0.007s | Cost:157394.71
LS: PDPairExchange | Count: 1 | TotalTime:0.001s | Cost:166550.63
Generation 3: Best = 14151.07, Worst = 181946.59, Avg = 162127.45, Time: 0.3436555862426758
LS: BlockRelocate | Count: 0 | TotalTime:0.013s | Cost:14151.07
LS: BlockRelocate | Count: 1 | TotalTime:0.001s | Cost:103046.56
LS: BlockRelocate | Count: 1 | TotalTime:0.001s | Cost:115403.30
LS: PDPairExchange | Count: 1 | TotalTime:0.001s | Cost:135184.94
LS: mPDG | Count: 1 | TotalTime:0.006s | Cost:128595.52
LS: mPDG | Count: 1 | TotalTime:0.006s | Cost:133864.97
LS: mPDG | Count: 1 | TotalTime:0.006s | Cost:133864.97
LS: mPDG | Count: 1 | TotalTime:0.006s | Cost:133864.97
LS: BlockExchange | Count: 1 | TotalTime:0.000s | Cost:163450.63
LS: mPDG | Count: 1 | TotalTime:0.006s | Cost:157394.71
LS: PDPairExchange | Count: 1 | TotalTime:0.001s | Cost:171850.63
Generation 4: Best = 14151.07, Worst = 203986.08, Avg = 163623.67, Time: 0.18240737915039062
LS: BlockRelocate | Count: 0 | TotalTime:0.014s | Cost:14151.07
LS: BlockRelocate | Count: 1 | TotalTime:0.001s | Cost:87589.73
LS: BlockRelocate | Count: 1 | TotalTime:0.001s | Cost:104802.94
LS: mPDG | Count: 1 | TotalTime:0.006s | Cost:54591.76
LS: mPDG | Count: 1 | TotalTime:0.005s | Cost:59861.21
LS: mPDG | Count: 1 | TotalTime:0.005s | Cost:59861.21
LS: mPDG | Count: 1 | TotalTime:0.005s | Cost:59861.21
LS: PDPairExchange | Count: 0 | TotalTime:0.003s | Cost:135184.94
LS: mPDG | Count: 1 | TotalTime:0.007s | Cost:159591.93
LS: mPDG | Count: 1 | TotalTime:0.006s | Cost:157394.71
LS: BlockExchange | Count: 1 | TotalTime:0.000s | Cost:165653.71
Generation 5: Best = 14151.07, Worst = 212153.73, Avg = 155329.74, Time: 0.19078803062438965
Stopping early due to lack of improvement.
Total runtime: 1.97s (0.0 minutes)
LS: BlockExchange:0(0.000s) | PDPairExchange:0(0.002s) | mPDG:0(0.007s) | BlockRelocate:0(0.014s) | TotalTime:0.023s | Cost:14151.07
LS: mPDG:4(0.022s) | PDPairExchange:2(0.011s) | BlockExchange:1(0.005s) | BlockRelocate:1(0.026s) | TotalTime:0.063s | Cost:14151.57
LS: mPDG:7(0.038s) | PDPairExchange:1(0.011s) | BlockExchange:1(0.009s) | BlockRelocate:2(0.040s) | TotalTime:0.098s | Cost:14151.57
LS: mPDG:4(0.022s) | PDPairExchange:2(0.009s) | BlockExchange:1(0.006s) | BlockRelocate:1(0.015s) | TotalTime:0.052s | Cost:18701.51
LS: mPDG:7(0.038s) | PDPairExchange:1(0.011s) | BlockExchange:1(0.009s) | BlockRelocate:2(0.023s) | TotalTime:0.081s | Cost:14151.57

The solution initialized by Cheapest Insertion:
V_1:[d1_1955060076-1 p1_1948360075-1 p2_2029180082-1 p1_1922280073-1 d1_1922280073-1 d2_2029180082-2 d1_1948360075-1 d2_2048120085-2] V_2:[p1_2049530086-1 p1_1936210074-1 p1_2007580078-1 p1_2036230083-1 p1_1906390072-1 d1_1906390072-1 d1_2036230083-1 d1_2007580078-1 d1_1936210074-1 d1_2049530086-1] V_3:[p4_2102190087-1 p4_2015240080-1 p1_2020060081-1 d1_2020060081-1 d4_2015240080-4 d4_2102190087-4] V_4:[p1_2039070084-1 p2_2014230079-1 d2_2014230079-2 d1_2039070084-1] V_5:[d1_1958280077-1 d1_1735470070-1]
The fitness value before EA: 14151.07111111111
V_1:[d1_1955060076-1 p1_1948360075-1 p2_2029180082-1 p1_1922280073-1 d1_1922280073-1 d2_2029180082-2 d1_1948360075-1 d2_2048120085-2] V_2:[p1_2049530086-1 p1_1936210074-1 p1_2007580078-1 p1_2036230083-1 p1_1906390072-1 d1_1906390072-1 d1_2036230083-1 d1_2007580078-1 d1_1936210074-1 d1_2049530086-1] V_3:[p4_2102190087-1 p4_2015240080-1 p1_2020060081-1 d1_2020060081-1 d4_2015240080-4 d4_2102190087-4] V_4:[p1_2039070084-1 p2_2014230079-1 d2_2014230079-2 d1_2039070084-1] V_5:[d1_1958280077-1 d1_1735470070-1]
The fitness value after EA: 14151.07111111111

Thoi gian thuc hien thuat toan:  2.4099032878875732
SUCCESS

2025-10-04 08:48:07,334 [simulate_environment.py | 256] INFO: 2025-10-04 21:40:00, Item 1906390072-1: state = 1 < 2, we can not finish the simulation
2025-10-04 08:48:07,334 [simulate_environment.py | 99] INFO: **************************************************
2025-10-04 08:48:07,334 [simulate_environment.py | 103] INFO: cur time: 2025-10-04 21:50:00, pre time: 2025-10-04 21:40:00
2025-10-04 08:48:07,334 [simulate_environment.py | 140] INFO: Start to update the input of 2025-10-04 21:50:00
2025-10-04 08:48:07,335 [simulate_environment.py | 167] INFO: Get 21 unallocated order items, 5 ongoing order items, 245 completed order items
2025-10-04 08:48:09,597 [simulate_environment.py | 234] INFO: 
Adaptive config applied: {'num_orders': 10, 'num_vehicles': 5, 'time_budget_sec': None, 'POPULATION_SIZE': 40, 'NUMBER_OF_GENERATION': 20, 'MUTATION_RATE': 0.1, 'LS_MAX': 20, 'LS_MAX_TIME_PER_OP': 3, 'LS_MAX_TIME_IN_SINGLE': 1}
LS: BlockExchange | Count: 0 | TotalTime:0.002s | Cost:14151.07
LS: PDPairExchange | Count: 1 | TotalTime:0.001s | Cost:202486.08
LS: BlockRelocate | Count: 1 | TotalTime:0.001s | Cost:171322.01
LS: PDPairExchange | Count: 1 | TotalTime:0.001s | Cost:183789.48
LS: BlockRelocate | Count: 1 | TotalTime:0.001s | Cost:194232.16
LS: BlockExchange | Count: 1 | TotalTime:0.000s | Cost:202895.24
LS: mPDG | Count: 1 | TotalTime:0.006s | Cost:188996.83
LS: BlockExchange | Count: 1 | TotalTime:0.001s | Cost:194383.24
LS: mPDG | Count: 1 | TotalTime:0.006s | Cost:188996.83
LS: BlockExchange | Count: 1 | TotalTime:0.000s | Cost:200652.41
LS: BlockRelocate | Count: 1 | TotalTime:0.001s | Cost:191545.93
Generation 1: Best = 14151.07, Worst = 259612.17, Avg = 197616.84, Time: 0.14033055305480957
LS: PDPairExchange | Count: 0 | TotalTime:0.002s | Cost:14151.07
LS: BlockRelocate | Count: 1 | TotalTime:0.002s | Cost:168421.67
LS: BlockExchange | Count: 1 | TotalTime:0.000s | Cost:161750.63
LS: BlockExchange | Count: 1 | TotalTime:0.000s | Cost:141351.67
LS: PDPairExchange | Count: 1 | TotalTime:0.001s | Cost:163450.63
LS: mPDG | Count: 1 | TotalTime:0.006s | Cost:157394.71
LS: BlockExchange | Count: 1 | TotalTime:0.000s | Cost:141351.67
LS: PDPairExchange | Count: 1 | TotalTime:0.000s | Cost:163450.63
LS: BlockExchange | Count: 1 | TotalTime:0.002s | Cost:166550.63
LS: mPDG | Count: 1 | TotalTime:0.006s | Cost:157394.71
LS: mPDG | Count: 1 | TotalTime:0.006s | Cost:157394.71
Generation 2: Best = 14151.07, Worst = 212153.73, Avg = 170116.09, Time: 0.16260147094726562
LS: mPDG | Count: 0 | TotalTime:0.005s | Cost:14151.07
LS: BlockExchange | Count: 1 | TotalTime:0.002s | Cost:135684.94
LS: BlockExchange | Count: 1 | TotalTime:0.002s | Cost:135684.94
LS: mPDG | Count: 1 | TotalTime:0.005s | Cost:146285.10
LS: mPDG | Count: 1 | TotalTime:0.005s | Cost:146285.10
LS: mPDG | Count: 1 | TotalTime:0.005s | Cost:146285.10
LS: BlockExchange | Count: 1 | TotalTime:0.001s | Cost:144320.11
LS: PDPairExchange | Count: 1 | TotalTime:0.000s | Cost:157783.90
LS: mPDG | Count: 1 | TotalTime:0.005s | Cost:157394.71
LS: BlockExchange | Count: 1 | TotalTime:0.000s | Cost:161750.63
LS: mPDG | Count: 1 | TotalTime:0.005s | Cost:157394.71
Generation 3: Best = 14151.07, Worst = 203986.08, Avg = 164177.26, Time: 0.16866254806518555
LS: BlockExchange | Count: 0 | TotalTime:0.002s | Cost:14151.07
LS: BlockExchange | Count: 0 | TotalTime:0.002s | Cost:135684.94
LS: BlockExchange | Count: 1 | TotalTime:0.001s | Cost:135451.61
LS: BlockExchange | Count: 1 | TotalTime:0.000s | Cost:138653.39
LS: mPDG | Count: 1 | TotalTime:0.005s | Cost:133864.97
LS: mPDG | Count: 1 | TotalTime:0.005s | Cost:133864.97
LS: mPDG | Count: 1 | TotalTime:0.005s | Cost:133864.97
LS: mPDG | Count: 1 | TotalTime:0.005s | Cost:146285.10
LS: PDPairExchange | Count: 1 | TotalTime:0.000s | Cost:166683.90
LS: mPDG | Count: 1 | TotalTime:0.005s | Cost:157394.71
LS: mPDG | Count: 1 | TotalTime:0.005s | Cost:157394.71
Generation 4: Best = 14151.07, Worst = 212153.73, Avg = 165742.68, Time: 0.15564274787902832
LS: PDPairExchange | Count: 0 | TotalTime:0.002s | Cost:14151.07
LS: mPDG | Count: 1 | TotalTime:0.006s | Cost:59861.21
LS: mPDG | Count: 1 | TotalTime:0.005s | Cost:59861.21
LS: mPDG | Count: 1 | TotalTime:0.006s | Cost:59861.21
LS: BlockExchange | Count: 0 | TotalTime:0.003s | Cost:135451.61
LS: BlockExchange | Count: 0 | TotalTime:0.002s | Cost:135684.94
LS: BlockExchange | Count: 1 | TotalTime:0.000s | Cost:135684.94
LS: mPDG | Count: 1 | TotalTime:0.006s | Cost:133864.97
LS: BlockExchange | Count: 1 | TotalTime:0.001s | Cost:161750.63
LS: BlockRelocate | Count: 1 | TotalTime:0.001s | Cost:157394.71
LS: BlockExchange | Count: 1 | TotalTime:0.001s | Cost:166550.63
Generation 5: Best = 14151.07, Worst = 212153.73, Avg = 158467.29, Time: 0.15834760665893555
Stopping early due to lack of improvement.
Total runtime: 1.48s (0.0 minutes)
LS: BlockExchange:0(0.000s) | PDPairExchange:0(0.002s) | mPDG:0(0.006s) | BlockRelocate:0(0.014s) | TotalTime:0.022s | Cost:14151.07
LS: mPDG:5(0.024s) | PDPairExchange:3(0.013s) | BlockExchange:1(0.009s) | BlockRelocate:2(0.029s) | TotalTime:0.075s | Cost:14151.57
LS: mPDG:7(0.036s) | PDPairExchange:2(0.013s) | BlockExchange:2(0.010s) | BlockRelocate:2(0.020s) | TotalTime:0.079s | Cost:14151.07
LS: mPDG:4(0.021s) | PDPairExchange:2(0.009s) | BlockExchange:1(0.006s) | BlockRelocate:1(0.013s) | TotalTime:0.049s | Cost:18701.51
LS: mPDG:8(0.038s) | PDPairExchange:1(0.009s) | BlockExchange:1(0.007s) | BlockRelocate:2(0.031s) | TotalTime:0.085s | Cost:14151.57

The solution initialized by Cheapest Insertion:
V_1:[d1_1955060076-1 p1_1948360075-1 p2_2029180082-1 p1_1922280073-1 d1_1922280073-1 d2_2029180082-2 d1_1948360075-1 d2_2048120085-2] V_2:[p1_2049530086-1 p1_1936210074-1 p1_2007580078-1 p1_2036230083-1 p1_1906390072-1 d1_1906390072-1 d1_2036230083-1 d1_2007580078-1 d1_1936210074-1 d1_2049530086-1] V_3:[p4_2102190087-1 p4_2015240080-1 p1_2020060081-1 d1_2020060081-1 d4_2015240080-4 d4_2102190087-4] V_4:[p1_2039070084-1 p2_2014230079-1 d2_2014230079-2 d1_2039070084-1] V_5:[d1_1958280077-1 d1_1735470070-1]
The fitness value before EA: 14151.07111111111
V_1:[d1_1955060076-1 p1_1948360075-1 p2_2029180082-1 p1_1922280073-1 d1_1922280073-1 d2_2029180082-2 d1_1948360075-1 d2_2048120085-2] V_2:[p1_2049530086-1 p1_1936210074-1 p1_2007580078-1 p1_2036230083-1 p1_1906390072-1 d1_1906390072-1 d1_2036230083-1 d1_2007580078-1 d1_1936210074-1 d1_2049530086-1] V_3:[p4_2102190087-1 p4_2015240080-1 p1_2020060081-1 d1_2020060081-1 d4_2015240080-4 d4_2102190087-4] V_4:[p1_2039070084-1 p2_2014230079-1 d2_2014230079-2 d1_2039070084-1] V_5:[d1_1958280077-1 d1_1735470070-1]
The fitness value after EA: 14151.07111111111

Thoi gian thuc hien thuat toan:  1.9318630695343018
SUCCESS

2025-10-04 08:48:09,597 [simulate_environment.py | 256] INFO: 2025-10-04 21:50:00, Item 1906390072-1: state = 1 < 2, we can not finish the simulation
2025-10-04 08:48:09,597 [simulate_environment.py | 99] INFO: **************************************************
2025-10-04 08:48:09,597 [simulate_environment.py | 103] INFO: cur time: 2025-10-04 22:00:00, pre time: 2025-10-04 21:50:00
2025-10-04 08:48:09,598 [simulate_environment.py | 140] INFO: Start to update the input of 2025-10-04 22:00:00
2025-10-04 08:48:09,598 [simulate_environment.py | 167] INFO: Get 26 unallocated order items, 5 ongoing order items, 245 completed order items
2025-10-04 08:48:13,097 [simulate_environment.py | 234] INFO: 
Adaptive config applied: {'num_orders': 13, 'num_vehicles': 5, 'time_budget_sec': None, 'POPULATION_SIZE': 40, 'NUMBER_OF_GENERATION': 20, 'MUTATION_RATE': 0.1, 'LS_MAX': 20, 'LS_MAX_TIME_PER_OP': 3, 'LS_MAX_TIME_IN_SINGLE': 1}
LS: BlockRelocate | Count: 0 | TotalTime:0.027s | Cost:14157.15
LS: PDPairExchange | Count: 1 | TotalTime:0.000s | Cost:189311.00
LS: PDPairExchange | Count: 1 | TotalTime:0.000s | Cost:297683.11
LS: mPDG | Count: 1 | TotalTime:0.014s | Cost:285626.19
LS: BlockRelocate | Count: 1 | TotalTime:0.001s | Cost:284227.20
LS: BlockRelocate | Count: 1 | TotalTime:0.001s | Cost:266238.42
LS: PDPairExchange | Count: 1 | TotalTime:0.001s | Cost:295647.66
LS: BlockRelocate | Count: 1 | TotalTime:0.002s | Cost:266238.42
LS: mPDG | Count: 1 | TotalTime:0.014s | Cost:285626.19
LS: PDPairExchange | Count: 1 | TotalTime:0.000s | Cost:296216.44
LS: PDPairExchange | Count: 1 | TotalTime:0.001s | Cost:297683.11
Generation 1: Best = 14157.15, Worst = 299183.11, Avg = 286374.13, Time: 0.28294944763183594
LS: mPDG | Count: 0 | TotalTime:0.012s | Cost:14157.15
LS: PDPairExchange | Count: 1 | TotalTime:0.000s | Cost:158578.56
LS: mPDG | Count: 1 | TotalTime:0.012s | Cost:191392.64
LS: mPDG | Count: 1 | TotalTime:0.012s | Cost:191392.64
LS: BlockExchange | Count: 1 | TotalTime:0.002s | Cost:264735.24
LS: mPDG | Count: 1 | TotalTime:0.016s | Cost:256654.53
LS: BlockRelocate | Count: 1 | TotalTime:0.001s | Cost:258049.31
LS: BlockRelocate | Count: 1 | TotalTime:0.001s | Cost:262118.98
LS: BlockRelocate | Count: 1 | TotalTime:0.001s | Cost:251282.51
LS: mPDG | Count: 1 | TotalTime:0.012s | Cost:261721.20
LS: PDPairExchange | Count: 1 | TotalTime:0.000s | Cost:259435.44
Generation 2: Best = 14157.15, Worst = 299183.11, Avg = 272160.58, Time: 0.3058192729949951
LS: BlockRelocate | Count: 0 | TotalTime:0.038s | Cost:14157.15
LS: PDPairExchange | Count: 1 | TotalTime:0.001s | Cost:148195.23
LS: mPDG | Count: 1 | TotalTime:0.024s | Cost:176792.62
LS: mPDG | Count: 1 | TotalTime:0.021s | Cost:176792.62
LS: BlockRelocate | Count: 1 | TotalTime:0.002s | Cost:237197.32
LS: mPDG | Count: 1 | TotalTime:0.015s | Cost:256654.51
LS: BlockRelocate | Count: 1 | TotalTime:0.001s | Cost:173823.43
LS: PDPairExchange | Count: 1 | TotalTime:0.001s | Cost:253234.72
LS: mPDG | Count: 1 | TotalTime:0.029s | Cost:256654.53
LS: PDPairExchange | Count: 1 | TotalTime:0.001s | Cost:257735.44
LS: mPDG | Count: 1 | TotalTime:0.024s | Cost:256654.53
Generation 3: Best = 14157.15, Worst = 295721.64, Avg = 256570.23, Time: 0.3705174922943115
LS: BlockExchange | Count: 0 | TotalTime:0.004s | Cost:14157.15
LS: PDPairExchange | Count: 1 | TotalTime:0.002s | Cost:128428.54
LS: BlockRelocate | Count: 1 | TotalTime:0.002s | Cost:121686.20
LS: mPDG | Count: 1 | TotalTime:0.010s | Cost:165349.67
LS: mPDG | Count: 1 | TotalTime:0.010s | Cost:165349.67
LS: BlockRelocate | Count: 1 | TotalTime:0.001s | Cost:126793.40
LS: PDPairExchange | Count: 1 | TotalTime:0.001s | Cost:248368.04
LS: mPDG | Count: 1 | TotalTime:0.010s | Cost:249635.04
LS: BlockRelocate | Count: 1 | TotalTime:0.001s | Cost:238648.21
LS: BlockExchange | Count: 1 | TotalTime:0.000s | Cost:264951.99
LS: PDPairExchange | Count: 1 | TotalTime:0.001s | Cost:254551.97
Generation 4: Best = 14157.15, Worst = 309949.12, Avg = 249340.05, Time: 0.2433459758758545
LS: PDPairExchange | Count: 0 | TotalTime:0.003s | Cost:14157.15
LS: BlockRelocate | Count: 1 | TotalTime:0.002s | Cost:102866.07
LS: BlockRelocate | Count: 1 | TotalTime:0.001s | Cost:118912.80
LS: PDPairExchange | Count: 1 | TotalTime:0.001s | Cost:127595.27
LS: mPDG | Count: 1 | TotalTime:0.009s | Cost:145096.21
LS: mPDG | Count: 1 | TotalTime:0.009s | Cost:145096.21
LS: BlockRelocate | Count: 1 | TotalTime:0.002s | Cost:235981.34
LS: PDPairExchange | Count: 1 | TotalTime:0.002s | Cost:202368.04
LS: mPDG | Count: 1 | TotalTime:0.010s | Cost:250934.96
LS: mPDG | Count: 1 | TotalTime:0.011s | Cost:256654.53
LS: BlockRelocate | Count: 1 | TotalTime:0.003s | Cost:262401.91
Generation 5: Best = 14157.15, Worst = 299183.11, Avg = 247624.59, Time: 0.24051117897033691
Stopping early due to lack of improvement.
Total runtime: 2.14s (0.0 minutes)
LS: mPDG:0(0.000s) | BlockRelocate:0(0.022s) | BlockExchange:0(0.004s) | PDPairExchange:0(0.004s) | TotalTime:0.030s | Cost:14157.15
LS: BlockRelocate:9(0.068s) | PDPairExchange:1(0.040s) | BlockExchange:3(0.025s) | mPDG:2(0.038s) | TotalTime:0.170s | Cost:17399.02
LS: BlockRelocate:13(0.101s) | PDPairExchange:0(0.011s) | BlockExchange:0(0.011s) | mPDG:1(0.031s) | TotalTime:0.154s | Cost:14157.09
LS: PDPairExchange:13(0.031s) | BlockExchange:3(0.030s) | BlockRelocate:3(0.008s) | mPDG:0(0.000s) | TotalTime:0.069s | Cost:34819.71
LS: mPDG:7(0.079s) | PDPairExchange:5(0.026s) | BlockExchange:0(0.016s) | BlockRelocate:2(0.046s) | TotalTime:0.167s | Cost:14154.33

The solution initialized by Cheapest Insertion:
V_1:[d1_1955060076-1 p1_1948360075-1 p2_2029180082-1 p1_1922280073-1 d1_1922280073-1 d2_2029180082-2 d1_1948360075-1 d2_2048120085-2 p1_2155510089-1 d1_2155510089-1] V_2:[p1_2157110090-1 p1_2049530086-1 p1_1936210074-1 p1_2007580078-1 p1_2036230083-1 p1_1906390072-1 d1_1906390072-1 d1_2036230083-1 d1_2007580078-1 d1_1936210074-1 d1_2049530086-1 d1_2157110090-1 p3_2155460088-1 d3_2155460088-3] V_3:[p4_2102190087-1 p4_2015240080-1 p1_2020060081-1 d1_2020060081-1 d4_2015240080-4 d4_2102190087-4] V_4:[p1_2039070084-1 p2_2014230079-1 d2_2014230079-2 d1_2039070084-1] V_5:[d1_1958280077-1 d1_1735470070-1]
The fitness value before EA: 14157.151111111112
V_1:[d1_1955060076-1 p1_1948360075-1 p1_1922280073-1 p2_2029180082-1 d2_2029180082-2 d1_1922280073-1 d1_1948360075-1 d2_2048120085-2] V_2:[p1_2157110090-1 p1_2036230083-1 p1_2049530086-1 p1_1936210074-1 p1_2007580078-1 p1_1906390072-1 d1_1906390072-1 d1_2007580078-1 d1_1936210074-1 d1_2049530086-1 d1_2036230083-1 d1_2157110090-1] V_3:[p4_2102190087-1 p4_2015240080-1 p1_2020060081-1 d1_2020060081-1 d4_2015240080-4 d4_2102190087-4] V_4:[p1_2039070084-1 p2_2014230079-1 d2_2014230079-2 d1_2039070084-1] V_5:[d1_1958280077-1 d1_1735470070-1 p1_2155510089-1 p3_2155460088-1 d3_2155460088-3 d1_2155510089-1]
The fitness value after EA: 14154.33111111111

Thoi gian thuc hien thuat toan:  3.1720943450927734
SUCCESS

2025-10-04 08:48:13,098 [simulate_environment.py | 256] INFO: 2025-10-04 22:00:00, Item 1906390072-1: state = 1 < 2, we can not finish the simulation
2025-10-04 08:48:13,098 [simulate_environment.py | 99] INFO: **************************************************
2025-10-04 08:48:13,098 [simulate_environment.py | 103] INFO: cur time: 2025-10-04 22:10:00, pre time: 2025-10-04 22:00:00
2025-10-04 08:48:13,098 [simulate_environment.py | 140] INFO: Start to update the input of 2025-10-04 22:10:00
2025-10-04 08:48:13,099 [simulate_environment.py | 167] INFO: Get 7 unallocated order items, 23 ongoing order items, 246 completed order items
2025-10-04 08:48:15,068 [simulate_environment.py | 234] INFO: 
Adaptive config applied: {'num_orders': 3, 'num_vehicles': 5, 'time_budget_sec': None, 'POPULATION_SIZE': 40, 'NUMBER_OF_GENERATION': 20, 'MUTATION_RATE': 0.1, 'LS_MAX': 20, 'LS_MAX_TIME_PER_OP': 3, 'LS_MAX_TIME_IN_SINGLE': 1}
LS: PDPairExchange | Count: 0 | TotalTime:0.000s | Cost:14153.75
LS: BlockRelocate | Count: 1 | TotalTime:0.003s | Cost:14153.75
LS: mPDG | Count: 1 | TotalTime:0.001s | Cost:14157.79
LS: mPDG | Count: 1 | TotalTime:0.001s | Cost:14157.79
LS: mPDG | Count: 1 | TotalTime:0.001s | Cost:14157.79
LS: PDPairExchange | Count: 0 | TotalTime:0.000s | Cost:16379.97
LS: PDPairExchange | Count: 0 | TotalTime:0.000s | Cost:16379.97
LS: BlockRelocate | Count: 1 | TotalTime:0.003s | Cost:15674.52
LS: PDPairExchange | Count: 0 | TotalTime:0.000s | Cost:16379.97
LS: BlockRelocate | Count: 1 | TotalTime:0.001s | Cost:14157.83
LS: mPDG | Count: 1 | TotalTime:0.001s | Cost:14157.79
Generation 1: Best = 14153.75, Worst = 16379.97, Avg = 15973.25, Time: 0.06261396408081055
LS: PDPairExchange | Count: 0 | TotalTime:0.000s | Cost:14153.75
LS: BlockRelocate | Count: 0 | TotalTime:0.003s | Cost:14153.75
LS: mPDG | Count: 0 | TotalTime:0.002s | Cost:14156.71
LS: BlockRelocate | Count: 1 | TotalTime:0.002s | Cost:14156.57
LS: mPDG | Count: 0 | TotalTime:0.002s | Cost:14156.71
LS: BlockExchange | Count: 0 | TotalTime:0.000s | Cost:14156.71
LS: mPDG | Count: 0 | TotalTime:0.002s | Cost:14156.71
LS: BlockRelocate | Count: 1 | TotalTime:0.001s | Cost:14156.57
LS: mPDG | Count: 0 | TotalTime:0.002s | Cost:14156.71
LS: mPDG | Count: 0 | TotalTime:0.001s | Cost:14157.79
LS: mPDG | Count: 0 | TotalTime:0.001s | Cost:14157.79
Generation 2: Best = 14153.75, Worst = 16379.97, Avg = 15584.17, Time: 0.07684445381164551
LS: PDPairExchange | Count: 0 | TotalTime:0.000s | Cost:14153.75
LS: BlockRelocate | Count: 0 | TotalTime:0.003s | Cost:14153.75
LS: BlockRelocate | Count: 1 | TotalTime:0.003s | Cost:14153.73
LS: BlockRelocate | Count: 1 | TotalTime:0.001s | Cost:14153.73
LS: mPDG | Count: 0 | TotalTime:0.002s | Cost:14156.71
LS: BlockRelocate | Count: 1 | TotalTime:0.001s | Cost:14156.57
LS: PDPairExchange | Count: 0 | TotalTime:0.000s | Cost:14156.71
LS: PDPairExchange | Count: 0 | TotalTime:0.000s | Cost:14156.71
LS: BlockExchange | Count: 0 | TotalTime:0.000s | Cost:14156.71
LS: BlockRelocate | Count: 1 | TotalTime:0.003s | Cost:14156.57
LS: mPDG | Count: 0 | TotalTime:0.002s | Cost:14156.71
Generation 3: Best = 14153.73, Worst = 16379.97, Avg = 15045.71, Time: 0.14390969276428223
LS: BlockRelocate | Count: 0 | TotalTime:0.003s | Cost:14153.73
LS: BlockRelocate | Count: 0 | TotalTime:0.003s | Cost:14153.73
LS: BlockRelocate | Count: 0 | TotalTime:0.003s | Cost:14153.75
LS: BlockRelocate | Count: 0 | TotalTime:0.003s | Cost:14153.75
LS: BlockRelocate | Count: 1 | TotalTime:0.001s | Cost:14153.73
LS: BlockRelocate | Count: 1 | TotalTime:0.003s | Cost:14153.73
LS: BlockExchange | Count: 0 | TotalTime:0.000s | Cost:14156.71
LS: BlockExchange | Count: 0 | TotalTime:0.000s | Cost:14156.71
LS: PDPairExchange | Count: 0 | TotalTime:0.000s | Cost:14156.71
LS: mPDG | Count: 0 | TotalTime:0.002s | Cost:14156.71
LS: PDPairExchange | Count: 0 | TotalTime:0.000s | Cost:14156.71
Generation 4: Best = 14153.73, Worst = 16771.62, Avg = 15712.25, Time: 0.08934235572814941
LS: BlockRelocate | Count: 0 | TotalTime:0.006s | Cost:14153.73
LS: BlockRelocate | Count: 0 | TotalTime:0.005s | Cost:14153.73
LS: BlockRelocate | Count: 0 | TotalTime:0.003s | Cost:14153.73
LS: BlockRelocate | Count: 0 | TotalTime:0.003s | Cost:14153.73
LS: BlockRelocate | Count: 0 | TotalTime:0.003s | Cost:14153.75
LS: BlockRelocate | Count: 0 | TotalTime:0.003s | Cost:14153.75
LS: BlockRelocate | Count: 1 | TotalTime:0.001s | Cost:14156.57
LS: BlockExchange | Count: 0 | TotalTime:0.000s | Cost:14156.71
LS: PDPairExchange | Count: 0 | TotalTime:0.000s | Cost:14156.71
LS: PDPairExchange | Count: 0 | TotalTime:0.000s | Cost:14156.71
LS: BlockExchange | Count: 0 | TotalTime:0.000s | Cost:14156.71
Generation 5: Best = 14153.73, Worst = 16771.62, Avg = 16022.70, Time: 0.09872245788574219
LS: BlockRelocate | Count: 0 | TotalTime:0.003s | Cost:14153.73
LS: BlockRelocate | Count: 0 | TotalTime:0.003s | Cost:14153.73
LS: BlockRelocate | Count: 0 | TotalTime:0.003s | Cost:14153.73
LS: BlockRelocate | Count: 0 | TotalTime:0.003s | Cost:14153.73
LS: BlockRelocate | Count: 0 | TotalTime:0.003s | Cost:14153.75
LS: BlockRelocate | Count: 0 | TotalTime:0.003s | Cost:14153.75
LS: BlockRelocate | Count: 1 | TotalTime:0.003s | Cost:14153.73
LS: mPDG | Count: 0 | TotalTime:0.002s | Cost:14156.71
LS: BlockExchange | Count: 0 | TotalTime:0.000s | Cost:14156.71
LS: mPDG | Count: 1 | TotalTime:0.001s | Cost:14157.79
LS: mPDG | Count: 1 | TotalTime:0.001s | Cost:14157.79
Generation 6: Best = 14153.73, Worst = 16771.62, Avg = 16032.47, Time: 0.09207749366760254
LS: BlockRelocate | Count: 0 | TotalTime:0.003s | Cost:14153.73
LS: BlockRelocate | Count: 0 | TotalTime:0.003s | Cost:14153.73
LS: BlockRelocate | Count: 0 | TotalTime:0.003s | Cost:14153.73
LS: BlockRelocate | Count: 0 | TotalTime:0.003s | Cost:14153.73
LS: BlockRelocate | Count: 0 | TotalTime:0.003s | Cost:14153.73
LS: BlockRelocate | Count: 0 | TotalTime:0.003s | Cost:14153.75
LS: BlockRelocate | Count: 0 | TotalTime:0.003s | Cost:14153.75
LS: mPDG | Count: 0 | TotalTime:0.002s | Cost:14156.71
LS: BlockExchange | Count: 0 | TotalTime:0.000s | Cost:16379.97
LS: PDPairExchange | Count: 0 | TotalTime:0.000s | Cost:16771.62
LS: PDPairExchange | Count: 0 | TotalTime:0.000s | Cost:16771.62
Generation 7: Best = 14153.73, Worst = 16771.62, Avg = 16238.32, Time: 0.09197807312011719
LS: BlockRelocate | Count: 0 | TotalTime:0.003s | Cost:14153.73
LS: BlockRelocate | Count: 0 | TotalTime:0.003s | Cost:14153.73
LS: BlockRelocate | Count: 0 | TotalTime:0.004s | Cost:14153.73
LS: BlockRelocate | Count: 0 | TotalTime:0.003s | Cost:14153.73
LS: BlockRelocate | Count: 0 | TotalTime:0.003s | Cost:14153.73
LS: mPDG | Count: 0 | TotalTime:0.001s | Cost:14153.75
LS: BlockRelocate | Count: 0 | TotalTime:0.004s | Cost:14153.75
LS: mPDG | Count: 0 | TotalTime:0.003s | Cost:14156.71
LS: BlockRelocate | Count: 1 | TotalTime:0.003s | Cost:14157.85
LS: BlockExchange | Count: 0 | TotalTime:0.000s | Cost:16771.62
LS: PDPairExchange | Count: 0 | TotalTime:0.000s | Cost:16771.62
Generation 8: Best = 14153.73, Worst = 16771.62, Avg = 16182.77, Time: 0.09376311302185059
Stopping early due to lack of improvement.
Total runtime: 1.56s (0.0 minutes)
LS: BlockRelocate:0(0.000s) | PDPairExchange:0(0.000s) | BlockExchange:0(0.000s) | mPDG:0(0.002s) | TotalTime:0.002s | Cost:14153.73
LS: BlockRelocate:0(0.000s) | PDPairExchange:0(0.000s) | BlockExchange:0(0.000s) | mPDG:0(0.002s) | TotalTime:0.002s | Cost:14153.73
LS: BlockRelocate:0(0.000s) | PDPairExchange:0(0.000s) | BlockExchange:0(0.000s) | mPDG:0(0.001s) | TotalTime:0.002s | Cost:14153.73
LS: BlockRelocate:0(0.000s) | PDPairExchange:0(0.000s) | BlockExchange:0(0.000s) | mPDG:0(0.002s) | TotalTime:0.002s | Cost:14153.73
LS: BlockRelocate:0(0.000s) | PDPairExchange:0(0.000s) | BlockExchange:0(0.000s) | mPDG:0(0.002s) | TotalTime:0.002s | Cost:14153.73

The solution initialized by Cheapest Insertion:
V_1:[d2_2029180082-2 d1_1922280073-1 d1_1948360075-1 d2_2048120085-2] V_2:[d1_1906390072-1 d1_2007580078-1 d1_1936210074-1 d1_2049530086-1 d1_2036230083-1 d1_2157110090-1] V_3:[d1_2020060081-1 d4_2015240080-4 d4_2102190087-4] V_4:[p1_2039070084-1 p2_2014230079-1 d2_2014230079-2 d1_2039070084-1] V_5:[d1_1958280077-1 d1_1735470070-1 p1_2155510089-1 p3_2155460088-1 d3_2155460088-3 d1_2155510089-1]
The fitness value before EA: 14153.75111111111
V_1:[d2_2029180082-2 d1_1922280073-1 d1_1948360075-1 d2_2048120085-2] V_2:[d1_1906390072-1 d1_2007580078-1 d1_1936210074-1 d1_2049530086-1 d1_2036230083-1 d1_2157110090-1] V_3:[d1_2020060081-1 d4_2015240080-4 d4_2102190087-4] V_4:[p1_2039070084-1 p2_2014230079-1 d2_2014230079-2 d1_2039070084-1] V_5:[d1_1958280077-1 d1_1735470070-1 p3_2155460088-1 p1_2155510089-1 d1_2155510089-1 d3_2155460088-3]
The fitness value after EA: 14153.731111111112

Thoi gian thuc hien thuat toan:  1.5962157249450684
SUCCESS

2025-10-04 08:48:15,070 [simulate_environment.py | 256] INFO: 2025-10-04 22:10:00, Item 2014230079-1: state = 1 < 2, we can not finish the simulation
2025-10-04 08:48:15,071 [simulate_environment.py | 99] INFO: **************************************************
2025-10-04 08:48:15,071 [simulate_environment.py | 103] INFO: cur time: 2025-10-04 22:20:00, pre time: 2025-10-04 22:10:00
2025-10-04 08:48:15,071 [simulate_environment.py | 140] INFO: Start to update the input of 2025-10-04 22:20:00
2025-10-04 08:48:15,071 [simulate_environment.py | 167] INFO: Get 8 unallocated order items, 24 ongoing order items, 246 completed order items
2025-10-04 08:48:16,606 [simulate_environment.py | 234] INFO: 
Adaptive config applied: {'num_orders': 4, 'num_vehicles': 5, 'time_budget_sec': None, 'POPULATION_SIZE': 40, 'NUMBER_OF_GENERATION': 20, 'MUTATION_RATE': 0.1, 'LS_MAX': 20, 'LS_MAX_TIME_PER_OP': 3, 'LS_MAX_TIME_IN_SINGLE': 1}
LS: PDPairExchange | Count: 0 | TotalTime:0.000s | Cost:14151.93
LS: BlockExchange | Count: 0 | TotalTime:0.000s | Cost:14151.93
LS: PDPairExchange | Count: 0 | TotalTime:0.000s | Cost:14151.93
LS: BlockExchange | Count: 0 | TotalTime:0.000s | Cost:14151.93
LS: BlockRelocate | Count: 0 | TotalTime:0.006s | Cost:14151.93
LS: PDPairExchange | Count: 0 | TotalTime:0.000s | Cost:14151.93
LS: BlockExchange | Count: 0 | TotalTime:0.000s | Cost:14151.93
LS: BlockRelocate | Count: 0 | TotalTime:0.006s | Cost:14151.93
LS: BlockRelocate | Count: 0 | TotalTime:0.005s | Cost:14151.93
LS: BlockExchange | Count: 0 | TotalTime:0.000s | Cost:14151.93
LS: BlockExchange | Count: 0 | TotalTime:0.000s | Cost:14151.93
Generation 1: Best = 14151.93, Worst = 23375.90, Avg = 14382.53, Time: 0.07640504837036133
LS: PDPairExchange | Count: 0 | TotalTime:0.000s | Cost:14151.93
LS: BlockRelocate | Count: 0 | TotalTime:0.005s | Cost:14151.93
LS: BlockExchange | Count: 0 | TotalTime:0.000s | Cost:14151.93
LS: BlockExchange | Count: 0 | TotalTime:0.000s | Cost:14151.93
LS: PDPairExchange | Count: 0 | TotalTime:0.000s | Cost:14151.93
LS: mPDG | Count: 0 | TotalTime:0.002s | Cost:14151.93
LS: PDPairExchange | Count: 0 | TotalTime:0.000s | Cost:14151.93
LS: mPDG | Count: 0 | TotalTime:0.001s | Cost:14151.93
LS: BlockRelocate | Count: 0 | TotalTime:0.005s | Cost:14151.93
LS: BlockExchange | Count: 0 | TotalTime:0.000s | Cost:14151.93
LS: PDPairExchange | Count: 0 | TotalTime:0.000s | Cost:14151.93
Generation 2: Best = 14151.93, Worst = 14151.93, Avg = 14151.93, Time: 0.08370280265808105
Stopping early due to lack of improvement.
Total runtime: 1.09s (0.0 minutes)
LS: mPDG:0(0.000s) | BlockRelocate:0(0.005s) | BlockExchange:0(0.000s) | PDPairExchange:0(0.000s) | TotalTime:0.006s | Cost:14151.93
LS: PDPairExchange:0(0.000s) | BlockExchange:0(0.000s) | BlockRelocate:0(0.005s) | mPDG:0(0.001s) | TotalTime:0.007s | Cost:14151.93
LS: mPDG:0(0.000s) | PDPairExchange:0(0.000s) | BlockExchange:0(0.000s) | BlockRelocate:0(0.009s) | TotalTime:0.010s | Cost:14151.93
LS: BlockExchange:0(0.000s) | PDPairExchange:0(0.001s) | BlockRelocate:0(0.009s) | mPDG:0(0.003s) | TotalTime:0.013s | Cost:14151.93
LS: BlockExchange:0(0.000s) | BlockRelocate:0(0.010s) | PDPairExchange:0(0.000s) | mPDG:0(0.002s) | TotalTime:0.012s | Cost:14151.93

The solution initialized by Cheapest Insertion:
V_1:[d2_2029180082-2 d1_1922280073-1 d1_1948360075-1 d2_2048120085-2] V_2:[d1_1906390072-1 d1_2007580078-1 d1_1936210074-1 d1_2049530086-1 d1_2036230083-1 d1_2157110090-1] V_3:[d1_2020060081-1 d4_2015240080-4 d4_2102190087-4] V_4:[p2_2014230079-1 d2_2014230079-2 d1_2039070084-1 p1_2212500091-1 d1_2212500091-1] V_5:[d1_1958280077-1 d1_1735470070-1 p1_2217410092-1 p3_2155460088-1 p1_2155510089-1 d1_2155510089-1 d3_2155460088-3 d1_2217410092-1]
The fitness value before EA: 14151.931111111111
V_1:[d2_2029180082-2 d1_1922280073-1 d1_1948360075-1 d2_2048120085-2] V_2:[d1_1906390072-1 d1_2007580078-1 d1_1936210074-1 d1_2049530086-1 d1_2036230083-1 d1_2157110090-1] V_3:[d1_2020060081-1 d4_2015240080-4 d4_2102190087-4] V_4:[p2_2014230079-1 d2_2014230079-2 d1_2039070084-1 p1_2212500091-1 d1_2212500091-1] V_5:[d1_1958280077-1 d1_1735470070-1 p1_2217410092-1 p3_2155460088-1 p1_2155510089-1 d1_2155510089-1 d3_2155460088-3 d1_2217410092-1]
The fitness value after EA: 14151.931111111111

Thoi gian thuc hien thuat toan:  1.1488327980041504
SUCCESS

2025-10-04 08:48:16,607 [simulate_environment.py | 256] INFO: 2025-10-04 22:20:00, Item 2014230079-1: state = 1 < 2, we can not finish the simulation
2025-10-04 08:48:16,608 [simulate_environment.py | 99] INFO: **************************************************
2025-10-04 08:48:16,608 [simulate_environment.py | 103] INFO: cur time: 2025-10-04 22:30:00, pre time: 2025-10-04 22:20:00
2025-10-04 08:48:16,608 [simulate_environment.py | 140] INFO: Start to update the input of 2025-10-04 22:30:00
2025-10-04 08:48:16,609 [simulate_environment.py | 167] INFO: Get 8 unallocated order items, 24 ongoing order items, 246 completed order items
2025-10-04 08:48:17,940 [simulate_environment.py | 234] INFO: 
Adaptive config applied: {'num_orders': 4, 'num_vehicles': 5, 'time_budget_sec': None, 'POPULATION_SIZE': 40, 'NUMBER_OF_GENERATION': 20, 'MUTATION_RATE': 0.1, 'LS_MAX': 20, 'LS_MAX_TIME_PER_OP': 3, 'LS_MAX_TIME_IN_SINGLE': 1}
LS: BlockRelocate | Count: 0 | TotalTime:0.004s | Cost:14151.93
LS: PDPairExchange | Count: 0 | TotalTime:0.000s | Cost:14151.93
LS: BlockRelocate | Count: 0 | TotalTime:0.004s | Cost:14151.93
LS: PDPairExchange | Count: 0 | TotalTime:0.000s | Cost:14151.93
LS: PDPairExchange | Count: 0 | TotalTime:0.000s | Cost:14151.93
LS: BlockRelocate | Count: 0 | TotalTime:0.004s | Cost:14151.93
LS: BlockRelocate | Count: 0 | TotalTime:0.004s | Cost:14151.93
LS: PDPairExchange | Count: 0 | TotalTime:0.000s | Cost:14151.93
LS: PDPairExchange | Count: 0 | TotalTime:0.000s | Cost:14151.93
LS: PDPairExchange | Count: 0 | TotalTime:0.000s | Cost:14151.93
LS: mPDG | Count: 0 | TotalTime:0.001s | Cost:14151.93
Generation 1: Best = 14151.93, Worst = 34780.09, Avg = 14667.64, Time: 0.06569147109985352
LS: BlockExchange | Count: 0 | TotalTime:0.000s | Cost:14151.93
LS: BlockRelocate | Count: 0 | TotalTime:0.004s | Cost:14151.93
LS: PDPairExchange | Count: 0 | TotalTime:0.000s | Cost:14151.93
LS: PDPairExchange | Count: 0 | TotalTime:0.000s | Cost:14151.93
LS: BlockRelocate | Count: 0 | TotalTime:0.004s | Cost:14151.93
LS: BlockRelocate | Count: 0 | TotalTime:0.004s | Cost:14151.93
LS: BlockRelocate | Count: 0 | TotalTime:0.004s | Cost:14151.93
LS: BlockRelocate | Count: 0 | TotalTime:0.004s | Cost:14151.93
LS: mPDG | Count: 0 | TotalTime:0.001s | Cost:14151.93
LS: BlockExchange | Count: 0 | TotalTime:0.000s | Cost:14151.93
LS: PDPairExchange | Count: 0 | TotalTime:0.000s | Cost:14151.93
Generation 2: Best = 14151.93, Worst = 14151.93, Avg = 14151.93, Time: 0.0804896354675293
Stopping early due to lack of improvement.
Total runtime: 0.86s (0.0 minutes)
LS: PDPairExchange:0(0.000s) | BlockExchange:0(0.000s) | mPDG:0(0.001s) | BlockRelocate:0(0.005s) | TotalTime:0.006s | Cost:14151.93
LS: mPDG:0(0.000s) | BlockExchange:0(0.000s) | PDPairExchange:0(0.000s) | BlockRelocate:0(0.005s) | TotalTime:0.005s | Cost:14151.93
LS: PDPairExchange:0(0.000s) | BlockExchange:0(0.000s) | BlockRelocate:0(0.005s) | mPDG:0(0.001s) | TotalTime:0.006s | Cost:14151.93
LS: mPDG:0(0.000s) | BlockExchange:0(0.000s) | BlockRelocate:0(0.005s) | PDPairExchange:0(0.000s) | TotalTime:0.005s | Cost:14151.93
LS: BlockRelocate:0(0.000s) | PDPairExchange:0(0.000s) | BlockExchange:0(0.000s) | mPDG:0(0.001s) | TotalTime:0.002s | Cost:14151.93

The solution initialized by Cheapest Insertion:
V_1:[d2_2029180082-2 d1_1922280073-1 d1_1948360075-1 d2_2048120085-2] V_2:[d1_1906390072-1 d1_2007580078-1 d1_1936210074-1 d1_2049530086-1 d1_2036230083-1 d1_2157110090-1] V_3:[d1_2020060081-1 d4_2015240080-4 d4_2102190087-4] V_4:[p2_2014230079-1 d2_2014230079-2 d1_2039070084-1 p1_2212500091-1 d1_2212500091-1] V_5:[d1_1958280077-1 d1_1735470070-1 p1_2217410092-1 p3_2155460088-1 p1_2155510089-1 d1_2155510089-1 d3_2155460088-3 d1_2217410092-1]
The fitness value before EA: 14151.931111111111
V_1:[d2_2029180082-2 d1_1922280073-1 d1_1948360075-1 d2_2048120085-2] V_2:[d1_1906390072-1 d1_2007580078-1 d1_1936210074-1 d1_2049530086-1 d1_2036230083-1 d1_2157110090-1] V_3:[d1_2020060081-1 d4_2015240080-4 d4_2102190087-4] V_4:[p2_2014230079-1 d2_2014230079-2 d1_2039070084-1 p1_2212500091-1 d1_2212500091-1] V_5:[d1_1958280077-1 d1_1735470070-1 p1_2217410092-1 p3_2155460088-1 p1_2155510089-1 d1_2155510089-1 d3_2155460088-3 d1_2217410092-1]
The fitness value after EA: 14151.931111111111

Thoi gian thuc hien thuat toan:  0.9021410942077637
SUCCESS

2025-10-04 08:48:17,941 [simulate_environment.py | 256] INFO: 2025-10-04 22:30:00, Item 2014230079-1: state = 1 < 2, we can not finish the simulation
2025-10-04 08:48:17,941 [simulate_environment.py | 99] INFO: **************************************************
2025-10-04 08:48:17,941 [simulate_environment.py | 103] INFO: cur time: 2025-10-04 22:40:00, pre time: 2025-10-04 22:30:00
2025-10-04 08:48:17,941 [simulate_environment.py | 140] INFO: Start to update the input of 2025-10-04 22:40:00
2025-10-04 08:48:17,942 [simulate_environment.py | 167] INFO: Get 11 unallocated order items, 24 ongoing order items, 246 completed order items
2025-10-04 08:48:19,706 [simulate_environment.py | 234] INFO: 
Adaptive config applied: {'num_orders': 6, 'num_vehicles': 5, 'time_budget_sec': None, 'POPULATION_SIZE': 40, 'NUMBER_OF_GENERATION': 20, 'MUTATION_RATE': 0.1, 'LS_MAX': 20, 'LS_MAX_TIME_PER_OP': 3, 'LS_MAX_TIME_IN_SINGLE': 1}
LS: PDPairExchange | Count: 1 | TotalTime:0.000s | Cost:14154.85
LS: PDPairExchange | Count: 1 | TotalTime:0.000s | Cost:14154.85
LS: mPDG | Count: 0 | TotalTime:0.003s | Cost:14154.95
LS: PDPairExchange | Count: 1 | TotalTime:0.000s | Cost:14154.85
LS: BlockRelocate | Count: 1 | TotalTime:0.007s | Cost:14154.89
LS: BlockExchange | Count: 1 | TotalTime:0.001s | Cost:14154.85
LS: PDPairExchange | Count: 1 | TotalTime:0.000s | Cost:14154.85
LS: BlockExchange | Count: 1 | TotalTime:0.000s | Cost:14154.85
LS: BlockExchange | Count: 1 | TotalTime:0.000s | Cost:14154.85
LS: mPDG | Count: 0 | TotalTime:0.003s | Cost:14154.95
LS: BlockRelocate | Count: 1 | TotalTime:0.007s | Cost:14154.89
Generation 1: Best = 14154.85, Worst = 174195.51, Avg = 18155.94, Time: 0.0835416316986084
LS: PDPairExchange | Count: 0 | TotalTime:0.001s | Cost:14154.85
LS: PDPairExchange | Count: 0 | TotalTime:0.001s | Cost:14154.85
LS: PDPairExchange | Count: 0 | TotalTime:0.001s | Cost:14154.85
LS: BlockExchange | Count: 0 | TotalTime:0.001s | Cost:14154.85
LS: PDPairExchange | Count: 0 | TotalTime:0.001s | Cost:14154.85
LS: BlockExchange | Count: 0 | TotalTime:0.001s | Cost:14154.85
LS: BlockExchange | Count: 0 | TotalTime:0.001s | Cost:14154.85
LS: BlockRelocate | Count: 0 | TotalTime:0.009s | Cost:14154.89
LS: mPDG | Count: 1 | TotalTime:0.003s | Cost:14154.83
LS: PDPairExchange | Count: 0 | TotalTime:0.001s | Cost:14154.89
LS: BlockExchange | Count: 1 | TotalTime:0.001s | Cost:14154.85
Generation 2: Best = 14154.83, Worst = 14157.91, Avg = 14157.07, Time: 0.15099358558654785
LS: mPDG | Count: 0 | TotalTime:0.003s | Cost:14154.83
LS: PDPairExchange | Count: 0 | TotalTime:0.001s | Cost:14154.83
LS: PDPairExchange | Count: 0 | TotalTime:0.001s | Cost:14154.85
LS: PDPairExchange | Count: 0 | TotalTime:0.001s | Cost:14154.85
LS: PDPairExchange | Count: 0 | TotalTime:0.001s | Cost:14154.85
LS: BlockExchange | Count: 0 | TotalTime:0.001s | Cost:14154.85
LS: PDPairExchange | Count: 0 | TotalTime:0.001s | Cost:14154.85
LS: BlockExchange | Count: 0 | TotalTime:0.001s | Cost:14154.85
LS: BlockExchange | Count: 0 | TotalTime:0.001s | Cost:14154.85
LS: BlockExchange | Count: 0 | TotalTime:0.001s | Cost:14154.89
LS: mPDG | Count: 1 | TotalTime:0.003s | Cost:14154.83
Generation 3: Best = 14154.83, Worst = 14157.91, Avg = 14156.84, Time: 0.10203027725219727
LS: mPDG | Count: 0 | TotalTime:0.003s | Cost:14154.83
LS: BlockExchange | Count: 0 | TotalTime:0.001s | Cost:14154.83
LS: mPDG | Count: 0 | TotalTime:0.003s | Cost:14154.83
LS: PDPairExchange | Count: 0 | TotalTime:0.001s | Cost:14154.83
LS: BlockExchange | Count: 0 | TotalTime:0.001s | Cost:14154.83
LS: PDPairExchange | Count: 0 | TotalTime:0.001s | Cost:14154.83
LS: mPDG | Count: 0 | TotalTime:0.003s | Cost:14154.83
LS: PDPairExchange | Count: 0 | TotalTime:0.001s | Cost:14154.83
LS: BlockExchange | Count: 0 | TotalTime:0.001s | Cost:14154.83
LS: mPDG | Count: 0 | TotalTime:0.003s | Cost:14154.83
LS: PDPairExchange | Count: 0 | TotalTime:0.001s | Cost:14154.85
Generation 4: Best = 14154.83, Worst = 14157.91, Avg = 14156.61, Time: 0.10759949684143066
LS: mPDG | Count: 0 | TotalTime:0.002s | Cost:14154.83
LS: mPDG | Count: 0 | TotalTime:0.002s | Cost:14154.83
LS: mPDG | Count: 0 | TotalTime:0.002s | Cost:14154.83
LS: PDPairExchange | Count: 0 | TotalTime:0.001s | Cost:14154.83
LS: PDPairExchange | Count: 0 | TotalTime:0.001s | Cost:14154.83
LS: mPDG | Count: 0 | TotalTime:0.002s | Cost:14154.83
LS: mPDG | Count: 0 | TotalTime:0.002s | Cost:14154.83
LS: PDPairExchange | Count: 0 | TotalTime:0.001s | Cost:14154.83
LS: PDPairExchange | Count: 0 | TotalTime:0.001s | Cost:14154.83
LS: PDPairExchange | Count: 0 | TotalTime:0.001s | Cost:14154.83
LS: mPDG | Count: 0 | TotalTime:0.002s | Cost:14154.83
Generation 5: Best = 14154.83, Worst = 14157.91, Avg = 14155.06, Time: 0.09716987609863281
LS: mPDG | Count: 0 | TotalTime:0.003s | Cost:14154.83
LS: mPDG | Count: 0 | TotalTime:0.003s | Cost:14154.83
LS: mPDG | Count: 0 | TotalTime:0.002s | Cost:14154.83
LS: BlockRelocate | Count: 0 | TotalTime:0.009s | Cost:14154.83
LS: BlockRelocate | Count: 0 | TotalTime:0.009s | Cost:14154.83
LS: mPDG | Count: 0 | TotalTime:0.003s | Cost:14154.83
LS: mPDG | Count: 0 | TotalTime:0.003s | Cost:14154.83
LS: mPDG | Count: 0 | TotalTime:0.003s | Cost:14154.83
LS: PDPairExchange | Count: 0 | TotalTime:0.001s | Cost:14154.83
LS: PDPairExchange | Count: 0 | TotalTime:0.001s | Cost:14154.83
LS: BlockExchange | Count: 0 | TotalTime:0.001s | Cost:14154.83
Generation 6: Best = 14154.83, Worst = 14154.83, Avg = 14154.83, Time: 0.10635900497436523
Stopping early due to lack of improvement.
Total runtime: 1.38s (0.0 minutes)
LS: mPDG:0(0.000s) | PDPairExchange:0(0.001s) | BlockExchange:0(0.001s) | BlockRelocate:0(0.009s) | TotalTime:0.010s | Cost:14154.83
LS: PDPairExchange:0(0.000s) | mPDG:0(0.003s) | BlockRelocate:0(0.009s) | BlockExchange:0(0.001s) | TotalTime:0.012s | Cost:14154.83
LS: mPDG:0(0.000s) | PDPairExchange:0(0.001s) | BlockExchange:0(0.001s) | BlockRelocate:0(0.009s) | TotalTime:0.010s | Cost:14154.83
LS: BlockRelocate:0(0.000s) | BlockExchange:0(0.001s) | mPDG:0(0.003s) | PDPairExchange:0(0.001s) | TotalTime:0.004s | Cost:14154.83
LS: BlockExchange:0(0.000s) | PDPairExchange:0(0.001s) | BlockRelocate:0(0.009s) | mPDG:0(0.003s) | TotalTime:0.012s | Cost:14154.83

The solution initialized by Cheapest Insertion:
V_1:[d2_2029180082-2 d1_1922280073-1 d1_1948360075-1 d2_2048120085-2] V_2:[d1_1906390072-1 d1_2007580078-1 d1_1936210074-1 d1_2049530086-1 d1_2036230083-1 d1_2157110090-1 p2_2237060093-1 p1_2237480094-1 d1_2237480094-1 d2_2237060093-2] V_3:[d1_2020060081-1 d4_2015240080-4 d4_2102190087-4] V_4:[p2_2014230079-1 d2_2014230079-2 d1_2039070084-1 p1_2212500091-1 d1_2212500091-1] V_5:[d1_1958280077-1 d1_1735470070-1 p1_2217410092-1 p3_2155460088-1 p1_2155510089-1 d1_2155510089-1 d3_2155460088-3 d1_2217410092-1]
The fitness value before EA: 14154.951111111111
V_1:[d2_2029180082-2 d1_1922280073-1 d1_1948360075-1 d2_2048120085-2] V_2:[d1_1906390072-1 d1_2007580078-1 d1_1936210074-1 d1_2049530086-1 d1_2036230083-1 d1_2157110090-1 p1_2237480094-1 p2_2237060093-1 p1_2155510089-1 d1_2155510089-1 d2_2237060093-2 d1_2237480094-1] V_3:[d1_2020060081-1 d4_2015240080-4 d4_2102190087-4] V_4:[p2_2014230079-1 d2_2014230079-2 d1_2039070084-1 p1_2212500091-1 d1_2212500091-1] V_5:[d1_1958280077-1 d1_1735470070-1 p1_2217410092-1 p3_2155460088-1 d3_2155460088-3 d1_2217410092-1]
The fitness value after EA: 14154.83111111111

Thoi gian thuc hien thuat toan:  1.4570763111114502
SUCCESS

2025-10-04 08:48:19,707 [simulate_environment.py | 256] INFO: 2025-10-04 22:40:00, Item 2014230079-1: state = 1 < 2, we can not finish the simulation
2025-10-04 08:48:19,707 [simulate_environment.py | 99] INFO: **************************************************
2025-10-04 08:48:19,707 [simulate_environment.py | 103] INFO: cur time: 2025-10-04 22:50:00, pre time: 2025-10-04 22:40:00
2025-10-04 08:48:19,707 [simulate_environment.py | 140] INFO: Start to update the input of 2025-10-04 22:50:00
2025-10-04 08:48:19,708 [simulate_environment.py | 167] INFO: Get 12 unallocated order items, 24 ongoing order items, 246 completed order items
2025-10-04 08:48:22,227 [simulate_environment.py | 234] INFO: 
Adaptive config applied: {'num_orders': 7, 'num_vehicles': 5, 'time_budget_sec': None, 'POPULATION_SIZE': 40, 'NUMBER_OF_GENERATION': 20, 'MUTATION_RATE': 0.1, 'LS_MAX': 20, 'LS_MAX_TIME_PER_OP': 3, 'LS_MAX_TIME_IN_SINGLE': 1}
LS: BlockRelocate | Count: 0 | TotalTime:0.010s | Cost:14153.27
LS: BlockExchange | Count: 0 | TotalTime:0.001s | Cost:14153.51
LS: mPDG | Count: 1 | TotalTime:0.004s | Cost:14153.47
LS: PDPairExchange | Count: 0 | TotalTime:0.001s | Cost:14153.51
LS: BlockRelocate | Count: 1 | TotalTime:0.009s | Cost:14153.27
LS: mPDG | Count: 1 | TotalTime:0.004s | Cost:14153.47
LS: PDPairExchange | Count: 0 | TotalTime:0.001s | Cost:14153.51
LS: BlockExchange | Count: 0 | TotalTime:0.001s | Cost:14153.51
LS: mPDG | Count: 1 | TotalTime:0.004s | Cost:14153.47
LS: BlockExchange | Count: 0 | TotalTime:0.001s | Cost:14153.51
LS: BlockRelocate | Count: 1 | TotalTime:0.011s | Cost:14153.27
Generation 1: Best = 14153.27, Worst = 152365.91, Avg = 17608.80, Time: 0.12015867233276367
LS: mPDG | Count: 0 | TotalTime:0.004s | Cost:14153.27
LS: BlockRelocate | Count: 0 | TotalTime:0.011s | Cost:14153.27
LS: BlockRelocate | Count: 0 | TotalTime:0.011s | Cost:14153.27
LS: mPDG | Count: 1 | TotalTime:0.004s | Cost:14153.23
LS: mPDG | Count: 1 | TotalTime:0.003s | Cost:14153.23
LS: mPDG | Count: 1 | TotalTime:0.003s | Cost:14153.23
LS: PDPairExchange | Count: 0 | TotalTime:0.001s | Cost:14153.51
LS: PDPairExchange | Count: 0 | TotalTime:0.001s | Cost:14153.51
LS: BlockRelocate | Count: 1 | TotalTime:0.009s | Cost:14153.27
LS: BlockExchange | Count: 0 | TotalTime:0.001s | Cost:14153.51
LS: BlockExchange | Count: 0 | TotalTime:0.001s | Cost:14153.51
Generation 2: Best = 14153.23, Worst = 14157.57, Avg = 14155.29, Time: 0.19409942626953125
LS: mPDG | Count: 0 | TotalTime:0.004s | Cost:14153.23
LS: mPDG | Count: 0 | TotalTime:0.004s | Cost:14153.23
LS: mPDG | Count: 0 | TotalTime:0.004s | Cost:14153.23
LS: PDPairExchange | Count: 0 | TotalTime:0.001s | Cost:14153.27
LS: BlockRelocate | Count: 0 | TotalTime:0.014s | Cost:14153.27
LS: BlockRelocate | Count: 0 | TotalTime:0.014s | Cost:14153.27
LS: BlockRelocate | Count: 0 | TotalTime:0.014s | Cost:14153.27
LS: BlockRelocate | Count: 1 | TotalTime:0.009s | Cost:14153.27
LS: BlockRelocate | Count: 1 | TotalTime:0.007s | Cost:14153.27
LS: mPDG | Count: 1 | TotalTime:0.004s | Cost:14153.47
LS: BlockRelocate | Count: 1 | TotalTime:0.010s | Cost:14153.27
Generation 3: Best = 14153.23, Worst = 14157.57, Avg = 14155.88, Time: 0.19526410102844238
LS: mPDG | Count: 0 | TotalTime:0.004s | Cost:14153.23
LS: mPDG | Count: 0 | TotalTime:0.004s | Cost:14153.23
LS: mPDG | Count: 0 | TotalTime:0.004s | Cost:14153.23
LS: BlockRelocate | Count: 0 | TotalTime:0.013s | Cost:14153.27
LS: BlockRelocate | Count: 0 | TotalTime:0.013s | Cost:14153.27
LS: BlockRelocate | Count: 0 | TotalTime:0.013s | Cost:14153.27
LS: BlockRelocate | Count: 0 | TotalTime:0.013s | Cost:14153.27
LS: BlockRelocate | Count: 0 | TotalTime:0.013s | Cost:14153.27
LS: BlockExchange | Count: 0 | TotalTime:0.001s | Cost:14153.51
LS: BlockRelocate | Count: 1 | TotalTime:0.017s | Cost:14153.27
LS: PDPairExchange | Count: 0 | TotalTime:0.002s | Cost:14153.51
Generation 4: Best = 14153.23, Worst = 14157.57, Avg = 14155.69, Time: 0.21258330345153809
LS: mPDG | Count: 0 | TotalTime:0.004s | Cost:14153.23
LS: mPDG | Count: 0 | TotalTime:0.004s | Cost:14153.23
LS: mPDG | Count: 0 | TotalTime:0.004s | Cost:14153.23
LS: BlockRelocate | Count: 0 | TotalTime:0.013s | Cost:14153.27
LS: BlockRelocate | Count: 0 | TotalTime:0.014s | Cost:14153.27
LS: BlockRelocate | Count: 0 | TotalTime:0.013s | Cost:14153.27
LS: BlockRelocate | Count: 0 | TotalTime:0.013s | Cost:14153.27
LS: BlockRelocate | Count: 0 | TotalTime:0.014s | Cost:14153.27
LS: BlockExchange | Count: 0 | TotalTime:0.001s | Cost:14153.51
LS: mPDG | Count: 1 | TotalTime:0.005s | Cost:14153.47
LS: mPDG | Count: 1 | TotalTime:0.004s | Cost:14153.47
Generation 5: Best = 14153.23, Worst = 14157.57, Avg = 14155.89, Time: 0.2065582275390625
LS: mPDG | Count: 0 | TotalTime:0.004s | Cost:14153.23
LS: mPDG | Count: 0 | TotalTime:0.005s | Cost:14153.23
LS: mPDG | Count: 0 | TotalTime:0.004s | Cost:14153.23
LS: mPDG | Count: 0 | TotalTime:0.004s | Cost:14153.27
LS: BlockRelocate | Count: 0 | TotalTime:0.014s | Cost:14153.27
LS: BlockRelocate | Count: 0 | TotalTime:0.014s | Cost:14153.27
LS: BlockRelocate | Count: 0 | TotalTime:0.014s | Cost:14153.27
LS: BlockRelocate | Count: 0 | TotalTime:0.014s | Cost:14153.27
LS: mPDG | Count: 1 | TotalTime:0.005s | Cost:14153.47
LS: BlockRelocate | Count: 1 | TotalTime:0.002s | Cost:14153.27
LS: BlockRelocate | Count: 1 | TotalTime:0.009s | Cost:14153.27
Generation 6: Best = 14153.23, Worst = 14157.57, Avg = 14156.39, Time: 0.2030637264251709
LS: mPDG | Count: 0 | TotalTime:0.006s | Cost:14153.23
LS: mPDG | Count: 0 | TotalTime:0.006s | Cost:14153.23
LS: mPDG | Count: 0 | TotalTime:0.007s | Cost:14153.23
LS: BlockRelocate | Count: 0 | TotalTime:0.017s | Cost:14153.27
LS: BlockRelocate | Count: 0 | TotalTime:0.016s | Cost:14153.27
LS: BlockRelocate | Count: 0 | TotalTime:0.015s | Cost:14153.27
LS: BlockRelocate | Count: 0 | TotalTime:0.014s | Cost:14153.27
LS: BlockRelocate | Count: 0 | TotalTime:0.014s | Cost:14153.27
LS: BlockRelocate | Count: 1 | TotalTime:0.014s | Cost:14153.27
LS: BlockExchange | Count: 0 | TotalTime:0.001s | Cost:14153.51
LS: PDPairExchange | Count: 0 | TotalTime:0.001s | Cost:14153.51
Generation 7: Best = 14153.23, Worst = 14157.57, Avg = 14156.19, Time: 0.30518341064453125
Stopping early due to lack of improvement.
Total runtime: 2.10s (0.0 minutes)
LS: mPDG:0(0.000s) | PDPairExchange:0(0.001s) | BlockExchange:0(0.001s) | BlockRelocate:0(0.013s) | TotalTime:0.015s | Cost:14153.23
LS: mPDG:0(0.000s) | PDPairExchange:0(0.001s) | BlockExchange:0(0.001s) | BlockRelocate:0(0.013s) | TotalTime:0.015s | Cost:14153.23
LS: mPDG:0(0.000s) | PDPairExchange:0(0.001s) | BlockExchange:0(0.001s) | BlockRelocate:0(0.013s) | TotalTime:0.016s | Cost:14153.23
LS: BlockExchange:0(0.000s) | PDPairExchange:0(0.001s) | BlockRelocate:0(0.012s) | mPDG:0(0.004s) | TotalTime:0.018s | Cost:14153.27
LS: BlockRelocate:0(0.000s) | PDPairExchange:0(0.001s) | BlockExchange:0(0.001s) | mPDG:0(0.004s) | TotalTime:0.006s | Cost:14153.27

The solution initialized by Cheapest Insertion:
V_1:[d2_2029180082-2 d1_1922280073-1 d1_1948360075-1 d2_2048120085-2] V_2:[d1_1906390072-1 d1_2007580078-1 d1_1936210074-1 d1_2049530086-1 d1_2036230083-1 d1_2157110090-1 p1_2237480094-1 p2_2237060093-1 p1_2155510089-1 d1_2155510089-1 d2_2237060093-2 d1_2237480094-1] V_3:[d1_2020060081-1 d4_2015240080-4 d4_2102190087-4] V_4:[p2_2014230079-1 d2_2014230079-2 d1_2039070084-1 p1_2212500091-1 d1_2212500091-1] V_5:[d1_1958280077-1 d1_1735470070-1 p1_2217410092-1 p3_2155460088-1 d3_2155460088-3 d1_2217410092-1 p1_2247120095-1 d1_2247120095-1]
The fitness value before EA: 14153.271111111111
V_1:[d2_2029180082-2 d1_1922280073-1 d1_1948360075-1 d2_2048120085-2] V_2:[d1_1906390072-1 d1_2007580078-1 d1_1936210074-1 d1_2049530086-1 d1_2036230083-1 d1_2157110090-1 p2_2237060093-1 p1_2155510089-1 p1_2237480094-1 d1_2237480094-1 d1_2155510089-1 d2_2237060093-2] V_3:[d1_2020060081-1 d4_2015240080-4 d4_2102190087-4] V_4:[p2_2014230079-1 d2_2014230079-2 d1_2039070084-1 p1_2212500091-1 d1_2212500091-1] V_5:[d1_1958280077-1 d1_1735470070-1 p1_2217410092-1 p3_2155460088-1 d3_2155460088-3 d1_2217410092-1 p1_2247120095-1 d1_2247120095-1]
The fitness value after EA: 14153.231111111112

Thoi gian thuc hien thuat toan:  2.205392360687256
SUCCESS

2025-10-04 08:48:22,229 [simulate_environment.py | 256] INFO: 2025-10-04 22:50:00, Item 2014230079-1: state = 1 < 2, we can not finish the simulation
2025-10-04 08:48:22,229 [simulate_environment.py | 99] INFO: **************************************************
2025-10-04 08:48:22,229 [simulate_environment.py | 103] INFO: cur time: 2025-10-04 23:00:00, pre time: 2025-10-04 22:50:00
2025-10-04 08:48:22,229 [simulate_environment.py | 140] INFO: Start to update the input of 2025-10-04 23:00:00
2025-10-04 08:48:22,230 [simulate_environment.py | 167] INFO: Get 11 unallocated order items, 23 ongoing order items, 249 completed order items
2025-10-04 08:48:24,126 [simulate_environment.py | 234] INFO: 
Adaptive config applied: {'num_orders': 8, 'num_vehicles': 5, 'time_budget_sec': None, 'POPULATION_SIZE': 40, 'NUMBER_OF_GENERATION': 20, 'MUTATION_RATE': 0.1, 'LS_MAX': 20, 'LS_MAX_TIME_PER_OP': 3, 'LS_MAX_TIME_IN_SINGLE': 1}
LS: BlockRelocate | Count: 0 | TotalTime:0.012s | Cost:20399.68
LS: BlockRelocate | Count: 1 | TotalTime:0.001s | Cost:31527.92
LS: BlockRelocate | Count: 1 | TotalTime:0.004s | Cost:31527.92
LS: BlockExchange | Count: 1 | TotalTime:0.001s | Cost:28572.71
LS: PDPairExchange | Count: 1 | TotalTime:0.000s | Cost:31570.69
LS: PDPairExchange | Count: 1 | TotalTime:0.000s | Cost:32825.53
LS: mPDG | Count: 1 | TotalTime:0.004s | Cost:26069.49
LS: mPDG | Count: 1 | TotalTime:0.004s | Cost:26069.49
LS: mPDG | Count: 1 | TotalTime:0.004s | Cost:26069.49
LS: mPDG | Count: 1 | TotalTime:0.004s | Cost:26069.49
LS: mPDG | Count: 1 | TotalTime:0.004s | Cost:26069.49
Generation 1: Best = 20399.68, Worst = 258560.85, Avg = 37260.80, Time: 0.13680171966552734
LS: mPDG | Count: 0 | TotalTime:0.004s | Cost:20399.68
LS: mPDG | Count: 1 | TotalTime:0.004s | Cost:26069.25
LS: mPDG | Count: 1 | TotalTime:0.004s | Cost:26069.25
LS: mPDG | Count: 1 | TotalTime:0.004s | Cost:26069.25
LS: mPDG | Count: 1 | TotalTime:0.004s | Cost:26069.25
LS: mPDG | Count: 1 | TotalTime:0.004s | Cost:26069.25
LS: BlockRelocate | Count: 0 | TotalTime:0.014s | Cost:26069.59
LS: mPDG | Count: 1 | TotalTime:0.004s | Cost:26069.49
LS: mPDG | Count: 1 | TotalTime:0.004s | Cost:26069.49
LS: BlockExchange | Count: 1 | TotalTime:0.000s | Cost:20403.16
LS: PDPairExchange | Count: 1 | TotalTime:0.001s | Cost:20403.16
Generation 2: Best = 20399.68, Worst = 33039.26, Avg = 29905.84, Time: 0.14662981033325195
LS: BlockRelocate | Count: 0 | TotalTime:0.013s | Cost:20399.68
LS: BlockExchange | Count: 0 | TotalTime:0.002s | Cost:20403.16
LS: PDPairExchange | Count: 0 | TotalTime:0.002s | Cost:20403.16
LS: mPDG | Count: 0 | TotalTime:0.005s | Cost:26069.25
LS: mPDG | Count: 0 | TotalTime:0.005s | Cost:26069.25
LS: mPDG | Count: 0 | TotalTime:0.005s | Cost:26069.25
LS: mPDG | Count: 0 | TotalTime:0.005s | Cost:26069.25
LS: mPDG | Count: 0 | TotalTime:0.005s | Cost:26069.25
LS: PDPairExchange | Count: 1 | TotalTime:0.001s | Cost:20403.16
LS: mPDG | Count: 1 | TotalTime:0.004s | Cost:26069.49
LS: BlockExchange | Count: 1 | TotalTime:0.000s | Cost:20403.16
Generation 3: Best = 20399.68, Worst = 33039.26, Avg = 28460.79, Time: 0.14888882637023926
LS: mPDG | Count: 0 | TotalTime:0.004s | Cost:20399.68
LS: BlockExchange | Count: 0 | TotalTime:0.002s | Cost:20403.16
LS: PDPairExchange | Count: 0 | TotalTime:0.002s | Cost:20403.16
LS: PDPairExchange | Count: 0 | TotalTime:0.002s | Cost:20403.16
LS: BlockExchange | Count: 0 | TotalTime:0.002s | Cost:20403.16
LS: mPDG | Count: 0 | TotalTime:0.005s | Cost:26069.25
LS: mPDG | Count: 0 | TotalTime:0.005s | Cost:26069.25
LS: mPDG | Count: 0 | TotalTime:0.005s | Cost:26069.25
LS: PDPairExchange | Count: 1 | TotalTime:0.001s | Cost:20403.16
LS: BlockRelocate | Count: 0 | TotalTime:0.014s | Cost:26069.59
LS: PDPairExchange | Count: 1 | TotalTime:0.001s | Cost:20403.16
Generation 4: Best = 20399.68, Worst = 33039.26, Avg = 25600.58, Time: 0.14156699180603027
LS: BlockRelocate | Count: 0 | TotalTime:0.013s | Cost:20399.68
LS: BlockExchange | Count: 0 | TotalTime:0.002s | Cost:20403.16
LS: PDPairExchange | Count: 0 | TotalTime:0.002s | Cost:20403.16
LS: PDPairExchange | Count: 0 | TotalTime:0.002s | Cost:20403.16
LS: BlockExchange | Count: 0 | TotalTime:0.002s | Cost:20403.16
LS: PDPairExchange | Count: 0 | TotalTime:0.002s | Cost:20403.16
LS: PDPairExchange | Count: 0 | TotalTime:0.002s | Cost:20403.16
LS: mPDG | Count: 0 | TotalTime:0.005s | Cost:26069.25
LS: mPDG | Count: 1 | TotalTime:0.004s | Cost:26069.49
LS: mPDG | Count: 1 | TotalTime:0.004s | Cost:26069.49
LS: BlockRelocate | Count: 0 | TotalTime:0.014s | Cost:26069.59
Generation 5: Best = 20399.68, Worst = 33039.26, Avg = 25426.35, Time: 0.150130033493042
Stopping early due to lack of improvement.
Total runtime: 1.41s (0.0 minutes)
LS: BlockExchange:2(0.002s) | mPDG:0(0.004s) | PDPairExchange:0(0.001s) | BlockRelocate:0(0.012s) | TotalTime:0.020s | Cost:16683.36
LS: BlockExchange:0(0.000s) | PDPairExchange:0(0.003s) | BlockRelocate:1(0.026s) | mPDG:0(0.006s) | TotalTime:0.035s | Cost:20400.18
LS: PDPairExchange:0(0.000s) | BlockExchange:0(0.003s) | BlockRelocate:1(0.027s) | mPDG:0(0.006s) | TotalTime:0.036s | Cost:20400.18
LS: PDPairExchange:0(0.000s) | BlockExchange:0(0.003s) | BlockRelocate:1(0.026s) | mPDG:0(0.006s) | TotalTime:0.035s | Cost:20400.18
LS: BlockExchange:0(0.000s) | PDPairExchange:0(0.003s) | BlockRelocate:1(0.020s) | mPDG:0(0.005s) | TotalTime:0.028s | Cost:20400.18

The solution initialized by Cheapest Insertion:
V_1:[d1_1948360075-1 d2_2048120085-2 p1_2253360096-1 d1_2253360096-1] V_2:[d1_1906390072-1 d1_2007580078-1 d1_1936210074-1 d1_2049530086-1 d1_2036230083-1 d1_2157110090-1 p2_2237060093-1 p1_2155510089-1 p1_2237480094-1 d1_2237480094-1 d1_2155510089-1 d2_2237060093-2] V_3:[d1_2020060081-1 d4_2015240080-4 d4_2102190087-4] V_4:[d2_2014230079-2 d1_2039070084-1 p1_2212500091-1 d1_2212500091-1] V_5:[d1_1958280077-1 d1_1735470070-1 p1_2217410092-1 p3_2155460088-1 d3_2155460088-3 d1_2217410092-1 p1_2247120095-1 d1_2247120095-1]
The fitness value before EA: 20399.684444444447
V_1:[d1_1948360075-1 d2_2048120085-2 p3_2155460088-1 d3_2155460088-3] V_2:[d1_1906390072-1 d1_2007580078-1 d1_1936210074-1 d1_2049530086-1 d1_2036230083-1 d1_2157110090-1 p1_2253360096-1 d1_2253360096-1] V_3:[d1_2020060081-1 d4_2015240080-4 d4_2102190087-4] V_4:[d2_2014230079-2 d1_2039070084-1 p1_2212500091-1 d1_2212500091-1] V_5:[d1_1958280077-1 d1_1735470070-1 p1_2217410092-1 p2_2237060093-1 p1_2155510089-1 p1_2237480094-1 d1_2237480094-1 d1_2155510089-1 d2_2237060093-2 d1_2217410092-1 p1_2247120095-1 d1_2247120095-1]
The fitness value after EA: 16683.35777777778

Thoi gian thuc hien thuat toan:  1.5860223770141602
SUCCESS

2025-10-04 08:48:24,127 [simulate_environment.py | 256] INFO: 2025-10-04 23:00:00, Item 2155460088-1: state = 1 < 2, we can not finish the simulation
2025-10-04 08:48:24,128 [simulate_environment.py | 99] INFO: **************************************************
2025-10-04 08:48:24,128 [simulate_environment.py | 103] INFO: cur time: 2025-10-04 23:10:00, pre time: 2025-10-04 23:00:00
2025-10-04 08:48:24,128 [simulate_environment.py | 140] INFO: Start to update the input of 2025-10-04 23:10:00
2025-10-04 08:48:24,129 [simulate_environment.py | 167] INFO: Get 14 unallocated order items, 20 ongoing order items, 252 completed order items
2025-10-04 08:48:25,940 [simulate_environment.py | 234] INFO: 
Adaptive config applied: {'num_orders': 8, 'num_vehicles': 5, 'time_budget_sec': None, 'POPULATION_SIZE': 40, 'NUMBER_OF_GENERATION': 20, 'MUTATION_RATE': 0.1, 'LS_MAX': 20, 'LS_MAX_TIME_PER_OP': 3, 'LS_MAX_TIME_IN_SINGLE': 1}
LS: BlockExchange | Count: 0 | TotalTime:0.001s | Cost:2554.29
LS: BlockRelocate | Count: 1 | TotalTime:0.007s | Cost:24257.17
LS: PDPairExchange | Count: 1 | TotalTime:0.001s | Cost:29326.75
LS: PDPairExchange | Count: 1 | TotalTime:0.001s | Cost:26026.87
LS: BlockExchange | Count: 1 | TotalTime:0.000s | Cost:22893.30
LS: PDPairExchange | Count: 1 | TotalTime:0.001s | Cost:29326.75
LS: BlockRelocate | Count: 1 | TotalTime:0.002s | Cost:24257.17
LS: BlockRelocate | Count: 1 | TotalTime:0.008s | Cost:28323.94
LS: BlockExchange | Count: 1 | TotalTime:0.001s | Cost:26026.87
LS: BlockRelocate | Count: 1 | TotalTime:0.003s | Cost:23082.09
LS: mPDG | Count: 1 | TotalTime:0.004s | Cost:17623.65
Generation 1: Best = 2554.29, Worst = 127519.56, Avg = 30199.15, Time: 0.12260723114013672
LS: PDPairExchange | Count: 0 | TotalTime:0.001s | Cost:2554.29
LS: mPDG | Count: 1 | TotalTime:0.004s | Cost:11487.72
LS: BlockExchange | Count: 1 | TotalTime:0.000s | Cost:21376.63
LS: BlockRelocate | Count: 1 | TotalTime:0.007s | Cost:19219.20
LS: BlockRelocate | Count: 1 | TotalTime:0.007s | Cost:22707.41
LS: BlockExchange | Count: 1 | TotalTime:0.001s | Cost:19032.21
LS: BlockRelocate | Count: 1 | TotalTime:0.001s | Cost:21879.33
LS: BlockRelocate | Count: 1 | TotalTime:0.002s | Cost:19219.20
LS: PDPairExchange | Count: 0 | TotalTime:0.002s | Cost:23082.09
LS: PDPairExchange | Count: 0 | TotalTime:0.001s | Cost:23082.09
LS: BlockExchange | Count: 1 | TotalTime:0.000s | Cost:19032.21
Generation 2: Best = 2554.29, Worst = 57589.15, Avg = 43574.23, Time: 0.12988066673278809
LS: BlockExchange | Count: 0 | TotalTime:0.001s | Cost:2554.29
LS: mPDG | Count: 0 | TotalTime:0.004s | Cost:11487.72
LS: BlockExchange | Count: 1 | TotalTime:0.001s | Cost:19023.77
LS: BlockExchange | Count: 1 | TotalTime:0.001s | Cost:19023.77
LS: BlockRelocate | Count: 1 | TotalTime:0.007s | Cost:18016.44
LS: BlockRelocate | Count: 1 | TotalTime:0.007s | Cost:18016.44
LS: BlockExchange | Count: 0 | TotalTime:0.002s | Cost:21376.63
LS: BlockRelocate | Count: 1 | TotalTime:0.005s | Cost:21729.25
LS: BlockRelocate | Count: 1 | TotalTime:0.001s | Cost:21879.33
LS: mPDG | Count: 1 | TotalTime:0.004s | Cost:17623.69
LS: BlockExchange | Count: 1 | TotalTime:0.001s | Cost:19032.21
Generation 3: Best = 2554.29, Worst = 57589.15, Avg = 35760.45, Time: 0.13648772239685059
LS: PDPairExchange | Count: 0 | TotalTime:0.001s | Cost:2554.29
LS: mPDG | Count: 0 | TotalTime:0.004s | Cost:11487.72
LS: mPDG | Count: 1 | TotalTime:0.004s | Cost:11487.76
LS: PDPairExchange | Count: 0 | TotalTime:0.002s | Cost:17623.69
LS: BlockExchange | Count: 1 | TotalTime:0.001s | Cost:16107.11
LS: mPDG | Count: 1 | TotalTime:0.004s | Cost:11487.76
LS: BlockRelocate | Count: 1 | TotalTime:0.010s | Cost:15416.60
LS: BlockRelocate | Count: 1 | TotalTime:0.005s | Cost:17866.36
LS: BlockExchange | Count: 1 | TotalTime:0.000s | Cost:16107.03
LS: BlockExchange | Count: 1 | TotalTime:0.002s | Cost:16107.03
LS: BlockExchange | Count: 1 | TotalTime:0.001s | Cost:19023.77
Generation 4: Best = 2554.29, Worst = 57589.15, Avg = 39521.80, Time: 0.1354513168334961
LS: BlockExchange | Count: 0 | TotalTime:0.002s | Cost:2554.29
LS: mPDG | Count: 0 | TotalTime:0.004s | Cost:11487.72
LS: mPDG | Count: 0 | TotalTime:0.004s | Cost:11487.76
LS: mPDG | Count: 0 | TotalTime:0.004s | Cost:11487.76
LS: BlockRelocate | Count: 0 | TotalTime:0.014s | Cost:15416.60
LS: BlockExchange | Count: 0 | TotalTime:0.002s | Cost:16107.03
LS: BlockExchange | Count: 0 | TotalTime:0.002s | Cost:16107.03
LS: BlockExchange | Count: 0 | TotalTime:0.002s | Cost:16107.11
LS: BlockExchange | Count: 1 | TotalTime:0.001s | Cost:16107.11
LS: BlockRelocate | Count: 1 | TotalTime:0.012s | Cost:16420.94
LS: PDPairExchange | Count: 0 | TotalTime:0.002s | Cost:17623.69
Generation 5: Best = 2554.29, Worst = 57589.15, Avg = 34837.28, Time: 0.15826034545898438
Stopping early due to lack of improvement.
Total runtime: 1.36s (0.0 minutes)
LS: BlockExchange:0(0.000s) | mPDG:0(0.004s) | PDPairExchange:0(0.001s) | BlockRelocate:0(0.012s) | TotalTime:0.017s | Cost:2554.29
LS: mPDG:0(0.000s) | PDPairExchange:0(0.002s) | BlockExchange:0(0.002s) | BlockRelocate:0(0.013s) | TotalTime:0.017s | Cost:11487.72
LS: mPDG:2(0.008s) | PDPairExchange:1(0.007s) | BlockExchange:2(0.004s) | BlockRelocate:1(0.017s) | TotalTime:0.036s | Cost:1037.50
LS: mPDG:1(0.005s) | PDPairExchange:0(0.003s) | BlockExchange:1(0.002s) | BlockRelocate:0(0.013s) | TotalTime:0.023s | Cost:9970.94
LS: BlockRelocate:0(0.000s) | PDPairExchange:0(0.002s) | BlockExchange:0(0.002s) | mPDG:0(0.006s) | TotalTime:0.009s | Cost:15416.60

The solution initialized by Cheapest Insertion:
V_1:[d1_1948360075-1 d2_2048120085-2 p3_2155460088-1 d3_2155460088-3] V_2:[d1_2007580078-1 d1_1936210074-1 d1_2049530086-1 d1_2036230083-1 d1_2157110090-1 p1_2253360096-1 d1_2253360096-1] V_3:[d1_2020060081-1 d4_2015240080-4 d4_2102190087-4 p3_2304290097-1 d3_2304290097-3] V_4:[d2_2014230079-2 d1_2039070084-1 p1_2212500091-1 d1_2212500091-1] V_5:[p1_2217410092-1 p2_2237060093-1 p1_2155510089-1 p1_2237480094-1 d1_2237480094-1 d1_2155510089-1 d2_2237060093-2 d1_2217410092-1 p1_2247120095-1 d1_2247120095-1]
The fitness value before EA: 2554.2866666666664
V_1:[d1_1948360075-1 d2_2048120085-2 p1_2237480094-1 p1_2155510089-1 p2_2237060093-1 d2_2237060093-2 d1_2155510089-1 d1_2237480094-1] V_2:[d1_2007580078-1 d1_1936210074-1 d1_2049530086-1 d1_2036230083-1 d1_2157110090-1 p1_2253360096-1 d1_2253360096-1] V_3:[d1_2020060081-1 d4_2015240080-4 d4_2102190087-4 p3_2304290097-1 d3_2304290097-3] V_4:[d2_2014230079-2 d1_2039070084-1 p1_2212500091-1 d1_2212500091-1] V_5:[p1_2217410092-1 p3_2155460088-1 d3_2155460088-3 d1_2217410092-1 p1_2247120095-1 d1_2247120095-1]
The fitness value after EA: 1037.5

Thoi gian thuc hien thuat toan:  1.5234465599060059
SUCCESS

2025-10-04 08:48:25,942 [simulate_environment.py | 256] INFO: 2025-10-04 23:10:00, Item 2155460088-1: state = 1 < 2, we can not finish the simulation
2025-10-04 08:48:25,942 [simulate_environment.py | 99] INFO: **************************************************
2025-10-04 08:48:25,942 [simulate_environment.py | 103] INFO: cur time: 2025-10-04 23:20:00, pre time: 2025-10-04 23:10:00
2025-10-04 08:48:25,942 [simulate_environment.py | 140] INFO: Start to update the input of 2025-10-04 23:20:00
2025-10-04 08:48:25,943 [simulate_environment.py | 167] INFO: Get 16 unallocated order items, 20 ongoing order items, 252 completed order items
2025-10-04 08:48:28,209 [simulate_environment.py | 234] INFO: 
Adaptive config applied: {'num_orders': 9, 'num_vehicles': 5, 'time_budget_sec': None, 'POPULATION_SIZE': 40, 'NUMBER_OF_GENERATION': 20, 'MUTATION_RATE': 0.1, 'LS_MAX': 20, 'LS_MAX_TIME_PER_OP': 3, 'LS_MAX_TIME_IN_SINGLE': 1}
LS: mPDG | Count: 0 | TotalTime:0.007s | Cost:1034.96
LS: mPDG | Count: 1 | TotalTime:0.008s | Cost:43650.13
LS: BlockRelocate | Count: 1 | TotalTime:0.001s | Cost:45008.86
LS: BlockRelocate | Count: 1 | TotalTime:0.001s | Cost:45008.86
LS: PDPairExchange | Count: 1 | TotalTime:0.000s | Cost:51525.27
LS: PDPairExchange | Count: 1 | TotalTime:0.000s | Cost:51525.27
LS: PDPairExchange | Count: 1 | TotalTime:0.001s | Cost:55283.49
LS: BlockRelocate | Count: 1 | TotalTime:0.006s | Cost:47283.93
LS: BlockExchange | Count: 1 | TotalTime:0.001s | Cost:47875.63
LS: BlockRelocate | Count: 1 | TotalTime:0.012s | Cost:45545.34
LS: PDPairExchange | Count: 1 | TotalTime:0.000s | Cost:51525.27
Generation 1: Best = 1034.96, Worst = 164577.92, Avg = 55294.52, Time: 0.26860594749450684
LS: BlockRelocate | Count: 0 | TotalTime:0.015s | Cost:1034.96
LS: mPDG | Count: 0 | TotalTime:0.006s | Cost:43650.13
LS: BlockRelocate | Count: 1 | TotalTime:0.002s | Cost:42746.61
LS: BlockRelocate | Count: 1 | TotalTime:0.001s | Cost:41209.32
LS: BlockRelocate | Count: 1 | TotalTime:0.007s | Cost:39784.09
LS: BlockRelocate | Count: 1 | TotalTime:0.001s | Cost:36111.74
LS: BlockExchange | Count: 0 | TotalTime:0.001s | Cost:47875.63
LS: PDPairExchange | Count: 1 | TotalTime:0.000s | Cost:40100.33
LS: mPDG | Count: 1 | TotalTime:0.006s | Cost:49858.57
LS: PDPairExchange | Count: 1 | TotalTime:0.001s | Cost:40100.33
LS: PDPairExchange | Count: 1 | TotalTime:0.001s | Cost:50158.51
Generation 2: Best = 1034.96, Worst = 55783.43, Avg = 50832.92, Time: 0.1610414981842041
LS: PDPairExchange | Count: 0 | TotalTime:0.002s | Cost:1034.96
LS: BlockRelocate | Count: 1 | TotalTime:0.005s | Cost:22404.25
LS: PDPairExchange | Count: 1 | TotalTime:0.001s | Cost:19245.93
LS: mPDG | Count: 1 | TotalTime:0.006s | Cost:19696.21
LS: BlockRelocate | Count: 1 | TotalTime:0.008s | Cost:32136.92
LS: BlockRelocate | Count: 1 | TotalTime:0.001s | Cost:34950.21
LS: PDPairExchange | Count: 1 | TotalTime:0.001s | Cost:38700.33
LS: PDPairExchange | Count: 1 | TotalTime:0.001s | Cost:33128.29
LS: BlockRelocate | Count: 1 | TotalTime:0.013s | Cost:39509.24
LS: BlockRelocate | Count: 1 | TotalTime:0.002s | Cost:37912.74
LS: mPDG | Count: 0 | TotalTime:0.006s | Cost:43650.13
Generation 3: Best = 1034.96, Worst = 72026.78, Avg = 47424.21, Time: 0.16472411155700684
LS: PDPairExchange | Count: 0 | TotalTime:0.002s | Cost:1034.96
LS: PDPairExchange | Count: 0 | TotalTime:0.002s | Cost:19245.93
LS: mPDG | Count: 1 | TotalTime:0.005s | Cost:13560.28
LS: BlockRelocate | Count: 1 | TotalTime:0.003s | Cost:19587.66
LS: BlockExchange | Count: 1 | TotalTime:0.001s | Cost:23046.11
LS: BlockExchange | Count: 1 | TotalTime:0.001s | Cost:23046.11
LS: PDPairExchange | Count: 1 | TotalTime:0.001s | Cost:13226.49
LS: PDPairExchange | Count: 1 | TotalTime:0.000s | Cost:19245.93
LS: BlockRelocate | Count: 1 | TotalTime:0.003s | Cost:30037.14
LS: PDPairExchange | Count: 1 | TotalTime:0.000s | Cost:31728.29
LS: BlockRelocate | Count: 1 | TotalTime:0.005s | Cost:29275.57
Generation 4: Best = 1034.96, Worst = 59394.88, Avg = 44906.13, Time: 0.12831878662109375
LS: mPDG | Count: 0 | TotalTime:0.004s | Cost:1034.96
LS: PDPairExchange | Count: 0 | TotalTime:0.002s | Cost:13226.49
LS: mPDG | Count: 0 | TotalTime:0.005s | Cost:13560.28
LS: PDPairExchange | Count: 0 | TotalTime:0.002s | Cost:19245.93
LS: PDPairExchange | Count: 0 | TotalTime:0.002s | Cost:19245.93
LS: BlockRelocate | Count: 1 | TotalTime:0.004s | Cost:19245.93
LS: BlockExchange | Count: 1 | TotalTime:0.002s | Cost:22396.01
LS: BlockExchange | Count: 1 | TotalTime:0.001s | Cost:22396.01
LS: PDPairExchange | Count: 1 | TotalTime:0.002s | Cost:19245.93
LS: BlockExchange | Count: 1 | TotalTime:0.000s | Cost:19245.93
LS: BlockExchange | Count: 1 | TotalTime:0.001s | Cost:13226.49
Generation 5: Best = 1034.96, Worst = 59394.88, Avg = 34748.41, Time: 0.1320815086364746
Stopping early due to lack of improvement.
Total runtime: 1.75s (0.0 minutes)
LS: mPDG:0(0.000s) | BlockExchange:0(0.002s) | BlockRelocate:0(0.015s) | PDPairExchange:0(0.002s) | TotalTime:0.019s | Cost:1034.96
LS: PDPairExchange:0(0.000s) | BlockExchange:0(0.004s) | BlockRelocate:1(0.021s) | mPDG:0(0.006s) | TotalTime:0.031s | Cost:13225.99
LS: BlockExchange:3(0.004s) | PDPairExchange:0(0.008s) | BlockRelocate:3(0.030s) | mPDG:0(0.006s) | TotalTime:0.048s | Cost:1034.96
LS: mPDG:1(0.005s) | PDPairExchange:1(0.003s) | BlockExchange:0(0.002s) | BlockRelocate:0(0.017s) | TotalTime:0.027s | Cost:9968.64
LS: PDPairExchange:1(0.001s) | BlockExchange:2(0.008s) | BlockRelocate:2(0.021s) | mPDG:0(0.006s) | TotalTime:0.036s | Cost:13225.99

The solution initialized by Cheapest Insertion:
V_1:[d1_1948360075-1 d2_2048120085-2 p1_2237480094-1 p1_2155510089-1 p2_2237060093-1 d2_2237060093-2 d1_2155510089-1 d1_2237480094-1] V_2:[d1_2007580078-1 d1_1936210074-1 d1_2049530086-1 d1_2036230083-1 d1_2157110090-1 p1_2253360096-1 d1_2253360096-1] V_3:[d1_2020060081-1 d4_2015240080-4 d4_2102190087-4 p3_2304290097-1 d3_2304290097-3] V_4:[d2_2014230079-2 d1_2039070084-1 p1_2212500091-1 d1_2212500091-1 p2_2314300098-1 d2_2314300098-2] V_5:[p1_2217410092-1 p3_2155460088-1 d3_2155460088-3 d1_2217410092-1 p1_2247120095-1 d1_2247120095-1]
The fitness value before EA: 1034.96
V_1:[d1_1948360075-1 d2_2048120085-2 p1_2237480094-1 p1_2155510089-1 p2_2237060093-1 d2_2237060093-2 d1_2155510089-1 d1_2237480094-1] V_2:[d1_2007580078-1 d1_1936210074-1 d1_2049530086-1 d1_2036230083-1 d1_2157110090-1 p1_2253360096-1 d1_2253360096-1] V_3:[d1_2020060081-1 d4_2015240080-4 d4_2102190087-4 p3_2304290097-1 d3_2304290097-3] V_4:[d2_2014230079-2 d1_2039070084-1 p1_2212500091-1 d1_2212500091-1 p2_2314300098-1 d2_2314300098-2] V_5:[p1_2217410092-1 p3_2155460088-1 d3_2155460088-3 d1_2217410092-1 p1_2247120095-1 d1_2247120095-1]
The fitness value after EA: 1034.96

Thoi gian thuc hien thuat toan:  1.953711748123169
SUCCESS

2025-10-04 08:48:28,210 [simulate_environment.py | 256] INFO: 2025-10-04 23:20:00, Item 2155460088-1: state = 1 < 2, we can not finish the simulation
2025-10-04 08:48:28,211 [simulate_environment.py | 99] INFO: **************************************************
2025-10-04 08:48:28,211 [simulate_environment.py | 103] INFO: cur time: 2025-10-04 23:30:00, pre time: 2025-10-04 23:20:00
2025-10-04 08:48:28,211 [simulate_environment.py | 140] INFO: Start to update the input of 2025-10-04 23:30:00
2025-10-04 08:48:28,211 [simulate_environment.py | 167] INFO: Get 16 unallocated order items, 18 ongoing order items, 254 completed order items
2025-10-04 08:48:32,519 [simulate_environment.py | 234] INFO: 
Adaptive config applied: {'num_orders': 9, 'num_vehicles': 5, 'time_budget_sec': None, 'POPULATION_SIZE': 40, 'NUMBER_OF_GENERATION': 20, 'MUTATION_RATE': 0.1, 'LS_MAX': 20, 'LS_MAX_TIME_PER_OP': 3, 'LS_MAX_TIME_IN_SINGLE': 1}
LS: mPDG | Count: 0 | TotalTime:0.005s | Cost:1034.78
LS: BlockExchange | Count: 1 | TotalTime:0.000s | Cost:51058.25
LS: BlockExchange | Count: 1 | TotalTime:0.000s | Cost:47875.45
LS: BlockRelocate | Count: 1 | TotalTime:0.004s | Cost:53520.99
LS: BlockExchange | Count: 1 | TotalTime:0.000s | Cost:55085.25
LS: BlockExchange | Count: 1 | TotalTime:0.000s | Cost:44358.31
LS: mPDG | Count: 1 | TotalTime:0.005s | Cost:43649.95
LS: mPDG | Count: 1 | TotalTime:0.005s | Cost:43649.95
LS: BlockRelocate | Count: 1 | TotalTime:0.003s | Cost:53520.99
LS: BlockRelocate | Count: 1 | TotalTime:0.003s | Cost:53520.99
LS: PDPairExchange | Count: 1 | TotalTime:0.000s | Cost:55085.25
Generation 1: Best = 1034.78, Worst = 95436.17, Avg = 53993.18, Time: 0.12666964530944824
LS: mPDG | Count: 0 | TotalTime:0.005s | Cost:1034.78
LS: mPDG | Count: 1 | TotalTime:0.005s | Cost:19696.03
LS: PDPairExchange | Count: 1 | TotalTime:0.001s | Cost:13226.31
LS: BlockRelocate | Count: 1 | TotalTime:0.002s | Cost:16923.55
LS: PDPairExchange | Count: 1 | TotalTime:0.001s | Cost:13226.31
LS: BlockExchange | Count: 1 | TotalTime:0.002s | Cost:23045.93
LS: BlockRelocate | Count: 1 | TotalTime:0.009s | Cost:22404.07
LS: BlockRelocate | Count: 1 | TotalTime:0.009s | Cost:22404.07
LS: mPDG | Count: 0 | TotalTime:0.006s | Cost:43649.95
LS: mPDG | Count: 0 | TotalTime:0.006s | Cost:43649.95
LS: BlockExchange | Count: 1 | TotalTime:0.000s | Cost:38891.58
Generation 2: Best = 1034.78, Worst = 55783.25, Avg = 46467.73, Time: 0.14807438850402832
LS: BlockRelocate | Count: 0 | TotalTime:0.014s | Cost:1034.78
LS: PDPairExchange | Count: 0 | TotalTime:0.002s | Cost:13226.31
LS: PDPairExchange | Count: 0 | TotalTime:0.002s | Cost:13226.31
LS: BlockRelocate | Count: 1 | TotalTime:0.009s | Cost:16923.17
LS: mPDG | Count: 1 | TotalTime:0.005s | Cost:13560.10
LS: BlockRelocate | Count: 1 | TotalTime:0.006s | Cost:19587.48
LS: BlockRelocate | Count: 1 | TotalTime:0.008s | Cost:21668.20
LS: BlockExchange | Count: 1 | TotalTime:0.000s | Cost:22395.83
LS: BlockExchange | Count: 1 | TotalTime:0.001s | Cost:13226.31
LS: BlockRelocate | Count: 1 | TotalTime:0.013s | Cost:22404.07
LS: PDPairExchange | Count: 1 | TotalTime:0.000s | Cost:13226.31
Generation 3: Best = 1034.78, Worst = 59394.70, Avg = 30887.56, Time: 0.16932296752929688
LS: BlockRelocate | Count: 0 | TotalTime:0.012s | Cost:1034.78
LS: mPDG | Count: 1 | TotalTime:0.005s | Cost:10601.11
LS: mPDG | Count: 1 | TotalTime:0.005s | Cost:10601.11
LS: BlockRelocate | Count: 1 | TotalTime:0.003s | Cost:11167.43
LS: BlockRelocate | Count: 1 | TotalTime:0.012s | Cost:11167.43
LS: mPDG | Count: 1 | TotalTime:0.005s | Cost:10601.11
LS: PDPairExchange | Count: 0 | TotalTime:0.002s | Cost:13226.31
LS: PDPairExchange | Count: 0 | TotalTime:0.002s | Cost:13226.31
LS: BlockExchange | Count: 0 | TotalTime:0.002s | Cost:13226.31
LS: PDPairExchange | Count: 0 | TotalTime:0.002s | Cost:13226.31
LS: mPDG | Count: 0 | TotalTime:0.005s | Cost:13560.10
Generation 4: Best = 1034.78, Worst = 55783.25, Avg = 22791.32, Time: 2.442821979522705
LS: PDPairExchange | Count: 0 | TotalTime:0.002s | Cost:1034.78
LS: mPDG | Count: 1 | TotalTime:0.005s | Cost:8134.82
LS: mPDG | Count: 1 | TotalTime:0.004s | Cost:8134.82
LS: mPDG | Count: 1 | TotalTime:0.005s | Cost:8134.82
LS: BlockRelocate | Count: 1 | TotalTime:0.013s | Cost:7892.71
LS: BlockRelocate | Count: 1 | TotalTime:0.010s | Cost:7901.15
LS: BlockExchange | Count: 0 | TotalTime:0.002s | Cost:13225.93
LS: BlockExchange | Count: 0 | TotalTime:0.002s | Cost:13225.93
LS: mPDG | Count: 1 | TotalTime:0.005s | Cost:10601.11
LS: BlockRelocate | Count: 1 | TotalTime:0.010s | Cost:11167.43
LS: PDPairExchange | Count: 0 | TotalTime:0.002s | Cost:13225.93
Generation 5: Best = 1034.78, Worst = 55783.25, Avg = 20652.97, Time: 0.15128827095031738
Stopping early due to lack of improvement.
Total runtime: 3.69s (0.1 minutes)
LS: BlockRelocate:0(0.000s) | PDPairExchange:0(0.002s) | BlockExchange:0(0.002s) | mPDG:0(0.005s) | TotalTime:0.009s | Cost:1034.78
LS: BlockRelocate:2(0.008s) | PDPairExchange:0(0.002s) | BlockExchange:0(0.002s) | mPDG:0(0.007s) | TotalTime:0.019s | Cost:6267.91
LS: BlockRelocate:2(0.015s) | PDPairExchange:1(0.003s) | BlockExchange:0(0.002s) | mPDG:0(0.007s) | TotalTime:0.027s | Cost:6267.91
LS: mPDG:3(0.016s) | PDPairExchange:4(0.015s) | BlockExchange:2(0.006s) | BlockRelocate:2(0.022s) | TotalTime:0.059s | Cost:9968.22
LS: mPDG:0(0.000s) | PDPairExchange:1(0.010s) | BlockExchange:1(0.006s) | BlockRelocate:2(0.020s) | TotalTime:0.036s | Cost:1034.78

The solution initialized by Cheapest Insertion:
V_1:[d1_1948360075-1 d2_2048120085-2 p1_2237480094-1 p1_2155510089-1 p2_2237060093-1 d2_2237060093-2 d1_2155510089-1 d1_2237480094-1] V_2:[d1_2007580078-1 d1_1936210074-1 d1_2049530086-1 d1_2036230083-1 d1_2157110090-1 p1_2253360096-1 d1_2253360096-1] V_3:[d1_2020060081-1 d4_2015240080-4 d4_2102190087-4 p3_2304290097-1 d3_2304290097-3] V_4:[d1_2039070084-1 p1_2212500091-1 d1_2212500091-1 p2_2314300098-1 d2_2314300098-2] V_5:[p1_2217410092-1 p3_2155460088-1 d3_2155460088-3 d1_2217410092-1 p1_2247120095-1 d1_2247120095-1]
The fitness value before EA: 1034.78
V_1:[d1_1948360075-1 d2_2048120085-2 p1_2237480094-1 p1_2155510089-1 p2_2237060093-1 d2_2237060093-2 d1_2155510089-1 d1_2237480094-1] V_2:[d1_2007580078-1 d1_1936210074-1 d1_2049530086-1 d1_2036230083-1 d1_2157110090-1 p1_2253360096-1 d1_2253360096-1] V_3:[d1_2020060081-1 d4_2015240080-4 d4_2102190087-4 p3_2304290097-1 d3_2304290097-3] V_4:[d1_2039070084-1 p1_2212500091-1 d1_2212500091-1 p2_2314300098-1 d2_2314300098-2] V_5:[p1_2217410092-1 p3_2155460088-1 d3_2155460088-3 d1_2217410092-1 p1_2247120095-1 d1_2247120095-1]
The fitness value after EA: 1034.78

Thoi gian thuc hien thuat toan:  3.988483428955078
SUCCESS

2025-10-04 08:48:32,521 [simulate_environment.py | 256] INFO: 2025-10-04 23:30:00, Item 2155460088-1: state = 1 < 2, we can not finish the simulation
2025-10-04 08:48:32,521 [simulate_environment.py | 99] INFO: **************************************************
2025-10-04 08:48:32,521 [simulate_environment.py | 103] INFO: cur time: 2025-10-04 23:40:00, pre time: 2025-10-04 23:30:00
2025-10-04 08:48:32,521 [simulate_environment.py | 140] INFO: Start to update the input of 2025-10-04 23:40:00
2025-10-04 08:48:32,522 [simulate_environment.py | 167] INFO: Get 17 unallocated order items, 12 ongoing order items, 260 completed order items
2025-10-04 08:48:34,492 [simulate_environment.py | 234] INFO: 
Adaptive config applied: {'num_orders': 9, 'num_vehicles': 5, 'time_budget_sec': None, 'POPULATION_SIZE': 40, 'NUMBER_OF_GENERATION': 20, 'MUTATION_RATE': 0.1, 'LS_MAX': 20, 'LS_MAX_TIME_PER_OP': 3, 'LS_MAX_TIME_IN_SINGLE': 1}
LS: PDPairExchange | Count: 0 | TotalTime:0.002s | Cost:1032.88
LS: mPDG | Count: 1 | TotalTime:0.004s | Cost:32984.38
LS: BlockRelocate | Count: 1 | TotalTime:0.003s | Cost:32984.64
LS: PDPairExchange | Count: 0 | TotalTime:0.002s | Cost:32984.68
LS: BlockRelocate | Count: 1 | TotalTime:0.000s | Cost:14866.35
LS: BlockExchange | Count: 1 | TotalTime:0.001s | Cost:27409.60
LS: PDPairExchange | Count: 0 | TotalTime:0.002s | Cost:32984.68
LS: PDPairExchange | Count: 0 | TotalTime:0.002s | Cost:32984.68
LS: BlockRelocate | Count: 1 | TotalTime:0.005s | Cost:14866.35
LS: BlockExchange | Count: 1 | TotalTime:0.000s | Cost:27409.60
LS: PDPairExchange | Count: 0 | TotalTime:0.002s | Cost:32984.68
Generation 1: Best = 1032.88, Worst = 273605.81, Avg = 37016.74, Time: 0.10727334022521973
LS: BlockRelocate | Count: 0 | TotalTime:0.009s | Cost:1032.88
LS: BlockRelocate | Count: 1 | TotalTime:0.004s | Cost:13616.31
LS: BlockRelocate | Count: 1 | TotalTime:0.003s | Cost:12494.93
LS: BlockExchange | Count: 0 | TotalTime:0.002s | Cost:27409.60
LS: BlockExchange | Count: 0 | TotalTime:0.002s | Cost:27409.60
LS: mPDG | Count: 1 | TotalTime:0.005s | Cost:22382.72
LS: PDPairExchange | Count: 1 | TotalTime:0.002s | Cost:32818.04
LS: BlockRelocate | Count: 1 | TotalTime:0.005s | Cost:22382.72
LS: PDPairExchange | Count: 1 | TotalTime:0.001s | Cost:32818.04
LS: BlockExchange | Count: 1 | TotalTime:0.001s | Cost:27409.30
LS: BlockRelocate | Count: 1 | TotalTime:0.006s | Cost:13616.31
Generation 2: Best = 1032.88, Worst = 32984.68, Avg = 29748.66, Time: 0.12902522087097168
LS: mPDG | Count: 0 | TotalTime:0.006s | Cost:1032.88
LS: BlockRelocate | Count: 1 | TotalTime:0.001s | Cost:9327.94
LS: BlockRelocate | Count: 1 | TotalTime:0.001s | Cost:12399.89
LS: BlockRelocate | Count: 1 | TotalTime:0.009s | Cost:12733.48
LS: mPDG | Count: 1 | TotalTime:0.005s | Cost:15132.72
LS: BlockRelocate | Count: 1 | TotalTime:0.004s | Cost:5749.89
LS: BlockExchange | Count: 0 | TotalTime:0.002s | Cost:27409.30
LS: BlockExchange | Count: 0 | TotalTime:0.003s | Cost:27409.60
LS: mPDG | Count: 1 | TotalTime:0.006s | Cost:22382.72
LS: PDPairExchange | Count: 1 | TotalTime:0.002s | Cost:32818.04
LS: mPDG | Count: 1 | TotalTime:0.006s | Cost:22382.72
Generation 3: Best = 1032.88, Worst = 71843.04, Avg = 30576.21, Time: 0.1500840187072754
LS: mPDG | Count: 0 | TotalTime:0.006s | Cost:1032.88
LS: BlockRelocate | Count: 1 | TotalTime:0.003s | Cost:4527.92
LS: BlockRelocate | Count: 1 | TotalTime:0.013s | Cost:3366.69
LS: BlockRelocate | Count: 1 | TotalTime:0.003s | Cost:10994.83
LS: BlockRelocate | Count: 1 | TotalTime:0.001s | Cost:10769.53
LS: mPDG | Count: 1 | TotalTime:0.005s | Cost:1032.88
LS: mPDG | Count: 1 | TotalTime:0.005s | Cost:15132.72
LS: mPDG | Count: 1 | TotalTime:0.005s | Cost:15132.72
LS: mPDG | Count: 1 | TotalTime:0.006s | Cost:22382.72
LS: PDPairExchange | Count: 1 | TotalTime:0.001s | Cost:32818.04
LS: PDPairExchange | Count: 1 | TotalTime:0.004s | Cost:32818.04
Generation 4: Best = 1032.88, Worst = 78312.55, Avg = 34620.59, Time: 0.17278695106506348
LS: PDPairExchange | Count: 0 | TotalTime:0.002s | Cost:1032.88
LS: mPDG | Count: 0 | TotalTime:0.006s | Cost:1032.88
LS: BlockRelocate | Count: 0 | TotalTime:0.020s | Cost:3366.69
LS: BlockRelocate | Count: 1 | TotalTime:0.013s | Cost:1033.48
LS: BlockRelocate | Count: 1 | TotalTime:0.007s | Cost:7386.86
LS: BlockRelocate | Count: 1 | TotalTime:0.001s | Cost:7500.39
LS: mPDG | Count: 1 | TotalTime:0.009s | Cost:1032.88
LS: mPDG | Count: 1 | TotalTime:0.009s | Cost:1032.88
LS: BlockRelocate | Count: 1 | TotalTime:0.020s | Cost:22382.72
LS: BlockExchange | Count: 1 | TotalTime:0.001s | Cost:27409.30
LS: mPDG | Count: 1 | TotalTime:0.008s | Cost:22382.72
Generation 5: Best = 1032.88, Worst = 79140.18, Avg = 35899.84, Time: 0.23769760131835938
Stopping early due to lack of improvement.
Total runtime: 1.49s (0.0 minutes)
LS: mPDG:0(0.000s) | BlockExchange:0(0.002s) | PDPairExchange:0(0.002s) | BlockRelocate:0(0.011s) | TotalTime:0.015s | Cost:1032.88
LS: mPDG:0(0.000s) | PDPairExchange:0(0.002s) | BlockExchange:0(0.002s) | BlockRelocate:0(0.013s) | TotalTime:0.017s | Cost:1032.88
LS: mPDG:0(0.000s) | PDPairExchange:0(0.002s) | BlockExchange:0(0.002s) | BlockRelocate:0(0.013s) | TotalTime:0.017s | Cost:1032.88
LS: mPDG:0(0.000s) | PDPairExchange:0(0.002s) | BlockExchange:0(0.002s) | BlockRelocate:0(0.013s) | TotalTime:0.017s | Cost:1032.88
LS: BlockRelocate:1(0.009s) | PDPairExchange:0(0.002s) | BlockExchange:0(0.002s) | mPDG:0(0.006s) | TotalTime:0.020s | Cost:1032.88

The solution initialized by Cheapest Insertion:
V_1:[d2_2048120085-2 p1_2237480094-1 p1_2155510089-1 p2_2237060093-1 d2_2237060093-2 d1_2155510089-1 d1_2237480094-1] V_2:[p1_2253360096-1 d1_2253360096-1] V_3:[d1_2020060081-1 d4_2015240080-4 d4_2102190087-4 p3_2304290097-1 d3_2304290097-3] V_4:[d1_2039070084-1 p1_2212500091-1 d1_2212500091-1 p1_2339300099-1 d1_2339300099-1 p2_2314300098-1 d2_2314300098-2] V_5:[p1_2217410092-1 p3_2155460088-1 d3_2155460088-3 d1_2217410092-1 p1_2247120095-1 d1_2247120095-1]
The fitness value before EA: 1032.88
V_1:[d2_2048120085-2 p1_2237480094-1 p1_2155510089-1 p2_2237060093-1 d2_2237060093-2 d1_2155510089-1 d1_2237480094-1] V_2:[p1_2253360096-1 d1_2253360096-1] V_3:[d1_2020060081-1 d4_2015240080-4 d4_2102190087-4 p3_2304290097-1 d3_2304290097-3] V_4:[d1_2039070084-1 p1_2212500091-1 d1_2212500091-1 p1_2339300099-1 d1_2339300099-1 p2_2314300098-1 d2_2314300098-2] V_5:[p1_2217410092-1 p3_2155460088-1 d3_2155460088-3 d1_2217410092-1 p1_2247120095-1 d1_2247120095-1]
The fitness value after EA: 1032.88

Thoi gian thuc hien thuat toan:  1.617016077041626
SUCCESS

2025-10-04 08:48:34,493 [simulate_environment.py | 256] INFO: 2025-10-04 23:40:00, Item 2155460088-1: state = 1 < 2, we can not finish the simulation
2025-10-04 08:48:34,493 [simulate_environment.py | 99] INFO: **************************************************
2025-10-04 08:48:34,493 [simulate_environment.py | 103] INFO: cur time: 2025-10-04 23:50:00, pre time: 2025-10-04 23:40:00
2025-10-04 08:48:34,493 [simulate_environment.py | 140] INFO: Start to update the input of 2025-10-04 23:50:00
2025-10-04 08:48:34,494 [simulate_environment.py | 167] INFO: Get 13 unallocated order items, 7 ongoing order items, 269 completed order items
2025-10-04 08:48:36,218 [simulate_environment.py | 234] INFO: 
Adaptive config applied: {'num_orders': 7, 'num_vehicles': 5, 'time_budget_sec': None, 'POPULATION_SIZE': 40, 'NUMBER_OF_GENERATION': 20, 'MUTATION_RATE': 0.1, 'LS_MAX': 20, 'LS_MAX_TIME_PER_OP': 3, 'LS_MAX_TIME_IN_SINGLE': 1}
LS: BlockRelocate | Count: 0 | TotalTime:0.006s | Cost:1032.88
LS: mPDG | Count: 1 | TotalTime:0.003s | Cost:17257.16
LS: mPDG | Count: 1 | TotalTime:0.003s | Cost:17257.16
LS: mPDG | Count: 1 | TotalTime:0.003s | Cost:17257.16
LS: BlockExchange | Count: 0 | TotalTime:0.001s | Cost:23356.84
LS: BlockExchange | Count: 1 | TotalTime:0.001s | Cost:22823.53
LS: BlockExchange | Count: 0 | TotalTime:0.001s | Cost:23356.84
LS: BlockExchange | Count: 0 | TotalTime:0.001s | Cost:23356.84
LS: BlockRelocate | Count: 1 | TotalTime:0.001s | Cost:17257.16
LS: PDPairExchange | Count: 1 | TotalTime:0.000s | Cost:11853.74
LS: PDPairExchange | Count: 1 | TotalTime:0.000s | Cost:11853.74
Generation 1: Best = 1032.88, Worst = 114694.69, Avg = 23883.74, Time: 0.08838248252868652
LS: BlockExchange | Count: 0 | TotalTime:0.001s | Cost:1032.88
LS: PDPairExchange | Count: 1 | TotalTime:0.001s | Cost:11187.02
LS: PDPairExchange | Count: 1 | TotalTime:0.001s | Cost:11187.02
LS: mPDG | Count: 0 | TotalTime:0.002s | Cost:17257.16
LS: mPDG | Count: 0 | TotalTime:0.002s | Cost:17257.16
LS: mPDG | Count: 0 | TotalTime:0.002s | Cost:17257.16
LS: BlockRelocate | Count: 1 | TotalTime:0.002s | Cost:16406.90
LS: BlockExchange | Count: 0 | TotalTime:0.000s | Cost:22823.53
LS: BlockExchange | Count: 1 | TotalTime:0.000s | Cost:17257.16
LS: BlockRelocate | Count: 1 | TotalTime:0.001s | Cost:17257.16
LS: BlockRelocate | Count: 1 | TotalTime:0.001s | Cost:17257.16
Generation 2: Best = 1032.88, Worst = 62396.34, Avg = 29312.17, Time: 0.08858680725097656
LS: mPDG | Count: 0 | TotalTime:0.003s | Cost:1032.88
LS: PDPairExchange | Count: 0 | TotalTime:0.001s | Cost:11187.02
LS: PDPairExchange | Count: 0 | TotalTime:0.001s | Cost:11187.02
LS: BlockRelocate | Count: 1 | TotalTime:0.005s | Cost:15173.63
LS: mPDG | Count: 0 | TotalTime:0.003s | Cost:17257.16
LS: mPDG | Count: 0 | TotalTime:0.003s | Cost:17257.16
LS: mPDG | Count: 0 | TotalTime:0.003s | Cost:17257.16
LS: BlockExchange | Count: 1 | TotalTime:0.001s | Cost:11600.13
LS: BlockRelocate | Count: 1 | TotalTime:0.002s | Cost:19590.04
LS: BlockExchange | Count: 0 | TotalTime:0.001s | Cost:23356.84
LS: BlockRelocate | Count: 1 | TotalTime:0.002s | Cost:17257.16
Generation 3: Best = 1032.88, Worst = 62396.34, Avg = 28235.58, Time: 0.09949874877929688
LS: BlockExchange | Count: 0 | TotalTime:0.001s | Cost:1032.88
LS: PDPairExchange | Count: 0 | TotalTime:0.001s | Cost:11187.02
LS: PDPairExchange | Count: 0 | TotalTime:0.001s | Cost:11187.02
LS: BlockExchange | Count: 1 | TotalTime:0.000s | Cost:3149.95
LS: BlockRelocate | Count: 1 | TotalTime:0.006s | Cost:13323.57
LS: mPDG | Count: 0 | TotalTime:0.003s | Cost:17257.16
LS: mPDG | Count: 0 | TotalTime:0.003s | Cost:17257.16
LS: mPDG | Count: 0 | TotalTime:0.002s | Cost:17257.16
LS: PDPairExchange | Count: 1 | TotalTime:0.000s | Cost:11853.74
LS: PDPairExchange | Count: 1 | TotalTime:0.001s | Cost:22823.53
LS: BlockRelocate | Count: 1 | TotalTime:0.003s | Cost:19590.04
Generation 4: Best = 1032.88, Worst = 62396.34, Avg = 26673.67, Time: 0.09651303291320801
LS: BlockExchange | Count: 0 | TotalTime:0.001s | Cost:1032.88
LS: BlockExchange | Count: 0 | TotalTime:0.001s | Cost:3149.95
LS: PDPairExchange | Count: 0 | TotalTime:0.001s | Cost:11187.02
LS: PDPairExchange | Count: 0 | TotalTime:0.001s | Cost:11187.02
LS: PDPairExchange | Count: 1 | TotalTime:0.000s | Cost:11187.02
LS: BlockRelocate | Count: 0 | TotalTime:0.007s | Cost:13323.57
LS: mPDG | Count: 0 | TotalTime:0.003s | Cost:17257.16
LS: mPDG | Count: 0 | TotalTime:0.003s | Cost:17257.16
LS: BlockExchange | Count: 1 | TotalTime:0.000s | Cost:22823.53
LS: mPDG | Count: 1 | TotalTime:0.003s | Cost:17257.16
LS: BlockExchange | Count: 0 | TotalTime:0.001s | Cost:23356.84
Generation 5: Best = 1032.88, Worst = 62396.34, Avg = 29215.12, Time: 0.10225224494934082
Stopping early due to lack of improvement.
Total runtime: 1.17s (0.0 minutes)
LS: BlockExchange:0(0.000s) | mPDG:0(0.003s) | PDPairExchange:0(0.001s) | BlockRelocate:0(0.007s) | TotalTime:0.011s | Cost:1032.88
LS: BlockExchange:1(0.000s) | PDPairExchange:0(0.003s) | BlockRelocate:3(0.016s) | mPDG:0(0.003s) | TotalTime:0.023s | Cost:1033.36
LS: PDPairExchange:1(0.001s) | BlockExchange:2(0.003s) | BlockRelocate:1(0.012s) | mPDG:0(0.004s) | TotalTime:0.019s | Cost:7328.84
LS: PDPairExchange:1(0.001s) | BlockExchange:1(0.004s) | BlockRelocate:2(0.013s) | mPDG:0(0.004s) | TotalTime:0.022s | Cost:7328.84
LS: PDPairExchange:1(0.001s) | BlockExchange:2(0.003s) | BlockRelocate:1(0.009s) | mPDG:0(0.004s) | TotalTime:0.017s | Cost:7328.84

The solution initialized by Cheapest Insertion:
V_1:[d2_2048120085-2 p1_2237480094-1 p1_2155510089-1 p2_2237060093-1 d2_2237060093-2 d1_2155510089-1 d1_2237480094-1] V_2:[p1_2253360096-1 d1_2253360096-1] V_3:[p3_2304290097-1 d3_2304290097-3] V_4:[d1_2039070084-1 p1_2212500091-1 d1_2212500091-1 p1_2339300099-1 d1_2339300099-1 p2_2314300098-1 d2_2314300098-2] V_5:[d3_2155460088-3 d1_2217410092-1 p1_2247120095-1 d1_2247120095-1]
The fitness value before EA: 1032.88
V_1:[d2_2048120085-2 p1_2237480094-1 p1_2155510089-1 p2_2237060093-1 d2_2237060093-2 d1_2155510089-1 d1_2237480094-1] V_2:[p1_2253360096-1 d1_2253360096-1] V_3:[p3_2304290097-1 d3_2304290097-3] V_4:[d1_2039070084-1 p1_2212500091-1 d1_2212500091-1 p1_2339300099-1 d1_2339300099-1 p2_2314300098-1 d2_2314300098-2] V_5:[d3_2155460088-3 d1_2217410092-1 p1_2247120095-1 d1_2247120095-1]
The fitness value after EA: 1032.88

Thoi gian thuc hien thuat toan:  1.281705617904663
SUCCESS

2025-10-04 08:48:36,219 [simulate_environment.py | 256] INFO: 2025-10-04 23:50:00, Item 2155510089-1: state = 1 < 2, we can not finish the simulation
2025-10-04 08:48:36,219 [simulate_environment.py | 99] INFO: **************************************************
2025-10-04 08:48:36,219 [simulate_environment.py | 103] INFO: cur time: 2025-10-05 00:00:00, pre time: 2025-10-04 23:50:00
2025-10-04 08:48:36,219 [simulate_environment.py | 140] INFO: Start to update the input of 2025-10-05 00:00:00
2025-10-04 08:48:36,220 [simulate_environment.py | 167] INFO: Get 19 unallocated order items, 7 ongoing order items, 269 completed order items
2025-10-04 08:48:38,103 [simulate_environment.py | 234] INFO: 
Adaptive config applied: {'num_orders': 8, 'num_vehicles': 5, 'time_budget_sec': None, 'POPULATION_SIZE': 40, 'NUMBER_OF_GENERATION': 20, 'MUTATION_RATE': 0.1, 'LS_MAX': 20, 'LS_MAX_TIME_PER_OP': 3, 'LS_MAX_TIME_IN_SINGLE': 1}
LS: mPDG | Count: 0 | TotalTime:0.004s | Cost:1033.14
LS: mPDG | Count: 0 | TotalTime:0.004s | Cost:29590.18
LS: BlockRelocate | Count: 1 | TotalTime:0.002s | Cost:27873.63
LS: BlockExchange | Count: 1 | TotalTime:0.001s | Cost:22307.28
LS: PDPairExchange | Count: 1 | TotalTime:0.001s | Cost:18087.08
LS: PDPairExchange | Count: 1 | TotalTime:0.001s | Cost:18087.08
LS: BlockExchange | Count: 1 | TotalTime:0.000s | Cost:22307.28
LS: mPDG | Count: 0 | TotalTime:0.004s | Cost:29590.18
LS: mPDG | Count: 0 | TotalTime:0.004s | Cost:29590.18
LS: BlockExchange | Count: 0 | TotalTime:0.001s | Cost:29590.18
LS: BlockRelocate | Count: 1 | TotalTime:0.001s | Cost:18590.16
Generation 1: Best = 1033.14, Worst = 98460.88, Avg = 29340.81, Time: 0.11176228523254395
LS: BlockExchange | Count: 0 | TotalTime:0.001s | Cost:1033.14
LS: PDPairExchange | Count: 0 | TotalTime:0.001s | Cost:18087.08
LS: PDPairExchange | Count: 0 | TotalTime:0.001s | Cost:18087.08
LS: BlockRelocate | Count: 0 | TotalTime:0.009s | Cost:18590.16
LS: BlockExchange | Count: 1 | TotalTime:0.001s | Cost:19150.25
LS: BlockExchange | Count: 1 | TotalTime:0.000s | Cost:18590.16
LS: BlockRelocate | Count: 1 | TotalTime:0.001s | Cost:22307.28
LS: mPDG | Count: 0 | TotalTime:0.003s | Cost:29590.18
LS: mPDG | Count: 0 | TotalTime:0.004s | Cost:29590.18
LS: PDPairExchange | Count: 1 | TotalTime:0.001s | Cost:18087.08
LS: BlockRelocate | Count: 1 | TotalTime:0.001s | Cost:28973.69
Generation 2: Best = 1033.14, Worst = 66696.14, Avg = 28077.77, Time: 0.11043763160705566
LS: BlockExchange | Count: 0 | TotalTime:0.001s | Cost:1033.14
LS: PDPairExchange | Count: 0 | TotalTime:0.001s | Cost:18087.08
LS: PDPairExchange | Count: 0 | TotalTime:0.002s | Cost:18087.08
LS: PDPairExchange | Count: 0 | TotalTime:0.001s | Cost:18087.08
LS: BlockRelocate | Count: 0 | TotalTime:0.009s | Cost:18590.16
LS: BlockExchange | Count: 0 | TotalTime:0.001s | Cost:18590.16
LS: BlockExchange | Count: 0 | TotalTime:0.002s | Cost:19150.25
LS: BlockRelocate | Count: 1 | TotalTime:0.002s | Cost:18023.63
LS: BlockRelocate | Count: 1 | TotalTime:0.004s | Cost:28973.69
LS: mPDG | Count: 0 | TotalTime:0.004s | Cost:29590.18
LS: PDPairExchange | Count: 1 | TotalTime:0.001s | Cost:18087.08
Generation 3: Best = 1033.14, Worst = 66696.14, Avg = 31296.97, Time: 0.11702537536621094
LS: BlockRelocate | Count: 0 | TotalTime:0.010s | Cost:1033.14
LS: BlockRelocate | Count: 0 | TotalTime:0.010s | Cost:18023.63
LS: PDPairExchange | Count: 0 | TotalTime:0.002s | Cost:18087.08
LS: PDPairExchange | Count: 0 | TotalTime:0.002s | Cost:18087.08
LS: PDPairExchange | Count: 0 | TotalTime:0.002s | Cost:18087.08
LS: PDPairExchange | Count: 0 | TotalTime:0.002s | Cost:18087.08
LS: BlockRelocate | Count: 0 | TotalTime:0.010s | Cost:18590.16
LS: BlockExchange | Count: 0 | TotalTime:0.002s | Cost:18590.16
LS: BlockExchange | Count: 1 | TotalTime:0.001s | Cost:53957.76
LS: BlockRelocate | Count: 1 | TotalTime:0.007s | Cost:28973.69
LS: PDPairExchange | Count: 1 | TotalTime:0.001s | Cost:18087.08
Generation 4: Best = 1033.14, Worst = 66696.14, Avg = 32926.41, Time: 0.14830541610717773
LS: mPDG | Count: 0 | TotalTime:0.004s | Cost:1033.14
LS: BlockRelocate | Count: 0 | TotalTime:0.008s | Cost:18023.63
LS: PDPairExchange | Count: 0 | TotalTime:0.001s | Cost:18087.08
LS: PDPairExchange | Count: 0 | TotalTime:0.001s | Cost:18087.08
LS: PDPairExchange | Count: 0 | TotalTime:0.001s | Cost:18087.08
LS: PDPairExchange | Count: 0 | TotalTime:0.001s | Cost:18087.08
LS: PDPairExchange | Count: 0 | TotalTime:0.001s | Cost:18087.08
LS: BlockRelocate | Count: 0 | TotalTime:0.009s | Cost:18590.16
LS: PDPairExchange | Count: 1 | TotalTime:0.001s | Cost:18087.08
LS: mPDG | Count: 0 | TotalTime:0.004s | Cost:29590.18
LS: mPDG | Count: 0 | TotalTime:0.004s | Cost:29590.18
Generation 5: Best = 1033.14, Worst = 66696.14, Avg = 34143.69, Time: 0.1309208869934082
Stopping early due to lack of improvement.
Total runtime: 1.39s (0.0 minutes)
LS: BlockExchange:0(0.000s) | mPDG:0(0.004s) | PDPairExchange:0(0.001s) | BlockRelocate:0(0.009s) | TotalTime:0.014s | Cost:1033.14
LS: BlockRelocate:0(0.000s) | PDPairExchange:1(0.002s) | BlockExchange:0(0.001s) | mPDG:0(0.004s) | TotalTime:0.007s | Cost:8387.04
LS: PDPairExchange:0(0.000s) | BlockExchange:1(0.004s) | BlockRelocate:1(0.013s) | mPDG:0(0.004s) | TotalTime:0.021s | Cost:8387.04
LS: PDPairExchange:0(0.000s) | BlockExchange:1(0.004s) | BlockRelocate:1(0.013s) | mPDG:0(0.004s) | TotalTime:0.021s | Cost:8387.04
LS: PDPairExchange:0(0.000s) | BlockExchange:3(0.005s) | BlockRelocate:1(0.012s) | mPDG:0(0.004s) | TotalTime:0.021s | Cost:7402.75

The solution initialized by Cheapest Insertion:
V_1:[d2_2048120085-2 p1_2237480094-1 p1_2155510089-1 p2_2237060093-1 d2_2237060093-2 d1_2155510089-1 d1_2237480094-1] V_2:[p1_2253360096-1 d1_2253360096-1] V_3:[p3_2304290097-1 d3_2304290097-3] V_4:[d1_2039070084-1 p1_2212500091-1 d1_2212500091-1 p1_2339300099-1 d1_2339300099-1 p2_2314300098-1 d2_2314300098-2] V_5:[d3_2155460088-3 d1_2217410092-1 p1_2247120095-1 d1_2247120095-1 p6_2353310100-1 d6_2353310100-6]
The fitness value before EA: 1033.14
V_1:[d2_2048120085-2 p1_2237480094-1 p1_2155510089-1 p2_2237060093-1 d2_2237060093-2 d1_2155510089-1 d1_2237480094-1] V_2:[p1_2253360096-1 d1_2253360096-1] V_3:[p3_2304290097-1 d3_2304290097-3] V_4:[d1_2039070084-1 p1_2212500091-1 d1_2212500091-1 p1_2339300099-1 d1_2339300099-1 p2_2314300098-1 d2_2314300098-2] V_5:[d3_2155460088-3 d1_2217410092-1 p1_2247120095-1 d1_2247120095-1 p6_2353310100-1 d6_2353310100-6]
The fitness value after EA: 1033.14

Thoi gian thuc hien thuat toan:  1.5208852291107178
SUCCESS

2025-10-04 08:48:38,104 [simulate_environment.py | 256] INFO: 2025-10-05 00:00:00, Item 2155510089-1: state = 1 < 2, we can not finish the simulation
2025-10-04 08:48:38,104 [simulate_environment.py | 99] INFO: **************************************************
2025-10-04 08:48:38,105 [simulate_environment.py | 103] INFO: cur time: 2025-10-05 00:10:00, pre time: 2025-10-05 00:00:00
2025-10-04 08:48:38,105 [simulate_environment.py | 140] INFO: Start to update the input of 2025-10-05 00:10:00
2025-10-04 08:48:38,105 [simulate_environment.py | 167] INFO: Get 19 unallocated order items, 7 ongoing order items, 269 completed order items
2025-10-04 08:48:40,444 [simulate_environment.py | 234] INFO: 
Adaptive config applied: {'num_orders': 8, 'num_vehicles': 5, 'time_budget_sec': None, 'POPULATION_SIZE': 40, 'NUMBER_OF_GENERATION': 20, 'MUTATION_RATE': 0.1, 'LS_MAX': 20, 'LS_MAX_TIME_PER_OP': 3, 'LS_MAX_TIME_IN_SINGLE': 1}
LS: BlockRelocate | Count: 0 | TotalTime:0.011s | Cost:1030.12
LS: PDPairExchange | Count: 1 | TotalTime:0.002s | Cost:18084.06
LS: mPDG | Count: 1 | TotalTime:0.007s | Cost:25114.51
LS: BlockRelocate | Count: 1 | TotalTime:0.002s | Cost:18587.14
LS: PDPairExchange | Count: 1 | TotalTime:0.001s | Cost:18084.06
LS: PDPairExchange | Count: 1 | TotalTime:0.002s | Cost:18084.06
LS: BlockExchange | Count: 1 | TotalTime:0.001s | Cost:22304.26
LS: PDPairExchange | Count: 1 | TotalTime:0.001s | Cost:18084.06
LS: PDPairExchange | Count: 1 | TotalTime:0.001s | Cost:18084.06
LS: PDPairExchange | Count: 1 | TotalTime:0.000s | Cost:18084.06
LS: BlockExchange | Count: 0 | TotalTime:0.002s | Cost:29587.16
Generation 1: Best = 1030.12, Worst = 333783.27, Avg = 34183.78, Time: 0.13597583770751953
LS: PDPairExchange | Count: 0 | TotalTime:0.002s | Cost:1030.12
LS: PDPairExchange | Count: 0 | TotalTime:0.002s | Cost:18084.06
LS: PDPairExchange | Count: 0 | TotalTime:0.002s | Cost:18084.06
LS: PDPairExchange | Count: 0 | TotalTime:0.002s | Cost:18084.06
LS: PDPairExchange | Count: 0 | TotalTime:0.003s | Cost:18084.06
LS: PDPairExchange | Count: 0 | TotalTime:0.003s | Cost:18084.06
LS: PDPairExchange | Count: 0 | TotalTime:0.003s | Cost:18084.06
LS: BlockRelocate | Count: 0 | TotalTime:0.013s | Cost:18587.14
LS: BlockRelocate | Count: 1 | TotalTime:0.005s | Cost:28904.40
LS: BlockRelocate | Count: 1 | TotalTime:0.008s | Cost:18587.14
LS: BlockRelocate | Count: 1 | TotalTime:0.004s | Cost:18587.14
Generation 2: Best = 1030.12, Worst = 66693.12, Avg = 36534.02, Time: 0.16652154922485352
LS: mPDG | Count: 0 | TotalTime:0.004s | Cost:1030.12
LS: PDPairExchange | Count: 0 | TotalTime:0.001s | Cost:18084.06
LS: PDPairExchange | Count: 0 | TotalTime:0.002s | Cost:18084.06
LS: PDPairExchange | Count: 0 | TotalTime:0.002s | Cost:18084.06
LS: PDPairExchange | Count: 0 | TotalTime:0.001s | Cost:18084.06
LS: PDPairExchange | Count: 0 | TotalTime:0.001s | Cost:18084.06
LS: PDPairExchange | Count: 0 | TotalTime:0.001s | Cost:18084.06
LS: BlockRelocate | Count: 0 | TotalTime:0.012s | Cost:18587.14
LS: mPDG | Count: 1 | TotalTime:0.009s | Cost:25114.51
LS: mPDG | Count: 1 | TotalTime:0.009s | Cost:25114.51
LS: PDPairExchange | Count: 1 | TotalTime:0.001s | Cost:18084.06
Generation 3: Best = 1030.12, Worst = 66693.12, Avg = 39372.82, Time: 0.1615293025970459
LS: BlockRelocate | Count: 0 | TotalTime:0.012s | Cost:1030.12
LS: PDPairExchange | Count: 0 | TotalTime:0.002s | Cost:18084.06
LS: PDPairExchange | Count: 0 | TotalTime:0.002s | Cost:18084.06
LS: PDPairExchange | Count: 0 | TotalTime:0.002s | Cost:18084.06
LS: PDPairExchange | Count: 0 | TotalTime:0.002s | Cost:18084.06
LS: PDPairExchange | Count: 0 | TotalTime:0.002s | Cost:18084.06
LS: PDPairExchange | Count: 0 | TotalTime:0.002s | Cost:18084.06
LS: PDPairExchange | Count: 0 | TotalTime:0.002s | Cost:18084.06
LS: PDPairExchange | Count: 1 | TotalTime:0.001s | Cost:18084.06
LS: BlockRelocate | Count: 1 | TotalTime:0.001s | Cost:18587.14
LS: mPDG | Count: 1 | TotalTime:0.006s | Cost:25114.51
Generation 4: Best = 1030.12, Worst = 66693.12, Avg = 39172.88, Time: 0.21500492095947266
LS: BlockRelocate | Count: 0 | TotalTime:0.010s | Cost:1030.12
LS: PDPairExchange | Count: 0 | TotalTime:0.002s | Cost:18084.06
LS: PDPairExchange | Count: 0 | TotalTime:0.002s | Cost:18084.06
LS: PDPairExchange | Count: 0 | TotalTime:0.002s | Cost:18084.06
LS: PDPairExchange | Count: 0 | TotalTime:0.002s | Cost:18084.06
LS: PDPairExchange | Count: 0 | TotalTime:0.001s | Cost:18084.06
LS: PDPairExchange | Count: 0 | TotalTime:0.002s | Cost:18084.06
LS: PDPairExchange | Count: 0 | TotalTime:0.002s | Cost:18084.06
LS: BlockExchange | Count: 1 | TotalTime:0.001s | Cost:22304.26
LS: mPDG | Count: 1 | TotalTime:0.005s | Cost:25114.51
LS: BlockExchange | Count: 1 | TotalTime:0.002s | Cost:53954.74
Generation 5: Best = 1030.12, Worst = 66693.12, Avg = 39234.93, Time: 0.1866898536682129
Stopping early due to lack of improvement.
Total runtime: 1.80s (0.0 minutes)
LS: mPDG:0(0.000s) | BlockRelocate:0(0.011s) | PDPairExchange:0(0.002s) | BlockExchange:0(0.002s) | TotalTime:0.014s | Cost:1030.12
LS: PDPairExchange:5(0.004s) | BlockExchange:1(0.007s) | BlockRelocate:3(0.015s) | mPDG:0(0.005s) | TotalTime:0.031s | Cost:8384.02
LS: PDPairExchange:0(0.000s) | BlockExchange:3(0.007s) | BlockRelocate:1(0.013s) | mPDG:0(0.005s) | TotalTime:0.025s | Cost:7326.08
LS: PDPairExchange:0(0.000s) | BlockExchange:1(0.005s) | BlockRelocate:1(0.020s) | mPDG:0(0.006s) | TotalTime:0.030s | Cost:8384.02
LS: PDPairExchange:0(0.000s) | BlockExchange:1(0.004s) | BlockRelocate:1(0.019s) | mPDG:0(0.005s) | TotalTime:0.029s | Cost:8384.02

The solution initialized by Cheapest Insertion:
V_1:[d2_2048120085-2 p1_2237480094-1 p1_2155510089-1 p2_2237060093-1 d2_2237060093-2 d1_2155510089-1 d1_2237480094-1] V_2:[p1_2253360096-1 d1_2253360096-1] V_3:[p3_2304290097-1 d3_2304290097-3] V_4:[d1_2039070084-1 p1_2212500091-1 d1_2212500091-1 p1_2339300099-1 d1_2339300099-1 p2_2314300098-1 d2_2314300098-2] V_5:[d3_2155460088-3 d1_2217410092-1 p1_2247120095-1 d1_2247120095-1 p6_2353310100-1 d6_2353310100-6]
The fitness value before EA: 1030.1200000000001
V_1:[d2_2048120085-2 p1_2237480094-1 p1_2155510089-1 p2_2237060093-1 d2_2237060093-2 d1_2155510089-1 d1_2237480094-1] V_2:[p1_2253360096-1 d1_2253360096-1] V_3:[p3_2304290097-1 d3_2304290097-3] V_4:[d1_2039070084-1 p1_2212500091-1 d1_2212500091-1 p1_2339300099-1 d1_2339300099-1 p2_2314300098-1 d2_2314300098-2] V_5:[d3_2155460088-3 d1_2217410092-1 p1_2247120095-1 d1_2247120095-1 p6_2353310100-1 d6_2353310100-6]
The fitness value after EA: 1030.1200000000001

Thoi gian thuc hien thuat toan:  1.965735912322998
SUCCESS

2025-10-04 08:48:40,445 [simulate_environment.py | 256] INFO: 2025-10-05 00:10:00, Item 2155510089-1: state = 1 < 2, we can not finish the simulation
2025-10-04 08:48:40,446 [simulate_environment.py | 99] INFO: **************************************************
2025-10-04 08:48:40,446 [simulate_environment.py | 103] INFO: cur time: 2025-10-05 00:20:00, pre time: 2025-10-05 00:10:00
2025-10-04 08:48:40,446 [simulate_environment.py | 140] INFO: Start to update the input of 2025-10-05 00:20:00
2025-10-04 08:48:40,446 [simulate_environment.py | 167] INFO: Get 19 unallocated order items, 5 ongoing order items, 271 completed order items
2025-10-04 08:48:42,116 [simulate_environment.py | 234] INFO: 
Adaptive config applied: {'num_orders': 7, 'num_vehicles': 5, 'time_budget_sec': None, 'POPULATION_SIZE': 40, 'NUMBER_OF_GENERATION': 20, 'MUTATION_RATE': 0.1, 'LS_MAX': 20, 'LS_MAX_TIME_PER_OP': 3, 'LS_MAX_TIME_IN_SINGLE': 1}
LS: BlockRelocate | Count: 0 | TotalTime:0.006s | Cost:1022.92
LS: BlockExchange | Count: 1 | TotalTime:0.001s | Cost:42006.06
LS: PDPairExchange | Count: 1 | TotalTime:0.000s | Cost:43020.59
LS: PDPairExchange | Count: 1 | TotalTime:0.000s | Cost:72121.43
LS: mPDG | Count: 1 | TotalTime:0.003s | Cost:51882.16
LS: mPDG | Count: 1 | TotalTime:0.003s | Cost:51882.16
LS: BlockExchange | Count: 1 | TotalTime:0.000s | Cost:77821.69
LS: PDPairExchange | Count: 1 | TotalTime:0.001s | Cost:75488.86
LS: mPDG | Count: 1 | TotalTime:0.003s | Cost:51882.16
LS: PDPairExchange | Count: 1 | TotalTime:0.000s | Cost:43020.59
LS: BlockExchange | Count: 1 | TotalTime:0.000s | Cost:75488.86
Generation 1: Best = 1022.92, Worst = 78688.66, Avg = 71690.21, Time: 0.09613251686096191
LS: BlockExchange | Count: 0 | TotalTime:0.001s | Cost:1022.92
LS: BlockExchange | Count: 1 | TotalTime:0.000s | Cost:28861.51
LS: PDPairExchange | Count: 0 | TotalTime:0.001s | Cost:43020.59
LS: PDPairExchange | Count: 0 | TotalTime:0.001s | Cost:43020.59
LS: BlockRelocate | Count: 1 | TotalTime:0.001s | Cost:40508.30
LS: mPDG | Count: 1 | TotalTime:0.003s | Cost:25579.22
LS: mPDG | Count: 1 | TotalTime:0.003s | Cost:25579.22
LS: mPDG | Count: 1 | TotalTime:0.003s | Cost:25579.22
LS: PDPairExchange | Count: 1 | TotalTime:0.000s | Cost:64904.76
LS: mPDG | Count: 1 | TotalTime:0.003s | Cost:51882.16
LS: mPDG | Count: 1 | TotalTime:0.003s | Cost:51882.16
Generation 2: Best = 1022.92, Worst = 79388.86, Avg = 67165.31, Time: 0.11919784545898438
LS: PDPairExchange | Count: 0 | TotalTime:0.001s | Cost:1022.92
LS: mPDG | Count: 1 | TotalTime:0.003s | Cost:25579.16
LS: mPDG | Count: 1 | TotalTime:0.003s | Cost:25579.16
LS: mPDG | Count: 1 | TotalTime:0.003s | Cost:25579.16
LS: BlockExchange | Count: 1 | TotalTime:0.000s | Cost:28635.67
LS: BlockRelocate | Count: 1 | TotalTime:0.001s | Cost:31316.53
LS: PDPairExchange | Count: 0 | TotalTime:0.001s | Cost:43020.59
LS: PDPairExchange | Count: 0 | TotalTime:0.001s | Cost:43020.59
LS: BlockExchange | Count: 1 | TotalTime:0.001s | Cost:44486.44
LS: BlockExchange | Count: 1 | TotalTime:0.001s | Cost:46952.84
LS: BlockRelocate | Count: 1 | TotalTime:0.000s | Cost:72486.72
Generation 3: Best = 1022.92, Worst = 78688.66, Avg = 66741.27, Time: 0.10863733291625977
LS: mPDG | Count: 0 | TotalTime:0.003s | Cost:1022.92
LS: mPDG | Count: 1 | TotalTime:0.003s | Cost:24617.59
LS: mPDG | Count: 1 | TotalTime:0.002s | Cost:24617.59
LS: mPDG | Count: 1 | TotalTime:0.002s | Cost:24617.59
LS: BlockExchange | Count: 0 | TotalTime:0.000s | Cost:28635.67
LS: BlockRelocate | Count: 1 | TotalTime:0.002s | Cost:21134.63
LS: PDPairExchange | Count: 0 | TotalTime:0.001s | Cost:43020.59
LS: PDPairExchange | Count: 0 | TotalTime:0.001s | Cost:43020.59
LS: BlockRelocate | Count: 1 | TotalTime:0.003s | Cost:40508.30
LS: PDPairExchange | Count: 1 | TotalTime:0.000s | Cost:46952.84
LS: mPDG | Count: 1 | TotalTime:0.003s | Cost:31316.53
Generation 4: Best = 1022.92, Worst = 78688.66, Avg = 54213.38, Time: 0.11260986328125
LS: BlockRelocate | Count: 0 | TotalTime:0.006s | Cost:1022.92
LS: BlockRelocate | Count: 1 | TotalTime:0.004s | Cost:8377.14
LS: mPDG | Count: 0 | TotalTime:0.003s | Cost:24617.59
LS: mPDG | Count: 0 | TotalTime:0.003s | Cost:24617.59
LS: mPDG | Count: 0 | TotalTime:0.003s | Cost:24617.59
LS: BlockExchange | Count: 1 | TotalTime:0.000s | Cost:26218.62
LS: mPDG | Count: 1 | TotalTime:0.003s | Cost:8377.14
LS: BlockRelocate | Count: 1 | TotalTime:0.002s | Cost:34291.63
LS: BlockExchange | Count: 1 | TotalTime:0.000s | Cost:46952.84
LS: PDPairExchange | Count: 1 | TotalTime:0.001s | Cost:46952.84
LS: mPDG | Count: 1 | TotalTime:0.003s | Cost:31316.53
Generation 5: Best = 1022.92, Worst = 78688.66, Avg = 59237.97, Time: 0.1121518611907959
Stopping early due to lack of improvement.
Total runtime: 1.24s (0.0 minutes)
LS: PDPairExchange:0(0.000s) | BlockRelocate:0(0.007s) | BlockExchange:0(0.001s) | mPDG:0(0.003s) | TotalTime:0.011s | Cost:1022.92
LS: BlockRelocate:0(0.000s) | PDPairExchange:0(0.001s) | BlockExchange:0(0.001s) | mPDG:0(0.003s) | TotalTime:0.005s | Cost:8377.14
LS: mPDG:0(0.000s) | PDPairExchange:0(0.001s) | BlockExchange:0(0.001s) | BlockRelocate:0(0.007s) | TotalTime:0.009s | Cost:8377.14
LS: mPDG:1(0.003s) | PDPairExchange:0(0.002s) | BlockExchange:0(0.004s) | BlockRelocate:1(0.010s) | TotalTime:0.018s | Cost:1022.92
LS: mPDG:0(0.000s) | PDPairExchange:0(0.002s) | BlockExchange:0(0.002s) | BlockRelocate:1(0.010s) | TotalTime:0.014s | Cost:1022.92

The solution initialized by Cheapest Insertion:
V_1:[p1_2237480094-1 p1_2155510089-1 p2_2237060093-1 d2_2237060093-2 d1_2155510089-1 d1_2237480094-1] V_2:[p1_2253360096-1 d1_2253360096-1] V_3:[p3_2304290097-1 d3_2304290097-3] V_4:[d1_2039070084-1 p1_2212500091-1 d1_2212500091-1 p1_2339300099-1 d1_2339300099-1 p2_2314300098-1 d2_2314300098-2] V_5:[d3_2155460088-3 d1_2217410092-1 p1_2247120095-1 d1_2247120095-1 p6_2353310100-1 d6_2353310100-6]
The fitness value before EA: 1022.92
V_1:[p1_2237480094-1 p1_2155510089-1 p2_2237060093-1 d2_2237060093-2 d1_2155510089-1 d1_2237480094-1] V_2:[p1_2253360096-1 d1_2253360096-1] V_3:[p3_2304290097-1 d3_2304290097-3] V_4:[d1_2039070084-1 p1_2212500091-1 d1_2212500091-1 p1_2339300099-1 d1_2339300099-1 p2_2314300098-1 d2_2314300098-2] V_5:[d3_2155460088-3 d1_2217410092-1 p1_2247120095-1 d1_2247120095-1 p6_2353310100-1 d6_2353310100-6]
The fitness value after EA: 1022.92

Thoi gian thuc hien thuat toan:  1.3313579559326172
SUCCESS

2025-10-04 08:48:42,117 [simulate_environment.py | 256] INFO: 2025-10-05 00:20:00, Item 2155510089-1: state = 1 < 2, we can not finish the simulation
2025-10-04 08:48:42,117 [simulate_environment.py | 99] INFO: **************************************************
2025-10-04 08:48:42,117 [simulate_environment.py | 103] INFO: cur time: 2025-10-05 00:30:00, pre time: 2025-10-05 00:20:00
2025-10-04 08:48:42,117 [simulate_environment.py | 140] INFO: Start to update the input of 2025-10-05 00:30:00
2025-10-04 08:48:42,117 [simulate_environment.py | 167] INFO: Get 19 unallocated order items, 5 ongoing order items, 271 completed order items
2025-10-04 08:48:43,751 [simulate_environment.py | 234] INFO: 
Adaptive config applied: {'num_orders': 7, 'num_vehicles': 5, 'time_budget_sec': None, 'POPULATION_SIZE': 40, 'NUMBER_OF_GENERATION': 20, 'MUTATION_RATE': 0.1, 'LS_MAX': 20, 'LS_MAX_TIME_PER_OP': 3, 'LS_MAX_TIME_IN_SINGLE': 1}
LS: BlockRelocate | Count: 0 | TotalTime:0.006s | Cost:1022.92
LS: mPDG | Count: 1 | TotalTime:0.002s | Cost:46540.57
LS: BlockExchange | Count: 1 | TotalTime:0.000s | Cost:74586.74
LS: BlockExchange | Count: 1 | TotalTime:0.000s | Cost:60420.05
LS: BlockRelocate | Count: 1 | TotalTime:0.000s | Cost:73238.54
LS: mPDG | Count: 1 | TotalTime:0.003s | Cost:51882.16
LS: PDPairExchange | Count: 1 | TotalTime:0.000s | Cost:77821.69
LS: BlockRelocate | Count: 1 | TotalTime:0.001s | Cost:73238.54
LS: BlockExchange | Count: 1 | TotalTime:0.000s | Cost:43020.59
LS: BlockExchange | Count: 1 | TotalTime:0.000s | Cost:74404.82
LS: BlockExchange | Count: 1 | TotalTime:0.000s | Cost:78421.83
Generation 1: Best = 1022.92, Worst = 78688.66, Avg = 73414.24, Time: 0.09033632278442383
LS: mPDG | Count: 0 | TotalTime:0.003s | Cost:1022.92
LS: BlockExchange | Count: 0 | TotalTime:0.001s | Cost:43020.59
LS: mPDG | Count: 1 | TotalTime:0.002s | Cost:20456.71
LS: mPDG | Count: 1 | TotalTime:0.003s | Cost:31316.53
LS: PDPairExchange | Count: 1 | TotalTime:0.000s | Cost:44486.44
LS: BlockRelocate | Count: 1 | TotalTime:0.003s | Cost:42154.34
LS: BlockExchange | Count: 1 | TotalTime:0.001s | Cost:44486.44
LS: mPDG | Count: 1 | TotalTime:0.003s | Cost:25579.22
LS: PDPairExchange | Count: 1 | TotalTime:0.001s | Cost:46952.84
LS: BlockExchange | Count: 1 | TotalTime:0.000s | Cost:60153.22
LS: BlockRelocate | Count: 1 | TotalTime:0.001s | Cost:67738.03
Generation 2: Best = 1022.92, Worst = 78688.66, Avg = 67490.11, Time: 0.10421061515808105
LS: BlockRelocate | Count: 0 | TotalTime:0.007s | Cost:1022.92
LS: mPDG | Count: 1 | TotalTime:0.003s | Cost:1022.92
LS: mPDG | Count: 1 | TotalTime:0.003s | Cost:25579.16
LS: mPDG | Count: 1 | TotalTime:0.003s | Cost:8377.14
LS: BlockRelocate | Count: 1 | TotalTime:0.002s | Cost:27968.07
LS: BlockExchange | Count: 1 | TotalTime:0.000s | Cost:36520.97
LS: PDPairExchange | Count: 0 | TotalTime:0.001s | Cost:44486.44
LS: BlockExchange | Count: 0 | TotalTime:0.001s | Cost:44486.44
LS: BlockExchange | Count: 1 | TotalTime:0.001s | Cost:46952.84
LS: BlockExchange | Count: 1 | TotalTime:0.001s | Cost:46952.84
LS: PDPairExchange | Count: 1 | TotalTime:0.001s | Cost:46952.84
Generation 3: Best = 1022.92, Worst = 78688.66, Avg = 58596.87, Time: 0.11207151412963867
LS: BlockExchange | Count: 0 | TotalTime:0.001s | Cost:1022.92
LS: mPDG | Count: 0 | TotalTime:0.003s | Cost:1022.92
LS: mPDG | Count: 0 | TotalTime:0.003s | Cost:8377.14
LS: mPDG | Count: 1 | TotalTime:0.003s | Cost:24617.59
LS: BlockRelocate | Count: 1 | TotalTime:0.002s | Cost:23613.51
LS: BlockExchange | Count: 0 | TotalTime:0.001s | Cost:36520.97
LS: PDPairExchange | Count: 0 | TotalTime:0.001s | Cost:44486.44
LS: BlockExchange | Count: 0 | TotalTime:0.001s | Cost:44486.44
LS: BlockRelocate | Count: 1 | TotalTime:0.003s | Cost:40508.30
LS: BlockRelocate | Count: 1 | TotalTime:0.005s | Cost:42154.34
LS: BlockExchange | Count: 1 | TotalTime:0.001s | Cost:44486.44
Generation 4: Best = 1022.92, Worst = 78688.66, Avg = 51717.42, Time: 0.11715292930603027
LS: BlockRelocate | Count: 0 | TotalTime:0.007s | Cost:1022.92
LS: mPDG | Count: 0 | TotalTime:0.003s | Cost:1022.92
LS: mPDG | Count: 0 | TotalTime:0.003s | Cost:8377.14
LS: BlockRelocate | Count: 1 | TotalTime:0.005s | Cost:16735.57
LS: mPDG | Count: 0 | TotalTime:0.003s | Cost:24617.59
LS: BlockExchange | Count: 0 | TotalTime:0.001s | Cost:36520.97
LS: BlockRelocate | Count: 1 | TotalTime:0.000s | Cost:30274.82
LS: BlockRelocate | Count: 1 | TotalTime:0.004s | Cost:27968.07
LS: BlockExchange | Count: 1 | TotalTime:0.000s | Cost:46952.84
LS: PDPairExchange | Count: 1 | TotalTime:0.000s | Cost:44486.44
LS: BlockRelocate | Count: 1 | TotalTime:0.003s | Cost:42154.34
Generation 5: Best = 1022.92, Worst = 78688.66, Avg = 54331.90, Time: 0.11837577819824219
Stopping early due to lack of improvement.
Total runtime: 1.23s (0.0 minutes)
LS: BlockExchange:0(0.000s) | mPDG:0(0.003s) | BlockRelocate:0(0.007s) | PDPairExchange:0(0.001s) | TotalTime:0.011s | Cost:1022.92
LS: mPDG:0(0.000s) | PDPairExchange:0(0.001s) | BlockExchange:0(0.001s) | BlockRelocate:0(0.007s) | TotalTime:0.009s | Cost:1022.92
LS: mPDG:0(0.000s) | PDPairExchange:0(0.001s) | BlockExchange:0(0.001s) | BlockRelocate:0(0.007s) | TotalTime:0.009s | Cost:8377.14
LS: BlockRelocate:2(0.004s) | PDPairExchange:0(0.001s) | BlockExchange:0(0.001s) | mPDG:0(0.003s) | TotalTime:0.009s | Cost:8377.14
LS: mPDG:1(0.003s) | PDPairExchange:0(0.002s) | BlockExchange:0(0.002s) | BlockRelocate:1(0.008s) | TotalTime:0.015s | Cost:1022.92

The solution initialized by Cheapest Insertion:
V_1:[p1_2237480094-1 p1_2155510089-1 p2_2237060093-1 d2_2237060093-2 d1_2155510089-1 d1_2237480094-1] V_2:[p1_2253360096-1 d1_2253360096-1] V_3:[p3_2304290097-1 d3_2304290097-3] V_4:[d1_2039070084-1 p1_2212500091-1 d1_2212500091-1 p1_2339300099-1 d1_2339300099-1 p2_2314300098-1 d2_2314300098-2] V_5:[d3_2155460088-3 d1_2217410092-1 p1_2247120095-1 d1_2247120095-1 p6_2353310100-1 d6_2353310100-6]
The fitness value before EA: 1022.92
V_1:[p1_2237480094-1 p1_2155510089-1 p2_2237060093-1 d2_2237060093-2 d1_2155510089-1 d1_2237480094-1] V_2:[p1_2253360096-1 d1_2253360096-1] V_3:[p3_2304290097-1 d3_2304290097-3] V_4:[d1_2039070084-1 p1_2212500091-1 d1_2212500091-1 p1_2339300099-1 d1_2339300099-1 p2_2314300098-1 d2_2314300098-2] V_5:[d3_2155460088-3 d1_2217410092-1 p1_2247120095-1 d1_2247120095-1 p6_2353310100-1 d6_2353310100-6]
The fitness value after EA: 1022.92

Thoi gian thuc hien thuat toan:  1.3064005374908447
SUCCESS

2025-10-04 08:48:43,752 [simulate_environment.py | 256] INFO: 2025-10-05 00:30:00, Item 2155510089-1: state = 1 < 2, we can not finish the simulation
2025-10-04 08:48:43,752 [simulate_environment.py | 99] INFO: **************************************************
2025-10-04 08:48:43,752 [simulate_environment.py | 103] INFO: cur time: 2025-10-05 00:40:00, pre time: 2025-10-05 00:30:00
2025-10-04 08:48:43,752 [simulate_environment.py | 140] INFO: Start to update the input of 2025-10-05 00:40:00
2025-10-04 08:48:43,753 [simulate_environment.py | 167] INFO: Get 18 unallocated order items, 5 ongoing order items, 272 completed order items
2025-10-04 08:48:45,659 [simulate_environment.py | 234] INFO: 
Adaptive config applied: {'num_orders': 6, 'num_vehicles': 5, 'time_budget_sec': None, 'POPULATION_SIZE': 40, 'NUMBER_OF_GENERATION': 20, 'MUTATION_RATE': 0.1, 'LS_MAX': 20, 'LS_MAX_TIME_PER_OP': 3, 'LS_MAX_TIME_IN_SINGLE': 1}
LS: mPDG | Count: 0 | TotalTime:0.004s | Cost:1021.38
LS: BlockExchange | Count: 0 | TotalTime:0.002s | Cost:36233.61
LS: PDPairExchange | Count: 1 | TotalTime:0.001s | Cost:43152.56
LS: mPDG | Count: 1 | TotalTime:0.005s | Cost:36957.71
LS: mPDG | Count: 1 | TotalTime:0.005s | Cost:36957.71
LS: PDPairExchange | Count: 1 | TotalTime:0.001s | Cost:43152.56
LS: BlockRelocate | Count: 1 | TotalTime:0.003s | Cost:38635.71
LS: mPDG | Count: 1 | TotalTime:0.005s | Cost:36957.71
LS: PDPairExchange | Count: 1 | TotalTime:0.000s | Cost:43152.56
LS: PDPairExchange | Count: 1 | TotalTime:0.001s | Cost:43152.56
LS: BlockRelocate | Count: 1 | TotalTime:0.001s | Cost:28582.99
Generation 1: Best = 1021.38, Worst = 43619.23, Avg = 41322.87, Time: 0.14839529991149902
LS: mPDG | Count: 0 | TotalTime:0.002s | Cost:1021.38
LS: BlockRelocate | Count: 1 | TotalTime:0.001s | Cost:24066.09
LS: BlockExchange | Count: 0 | TotalTime:0.001s | Cost:36233.61
LS: BlockRelocate | Count: 1 | TotalTime:0.004s | Cost:21133.09
LS: mPDG | Count: 1 | TotalTime:0.003s | Cost:27749.76
LS: PDPairExchange | Count: 0 | TotalTime:0.001s | Cost:36519.43
LS: mPDG | Count: 1 | TotalTime:0.003s | Cost:27749.76
LS: PDPairExchange | Count: 0 | TotalTime:0.001s | Cost:36519.43
LS: BlockExchange | Count: 0 | TotalTime:0.001s | Cost:36519.43
LS: BlockExchange | Count: 0 | TotalTime:0.001s | Cost:36519.43
LS: PDPairExchange | Count: 0 | TotalTime:0.002s | Cost:36519.43
Generation 2: Best = 1021.38, Worst = 43619.23, Avg = 35984.43, Time: 0.1258678436279297
LS: BlockExchange | Count: 0 | TotalTime:0.001s | Cost:1021.38
LS: BlockRelocate | Count: 1 | TotalTime:0.001s | Cost:19138.49
LS: BlockRelocate | Count: 1 | TotalTime:0.001s | Cost:8921.38
LS: mPDG | Count: 0 | TotalTime:0.004s | Cost:27749.76
LS: mPDG | Count: 0 | TotalTime:0.003s | Cost:27749.76
LS: BlockRelocate | Count: 1 | TotalTime:0.001s | Cost:26716.09
LS: mPDG | Count: 1 | TotalTime:0.004s | Cost:27749.76
LS: BlockExchange | Count: 0 | TotalTime:0.001s | Cost:36519.43
LS: mPDG | Count: 1 | TotalTime:0.004s | Cost:27749.76
LS: BlockRelocate | Count: 1 | TotalTime:0.003s | Cost:27041.53
LS: mPDG | Count: 1 | TotalTime:0.004s | Cost:27749.76
Generation 3: Best = 1021.38, Worst = 43619.23, Avg = 34171.73, Time: 0.16918730735778809
LS: mPDG | Count: 0 | TotalTime:0.003s | Cost:1021.38
LS: BlockRelocate | Count: 1 | TotalTime:0.002s | Cost:1021.84
LS: BlockRelocate | Count: 1 | TotalTime:0.002s | Cost:11588.49
LS: BlockRelocate | Count: 1 | TotalTime:0.004s | Cost:25583.23
LS: BlockRelocate | Count: 1 | TotalTime:0.002s | Cost:25908.05
LS: mPDG | Count: 0 | TotalTime:0.003s | Cost:27749.76
LS: mPDG | Count: 0 | TotalTime:0.003s | Cost:27749.76
LS: mPDG | Count: 0 | TotalTime:0.003s | Cost:27749.76
LS: BlockExchange | Count: 0 | TotalTime:0.002s | Cost:36519.43
LS: mPDG | Count: 1 | TotalTime:0.005s | Cost:27749.76
LS: PDPairExchange | Count: 0 | TotalTime:0.001s | Cost:36519.43
Generation 4: Best = 1021.38, Worst = 43619.23, Avg = 34480.56, Time: 0.126478910446167
LS: mPDG | Count: 0 | TotalTime:0.002s | Cost:1021.38
LS: BlockRelocate | Count: 1 | TotalTime:0.003s | Cost:1021.38
LS: BlockRelocate | Count: 1 | TotalTime:0.001s | Cost:1021.84
LS: BlockRelocate | Count: 1 | TotalTime:0.003s | Cost:21066.33
LS: BlockRelocate | Count: 1 | TotalTime:0.002s | Cost:21030.01
LS: mPDG | Count: 0 | TotalTime:0.003s | Cost:27749.76
LS: mPDG | Count: 0 | TotalTime:0.002s | Cost:27749.76
LS: mPDG | Count: 0 | TotalTime:0.002s | Cost:27749.76
LS: mPDG | Count: 1 | TotalTime:0.003s | Cost:27749.76
LS: mPDG | Count: 1 | TotalTime:0.003s | Cost:27749.76
LS: PDPairExchange | Count: 0 | TotalTime:0.001s | Cost:36519.43
Generation 5: Best = 1021.38, Worst = 43619.23, Avg = 33052.28, Time: 0.11190438270568848
Stopping early due to lack of improvement.
Total runtime: 1.52s (0.0 minutes)
LS: BlockExchange:0(0.000s) | mPDG:0(0.002s) | BlockRelocate:0(0.005s) | PDPairExchange:0(0.001s) | TotalTime:0.008s | Cost:1021.38
LS: BlockRelocate:0(0.000s) | PDPairExchange:0(0.001s) | BlockExchange:0(0.001s) | mPDG:0(0.002s) | TotalTime:0.003s | Cost:1021.38
LS: BlockRelocate:1(0.000s) | PDPairExchange:0(0.001s) | BlockExchange:0(0.001s) | mPDG:0(0.002s) | TotalTime:0.004s | Cost:1021.38
LS: BlockRelocate:3(0.008s) | PDPairExchange:0(0.001s) | BlockExchange:0(0.001s) | mPDG:0(0.002s) | TotalTime:0.011s | Cost:1021.38
LS: BlockRelocate:3(0.005s) | PDPairExchange:0(0.001s) | BlockExchange:0(0.001s) | mPDG:0(0.002s) | TotalTime:0.008s | Cost:1021.38

The solution initialized by Cheapest Insertion:
V_1:[p1_2237480094-1 p1_2155510089-1 p2_2237060093-1 d2_2237060093-2 d1_2155510089-1 d1_2237480094-1] V_2:[p1_2253360096-1 d1_2253360096-1] V_3:[p3_2304290097-1 d3_2304290097-3] V_4:[d1_2212500091-1 p1_2339300099-1 d1_2339300099-1 p2_2314300098-1 d2_2314300098-2] V_5:[d3_2155460088-3 d1_2217410092-1 p1_2247120095-1 d1_2247120095-1 p6_2353310100-1 d6_2353310100-6]
The fitness value before EA: 1021.38
V_1:[p1_2237480094-1 p1_2155510089-1 p2_2237060093-1 d2_2237060093-2 d1_2155510089-1 d1_2237480094-1] V_2:[p1_2253360096-1 d1_2253360096-1] V_3:[p3_2304290097-1 d3_2304290097-3] V_4:[d1_2212500091-1 p1_2339300099-1 d1_2339300099-1 p2_2314300098-1 d2_2314300098-2] V_5:[d3_2155460088-3 d1_2217410092-1 p1_2247120095-1 d1_2247120095-1 p6_2353310100-1 d6_2353310100-6]
The fitness value after EA: 1021.38

Thoi gian thuc hien thuat toan:  1.5837938785552979
SUCCESS

2025-10-04 08:48:45,659 [simulate_environment.py | 256] INFO: 2025-10-05 00:40:00, Item 2155510089-1: state = 1 < 2, we can not finish the simulation
2025-10-04 08:48:45,660 [simulate_environment.py | 99] INFO: **************************************************
2025-10-04 08:48:45,660 [simulate_environment.py | 103] INFO: cur time: 2025-10-05 00:50:00, pre time: 2025-10-05 00:40:00
2025-10-04 08:48:45,660 [simulate_environment.py | 140] INFO: Start to update the input of 2025-10-05 00:50:00
2025-10-04 08:48:45,660 [simulate_environment.py | 167] INFO: Get 18 unallocated order items, 2 ongoing order items, 275 completed order items
2025-10-04 08:48:47,423 [simulate_environment.py | 234] INFO: 
Adaptive config applied: {'num_orders': 6, 'num_vehicles': 5, 'time_budget_sec': None, 'POPULATION_SIZE': 40, 'NUMBER_OF_GENERATION': 20, 'MUTATION_RATE': 0.1, 'LS_MAX': 20, 'LS_MAX_TIME_PER_OP': 3, 'LS_MAX_TIME_IN_SINGLE': 1}
LS: BlockRelocate | Count: 0 | TotalTime:0.005s | Cost:1019.84
LS: BlockExchange | Count: 0 | TotalTime:0.001s | Cost:14570.36
LS: mPDG | Count: 1 | TotalTime:0.002s | Cost:28581.45
LS: BlockRelocate | Count: 1 | TotalTime:0.002s | Cost:36956.17
LS: mPDG | Count: 1 | TotalTime:0.002s | Cost:28581.45
LS: PDPairExchange | Count: 1 | TotalTime:0.000s | Cost:42051.18
LS: mPDG | Count: 1 | TotalTime:0.002s | Cost:28581.45
LS: mPDG | Count: 1 | TotalTime:0.002s | Cost:28581.45
LS: PDPairExchange | Count: 1 | TotalTime:0.000s | Cost:43151.02
LS: BlockRelocate | Count: 1 | TotalTime:0.002s | Cost:36956.17
LS: BlockRelocate | Count: 1 | TotalTime:0.002s | Cost:41750.78
Generation 1: Best = 1019.84, Worst = 43617.69, Avg = 39892.36, Time: 0.08996295928955078
LS: BlockRelocate | Count: 0 | TotalTime:0.005s | Cost:1019.84
LS: PDPairExchange | Count: 0 | TotalTime:0.001s | Cost:14570.36
LS: mPDG | Count: 0 | TotalTime:0.002s | Cost:28581.45
LS: mPDG | Count: 0 | TotalTime:0.003s | Cost:28581.45
LS: mPDG | Count: 0 | TotalTime:0.002s | Cost:28581.45
LS: mPDG | Count: 0 | TotalTime:0.002s | Cost:28581.45
LS: PDPairExchange | Count: 0 | TotalTime:0.001s | Cost:36517.89
LS: BlockRelocate | Count: 1 | TotalTime:0.003s | Cost:21131.55
LS: mPDG | Count: 0 | TotalTime:0.003s | Cost:36517.89
LS: BlockExchange | Count: 0 | TotalTime:0.002s | Cost:36517.89
LS: PDPairExchange | Count: 0 | TotalTime:0.002s | Cost:36517.89
Generation 2: Best = 1019.84, Worst = 47051.42, Avg = 36049.49, Time: 0.10539031028747559
LS: PDPairExchange | Count: 0 | TotalTime:0.001s | Cost:1019.84
LS: BlockExchange | Count: 0 | TotalTime:0.001s | Cost:14570.36
LS: BlockRelocate | Count: 1 | TotalTime:0.003s | Cost:19136.95
LS: mPDG | Count: 0 | TotalTime:0.002s | Cost:28581.45
LS: mPDG | Count: 0 | TotalTime:0.002s | Cost:28581.45
LS: mPDG | Count: 0 | TotalTime:0.003s | Cost:28581.45
LS: mPDG | Count: 0 | TotalTime:0.003s | Cost:28581.45
LS: BlockRelocate | Count: 1 | TotalTime:0.004s | Cost:21131.55
LS: BlockRelocate | Count: 1 | TotalTime:0.001s | Cost:21131.55
LS: BlockRelocate | Count: 1 | TotalTime:0.002s | Cost:21131.55
LS: mPDG | Count: 0 | TotalTime:0.004s | Cost:36517.89
Generation 3: Best = 1019.84, Worst = 43617.69, Avg = 33587.08, Time: 0.11795401573181152
LS: PDPairExchange | Count: 0 | TotalTime:0.001s | Cost:1019.84
LS: PDPairExchange | Count: 0 | TotalTime:0.001s | Cost:14570.36
LS: BlockRelocate | Count: 1 | TotalTime:0.002s | Cost:11586.95
LS: BlockRelocate | Count: 1 | TotalTime:0.006s | Cost:19136.95
LS: BlockRelocate | Count: 1 | TotalTime:0.006s | Cost:19136.95
LS: BlockRelocate | Count: 1 | TotalTime:0.005s | Cost:19136.95
LS: mPDG | Count: 0 | TotalTime:0.003s | Cost:28581.45
LS: mPDG | Count: 0 | TotalTime:0.004s | Cost:28581.45
LS: BlockRelocate | Count: 1 | TotalTime:0.007s | Cost:21131.55
LS: BlockRelocate | Count: 1 | TotalTime:0.003s | Cost:27039.99
LS: BlockRelocate | Count: 1 | TotalTime:0.005s | Cost:27039.99
Generation 4: Best = 1019.84, Worst = 43617.69, Avg = 33674.48, Time: 0.17060542106628418
LS: PDPairExchange | Count: 0 | TotalTime:0.001s | Cost:1019.84
LS: BlockRelocate | Count: 1 | TotalTime:0.002s | Cost:1020.30
LS: BlockExchange | Count: 0 | TotalTime:0.001s | Cost:14570.36
LS: BlockRelocate | Count: 1 | TotalTime:0.001s | Cost:1503.69
LS: BlockRelocate | Count: 1 | TotalTime:0.004s | Cost:11586.95
LS: BlockRelocate | Count: 1 | TotalTime:0.001s | Cost:1503.69
LS: BlockRelocate | Count: 1 | TotalTime:0.002s | Cost:19136.95
LS: BlockRelocate | Count: 1 | TotalTime:0.001s | Cost:25906.51
LS: BlockRelocate | Count: 1 | TotalTime:0.007s | Cost:27039.99
LS: PDPairExchange | Count: 0 | TotalTime:0.001s | Cost:36517.89
LS: BlockRelocate | Count: 1 | TotalTime:0.004s | Cost:21131.55
Generation 5: Best = 1019.84, Worst = 43617.69, Avg = 31386.39, Time: 0.13738298416137695
Stopping early due to lack of improvement.
Total runtime: 1.34s (0.0 minutes)
LS: BlockRelocate:0(0.000s) | BlockExchange:0(0.001s) | mPDG:0(0.003s) | PDPairExchange:0(0.001s) | TotalTime:0.005s | Cost:1019.84
LS: BlockRelocate:1(0.003s) | PDPairExchange:0(0.001s) | BlockExchange:0(0.001s) | mPDG:0(0.003s) | TotalTime:0.008s | Cost:1019.84
LS: BlockRelocate:1(0.006s) | PDPairExchange:0(0.001s) | BlockExchange:0(0.001s) | mPDG:0(0.002s) | TotalTime:0.010s | Cost:1019.84
LS: BlockRelocate:1(0.000s) | PDPairExchange:0(0.001s) | BlockExchange:0(0.001s) | mPDG:0(0.002s) | TotalTime:0.004s | Cost:1019.84
LS: BlockRelocate:2(0.005s) | PDPairExchange:0(0.001s) | BlockExchange:0(0.001s) | mPDG:0(0.002s) | TotalTime:0.009s | Cost:1019.84

The solution initialized by Cheapest Insertion:
V_1:[p1_2237480094-1 p1_2155510089-1 p2_2237060093-1 d2_2237060093-2 d1_2155510089-1 d1_2237480094-1] V_2:[p1_2253360096-1 d1_2253360096-1] V_3:[p3_2304290097-1 d3_2304290097-3] V_4:[d1_2212500091-1 p1_2339300099-1 d1_2339300099-1 p2_2314300098-1 d2_2314300098-2] V_5:[d1_2217410092-1 p1_2247120095-1 d1_2247120095-1 p6_2353310100-1 d6_2353310100-6]
The fitness value before EA: 1019.84
V_1:[p1_2237480094-1 p1_2155510089-1 p2_2237060093-1 d2_2237060093-2 d1_2155510089-1 d1_2237480094-1] V_2:[p1_2253360096-1 d1_2253360096-1] V_3:[p3_2304290097-1 d3_2304290097-3] V_4:[d1_2212500091-1 p1_2339300099-1 d1_2339300099-1 p2_2314300098-1 d2_2314300098-2] V_5:[d1_2217410092-1 p1_2247120095-1 d1_2247120095-1 p6_2353310100-1 d6_2353310100-6]
The fitness value after EA: 1019.84

Thoi gian thuc hien thuat toan:  1.4186136722564697
SUCCESS

2025-10-04 08:48:47,424 [simulate_environment.py | 256] INFO: 2025-10-05 00:50:00, Item 2155510089-1: state = 1 < 2, we can not finish the simulation
2025-10-04 08:48:47,424 [simulate_environment.py | 99] INFO: **************************************************
2025-10-04 08:48:47,424 [simulate_environment.py | 103] INFO: cur time: 2025-10-05 01:00:00, pre time: 2025-10-05 00:50:00
2025-10-04 08:48:47,425 [simulate_environment.py | 140] INFO: Start to update the input of 2025-10-05 01:00:00
2025-10-04 08:48:47,425 [simulate_environment.py | 167] INFO: Get 18 unallocated order items, 2 ongoing order items, 275 completed order items
2025-10-04 08:48:50,663 [simulate_environment.py | 234] INFO: 
Adaptive config applied: {'num_orders': 6, 'num_vehicles': 5, 'time_budget_sec': None, 'POPULATION_SIZE': 40, 'NUMBER_OF_GENERATION': 20, 'MUTATION_RATE': 0.1, 'LS_MAX': 20, 'LS_MAX_TIME_PER_OP': 3, 'LS_MAX_TIME_IN_SINGLE': 1}
LS: BlockExchange | Count: 0 | TotalTime:0.002s | Cost:1017.74
LS: mPDG | Count: 1 | TotalTime:0.005s | Cost:28579.35
LS: mPDG | Count: 1 | TotalTime:0.006s | Cost:28579.35
LS: BlockRelocate | Count: 1 | TotalTime:0.003s | Cost:28579.35
LS: mPDG | Count: 1 | TotalTime:0.005s | Cost:28579.35
LS: mPDG | Count: 1 | TotalTime:0.004s | Cost:28579.35
LS: mPDG | Count: 1 | TotalTime:0.005s | Cost:28579.35
LS: mPDG | Count: 1 | TotalTime:0.005s | Cost:28579.35
LS: mPDG | Count: 1 | TotalTime:0.005s | Cost:28579.35
LS: PDPairExchange | Count: 1 | TotalTime:0.001s | Cost:43148.92
LS: PDPairExchange | Count: 1 | TotalTime:0.002s | Cost:42049.08
Generation 1: Best = 1017.74, Worst = 71947.46, Avg = 40200.86, Time: 0.23770833015441895
LS: BlockExchange | Count: 0 | TotalTime:0.001s | Cost:1017.74
LS: mPDG | Count: 0 | TotalTime:0.004s | Cost:28579.35
LS: mPDG | Count: 0 | TotalTime:0.004s | Cost:28579.35
LS: BlockRelocate | Count: 1 | TotalTime:0.004s | Cost:26712.45
LS: mPDG | Count: 0 | TotalTime:0.003s | Cost:28579.35
LS: mPDG | Count: 0 | TotalTime:0.003s | Cost:28579.35
LS: mPDG | Count: 0 | TotalTime:0.003s | Cost:28579.35
LS: mPDG | Count: 0 | TotalTime:0.003s | Cost:28579.35
LS: BlockExchange | Count: 0 | TotalTime:0.001s | Cost:36515.79
LS: PDPairExchange | Count: 0 | TotalTime:0.001s | Cost:36515.79
LS: PDPairExchange | Count: 0 | TotalTime:0.001s | Cost:36515.79
Generation 2: Best = 1017.74, Worst = 47049.32, Avg = 35698.59, Time: 0.15880918502807617
LS: BlockExchange | Count: 0 | TotalTime:0.001s | Cost:1017.74
LS: BlockRelocate | Count: 1 | TotalTime:0.005s | Cost:25579.59
LS: mPDG | Count: 0 | TotalTime:0.005s | Cost:28579.35
LS: mPDG | Count: 0 | TotalTime:0.005s | Cost:28579.35
LS: mPDG | Count: 0 | TotalTime:0.004s | Cost:28579.35
LS: mPDG | Count: 0 | TotalTime:0.004s | Cost:28579.35
LS: mPDG | Count: 0 | TotalTime:0.005s | Cost:28579.35
LS: mPDG | Count: 0 | TotalTime:0.005s | Cost:28579.35
LS: mPDG | Count: 0 | TotalTime:0.004s | Cost:36515.79
LS: mPDG | Count: 0 | TotalTime:0.004s | Cost:36515.79
LS: mPDG | Count: 0 | TotalTime:0.004s | Cost:36515.79
Generation 3: Best = 1017.74, Worst = 43615.59, Avg = 36116.91, Time: 0.18975472450256348
LS: mPDG | Count: 0 | TotalTime:0.006s | Cost:1017.74
LS: BlockRelocate | Count: 1 | TotalTime:0.001s | Cost:21062.69
LS: mPDG | Count: 0 | TotalTime:0.005s | Cost:28579.35
LS: mPDG | Count: 0 | TotalTime:0.005s | Cost:28579.35
LS: mPDG | Count: 0 | TotalTime:0.005s | Cost:28579.35
LS: mPDG | Count: 0 | TotalTime:0.005s | Cost:28579.35
LS: mPDG | Count: 0 | TotalTime:0.005s | Cost:28579.35
LS: mPDG | Count: 0 | TotalTime:0.005s | Cost:28579.35
LS: PDPairExchange | Count: 0 | TotalTime:0.002s | Cost:36515.79
LS: mPDG | Count: 0 | TotalTime:0.005s | Cost:36515.79
LS: mPDG | Count: 0 | TotalTime:0.005s | Cost:36515.79
Generation 4: Best = 1017.74, Worst = 43615.59, Avg = 34584.03, Time: 0.1840982437133789
LS: BlockExchange | Count: 0 | TotalTime:0.001s | Cost:1017.74
LS: BlockRelocate | Count: 1 | TotalTime:0.002s | Cost:18234.87
LS: mPDG | Count: 0 | TotalTime:0.003s | Cost:28579.35
LS: mPDG | Count: 0 | TotalTime:0.003s | Cost:28579.35
LS: mPDG | Count: 0 | TotalTime:0.003s | Cost:28579.35
LS: mPDG | Count: 0 | TotalTime:0.003s | Cost:28579.35
LS: mPDG | Count: 0 | TotalTime:0.003s | Cost:28579.35
LS: mPDG | Count: 0 | TotalTime:0.003s | Cost:28579.35
LS: PDPairExchange | Count: 0 | TotalTime:0.001s | Cost:36515.79
LS: PDPairExchange | Count: 0 | TotalTime:0.001s | Cost:36515.79
LS: BlockRelocate | Count: 1 | TotalTime:0.007s | Cost:21129.45
Generation 5: Best = 1017.74, Worst = 43615.59, Avg = 34838.65, Time: 0.12583255767822266
Stopping early due to lack of improvement.
Total runtime: 2.58s (0.0 minutes)
LS: BlockRelocate:0(0.000s) | mPDG:0(0.003s) | PDPairExchange:0(0.001s) | BlockExchange:0(0.001s) | TotalTime:0.005s | Cost:1017.74
LS: BlockRelocate:2(0.006s) | PDPairExchange:0(0.001s) | BlockExchange:0(0.001s) | mPDG:0(0.003s) | TotalTime:0.011s | Cost:1017.74
LS: BlockRelocate:4(0.012s) | PDPairExchange:0(0.001s) | BlockExchange:0(0.001s) | mPDG:0(0.003s) | TotalTime:0.017s | Cost:1017.74
LS: mPDG:0(0.000s) | PDPairExchange:1(0.004s) | BlockExchange:0(0.003s) | BlockRelocate:2(0.010s) | TotalTime:0.017s | Cost:1017.74
LS: mPDG:0(0.000s) | PDPairExchange:1(0.003s) | BlockExchange:0(0.003s) | BlockRelocate:2(0.016s) | TotalTime:0.023s | Cost:1017.74

The solution initialized by Cheapest Insertion:
V_1:[p1_2237480094-1 p1_2155510089-1 p2_2237060093-1 d2_2237060093-2 d1_2155510089-1 d1_2237480094-1] V_2:[p1_2253360096-1 d1_2253360096-1] V_3:[p3_2304290097-1 d3_2304290097-3] V_4:[d1_2212500091-1 p1_2339300099-1 d1_2339300099-1 p2_2314300098-1 d2_2314300098-2] V_5:[d1_2217410092-1 p1_2247120095-1 d1_2247120095-1 p6_2353310100-1 d6_2353310100-6]
The fitness value before EA: 1017.74
V_1:[p1_2237480094-1 p1_2155510089-1 p2_2237060093-1 d2_2237060093-2 d1_2155510089-1 d1_2237480094-1] V_2:[p1_2253360096-1 d1_2253360096-1] V_3:[p3_2304290097-1 d3_2304290097-3] V_4:[d1_2212500091-1 p1_2339300099-1 d1_2339300099-1 p2_2314300098-1 d2_2314300098-2] V_5:[d1_2217410092-1 p1_2247120095-1 d1_2247120095-1 p6_2353310100-1 d6_2353310100-6]
The fitness value after EA: 1017.74

Thoi gian thuc hien thuat toan:  2.704335927963257
SUCCESS

2025-10-04 08:48:50,664 [simulate_environment.py | 256] INFO: 2025-10-05 01:00:00, Item 2155510089-1: state = 1 < 2, we can not finish the simulation
2025-10-04 08:48:50,664 [simulate_environment.py | 99] INFO: **************************************************
2025-10-04 08:48:50,665 [simulate_environment.py | 103] INFO: cur time: 2025-10-05 01:10:00, pre time: 2025-10-05 01:00:00
2025-10-04 08:48:50,665 [simulate_environment.py | 140] INFO: Start to update the input of 2025-10-05 01:10:00
2025-10-04 08:48:50,665 [simulate_environment.py | 167] INFO: Get 14 unallocated order items, 6 ongoing order items, 275 completed order items
2025-10-04 08:48:52,696 [simulate_environment.py | 234] INFO: 
Adaptive config applied: {'num_orders': 4, 'num_vehicles': 5, 'time_budget_sec': None, 'POPULATION_SIZE': 40, 'NUMBER_OF_GENERATION': 20, 'MUTATION_RATE': 0.1, 'LS_MAX': 20, 'LS_MAX_TIME_PER_OP': 3, 'LS_MAX_TIME_IN_SINGLE': 1}
LS: BlockRelocate | Count: 0 | TotalTime:0.006s | Cost:1014.72
LS: BlockRelocate | Count: 0 | TotalTime:0.007s | Cost:1014.72
LS: BlockRelocate | Count: 0 | TotalTime:0.007s | Cost:1014.72
LS: PDPairExchange | Count: 0 | TotalTime:0.001s | Cost:1014.72
LS: PDPairExchange | Count: 0 | TotalTime:0.001s | Cost:1014.72
LS: PDPairExchange | Count: 0 | TotalTime:0.001s | Cost:1014.72
LS: mPDG | Count: 0 | TotalTime:0.007s | Cost:1014.72
LS: BlockRelocate | Count: 0 | TotalTime:0.010s | Cost:1014.72
LS: mPDG | Count: 0 | TotalTime:0.003s | Cost:1014.72
LS: BlockExchange | Count: 0 | TotalTime:0.001s | Cost:1014.72
LS: BlockExchange | Count: 0 | TotalTime:0.001s | Cost:1014.72
Generation 1: Best = 1014.72, Worst = 42615.80, Avg = 2054.75, Time: 0.21918797492980957
LS: BlockRelocate | Count: 0 | TotalTime:0.009s | Cost:1014.72
LS: PDPairExchange | Count: 0 | TotalTime:0.001s | Cost:1014.72
LS: BlockRelocate | Count: 0 | TotalTime:0.011s | Cost:1014.72
LS: BlockRelocate | Count: 0 | TotalTime:0.010s | Cost:1014.72
LS: BlockExchange | Count: 0 | TotalTime:0.001s | Cost:1014.72
LS: PDPairExchange | Count: 0 | TotalTime:0.001s | Cost:1014.72
LS: mPDG | Count: 0 | TotalTime:0.008s | Cost:1014.72
LS: BlockRelocate | Count: 0 | TotalTime:0.009s | Cost:1014.72
LS: BlockRelocate | Count: 0 | TotalTime:0.012s | Cost:1014.72
LS: BlockExchange | Count: 0 | TotalTime:0.001s | Cost:1014.72
LS: PDPairExchange | Count: 0 | TotalTime:0.001s | Cost:1014.72
Generation 2: Best = 1014.72, Worst = 1014.72, Avg = 1014.72, Time: 0.36507129669189453
Stopping early due to lack of improvement.
Total runtime: 1.44s (0.0 minutes)
LS: BlockExchange:0(0.000s) | mPDG:0(0.003s) | BlockRelocate:0(0.010s) | PDPairExchange:0(0.001s) | TotalTime:0.014s | Cost:1014.72
LS: BlockExchange:0(0.000s) | BlockRelocate:0(0.012s) | mPDG:0(0.004s) | PDPairExchange:0(0.001s) | TotalTime:0.016s | Cost:1014.72
LS: BlockRelocate:0(0.000s) | mPDG:0(0.004s) | BlockExchange:0(0.001s) | PDPairExchange:0(0.001s) | TotalTime:0.006s | Cost:1014.72
LS: BlockRelocate:0(0.000s) | mPDG:0(0.004s) | PDPairExchange:0(0.001s) | BlockExchange:0(0.010s) | TotalTime:0.014s | Cost:1014.72
LS: BlockRelocate:0(0.000s) | mPDG:0(0.010s) | BlockExchange:0(0.002s) | PDPairExchange:0(0.001s) | TotalTime:0.012s | Cost:1014.72

The solution initialized by Cheapest Insertion:
V_1:[d2_2237060093-2 d1_2155510089-1 d1_2237480094-1] V_2:[p1_2253360096-1 d1_2253360096-1] V_3:[p3_2304290097-1 d3_2304290097-3] V_4:[d1_2212500091-1 p1_2339300099-1 d1_2339300099-1 p2_2314300098-1 d2_2314300098-2] V_5:[d1_2217410092-1 p1_2247120095-1 d1_2247120095-1 p6_2353310100-1 d6_2353310100-6]
The fitness value before EA: 1014.72
V_1:[d2_2237060093-2 d1_2155510089-1 d1_2237480094-1] V_2:[p1_2253360096-1 d1_2253360096-1] V_3:[p3_2304290097-1 d3_2304290097-3] V_4:[d1_2212500091-1 p1_2339300099-1 d1_2339300099-1 p2_2314300098-1 d2_2314300098-2] V_5:[d1_2217410092-1 p1_2247120095-1 d1_2247120095-1 p6_2353310100-1 d6_2353310100-6]
The fitness value after EA: 1014.72

Thoi gian thuc hien thuat toan:  1.5583336353302002
SUCCESS

2025-10-04 08:48:52,697 [simulate_environment.py | 256] INFO: 2025-10-05 01:10:00, Item 2247120095-1: state = 1 < 2, we can not finish the simulation
2025-10-04 08:48:52,698 [simulate_environment.py | 99] INFO: **************************************************
2025-10-04 08:48:52,698 [simulate_environment.py | 103] INFO: cur time: 2025-10-05 01:20:00, pre time: 2025-10-05 01:10:00
2025-10-04 08:48:52,698 [simulate_environment.py | 140] INFO: Start to update the input of 2025-10-05 01:20:00
2025-10-04 08:48:52,699 [simulate_environment.py | 167] INFO: Get 11 unallocated order items, 9 ongoing order items, 275 completed order items
2025-10-04 08:48:55,248 [simulate_environment.py | 234] INFO: 
Adaptive config applied: {'num_orders': 4, 'num_vehicles': 5, 'time_budget_sec': None, 'POPULATION_SIZE': 40, 'NUMBER_OF_GENERATION': 20, 'MUTATION_RATE': 0.1, 'LS_MAX': 20, 'LS_MAX_TIME_PER_OP': 3, 'LS_MAX_TIME_IN_SINGLE': 1}
LS: BlockExchange | Count: 0 | TotalTime:0.001s | Cost:1014.72
LS: PDPairExchange | Count: 0 | TotalTime:0.001s | Cost:1014.72
LS: BlockExchange | Count: 0 | TotalTime:0.001s | Cost:1014.72
LS: BlockRelocate | Count: 0 | TotalTime:0.006s | Cost:1014.72
LS: BlockRelocate | Count: 0 | TotalTime:0.010s | Cost:1014.72
LS: BlockExchange | Count: 0 | TotalTime:0.001s | Cost:1014.72
LS: mPDG | Count: 0 | TotalTime:0.002s | Cost:1014.72
LS: BlockExchange | Count: 0 | TotalTime:0.001s | Cost:1014.72
LS: BlockExchange | Count: 0 | TotalTime:0.001s | Cost:1014.72
LS: PDPairExchange | Count: 0 | TotalTime:0.001s | Cost:1014.72
LS: PDPairExchange | Count: 0 | TotalTime:0.001s | Cost:1014.72
Generation 1: Best = 1014.72, Worst = 71198.39, Avg = 2769.31, Time: 0.1463174819946289
LS: PDPairExchange | Count: 0 | TotalTime:0.001s | Cost:1014.72
LS: mPDG | Count: 0 | TotalTime:0.003s | Cost:1014.72
LS: BlockExchange | Count: 0 | TotalTime:0.001s | Cost:1014.72
LS: BlockExchange | Count: 0 | TotalTime:0.001s | Cost:1014.72
LS: BlockExchange | Count: 0 | TotalTime:0.001s | Cost:1014.72
LS: BlockExchange | Count: 0 | TotalTime:0.001s | Cost:1014.72
LS: BlockRelocate | Count: 0 | TotalTime:0.004s | Cost:1014.72
LS: BlockExchange | Count: 0 | TotalTime:0.001s | Cost:1014.72
LS: mPDG | Count: 0 | TotalTime:0.001s | Cost:1014.72
LS: BlockRelocate | Count: 0 | TotalTime:0.004s | Cost:1014.72
LS: PDPairExchange | Count: 0 | TotalTime:0.000s | Cost:1014.72
Generation 2: Best = 1014.72, Worst = 1014.72, Avg = 1014.72, Time: 0.12973642349243164
Stopping early due to lack of improvement.
Total runtime: 1.82s (0.0 minutes)
LS: PDPairExchange:0(0.000s) | BlockExchange:0(0.000s) | BlockRelocate:0(0.003s) | mPDG:0(0.001s) | TotalTime:0.005s | Cost:1014.72
LS: BlockRelocate:0(0.000s) | BlockExchange:0(0.001s) | mPDG:0(0.001s) | PDPairExchange:0(0.000s) | TotalTime:0.002s | Cost:1014.72
LS: BlockRelocate:0(0.000s) | mPDG:0(0.001s) | BlockExchange:0(0.001s) | PDPairExchange:0(0.000s) | TotalTime:0.002s | Cost:1014.72
LS: BlockRelocate:0(0.000s) | PDPairExchange:0(0.000s) | mPDG:0(0.002s) | BlockExchange:0(0.001s) | TotalTime:0.003s | Cost:1014.72
LS: BlockExchange:0(0.000s) | PDPairExchange:0(0.001s) | BlockRelocate:0(0.003s) | mPDG:0(0.002s) | TotalTime:0.006s | Cost:1014.72

The solution initialized by Cheapest Insertion:
V_1:[d2_2237060093-2 d1_2155510089-1 d1_2237480094-1] V_2:[p1_2253360096-1 d1_2253360096-1] V_3:[d3_2304290097-3] V_4:[d1_2212500091-1 p1_2339300099-1 d1_2339300099-1 p2_2314300098-1 d2_2314300098-2] V_5:[d1_2217410092-1 p1_2247120095-1 d1_2247120095-1 p6_2353310100-1 d6_2353310100-6]
The fitness value before EA: 1014.72
V_1:[d2_2237060093-2 d1_2155510089-1 d1_2237480094-1] V_2:[p1_2253360096-1 d1_2253360096-1] V_3:[d3_2304290097-3] V_4:[d1_2212500091-1 p1_2339300099-1 d1_2339300099-1 p2_2314300098-1 d2_2314300098-2] V_5:[d1_2217410092-1 p1_2247120095-1 d1_2247120095-1 p6_2353310100-1 d6_2353310100-6]
The fitness value after EA: 1014.72

Thoi gian thuc hien thuat toan:  1.8628718852996826
SUCCESS

2025-10-04 08:48:55,250 [simulate_environment.py | 256] INFO: 2025-10-05 01:20:00, Item 2247120095-1: state = 1 < 2, we can not finish the simulation
2025-10-04 08:48:55,250 [simulate_environment.py | 99] INFO: **************************************************
2025-10-04 08:48:55,250 [simulate_environment.py | 103] INFO: cur time: 2025-10-05 01:30:00, pre time: 2025-10-05 01:20:00
2025-10-04 08:48:55,251 [simulate_environment.py | 140] INFO: Start to update the input of 2025-10-05 01:30:00
2025-10-04 08:48:55,252 [simulate_environment.py | 167] INFO: Get 10 unallocated order items, 10 ongoing order items, 275 completed order items
2025-10-04 08:48:59,538 [simulate_environment.py | 234] INFO: 
Adaptive config applied: {'num_orders': 4, 'num_vehicles': 5, 'time_budget_sec': None, 'POPULATION_SIZE': 40, 'NUMBER_OF_GENERATION': 20, 'MUTATION_RATE': 0.1, 'LS_MAX': 20, 'LS_MAX_TIME_PER_OP': 3, 'LS_MAX_TIME_IN_SINGLE': 1}
LS: mPDG | Count: 0 | TotalTime:0.003s | Cost:1014.72
LS: BlockExchange | Count: 0 | TotalTime:0.001s | Cost:1014.72
LS: mPDG | Count: 0 | TotalTime:0.004s | Cost:1014.72
LS: PDPairExchange | Count: 0 | TotalTime:0.001s | Cost:1014.72
LS: PDPairExchange | Count: 0 | TotalTime:0.001s | Cost:1014.72
LS: PDPairExchange | Count: 0 | TotalTime:0.001s | Cost:1014.72
LS: PDPairExchange | Count: 0 | TotalTime:0.001s | Cost:1014.72
LS: mPDG | Count: 0 | TotalTime:0.002s | Cost:1014.72
LS: PDPairExchange | Count: 0 | TotalTime:0.001s | Cost:1014.72
LS: PDPairExchange | Count: 0 | TotalTime:0.001s | Cost:1014.72
LS: mPDG | Count: 0 | TotalTime:0.003s | Cost:1014.72
Generation 1: Best = 1014.72, Worst = 34799.09, Avg = 1859.33, Time: 0.21239018440246582
LS: mPDG | Count: 0 | TotalTime:0.003s | Cost:1014.72
LS: BlockExchange | Count: 0 | TotalTime:0.010s | Cost:1014.72
LS: mPDG | Count: 0 | TotalTime:0.003s | Cost:1014.72
LS: BlockRelocate | Count: 0 | TotalTime:0.017s | Cost:1014.72
LS: mPDG | Count: 0 | TotalTime:0.004s | Cost:1014.72
LS: PDPairExchange | Count: 0 | TotalTime:0.001s | Cost:1014.72
LS: BlockRelocate | Count: 0 | TotalTime:0.017s | Cost:1014.72
LS: BlockRelocate | Count: 0 | TotalTime:0.015s | Cost:1014.72
LS: PDPairExchange | Count: 0 | TotalTime:0.001s | Cost:1014.72
LS: BlockRelocate | Count: 0 | TotalTime:0.007s | Cost:1014.72
LS: mPDG | Count: 0 | TotalTime:0.003s | Cost:1014.72
Generation 2: Best = 1014.72, Worst = 1014.72, Avg = 1014.72, Time: 0.3273465633392334
Stopping early due to lack of improvement.
Total runtime: 3.61s (0.1 minutes)
LS: BlockExchange:0(0.000s) | PDPairExchange:0(0.001s) | mPDG:0(0.005s) | BlockRelocate:0(0.011s) | TotalTime:0.016s | Cost:1014.72
LS: BlockRelocate:0(0.000s) | mPDG:0(0.003s) | PDPairExchange:0(0.002s) | BlockExchange:0(0.001s) | TotalTime:0.006s | Cost:1014.72
LS: BlockRelocate:0(0.000s) | BlockExchange:0(0.001s) | PDPairExchange:0(0.001s) | mPDG:0(0.003s) | TotalTime:0.005s | Cost:1014.72
LS: BlockExchange:0(0.000s) | BlockRelocate:0(0.013s) | mPDG:0(0.003s) | PDPairExchange:0(0.001s) | TotalTime:0.017s | Cost:1014.72
LS: BlockRelocate:0(0.000s) | PDPairExchange:0(0.001s) | mPDG:0(0.003s) | BlockExchange:0(0.001s) | TotalTime:0.006s | Cost:1014.72

The solution initialized by Cheapest Insertion:
V_1:[d2_2237060093-2 d1_2155510089-1 d1_2237480094-1] V_2:[d1_2253360096-1] V_3:[d3_2304290097-3] V_4:[d1_2212500091-1 p1_2339300099-1 d1_2339300099-1 p2_2314300098-1 d2_2314300098-2] V_5:[d1_2217410092-1 p1_2247120095-1 d1_2247120095-1 p6_2353310100-1 d6_2353310100-6]
The fitness value before EA: 1014.72
V_1:[d2_2237060093-2 d1_2155510089-1 d1_2237480094-1] V_2:[d1_2253360096-1] V_3:[d3_2304290097-3] V_4:[d1_2212500091-1 p1_2339300099-1 d1_2339300099-1 p2_2314300098-1 d2_2314300098-2] V_5:[d1_2217410092-1 p1_2247120095-1 d1_2247120095-1 p6_2353310100-1 d6_2353310100-6]
The fitness value after EA: 1014.72

Thoi gian thuc hien thuat toan:  3.7170560359954834
SUCCESS

2025-10-04 08:48:59,542 [simulate_environment.py | 256] INFO: 2025-10-05 01:30:00, Item 2247120095-1: state = 1 < 2, we can not finish the simulation
2025-10-04 08:48:59,543 [simulate_environment.py | 99] INFO: **************************************************
2025-10-04 08:48:59,543 [simulate_environment.py | 103] INFO: cur time: 2025-10-05 01:40:00, pre time: 2025-10-05 01:30:00
2025-10-04 08:48:59,543 [simulate_environment.py | 140] INFO: Start to update the input of 2025-10-05 01:40:00
2025-10-04 08:48:59,545 [simulate_environment.py | 167] INFO: Get 8 unallocated order items, 10 ongoing order items, 277 completed order items
2025-10-04 08:49:01,758 [simulate_environment.py | 234] INFO: 
Adaptive config applied: {'num_orders': 2, 'num_vehicles': 5, 'time_budget_sec': None, 'POPULATION_SIZE': 40, 'NUMBER_OF_GENERATION': 20, 'MUTATION_RATE': 0.1, 'LS_MAX': 20, 'LS_MAX_TIME_PER_OP': 3, 'LS_MAX_TIME_IN_SINGLE': 1}
LS: BlockExchange | Count: 0 | TotalTime:0.000s | Cost:1014.48
LS: PDPairExchange | Count: 0 | TotalTime:0.000s | Cost:1014.48
LS: BlockRelocate | Count: 0 | TotalTime:0.001s | Cost:1014.48
LS: PDPairExchange | Count: 0 | TotalTime:0.000s | Cost:1014.48
LS: mPDG | Count: 0 | TotalTime:0.000s | Cost:1014.48
LS: BlockRelocate | Count: 0 | TotalTime:0.001s | Cost:1014.48
LS: PDPairExchange | Count: 0 | TotalTime:0.000s | Cost:1014.48
LS: BlockRelocate | Count: 0 | TotalTime:0.001s | Cost:1014.48
LS: PDPairExchange | Count: 0 | TotalTime:0.000s | Cost:1014.48
LS: BlockExchange | Count: 0 | TotalTime:0.000s | Cost:1014.48
LS: mPDG | Count: 0 | TotalTime:0.000s | Cost:1014.48
Generation 1: Best = 1014.48, Worst = 1014.48, Avg = 1014.48, Time: 0.04276013374328613
LS: BlockRelocate | Count: 0 | TotalTime:0.001s | Cost:1014.48
LS: mPDG | Count: 0 | TotalTime:0.000s | Cost:1014.48
LS: PDPairExchange | Count: 0 | TotalTime:0.000s | Cost:1014.48
LS: BlockExchange | Count: 0 | TotalTime:0.000s | Cost:1014.48
LS: PDPairExchange | Count: 0 | TotalTime:0.000s | Cost:1014.48
LS: BlockRelocate | Count: 0 | TotalTime:0.001s | Cost:1014.48
LS: BlockRelocate | Count: 0 | TotalTime:0.001s | Cost:1014.48
LS: PDPairExchange | Count: 0 | TotalTime:0.000s | Cost:1014.48
LS: BlockExchange | Count: 0 | TotalTime:0.000s | Cost:1014.48
LS: BlockRelocate | Count: 0 | TotalTime:0.001s | Cost:1014.48
LS: mPDG | Count: 0 | TotalTime:0.000s | Cost:1014.48
Generation 2: Best = 1014.48, Worst = 1014.48, Avg = 1014.48, Time: 0.04627561569213867
LS: mPDG | Count: 0 | TotalTime:0.000s | Cost:1014.48
LS: BlockExchange | Count: 0 | TotalTime:0.000s | Cost:1014.48
LS: PDPairExchange | Count: 0 | TotalTime:0.000s | Cost:1014.48
LS: BlockExchange | Count: 0 | TotalTime:0.000s | Cost:1014.48
LS: BlockExchange | Count: 0 | TotalTime:0.000s | Cost:1014.48
LS: PDPairExchange | Count: 0 | TotalTime:0.000s | Cost:1014.48
LS: PDPairExchange | Count: 0 | TotalTime:0.000s | Cost:1014.48
LS: BlockExchange | Count: 0 | TotalTime:0.000s | Cost:1014.48
LS: BlockExchange | Count: 0 | TotalTime:0.000s | Cost:1014.48
LS: mPDG | Count: 0 | TotalTime:0.000s | Cost:1014.48
LS: BlockRelocate | Count: 0 | TotalTime:0.001s | Cost:1014.48
Generation 3: Best = 1014.48, Worst = 1014.48, Avg = 1014.48, Time: 0.06445074081420898
LS: PDPairExchange | Count: 0 | TotalTime:0.000s | Cost:1014.48
LS: BlockRelocate | Count: 0 | TotalTime:0.001s | Cost:1014.48
LS: BlockRelocate | Count: 0 | TotalTime:0.001s | Cost:1014.48
LS: mPDG | Count: 0 | TotalTime:0.000s | Cost:1014.48
LS: BlockExchange | Count: 0 | TotalTime:0.000s | Cost:1014.48
LS: BlockRelocate | Count: 0 | TotalTime:0.001s | Cost:1014.48
LS: BlockExchange | Count: 0 | TotalTime:0.000s | Cost:1014.48
LS: BlockRelocate | Count: 0 | TotalTime:0.001s | Cost:1014.48
LS: mPDG | Count: 0 | TotalTime:0.000s | Cost:1014.48
LS: PDPairExchange | Count: 0 | TotalTime:0.000s | Cost:1014.48
LS: mPDG | Count: 0 | TotalTime:0.000s | Cost:1014.48
Generation 4: Best = 1014.48, Worst = 1014.48, Avg = 1014.48, Time: 0.05434370040893555
LS: mPDG | Count: 0 | TotalTime:0.000s | Cost:1014.48
LS: PDPairExchange | Count: 0 | TotalTime:0.000s | Cost:1014.48
LS: BlockExchange | Count: 0 | TotalTime:0.000s | Cost:1014.48
LS: PDPairExchange | Count: 0 | TotalTime:0.000s | Cost:1014.48
LS: mPDG | Count: 0 | TotalTime:0.001s | Cost:1014.48
LS: PDPairExchange | Count: 0 | TotalTime:0.000s | Cost:1014.48
LS: BlockRelocate | Count: 0 | TotalTime:0.001s | Cost:1014.48
LS: BlockRelocate | Count: 0 | TotalTime:0.001s | Cost:1014.48
LS: BlockExchange | Count: 0 | TotalTime:0.000s | Cost:1014.48
LS: mPDG | Count: 0 | TotalTime:0.000s | Cost:1014.48
LS: BlockExchange | Count: 0 | TotalTime:0.000s | Cost:1014.48
Generation 5: Best = 1014.48, Worst = 1014.48, Avg = 1014.48, Time: 0.07906436920166016
Stopping early due to lack of improvement.
Total runtime: 1.42s (0.0 minutes)
LS: BlockExchange:0(0.000s) | mPDG:0(0.001s) | BlockRelocate:0(0.001s) | PDPairExchange:0(0.000s) | TotalTime:0.002s | Cost:1014.48
LS: BlockRelocate:0(0.000s) | PDPairExchange:0(0.000s) | BlockExchange:0(0.000s) | mPDG:0(0.000s) | TotalTime:0.001s | Cost:1014.48
LS: BlockRelocate:0(0.000s) | BlockExchange:0(0.000s) | mPDG:0(0.000s) | PDPairExchange:0(0.000s) | TotalTime:0.001s | Cost:1014.48
LS: PDPairExchange:0(0.000s) | BlockRelocate:0(0.001s) | mPDG:0(0.000s) | BlockExchange:0(0.000s) | TotalTime:0.002s | Cost:1014.48
LS: BlockExchange:0(0.000s) | mPDG:0(0.000s) | PDPairExchange:0(0.000s) | BlockRelocate:0(0.001s) | TotalTime:0.002s | Cost:1014.48

The solution initialized by Cheapest Insertion:
V_1:[d2_2237060093-2 d1_2155510089-1 d1_2237480094-1] V_2:[d1_2253360096-1] V_3:[d3_2304290097-3] V_4:[d1_2339300099-1 p2_2314300098-1 d2_2314300098-2] V_5:[d1_2247120095-1 p6_2353310100-1 d6_2353310100-6]
The fitness value before EA: 1014.48
V_1:[d2_2237060093-2 d1_2155510089-1 d1_2237480094-1] V_2:[d1_2253360096-1] V_3:[d3_2304290097-3] V_4:[d1_2339300099-1 p2_2314300098-1 d2_2314300098-2] V_5:[d1_2247120095-1 p6_2353310100-1 d6_2353310100-6]
The fitness value after EA: 1014.48

Thoi gian thuc hien thuat toan:  1.4375100135803223
SUCCESS

2025-10-04 08:49:01,759 [simulate_environment.py | 256] INFO: 2025-10-05 01:40:00, Item 2314300098-1: state = 1 < 2, we can not finish the simulation
2025-10-04 08:49:01,760 [simulate_environment.py | 99] INFO: **************************************************
2025-10-04 08:49:01,760 [simulate_environment.py | 103] INFO: cur time: 2025-10-05 01:50:00, pre time: 2025-10-05 01:40:00
2025-10-04 08:49:01,760 [simulate_environment.py | 140] INFO: Start to update the input of 2025-10-05 01:50:00
2025-10-04 08:49:01,761 [simulate_environment.py | 167] INFO: Get 8 unallocated order items, 10 ongoing order items, 277 completed order items
2025-10-04 08:49:03,500 [simulate_environment.py | 234] INFO: 
Adaptive config applied: {'num_orders': 2, 'num_vehicles': 5, 'time_budget_sec': None, 'POPULATION_SIZE': 40, 'NUMBER_OF_GENERATION': 20, 'MUTATION_RATE': 0.1, 'LS_MAX': 20, 'LS_MAX_TIME_PER_OP': 3, 'LS_MAX_TIME_IN_SINGLE': 1}
LS: BlockRelocate | Count: 0 | TotalTime:0.001s | Cost:1008.02
LS: PDPairExchange | Count: 0 | TotalTime:0.000s | Cost:1008.02
LS: BlockExchange | Count: 0 | TotalTime:0.000s | Cost:1008.02
LS: BlockRelocate | Count: 0 | TotalTime:0.001s | Cost:1008.02
LS: PDPairExchange | Count: 0 | TotalTime:0.000s | Cost:1008.02
LS: BlockExchange | Count: 0 | TotalTime:0.000s | Cost:1008.02
LS: BlockExchange | Count: 0 | TotalTime:0.000s | Cost:1008.02
LS: BlockRelocate | Count: 0 | TotalTime:0.001s | Cost:1008.02
LS: PDPairExchange | Count: 0 | TotalTime:0.000s | Cost:1008.02
LS: PDPairExchange | Count: 0 | TotalTime:0.000s | Cost:1008.02
LS: mPDG | Count: 0 | TotalTime:0.000s | Cost:1008.02
Generation 1: Best = 1008.02, Worst = 8908.02, Avg = 1205.52, Time: 0.03781008720397949
LS: mPDG | Count: 0 | TotalTime:0.000s | Cost:1008.02
LS: BlockExchange | Count: 0 | TotalTime:0.000s | Cost:1008.02
LS: BlockRelocate | Count: 0 | TotalTime:0.001s | Cost:1008.02
LS: PDPairExchange | Count: 0 | TotalTime:0.000s | Cost:1008.02
LS: BlockExchange | Count: 0 | TotalTime:0.000s | Cost:1008.02
LS: BlockExchange | Count: 0 | TotalTime:0.000s | Cost:1008.02
LS: mPDG | Count: 0 | TotalTime:0.000s | Cost:1008.02
LS: BlockRelocate | Count: 0 | TotalTime:0.001s | Cost:1008.02
LS: PDPairExchange | Count: 0 | TotalTime:0.000s | Cost:1008.02
LS: BlockExchange | Count: 0 | TotalTime:0.000s | Cost:1008.02
LS: BlockRelocate | Count: 0 | TotalTime:0.001s | Cost:1008.02
Generation 2: Best = 1008.02, Worst = 1008.02, Avg = 1008.02, Time: 0.04804229736328125
LS: BlockRelocate | Count: 0 | TotalTime:0.001s | Cost:1008.02
LS: mPDG | Count: 0 | TotalTime:0.000s | Cost:1008.02
LS: BlockExchange | Count: 0 | TotalTime:0.000s | Cost:1008.02
LS: BlockRelocate | Count: 0 | TotalTime:0.001s | Cost:1008.02
LS: PDPairExchange | Count: 0 | TotalTime:0.000s | Cost:1008.02
LS: mPDG | Count: 0 | TotalTime:0.000s | Cost:1008.02
LS: BlockRelocate | Count: 0 | TotalTime:0.001s | Cost:1008.02
LS: PDPairExchange | Count: 0 | TotalTime:0.000s | Cost:1008.02
LS: BlockExchange | Count: 0 | TotalTime:0.000s | Cost:1008.02
LS: mPDG | Count: 0 | TotalTime:0.000s | Cost:1008.02
LS: BlockExchange | Count: 0 | TotalTime:0.000s | Cost:1008.02
Generation 3: Best = 1008.02, Worst = 1008.02, Avg = 1008.02, Time: 0.04734516143798828
LS: PDPairExchange | Count: 0 | TotalTime:0.000s | Cost:1008.02
LS: mPDG | Count: 0 | TotalTime:0.000s | Cost:1008.02
LS: BlockRelocate | Count: 0 | TotalTime:0.001s | Cost:1008.02
LS: BlockExchange | Count: 0 | TotalTime:0.000s | Cost:1008.02
LS: BlockExchange | Count: 0 | TotalTime:0.000s | Cost:1008.02
LS: BlockRelocate | Count: 0 | TotalTime:0.001s | Cost:1008.02
LS: BlockRelocate | Count: 0 | TotalTime:0.001s | Cost:1008.02
LS: BlockRelocate | Count: 0 | TotalTime:0.001s | Cost:1008.02
LS: BlockRelocate | Count: 0 | TotalTime:0.001s | Cost:1008.02
LS: BlockRelocate | Count: 0 | TotalTime:0.001s | Cost:1008.02
LS: PDPairExchange | Count: 0 | TotalTime:0.000s | Cost:1008.02
Generation 4: Best = 1008.02, Worst = 1008.02, Avg = 1008.02, Time: 0.04520750045776367
LS: BlockExchange | Count: 0 | TotalTime:0.000s | Cost:1008.02
LS: mPDG | Count: 0 | TotalTime:0.000s | Cost:1008.02
LS: mPDG | Count: 0 | TotalTime:0.000s | Cost:1008.02
LS: BlockRelocate | Count: 0 | TotalTime:0.001s | Cost:1008.02
LS: PDPairExchange | Count: 0 | TotalTime:0.000s | Cost:1008.02
LS: BlockRelocate | Count: 0 | TotalTime:0.001s | Cost:1008.02
LS: BlockExchange | Count: 0 | TotalTime:0.000s | Cost:1008.02
LS: BlockExchange | Count: 0 | TotalTime:0.000s | Cost:1008.02
LS: mPDG | Count: 0 | TotalTime:0.000s | Cost:1008.02
LS: PDPairExchange | Count: 0 | TotalTime:0.000s | Cost:1008.02
LS: mPDG | Count: 0 | TotalTime:0.000s | Cost:1008.02
Generation 5: Best = 1008.02, Worst = 1008.02, Avg = 1008.02, Time: 0.04134678840637207
Stopping early due to lack of improvement.
Total runtime: 1.23s (0.0 minutes)
LS: BlockRelocate:0(0.000s) | mPDG:0(0.000s) | BlockExchange:0(0.000s) | PDPairExchange:0(0.000s) | TotalTime:0.000s | Cost:1008.02
LS: BlockExchange:0(0.000s) | BlockRelocate:0(0.001s) | mPDG:0(0.000s) | PDPairExchange:0(0.000s) | TotalTime:0.001s | Cost:1008.02
LS: BlockRelocate:0(0.000s) | PDPairExchange:0(0.000s) | mPDG:0(0.000s) | BlockExchange:0(0.000s) | TotalTime:0.000s | Cost:1008.02
LS: PDPairExchange:0(0.000s) | BlockRelocate:0(0.001s) | BlockExchange:0(0.000s) | mPDG:0(0.000s) | TotalTime:0.001s | Cost:1008.02
LS: mPDG:0(0.000s) | BlockRelocate:0(0.001s) | BlockExchange:0(0.000s) | PDPairExchange:0(0.000s) | TotalTime:0.001s | Cost:1008.02

The solution initialized by Cheapest Insertion:
V_1:[d2_2237060093-2 d1_2155510089-1 d1_2237480094-1] V_2:[d1_2253360096-1] V_3:[d3_2304290097-3] V_4:[d1_2339300099-1 p2_2314300098-1 d2_2314300098-2] V_5:[d1_2247120095-1 p6_2353310100-1 d6_2353310100-6]
The fitness value before EA: 1008.02
V_1:[d2_2237060093-2 d1_2155510089-1 d1_2237480094-1] V_2:[d1_2253360096-1] V_3:[d3_2304290097-3] V_4:[d1_2339300099-1 p2_2314300098-1 d2_2314300098-2] V_5:[d1_2247120095-1 p6_2353310100-1 d6_2353310100-6]
The fitness value after EA: 1008.02

Thoi gian thuc hien thuat toan:  1.2372162342071533
SUCCESS

2025-10-04 08:49:03,502 [simulate_environment.py | 256] INFO: 2025-10-05 01:50:00, Item 2314300098-1: state = 1 < 2, we can not finish the simulation
2025-10-04 08:49:03,502 [simulate_environment.py | 99] INFO: **************************************************
2025-10-04 08:49:03,502 [simulate_environment.py | 103] INFO: cur time: 2025-10-05 02:00:00, pre time: 2025-10-05 01:50:00
2025-10-04 08:49:03,503 [simulate_environment.py | 140] INFO: Start to update the input of 2025-10-05 02:00:00
2025-10-04 08:49:03,504 [simulate_environment.py | 167] INFO: Get 8 unallocated order items, 7 ongoing order items, 280 completed order items
2025-10-04 08:49:07,919 [simulate_environment.py | 234] INFO: 
Adaptive config applied: {'num_orders': 2, 'num_vehicles': 5, 'time_budget_sec': None, 'POPULATION_SIZE': 40, 'NUMBER_OF_GENERATION': 20, 'MUTATION_RATE': 0.1, 'LS_MAX': 20, 'LS_MAX_TIME_PER_OP': 3, 'LS_MAX_TIME_IN_SINGLE': 1}
LS: PDPairExchange | Count: 0 | TotalTime:0.000s | Cost:1001.50
LS: BlockRelocate | Count: 0 | TotalTime:0.001s | Cost:1001.50
LS: PDPairExchange | Count: 0 | TotalTime:0.000s | Cost:1001.50
LS: BlockExchange | Count: 0 | TotalTime:0.000s | Cost:1001.50
LS: BlockExchange | Count: 0 | TotalTime:0.000s | Cost:1001.50
LS: PDPairExchange | Count: 0 | TotalTime:0.000s | Cost:1001.50
LS: BlockRelocate | Count: 0 | TotalTime:0.001s | Cost:1001.50
LS: BlockRelocate | Count: 0 | TotalTime:0.001s | Cost:1001.50
LS: BlockRelocate | Count: 0 | TotalTime:0.001s | Cost:1001.50
LS: mPDG | Count: 0 | TotalTime:0.000s | Cost:1001.50
LS: PDPairExchange | Count: 0 | TotalTime:0.000s | Cost:1001.50
Generation 1: Best = 1001.50, Worst = 14301.94, Avg = 1334.01, Time: 0.03957390785217285
LS: PDPairExchange | Count: 0 | TotalTime:0.000s | Cost:1001.50
LS: BlockRelocate | Count: 0 | TotalTime:0.001s | Cost:1001.50
LS: mPDG | Count: 0 | TotalTime:0.000s | Cost:1001.50
LS: BlockRelocate | Count: 0 | TotalTime:0.001s | Cost:1001.50
LS: mPDG | Count: 0 | TotalTime:0.000s | Cost:1001.50
LS: BlockExchange | Count: 0 | TotalTime:0.000s | Cost:1001.50
LS: mPDG | Count: 0 | TotalTime:0.000s | Cost:1001.50
LS: PDPairExchange | Count: 0 | TotalTime:0.000s | Cost:1001.50
LS: PDPairExchange | Count: 0 | TotalTime:0.000s | Cost:1001.50
LS: PDPairExchange | Count: 0 | TotalTime:0.000s | Cost:1001.50
LS: BlockRelocate | Count: 0 | TotalTime:0.001s | Cost:1001.50
Generation 2: Best = 1001.50, Worst = 1001.50, Avg = 1001.50, Time: 0.04102945327758789
Stopping early due to lack of improvement.
Total runtime: 3.92s (0.1 minutes)
LS: BlockExchange:0(0.000s) | BlockRelocate:0(0.001s) | mPDG:0(0.000s) | PDPairExchange:0(0.000s) | TotalTime:0.001s | Cost:1001.50
LS: BlockExchange:0(0.000s) | PDPairExchange:0(0.000s) | mPDG:0(0.000s) | BlockRelocate:0(0.001s) | TotalTime:0.001s | Cost:1001.50
LS: BlockExchange:0(0.000s) | BlockRelocate:0(0.001s) | PDPairExchange:0(0.000s) | mPDG:0(0.000s) | TotalTime:0.001s | Cost:1001.50
LS: BlockExchange:0(0.000s) | PDPairExchange:0(0.000s) | BlockRelocate:0(0.001s) | mPDG:0(0.000s) | TotalTime:0.001s | Cost:1001.50
LS: BlockExchange:0(0.000s) | mPDG:0(0.000s) | BlockRelocate:0(0.001s) | PDPairExchange:0(0.000s) | TotalTime:0.001s | Cost:1001.50

The solution initialized by Cheapest Insertion:
V_1:[d1_2237480094-1] V_2:[d1_2253360096-1] V_3:[d3_2304290097-3] V_4:[d1_2339300099-1 p2_2314300098-1 d2_2314300098-2] V_5:[d1_2247120095-1 p6_2353310100-1 d6_2353310100-6]
The fitness value before EA: 1001.5
V_1:[d1_2237480094-1] V_2:[d1_2253360096-1] V_3:[d3_2304290097-3] V_4:[d1_2339300099-1 p2_2314300098-1 d2_2314300098-2] V_5:[d1_2247120095-1 p6_2353310100-1 d6_2353310100-6]
The fitness value after EA: 1001.5

Thoi gian thuc hien thuat toan:  3.9332358837127686
SUCCESS

2025-10-04 08:49:07,920 [simulate_environment.py | 256] INFO: 2025-10-05 02:00:00, Item 2314300098-1: state = 1 < 2, we can not finish the simulation
2025-10-04 08:49:07,920 [simulate_environment.py | 99] INFO: **************************************************
2025-10-04 08:49:07,920 [simulate_environment.py | 103] INFO: cur time: 2025-10-05 02:10:00, pre time: 2025-10-05 02:00:00
2025-10-04 08:49:07,920 [simulate_environment.py | 140] INFO: Start to update the input of 2025-10-05 02:10:00
2025-10-04 08:49:07,921 [simulate_environment.py | 167] INFO: Get 2 unallocated order items, 12 ongoing order items, 281 completed order items
2025-10-04 08:49:09,836 [simulate_environment.py | 234] INFO: 
Adaptive config applied: {'num_orders': 1, 'num_vehicles': 5, 'time_budget_sec': None, 'POPULATION_SIZE': 40, 'NUMBER_OF_GENERATION': 20, 'MUTATION_RATE': 0.1, 'LS_MAX': 20, 'LS_MAX_TIME_PER_OP': 3, 'LS_MAX_TIME_IN_SINGLE': 1}
Cant initialize the population

The solution initialized by Cheapest Insertion:
V_1:[d1_2237480094-1] V_2:[d1_2253360096-1] V_3:[d3_2304290097-3] V_4:[d1_2339300099-1 p2_2314300098-1 d2_2314300098-2] V_5:[d6_2353310100-6]
The fitness value before EA: 1001.24
V_1:[d1_2237480094-1] V_2:[d1_2253360096-1] V_3:[d3_2304290097-3] V_4:[d1_2339300099-1 p2_2314300098-1 d2_2314300098-2] V_5:[d6_2353310100-6]
The fitness value after EA: 1001.24

Thoi gian thuc hien thuat toan:  1.2346351146697998
SUCCESS

2025-10-04 08:49:09,838 [simulate_environment.py | 256] INFO: 2025-10-05 02:10:00, Item 2314300098-1: state = 1 < 2, we can not finish the simulation
2025-10-04 08:49:09,838 [simulate_environment.py | 99] INFO: **************************************************
2025-10-04 08:49:09,838 [simulate_environment.py | 103] INFO: cur time: 2025-10-05 02:20:00, pre time: 2025-10-05 02:10:00
2025-10-04 08:49:09,838 [simulate_environment.py | 140] INFO: Start to update the input of 2025-10-05 02:20:00
2025-10-04 08:49:09,839 [simulate_environment.py | 167] INFO: Get 0 unallocated order items, 13 ongoing order items, 282 completed order items
2025-10-04 08:49:11,438 [simulate_environment.py | 234] INFO: 
Adaptive config applied: {'num_orders': 0, 'num_vehicles': 5, 'time_budget_sec': None, 'POPULATION_SIZE': 40, 'NUMBER_OF_GENERATION': 20, 'MUTATION_RATE': 0.1, 'LS_MAX': 20, 'LS_MAX_TIME_PER_OP': 3, 'LS_MAX_TIME_IN_SINGLE': 1}
Cant initialize the population

The solution initialized by Cheapest Insertion:
V_1:[d1_2237480094-1] V_2:[d1_2253360096-1] V_3:[d3_2304290097-3] V_4:[d2_2314300098-2] V_5:[d6_2353310100-6]
The fitness value before EA: 1000.78
V_1:[d1_2237480094-1] V_2:[d1_2253360096-1] V_3:[d3_2304290097-3] V_4:[d2_2314300098-2] V_5:[d6_2353310100-6]
The fitness value after EA: 1000.78

Thoi gian thuc hien thuat toan:  1.1821584701538086
SUCCESS

2025-10-04 08:49:11,441 [simulate_environment.py | 259] INFO: 2025-10-05 02:20:00, the status of all items is greater than 1, we could finish the simulation
2025-10-04 08:49:11,443 [evaluator.py    | 52] INFO: Traveling Distance of Vehicle V_1 is  196.600, visited node list: 57
2025-10-04 08:49:11,443 [evaluator.py    | 52] INFO: Traveling Distance of Vehicle V_2 is  297.800, visited node list: 39
2025-10-04 08:49:11,444 [evaluator.py    | 52] INFO: Traveling Distance of Vehicle V_3 is  247.300, visited node list: 35
2025-10-04 08:49:11,444 [evaluator.py    | 52] INFO: Traveling Distance of Vehicle V_4 is  241.100, visited node list: 51
2025-10-04 08:49:11,444 [evaluator.py    | 52] INFO: Traveling Distance of Vehicle V_5 is  115.800, visited node list: 45
2025-10-04 08:49:11,444 [evaluator.py    | 33] INFO: Total distance:  1098.600
2025-10-04 08:49:11,445 [evaluator.py    | 35] INFO: Sum over time:  42056.000
2025-10-04 08:49:11,445 [evaluator.py    | 37] INFO: Total score:  117041.942
2025-10-04 08:49:11,463 [main.py         | 53] INFO: Score of instance_10: 117041.94222222222
